{"type":"FeatureCollection", "features": [
{"type":"Feature","geometry":{"type":"Polygon","coordinates":[[[75.0833,33.7588],[75.0857,33.7521],[75.0951,33.7391],[75.0955,33.7391],[75.0964,33.7336],[75.1002,33.7243],[75.0929,33.7168],[75.0919,33.7133],[75.0988,33.7036],[75.1035,33.688],[75.1077,33.6814],[75.1064,33.6796],[75.1207,33.6665],[75.1213,33.6656],[75.1211,33.6649],[75.1185,33.6608],[75.1189,33.6621],[75.1128,33.6617],[75.1133,33.6547],[75.1141,33.6539],[75.1138,33.6532],[75.1233,33.6268],[75.1386,33.6178],[75.1387,33.6175],[75.1369,33.6141],[75.134,33.6046],[75.1344,33.5998],[75.1592,33.5799],[75.1598,33.5707],[75.1672,33.5771],[75.1687,33.5781],[75.1697,33.5793],[75.1734,33.5821],[75.1571,33.5665],[75.1418,33.5356],[75.1575,33.5237],[75.1675,33.5244],[75.1707,33.525],[75.1719,33.5251],[75.1733,33.5249],[75.1952,33.5168],[75.1986,33.5166],[75.1996,33.5158],[75.2025,33.5133],[75.2141,33.5056],[75.216,33.5037],[75.2175,33.5027],[75.2222,33.5024],[75.2378,33.4881],[75.2409,33.4857],[75.2855,33.4442],[75.289,33.4366],[75.3094,33.4223],[75.3132,33.4174],[75.3175,33.4128],[75.33,33.3975],[75.3306,33.3962],[75.3408,33.391],[75.3494,33.3841],[75.3584,33.381],[75.3647,33.3814],[75.3748,33.3782],[75.3758,33.3775],[75.3853,33.3655],[75.3886,33.366],[75.3891,33.3653],[75.3899,33.3654],[75.4179,33.3807],[75.4191,33.3808],[75.4205,33.3805],[75.4206,33.3805],[75.4207,33.3805],[75.4222,33.3805],[75.4243,33.3802],[75.4329,33.3789],[75.4333,33.3789],[75.4334,33.3789],[75.4336,33.3789],[75.4337,33.3789],[75.4338,33.3788],[75.4352,33.3788],[75.442,33.3782],[75.4459,33.3794],[75.4474,33.3813],[75.4533,33.3978],[75.4534,33.3979],[75.4535,33.3979],[75.4541,33.3982],[75.4542,33.3983],[75.4543,33.3983],[75.4545,33.3984],[75.4547,33.3985],[75.4548,33.3985],[75.4555,33.3989],[75.4556,33.3989],[75.4566,33.3996],[75.4576,33.4],[75.4656,33.4032],[75.4695,33.4016],[75.4727,33.3998],[75.4811,33.4052],[75.4815,33.4055],[75.4723,33.4093],[75.4754,33.4177],[75.4844,33.4298],[75.4907,33.4529],[75.4894,33.4541],[75.4885,33.4546],[75.4871,33.4552],[75.4833,33.4584],[75.4831,33.4591],[75.4831,33.463],[75.4828,33.4681],[75.4826,33.4694],[75.4825,33.4702],[75.4812,33.4705],[75.4788,33.4719],[75.477,33.4734],[75.4695,33.4862],[75.4683,33.4993],[75.509,33.5269],[75.5038,33.549],[75.5034,33.5506],[75.5044,33.5518],[75.5056,33.5531],[75.5087,33.5585],[75.5091,33.5596],[75.5093,33.5614],[75.509,33.5636],[75.5084,33.5647],[75.5077,33.5654],[75.5069,33.5681],[75.5072,33.5691],[75.5077,33.57],[75.5076,33.571],[75.507,33.5719],[75.5072,33.5726],[75.5073,33.5736],[75.5114,33.5792],[75.5126,33.5805],[75.5144,33.5815],[75.517,33.5837],[75.5186,33.5848],[75.5202,33.5856],[75.5251,33.587],[75.5261,33.5876],[75.5267,33.5886],[75.5269,33.5898],[75.5277,33.5909],[75.5327,33.5959],[75.5358,33.5979],[75.5366,33.5989],[75.5362,33.6001],[75.5359,33.601],[75.536,33.6038],[75.5361,33.6059],[75.5361,33.6069],[75.5354,33.6076],[75.5341,33.6077],[75.5323,33.6081],[75.5306,33.6098],[75.5293,33.6127],[75.5291,33.6128],[75.528,33.6139],[75.5222,33.615],[75.522,33.6158],[75.5226,33.6166],[75.5238,33.6199],[75.5239,33.6204],[75.524,33.621],[75.524,33.6211],[75.524,33.6212],[75.5241,33.6213],[75.5242,33.6218],[75.5242,33.622],[75.5244,33.6232],[75.5244,33.6233],[75.5239,33.6237],[75.5238,33.6239],[75.5187,33.623],[75.5113,33.6181],[75.5099,33.6183],[75.5085,33.6185],[75.5077,33.6197],[75.5078,33.6205],[75.5082,33.6214],[75.5096,33.6242],[75.5101,33.625],[75.5108,33.6287],[75.5097,33.6292],[75.5087,33.6299],[75.5018,33.6275],[75.5011,33.6332],[75.5012,33.6354],[75.5013,33.6366],[75.5052,33.6395],[75.5059,33.6411],[75.5063,33.6424],[75.5058,33.6469],[75.5065,33.6476],[75.5081,33.6489],[75.5103,33.6504],[75.512,33.6511],[75.5164,33.654],[75.5172,33.6544],[75.5166,33.6551],[75.5158,33.6557],[75.5143,33.6564],[75.5127,33.6572],[75.512,33.6577],[75.5103,33.6602],[75.5094,33.6619],[75.509,33.6628],[75.5085,33.6648],[75.5082,33.6676],[75.5083,33.6771],[75.51,33.6832],[75.5013,33.6966],[75.5122,33.7027],[75.5221,33.7133],[75.5223,33.7148],[75.5211,33.7157],[75.5154,33.7179],[75.5127,33.7213],[75.5041,33.7279],[75.5013,33.7349],[75.4671,33.7579],[75.4672,33.7586],[75.4684,33.7596],[75.4698,33.7611],[75.4717,33.764],[75.4705,33.7658],[75.4694,33.7673],[75.4687,33.7684],[75.4706,33.7728],[75.4832,33.7805],[75.4614,33.7953],[75.4567,33.8146],[75.4553,33.8157],[75.4512,33.8178],[75.4498,33.8186],[75.4483,33.8195],[75.4463,33.8207],[75.4447,33.8221],[75.4454,33.8269],[75.4389,33.8369],[75.4384,33.8375],[75.4376,33.8384],[75.4342,33.8401],[75.4326,33.8418],[75.4322,33.8423],[75.4311,33.8436],[75.4298,33.8455],[75.4306,33.8474],[75.4329,33.8489],[75.434,33.8508],[75.4315,33.8518],[75.4309,33.8522],[75.4308,33.8523],[75.4306,33.8524],[75.4305,33.8525],[75.4302,33.8524],[75.4286,33.8514],[75.4278,33.8551],[75.4187,33.8714],[75.4117,33.8917],[75.3958,33.9023],[75.3953,33.9029],[75.3951,33.9036],[75.3946,33.9086],[75.3982,33.9114],[75.3973,33.913],[75.3945,33.9173],[75.3944,33.9182],[75.3944,33.9188],[75.3943,33.9194],[75.3964,33.9206],[75.397,33.9222],[75.3997,33.9298],[75.4,33.9319],[75.3916,33.9369],[75.392,33.9376],[75.3969,33.9375],[75.3987,33.9385],[75.399,33.9412],[75.3971,33.9455],[75.397,33.9462],[75.3971,33.948],[75.3974,33.9536],[75.3966,33.9564],[75.3975,33.959],[75.3971,33.9603],[75.3969,33.9613],[75.3967,33.9618],[75.3972,33.9637],[75.3975,33.9642],[75.3988,33.9648],[75.4002,33.9653],[75.403,33.9666],[75.4032,33.9667],[75.409,33.9703],[75.4136,33.9738],[75.4162,33.9775],[75.4164,33.9798],[75.4184,33.9807],[75.4323,33.9846],[75.4319,33.9877],[75.4319,33.989],[75.432,33.9904],[75.4321,33.992],[75.4327,33.9929],[75.4373,33.9951],[75.4378,33.9957],[75.4384,33.9969],[75.4385,33.9972],[75.4383,33.9998],[75.4405,34.003],[75.4386,34.0133],[75.4377,34.0139],[75.4364,34.0146],[75.4363,34.0167],[75.4357,34.0196],[75.437,34.02],[75.4379,34.0203],[75.438,34.0218],[75.4383,34.0224],[75.4453,34.0272],[75.4442,34.0309],[75.4479,34.0327],[75.4499,34.0344],[75.4489,34.0393],[75.4525,34.0407],[75.4579,34.0365],[75.4629,34.0373],[75.4634,34.0417],[75.4635,34.0418],[75.4661,34.0424],[75.4683,34.0428],[75.4912,34.0445],[75.5079,34.0384],[75.5147,34.0402],[75.5181,34.0415],[75.5351,34.0633],[75.5351,34.0664],[75.5351,34.067],[75.5347,34.0686],[75.5358,34.0723],[75.5328,34.08],[75.5348,34.0831],[75.5309,34.0955],[75.5555,34.1547],[75.5975,34.1978],[75.5062,34.2344],[75.5048,34.2344],[75.5015,34.234],[75.5016,34.2338],[75.4999,34.2339],[75.4985,34.2308],[75.4969,34.2264],[75.4783,34.2197],[75.4726,34.2151],[75.4703,34.2106],[75.47,34.2087],[75.4699,34.2088],[75.4654,34.2104],[75.4629,34.2111],[75.46,34.2106],[75.4546,34.2128],[75.4501,34.2162],[75.4437,34.219],[75.4309,34.2299],[75.4221,34.2329],[75.4188,34.2346],[75.415,34.2366],[75.4138,34.2374],[75.4132,34.2369],[75.4129,34.2367],[75.4123,34.2358],[75.4114,34.2346],[75.41,34.2337],[75.4087,34.2329],[75.4068,34.2285],[75.4076,34.2191],[75.3806,34.2066],[75.3369,34.2147],[75.264,34.2551],[75.207,34.2279],[75.1825,34.1958],[75.1708,34.2041],[75.1689,34.2042],[75.1662,34.204],[75.1637,34.2039],[75.1629,34.2038],[75.1604,34.2039],[75.1562,34.207],[75.1554,34.2075],[75.1551,34.2074],[75.1528,34.2059],[75.1527,34.2058],[75.1498,34.2026],[75.1456,34.2003],[75.1398,34.2003],[75.139,34.2003],[75.134,34.2005],[75.1332,34.1998],[75.1322,34.199],[75.1315,34.1982],[75.1294,34.1974],[75.1276,34.1967],[75.126,34.1956],[75.1383,34.1828],[75.137,34.1803],[75.1348,34.176],[75.1323,34.172],[75.1045,34.1708],[75.1048,34.1654],[75.1051,34.1647],[75.1064,34.1618],[75.1065,34.1616],[75.1066,34.1614],[75.1066,34.1613],[75.1068,34.1609],[75.1054,34.1588],[75.1029,34.1574],[75.0995,34.1563],[75.0994,34.1563],[75.099,34.156],[75.098,34.1556],[75.0986,34.1548],[75.0989,34.1545],[75.0992,34.1542],[75.1036,34.1524],[75.1131,34.1518],[75.1379,34.1395],[75.1382,34.1341],[75.1469,34.1221],[75.1395,34.1063],[75.1414,34.1013],[75.1415,34.1011],[75.142,34.0991],[75.1423,34.097],[75.1426,34.0964],[75.1427,34.0961],[75.146,34.0956],[75.1473,34.0957],[75.1493,34.0951],[75.1508,34.0904],[75.1516,34.0881],[75.1544,34.0834],[75.1549,34.0798],[75.1557,34.0786],[75.1561,34.0785],[75.1577,34.079],[75.1587,34.0795],[75.1608,34.0796],[75.1642,34.0789],[75.1752,34.0728],[75.197,34.0675],[75.2166,34.0521],[75.2185,34.0388],[75.2215,34.0362],[75.2332,34.0329],[75.2335,34.021],[75.2281,34.0195],[75.2243,34.0179],[75.2268,34.0102],[75.224,34.0057],[75.224,33.9954],[75.2239,33.9941],[75.2233,33.9901],[75.2211,33.9781],[75.2267,33.9552],[75.2252,33.9522],[75.2208,33.9448],[75.2205,33.9443],[75.2199,33.9432],[75.2147,33.9355],[75.2027,33.9214],[75.1987,33.9119],[75.1983,33.911],[75.1954,33.9073],[75.1953,33.9072],[75.1943,33.9059],[75.1942,33.9059],[75.1415,33.8734],[75.1237,33.8676],[75.1194,33.8675],[75.1144,33.8692],[75.1114,33.8699],[75.1089,33.8683],[75.0971,33.8525],[75.0892,33.8501],[75.0693,33.8538],[75.0679,33.8531],[75.0661,33.8513],[75.0639,33.8425],[75.0656,33.8396],[75.0592,33.8388],[75.0639,33.8348],[75.0665,33.8314],[75.0667,33.8312],[75.0668,33.831],[75.067,33.8308],[75.0671,33.8307],[75.0673,33.8305],[75.0673,33.8304],[75.0674,33.8303],[75.0675,33.8302],[75.0676,33.8299],[75.0677,33.8298],[75.0662,33.8278],[75.0618,33.8271],[75.0586,33.8257],[75.0587,33.8256],[75.0593,33.8235],[75.0592,33.8221],[75.0579,33.8205],[75.0547,33.8191],[75.0504,33.8142],[75.0452,33.8154],[75.0436,33.8155],[75.0425,33.813],[75.0421,33.812],[75.0452,33.8102],[75.0493,33.8073],[75.0498,33.8063],[75.05,33.8053],[75.0489,33.7997],[75.0337,33.7724],[75.0382,33.7737],[75.0383,33.7737],[75.0384,33.7737],[75.0386,33.7737],[75.0387,33.7737],[75.039,33.7737],[75.0391,33.7737],[75.0393,33.7737],[75.0395,33.7737],[75.0396,33.7737],[75.0397,33.7737],[75.0401,33.7737],[75.0406,33.7737],[75.0408,33.7737],[75.0409,33.7737],[75.041,33.7737],[75.052,33.769],[75.0526,33.769],[75.0573,33.7729],[75.058,33.7739],[75.0601,33.7744],[75.0608,33.7741],[75.0613,33.7736],[75.0618,33.7732],[75.0626,33.7725],[75.0628,33.772],[75.0643,33.7711],[75.0662,33.7722],[75.0668,33.7731],[75.0675,33.7735],[75.0701,33.773],[75.0742,33.7709],[75.0758,33.7682],[75.0786,33.7628],[75.0824,33.7587],[75.0833,33.7588]],[[75.1992,33.8871],[75.2024,33.8825],[75.1998,33.8855],[75.1992,33.8871]],[[75.2348,33.825],[75.2369,33.8246],[75.2377,33.8245],[75.2377,33.8246],[75.2415,33.8239],[75.2427,33.823],[75.248,33.8224],[75.2904,33.8051],[75.2896,33.8052],[75.2871,33.8053],[75.2855,33.8059],[75.2775,33.8102],[75.2634,33.8149],[75.2512,33.8208],[75.2364,33.8207],[75.2348,33.825]],[[75.1471,33.7612],[75.1779,33.7603],[75.1524,33.7544],[75.1372,33.753],[75.1366,33.7412],[75.1322,33.7499],[75.1471,33.7612]],[[75.1366,33.7412],[75.1532,33.7231],[75.1447,33.7314],[75.1327,33.7377],[75.1366,33.7412]],[[75.2423,33.7088],[75.2431,33.7093],[75.2438,33.7097],[75.2423,33.7088]],[[75.2484,33.7099],[75.2493,33.7098],[75.25,33.7097],[75.2484,33.7099]],[[75.2385,33.6743],[75.2411,33.6713],[75.2378,33.6749],[75.2385,33.6743]],[[75.1526,33.6369],[75.1526,33.6368],[75.1525,33.635],[75.1526,33.6369]],[[75.2486,33.7181],[75.2444,33.7204],[75.2475,33.7191],[75.2478,33.7187],[75.2483,33.7184],[75.2484,33.7183],[75.2486,33.7181]],[[75.2444,33.7204],[75.2299,33.7146],[75.2318,33.7154],[75.2328,33.7163],[75.2341,33.7163],[75.2417,33.7197],[75.2444,33.7204]],[[75.2299,33.7146],[75.2297,33.7144],[75.2298,33.7145],[75.2299,33.7146]],[[75.3514,33.5167],[75.3989,33.4716],[75.3711,33.4926],[75.3648,33.5034],[75.3555,33.5079],[75.3537,33.5121],[75.352,33.5151],[75.3514,33.5167]],[[75.4432,33.4225],[75.4467,33.4187],[75.4514,33.4213],[75.4467,33.4186],[75.4432,33.4225]]]},"properties":{"district":"ANANTNAG"}},
{"type":"Feature","geometry":{"type":"Polygon","coordinates":[[[74.9507,34.4617],[74.9519,34.4569],[74.9519,34.4533],[74.952,34.4532],[74.952,34.4526],[74.9524,34.4515],[74.9545,34.4482],[74.9625,34.4442],[74.9902,34.4454],[75.0214,34.4382],[75.0328,34.4153],[75.0681,34.4037],[75.0732,34.3924],[75.0781,34.3876],[75.0816,34.385],[75.0841,34.3823],[75.0857,34.3813],[75.0861,34.3807],[75.0867,34.3801],[75.0909,34.3768],[75.0917,34.3748],[75.0923,34.3746],[75.0925,34.3746],[75.0938,34.3741],[75.0962,34.3733],[75.1,34.3713],[75.1056,34.3727],[75.1221,34.3618],[75.1224,34.3595],[75.1226,34.3589],[75.1228,34.3585],[75.1231,34.358],[75.1236,34.3574],[75.1241,34.3568],[75.1263,34.3545],[75.1275,34.3539],[75.1276,34.3538],[75.1278,34.3533],[75.1281,34.3522],[75.1285,34.3513],[75.1294,34.3507],[75.1306,34.3501],[75.1322,34.35],[75.1339,34.3502],[75.1345,34.3504],[75.1348,34.3507],[75.1364,34.3516],[75.1393,34.3515],[75.1461,34.3483],[75.1483,34.3461],[75.1489,34.3456],[75.1507,34.3453],[75.154,34.3456],[75.1585,34.3481],[75.1595,34.3481],[75.1614,34.3483],[75.1633,34.3496],[75.1649,34.3522],[75.1658,34.3528],[75.1667,34.3534],[75.1701,34.3532],[75.1722,34.3526],[75.1741,34.3522],[75.1751,34.3529],[75.1758,34.3532],[75.1778,34.3533],[75.1865,34.3582],[75.1876,34.3603],[75.1915,34.3601],[75.1936,34.3604],[75.1945,34.3612],[75.1968,34.3646],[75.1974,34.3653],[75.1982,34.3661],[75.1988,34.3667],[75.1995,34.371],[75.1988,34.3719],[75.198,34.3729],[75.1968,34.3747],[75.2007,34.3851],[75.2018,34.3855],[75.2025,34.3851],[75.2047,34.3849],[75.2074,34.3857],[75.2134,34.3854],[75.2392,34.3698],[75.2736,34.3632],[75.3176,34.3663],[75.332,34.3576],[75.336,34.3615],[75.3361,34.3644],[75.3376,34.368],[75.3376,34.3687],[75.3375,34.3697],[75.3403,34.3743],[75.3413,34.3745],[75.3417,34.3745],[75.3421,34.3747],[75.3431,34.3749],[75.3466,34.3759],[75.3504,34.3773],[75.3562,34.3849],[75.3651,34.3882],[75.367,34.391],[75.3666,34.3977],[75.3728,34.4109],[75.3286,34.4374],[75.3664,34.5245],[75.3442,34.563],[75.2641,34.6027],[75.2541,34.6283],[75.206,34.6438],[75.2321,34.6908],[75.2583,34.6976],[75.2563,34.7739],[75.2232,34.8175],[75.1442,34.8503],[75.142,34.875],[75.1013,34.9191],[75.0641,34.9052],[75.064,34.8471],[75.0163,34.8483],[74.9298,34.787],[74.8871,34.8223],[74.8076,34.8505],[74.7502,34.845],[74.7115,34.8809],[74.6042,34.9248],[74.5391,34.8659],[74.5091,34.8718],[74.434,34.8465],[74.4135,34.8099],[74.4377,34.7837],[74.4774,34.7829],[74.4818,34.7825],[74.4855,34.7833],[74.4924,34.7856],[74.4998,34.7883],[74.5132,34.7842],[74.5202,34.7831],[74.5314,34.7838],[74.5448,34.7822],[74.5657,34.7783],[74.5682,34.7777],[74.5918,34.7653],[74.5981,34.7563],[74.5998,34.75],[74.6061,34.7378],[74.5695,34.6922],[74.5652,34.6466],[74.5589,34.63],[74.5537,34.6272],[74.5502,34.6258],[74.5474,34.6242],[74.5464,34.6211],[74.5477,34.6112],[74.5475,34.6045],[74.5447,34.5973],[74.5416,34.5902],[74.5372,34.5863],[74.5332,34.5827],[74.5325,34.5788],[74.5318,34.5749],[74.529,34.5715],[74.5215,34.5496],[74.5281,34.5429],[74.5314,34.5381],[74.5341,34.5294],[74.5349,34.5121],[74.5331,34.5104],[74.5208,34.502],[74.5202,34.4986],[74.5191,34.4916],[74.5178,34.4842],[74.5089,34.4781],[74.4851,34.4625],[74.4792,34.4445],[74.4772,34.4374],[74.4794,34.4326],[74.5286,34.3585],[74.532,34.3563],[74.5181,34.2984],[74.5166,34.2948],[74.5302,34.2777],[74.5301,34.2771],[74.5586,34.2287],[74.5639,34.2281],[74.5643,34.228],[74.5689,34.227],[74.5732,34.1871],[74.6365,34.1607],[74.698,34.1636],[74.6493,34.2163],[74.6482,34.2562],[74.6475,34.2558],[74.6458,34.2577],[74.6442,34.2584],[74.6409,34.259],[74.6409,34.2592],[74.6411,34.2593],[74.6415,34.2593],[74.6416,34.2593],[74.6417,34.2593],[74.6418,34.2593],[74.6419,34.2592],[74.642,34.2592],[74.6421,34.2592],[74.6421,34.2591],[74.6422,34.2591],[74.6423,34.2591],[74.6424,34.2591],[74.6425,34.2591],[74.6426,34.2591],[74.6427,34.2591],[74.6428,34.259],[74.6429,34.259],[74.643,34.259],[74.6431,34.259],[74.6432,34.259],[74.6433,34.259],[74.6434,34.259],[74.6435,34.259],[74.6436,34.259],[74.6437,34.259],[74.6438,34.259],[74.6439,34.2589],[74.644,34.2589],[74.6441,34.2589],[74.6442,34.2589],[74.6443,34.2589],[74.6444,34.2589],[74.6445,34.2589],[74.6446,34.2589],[74.6447,34.2589],[74.6448,34.2589],[74.6449,34.2589],[74.645,34.2589],[74.6451,34.2589],[74.6452,34.2589],[74.6453,34.2589],[74.6453,34.259],[74.6454,34.259],[74.6455,34.259],[74.6456,34.259],[74.6457,34.259],[74.6457,34.2591],[74.6458,34.2591],[74.6459,34.2591],[74.6459,34.2592],[74.646,34.2592],[74.6461,34.2592],[74.6462,34.2592],[74.6463,34.2592],[74.6464,34.2592],[74.6465,34.2592],[74.6466,34.2592],[74.6467,34.2592],[74.6468,34.2592],[74.6469,34.2592],[74.647,34.2592],[74.6471,34.2592],[74.6472,34.2592],[74.6473,34.2592],[74.6474,34.2592],[74.6475,34.2592],[74.6476,34.2592],[74.6478,34.2592],[74.6479,34.2592],[74.648,34.2592],[74.6481,34.2592],[74.6482,34.2592],[74.6483,34.2592],[74.6484,34.2593],[74.6485,34.2593],[74.6486,34.2593],[74.6487,34.2593],[74.6488,34.2593],[74.6489,34.2593],[74.649,34.2593],[74.6491,34.2593],[74.6492,34.2593],[74.6493,34.2593],[74.6493,34.2594],[74.6494,34.2594],[74.6495,34.2594],[74.6496,34.2594],[74.6497,34.2594],[74.6498,34.2594],[74.6499,34.2594],[74.6499,34.2595],[74.65,34.2595],[74.6501,34.2595],[74.6502,34.2595],[74.6503,34.2596],[74.6504,34.2596],[74.6505,34.2596],[74.6505,34.2597],[74.6506,34.2597],[74.6507,34.2597],[74.6509,34.2598],[74.651,34.2599],[74.6511,34.2599],[74.6512,34.26],[74.6513,34.26],[74.6513,34.2601],[74.6514,34.2601],[74.6515,34.2601],[74.6515,34.2602],[74.6516,34.2602],[74.6516,34.2603],[74.6517,34.2604],[74.6517,34.2605],[74.6517,34.2606],[74.6517,34.2607],[74.6516,34.2607],[74.6516,34.2608],[74.6516,34.2609],[74.6515,34.2609],[74.6515,34.261],[74.6514,34.261],[74.6514,34.2611],[74.6513,34.2611],[74.6512,34.2612],[74.6511,34.2612],[74.6511,34.2613],[74.651,34.2613],[74.651,34.2614],[74.6509,34.2614],[74.6508,34.2615],[74.6507,34.2615],[74.6507,34.2616],[74.6506,34.2616],[74.6505,34.2616],[74.6505,34.2617],[74.6505,34.2618],[74.6506,34.2619],[74.6507,34.2619],[74.6507,34.262],[74.6508,34.262],[74.6508,34.2621],[74.6509,34.2621],[74.651,34.2621],[74.651,34.2622],[74.6511,34.2622],[74.6512,34.2622],[74.6513,34.2622],[74.6513,34.2623],[74.6514,34.2623],[74.6515,34.2623],[74.6516,34.2624],[74.6517,34.2624],[74.6518,34.2625],[74.6519,34.2625],[74.652,34.2626],[74.6521,34.2626],[74.6522,34.2626],[74.6522,34.2627],[74.6523,34.2627],[74.6524,34.2628],[74.6525,34.2628],[74.6526,34.2629],[74.6527,34.2629],[74.6527,34.263],[74.6528,34.263],[74.6529,34.2631],[74.653,34.2631],[74.6531,34.2632],[74.6532,34.2632],[74.6532,34.2633],[74.6533,34.2633],[74.6533,34.2634],[74.6534,34.2634],[74.6535,34.2634],[74.6535,34.2635],[74.6536,34.2635],[74.6537,34.2636],[74.6538,34.2637],[74.6539,34.2638],[74.654,34.2638],[74.654,34.2639],[74.6541,34.2639],[74.6541,34.264],[74.6542,34.264],[74.6542,34.2641],[74.6543,34.2641],[74.6543,34.2642],[74.6544,34.2643],[74.6544,34.2644],[74.6545,34.2644],[74.6545,34.2645],[74.6545,34.2646],[74.6546,34.2646],[74.6546,34.2647],[74.6547,34.2648],[74.6547,34.2649],[74.6548,34.2649],[74.6548,34.265],[74.6548,34.2651],[74.6549,34.2651],[74.6549,34.2652],[74.6549,34.2653],[74.655,34.2653],[74.655,34.2654],[74.6551,34.2655],[74.6552,34.2655],[74.6553,34.2656],[74.6554,34.2656],[74.6555,34.2657],[74.6556,34.2657],[74.6557,34.2657],[74.6558,34.2657],[74.6558,34.2658],[74.6559,34.2658],[74.656,34.2658],[74.6561,34.2658],[74.6562,34.2659],[74.6563,34.2659],[74.6564,34.2659],[74.6565,34.2659],[74.6566,34.2659],[74.6567,34.2659],[74.6568,34.2659],[74.6568,34.266],[74.657,34.266],[74.6571,34.266],[74.6572,34.266],[74.6573,34.266],[74.6574,34.266],[74.6575,34.2661],[74.6576,34.2661],[74.6577,34.2661],[74.6578,34.2661],[74.6579,34.2661],[74.6579,34.2662],[74.658,34.2662],[74.6581,34.2662],[74.6582,34.2662],[74.6583,34.2662],[74.6583,34.2663],[74.6584,34.2663],[74.6586,34.2664],[74.6587,34.2664],[74.6588,34.2665],[74.6589,34.2665],[74.659,34.2665],[74.659,34.2666],[74.6591,34.2666],[74.6592,34.2666],[74.6593,34.2667],[74.6594,34.2667],[74.6595,34.2668],[74.6597,34.2669],[74.6598,34.2669],[74.6598,34.267],[74.6599,34.267],[74.66,34.267],[74.6602,34.2671],[74.6602,34.2672],[74.6603,34.2672],[74.6605,34.2673],[74.6606,34.2673],[74.6606,34.2674],[74.6607,34.2674],[74.6608,34.2674],[74.6608,34.2675],[74.6609,34.2675],[74.661,34.2675],[74.6611,34.2675],[74.6611,34.2676],[74.6612,34.2676],[74.6613,34.2676],[74.6614,34.2676],[74.6615,34.2676],[74.6615,34.2677],[74.6616,34.2677],[74.6617,34.2677],[74.6618,34.2677],[74.6618,34.2678],[74.6619,34.2678],[74.662,34.2678],[74.6621,34.2678],[74.6621,34.2679],[74.6622,34.2679],[74.6623,34.2679],[74.6623,34.268],[74.6624,34.268],[74.6625,34.2681],[74.6626,34.2681],[74.6627,34.2682],[74.6628,34.2682],[74.6628,34.2683],[74.6629,34.2683],[74.663,34.2683],[74.663,34.2684],[74.6631,34.2684],[74.6632,34.2685],[74.6633,34.2685],[74.6633,34.2686],[74.6634,34.2686],[74.6635,34.2687],[74.6636,34.2687],[74.6636,34.2688],[74.6637,34.2688],[74.6637,34.2689],[74.6638,34.2689],[74.6639,34.2689],[74.6639,34.269],[74.664,34.269],[74.664,34.2691],[74.6641,34.2692],[74.6642,34.2692],[74.6642,34.2693],[74.6643,34.2693],[74.6643,34.2694],[74.6643,34.2695],[74.6644,34.2695],[74.6644,34.2696],[74.6645,34.2696],[74.6646,34.2697],[74.6647,34.2697],[74.6648,34.2697],[74.6649,34.2697],[74.665,34.2697],[74.6651,34.2697],[74.6652,34.2696],[74.6653,34.2696],[74.6654,34.2695],[74.6655,34.2695],[74.6656,34.2694],[74.6657,34.2694],[74.6658,34.2694],[74.6658,34.2693],[74.6659,34.2693],[74.666,34.2693],[74.6661,34.2692],[74.6662,34.2692],[74.6663,34.2692],[74.6664,34.2692],[74.6665,34.2692],[74.6666,34.2692],[74.6667,34.2692],[74.6668,34.2692],[74.6669,34.2691],[74.667,34.2691],[74.6671,34.2691],[74.6672,34.2691],[74.6673,34.2691],[74.6674,34.2692],[74.6675,34.2692],[74.6676,34.2692],[74.6677,34.2692],[74.6678,34.2692],[74.6679,34.2692],[74.668,34.2692],[74.6681,34.2692],[74.6682,34.2692],[74.6683,34.2692],[74.6684,34.2692],[74.6685,34.2692],[74.6686,34.2692],[74.6686,34.2693],[74.6687,34.2693],[74.6688,34.2693],[74.6689,34.2693],[74.669,34.2693],[74.6691,34.2693],[74.6691,34.2694],[74.6692,34.2694],[74.6693,34.2694],[74.6694,34.2694],[74.6694,34.2695],[74.6695,34.2695],[74.6696,34.2695],[74.6696,34.2696],[74.6697,34.2696],[74.6698,34.2696],[74.6698,34.2697],[74.6699,34.2697],[74.67,34.2697],[74.67,34.2698],[74.6701,34.2698],[74.6702,34.2698],[74.6702,34.2699],[74.6703,34.2699],[74.6704,34.2699],[74.6705,34.27],[74.671,34.2703],[74.6712,34.2703],[74.6713,34.2704],[74.6714,34.2704],[74.6715,34.2705],[74.6716,34.2705],[74.6717,34.2706],[74.6718,34.2706],[74.6718,34.2707],[74.6719,34.2708],[74.672,34.2708],[74.672,34.2709],[74.6721,34.2709],[74.6721,34.271],[74.6721,34.2711],[74.6722,34.2711],[74.6722,34.2712],[74.6722,34.2713],[74.6723,34.2713],[74.6723,34.2714],[74.6723,34.2715],[74.6724,34.2715],[74.6724,34.2716],[74.6724,34.2717],[74.6725,34.2717],[74.6725,34.2718],[74.6725,34.2719],[74.6726,34.2719],[74.6726,34.272],[74.6727,34.2721],[74.6728,34.2721],[74.6729,34.2722],[74.673,34.2722],[74.6731,34.2722],[74.6732,34.2722],[74.6733,34.2722],[74.6734,34.2722],[74.6735,34.2722],[74.6736,34.2722],[74.6737,34.2722],[74.6738,34.2722],[74.6739,34.2722],[74.6741,34.2722],[74.6742,34.2722],[74.6742,34.2721],[74.6743,34.2721],[74.6744,34.2721],[74.6745,34.2721],[74.6746,34.2721],[74.6747,34.2721],[74.6747,34.272],[74.6748,34.272],[74.6749,34.272],[74.675,34.272],[74.6751,34.272],[74.6752,34.272],[74.6754,34.2719],[74.6755,34.2719],[74.6756,34.2719],[74.6757,34.2719],[74.6758,34.2719],[74.6759,34.2719],[74.676,34.2719],[74.6762,34.272],[74.6763,34.272],[74.6764,34.272],[74.6765,34.2721],[74.6767,34.2721],[74.6768,34.2721],[74.6768,34.2722],[74.6769,34.2722],[74.677,34.2722],[74.6771,34.2722],[74.6772,34.2722],[74.6772,34.2723],[74.6773,34.2723],[74.6774,34.2723],[74.6775,34.2723],[74.6776,34.2723],[74.6777,34.2723],[74.6778,34.2723],[74.6779,34.2723],[74.678,34.2723],[74.6781,34.2723],[74.6782,34.2723],[74.6783,34.2723],[74.6784,34.2723],[74.6785,34.2723],[74.6786,34.2723],[74.6787,34.2723],[74.6788,34.2723],[74.6789,34.2723],[74.679,34.2724],[74.6791,34.2724],[74.6792,34.2724],[74.6793,34.2724],[74.6794,34.2724],[74.6795,34.2724],[74.6796,34.2724],[74.6796,34.2725],[74.6797,34.2725],[74.6798,34.2725],[74.6799,34.2725],[74.68,34.2725],[74.6801,34.2726],[74.6802,34.2726],[74.6803,34.2726],[74.6804,34.2726],[74.6805,34.2726],[74.6805,34.2727],[74.6806,34.2727],[74.6807,34.2727],[74.6808,34.2727],[74.6809,34.2727],[74.681,34.2727],[74.6811,34.2727],[74.6812,34.2728],[74.6813,34.2728],[74.6814,34.2728],[74.6815,34.2728],[74.6815,34.2727],[74.6816,34.2727],[74.682,34.2727],[74.6822,34.2726],[74.6826,34.2726],[74.6829,34.2726],[74.683,34.2726],[74.6842,34.2722],[74.6855,34.2713],[74.6857,34.2712],[74.686,34.2712],[74.6862,34.2712],[74.6863,34.2712],[74.6864,34.2712],[74.6866,34.2711],[74.6875,34.2708],[74.6876,34.2708],[74.6877,34.2707],[74.6879,34.2706],[74.688,34.2706],[74.6883,34.2704],[74.6884,34.2703],[74.6885,34.2703],[74.6886,34.2703],[74.6888,34.2702],[74.6889,34.2702],[74.689,34.2702],[74.6891,34.2702],[74.6892,34.2702],[74.6892,34.2701],[74.6893,34.2701],[74.6894,34.2701],[74.6897,34.27],[74.6898,34.27],[74.6899,34.27],[74.69,34.27],[74.6901,34.27],[74.6902,34.2699],[74.6903,34.2699],[74.6904,34.2699],[74.6905,34.2699],[74.6906,34.2698],[74.6907,34.2698],[74.6908,34.2698],[74.6912,34.2697],[74.6913,34.2697],[74.6914,34.2697],[74.6915,34.2697],[74.6915,34.2696],[74.6916,34.2696],[74.6917,34.2696],[74.6918,34.2696],[74.6919,34.2696],[74.692,34.2695],[74.6921,34.2695],[74.6922,34.2695],[74.6924,34.2694],[74.6925,34.2694],[74.6926,34.2694],[74.6927,34.2694],[74.6928,34.2694],[74.6929,34.2693],[74.6932,34.2693],[74.6933,34.2693],[74.6933,34.2692],[74.6934,34.2692],[74.6936,34.2692],[74.6937,34.2692],[74.6938,34.2691],[74.6939,34.2691],[74.694,34.2691],[74.6941,34.2691],[74.6944,34.269],[74.6945,34.269],[74.6945,34.2689],[74.6946,34.2689],[74.6947,34.2689],[74.6948,34.2689],[74.6949,34.2689],[74.695,34.2689],[74.695,34.2688],[74.6951,34.2688],[74.6952,34.2688],[74.6953,34.2688],[74.6954,34.2688],[74.6955,34.2688],[74.6956,34.2688],[74.6957,34.2688],[74.6958,34.2688],[74.6959,34.2688],[74.696,34.2688],[74.6961,34.2688],[74.6962,34.2688],[74.6963,34.2688],[74.6964,34.2688],[74.6965,34.2688],[74.6966,34.2688],[74.6967,34.2688],[74.6968,34.2688],[74.6969,34.2688],[74.697,34.2688],[74.6971,34.2688],[74.6973,34.2689],[74.6974,34.2689],[74.6975,34.2689],[74.6976,34.2689],[74.6977,34.2689],[74.6978,34.2689],[74.6979,34.2689],[74.6981,34.2689],[74.6982,34.2689],[74.6983,34.2689],[74.6984,34.2689],[74.6985,34.2689],[74.6986,34.2689],[74.6987,34.2689],[74.6987,34.269],[74.6988,34.269],[74.6989,34.269],[74.699,34.269],[74.6991,34.269],[74.6992,34.269],[74.6993,34.269],[74.6994,34.269],[74.6995,34.269],[74.6995,34.2691],[74.6996,34.2691],[74.6997,34.2691],[74.6998,34.2691],[74.6999,34.2691],[74.7,34.2691],[74.7,34.2692],[74.7001,34.2692],[74.7002,34.2692],[74.7003,34.2692],[74.7004,34.2692],[74.7005,34.2693],[74.7006,34.2693],[74.7007,34.2693],[74.7008,34.2693],[74.7008,34.2694],[74.7009,34.2694],[74.701,34.2694],[74.701,34.2695],[74.7011,34.2695],[74.7011,34.2696],[74.7012,34.2696],[74.7012,34.2697],[74.7013,34.2697],[74.7013,34.2698],[74.7013,34.2699],[74.7014,34.27],[74.7014,34.2701],[74.7015,34.2701],[74.7016,34.2702],[74.7017,34.2702],[74.7018,34.2702],[74.7019,34.2702],[74.7019,34.2703],[74.702,34.2703],[74.7021,34.2703],[74.7022,34.2703],[74.7023,34.2704],[74.7024,34.2704],[74.7025,34.2704],[74.7026,34.2705],[74.7027,34.2705],[74.7028,34.2705],[74.7029,34.2705],[74.7029,34.2706],[74.703,34.2706],[74.7031,34.2706],[74.7032,34.2706],[74.7032,34.2707],[74.7033,34.2707],[74.7034,34.2707],[74.7035,34.2707],[74.7035,34.2708],[74.7036,34.2708],[74.7037,34.2708],[74.7038,34.2708],[74.7038,34.2709],[74.7039,34.2709],[74.704,34.2709],[74.7041,34.2709],[74.7042,34.271],[74.7043,34.271],[74.7044,34.271],[74.7044,34.2711],[74.7045,34.2711],[74.7046,34.2711],[74.7047,34.2712],[74.7048,34.2712],[74.7049,34.2712],[74.7049,34.2713],[74.705,34.2713],[74.7051,34.2713],[74.7051,34.2714],[74.7052,34.2714],[74.7053,34.2714],[74.7054,34.2714],[74.7055,34.2715],[74.7057,34.2715],[74.7058,34.2715],[74.7058,34.2716],[74.7059,34.2716],[74.7061,34.2716],[74.7061,34.2717],[74.7062,34.2717],[74.7063,34.2717],[74.7064,34.2717],[74.7064,34.2718],[74.7065,34.2718],[74.7066,34.2718],[74.7067,34.2719],[74.7068,34.2719],[74.707,34.272],[74.7071,34.2721],[74.7072,34.2721],[74.7072,34.2722],[74.7073,34.2722],[74.7074,34.2722],[74.7074,34.2723],[74.7075,34.2723],[74.7075,34.2724],[74.7077,34.2725],[74.7078,34.2725],[74.7078,34.2726],[74.7081,34.2728],[74.7082,34.2728],[74.7082,34.2729],[74.7083,34.2729],[74.7084,34.273],[74.7085,34.273],[74.7086,34.273],[74.7086,34.2731],[74.7087,34.2731],[74.7088,34.2731],[74.7088,34.2732],[74.7089,34.2732],[74.713,34.2746],[74.7156,34.2865],[74.7173,34.288],[74.7177,34.2896],[74.7178,34.2897],[74.7185,34.2901],[74.7189,34.2915],[74.719,34.2917],[74.719,34.2918],[74.7188,34.292],[74.7186,34.2924],[74.7185,34.2942],[74.7194,34.2971],[74.7892,34.341],[74.7899,34.3415],[74.7903,34.3417],[74.7907,34.3419],[74.7912,34.3419],[74.7919,34.3419],[74.7925,34.3419],[74.793,34.3419],[74.7937,34.3421],[74.7951,34.3422],[74.7975,34.3427],[74.7988,34.3432],[74.7995,34.3435],[74.8002,34.3437],[74.8009,34.3437],[74.8019,34.3436],[74.8032,34.3436],[74.8053,34.3431],[74.8095,34.3444],[74.8152,34.3428],[74.824,34.3454],[74.8323,34.3443],[74.8349,34.3444],[74.8379,34.3457],[74.8387,34.3467],[74.8391,34.3469],[74.8403,34.3471],[74.8412,34.3473],[74.8434,34.3486],[74.8463,34.3494],[74.8471,34.3503],[74.8479,34.3505],[74.8489,34.3514],[74.8499,34.3529],[74.8505,34.3545],[74.8505,34.3559],[74.8507,34.3573],[74.8513,34.3583],[74.8519,34.3591],[74.8544,34.3602],[74.8633,34.3615],[74.8638,34.3622],[74.8642,34.3632],[74.8661,34.3658],[74.8665,34.369],[74.8922,34.3758],[74.8984,34.3887],[74.906,34.3934],[74.9067,34.3943],[74.9081,34.3959],[74.909,34.3975],[74.91,34.3994],[74.91,34.401],[74.9096,34.4015],[74.9096,34.4016],[74.9091,34.4023],[74.9084,34.4027],[74.9078,34.403],[74.9069,34.4034],[74.9063,34.4035],[74.9049,34.404],[74.8989,34.405],[74.8948,34.4111],[74.8938,34.4134],[74.8935,34.415],[74.8931,34.4172],[74.893,34.4352],[74.8937,34.4362],[74.8946,34.4379],[74.8947,34.439],[74.8953,34.4404],[74.8961,34.4412],[74.8977,34.4423],[74.8985,34.443],[74.8985,34.4433],[74.8987,34.4435],[74.8992,34.4442],[74.8992,34.4451],[74.8991,34.4457],[74.8993,34.4474],[74.8998,34.4483],[74.9009,34.4493],[74.9031,34.451],[74.9058,34.4521],[74.9074,34.4526],[74.9093,34.4532],[74.9107,34.4538],[74.9115,34.4543],[74.912,34.4545],[74.913,34.455],[74.9133,34.4558],[74.9136,34.4561],[74.9136,34.4564],[74.9138,34.4569],[74.9143,34.457],[74.9167,34.4564],[74.9211,34.4576],[74.9222,34.4574],[74.9228,34.4572],[74.9236,34.4571],[74.9243,34.4566],[74.9259,34.4563],[74.9316,34.4624],[74.9354,34.462],[74.936,34.4619],[74.9362,34.4618],[74.9507,34.4617]]]},"properties":{"district":"BANDIPURA"}},
{"type":"Feature","geometry":{"type":"Polygon","coordinates":[[[74.1485,34.2814],[74.1493,34.2816],[74.1498,34.2814],[74.15,34.2811],[74.1504,34.2805],[74.1528,34.2792],[74.1553,34.2798],[74.1634,34.2768],[74.1641,34.2762],[74.1648,34.2762],[74.2351,34.3045],[74.3084,34.3181],[74.3267,34.3093],[74.3795,34.3407],[74.3802,34.3892],[74.3461,34.4236],[74.3827,34.4373],[74.428,34.4156],[74.434,34.4159],[74.4389,34.4161],[74.4502,34.4158],[74.4546,34.417],[74.4587,34.4212],[74.4679,34.4305],[74.473,34.4323],[74.4772,34.4374],[74.4792,34.4445],[74.4851,34.4625],[74.5089,34.4781],[74.5178,34.4842],[74.5191,34.4916],[74.5202,34.4986],[74.5208,34.502],[74.5331,34.5104],[74.5349,34.5121],[74.5323,34.519],[74.5341,34.5294],[74.5314,34.5381],[74.5281,34.5429],[74.5215,34.5496],[74.529,34.5715],[74.5318,34.5749],[74.5325,34.5788],[74.5332,34.5827],[74.5372,34.5863],[74.5416,34.5902],[74.5447,34.5973],[74.5475,34.6045],[74.5477,34.6112],[74.5464,34.6182],[74.5464,34.6211],[74.5474,34.6242],[74.5502,34.6258],[74.5537,34.6272],[74.5589,34.63],[74.5652,34.6466],[74.5695,34.6922],[74.6061,34.7378],[74.5998,34.75],[74.5981,34.7563],[74.5918,34.7653],[74.5682,34.7777],[74.5657,34.7783],[74.5448,34.7822],[74.5314,34.7838],[74.5202,34.7831],[74.5132,34.7842],[74.4998,34.7883],[74.4924,34.7856],[74.4855,34.7833],[74.4818,34.7825],[74.4774,34.7829],[74.4377,34.7837],[74.3131,34.7916],[74.2888,34.7693],[74.2865,34.7664],[74.276,34.75],[74.2611,34.7415],[74.2404,34.7352],[74.2217,34.7219],[74.202,34.7174],[74.1462,34.6833],[74.1109,34.655],[74.1006,34.6891],[74.0514,34.6807],[73.9704,34.6886],[73.9299,34.6045],[73.9551,34.5618],[73.9224,34.5423],[73.8954,34.5144],[73.8761,34.4502],[73.8019,34.4195],[73.7596,34.3845],[73.7527,34.346],[73.7827,34.3335],[73.9333,34.335],[73.9338,34.2828],[73.9653,34.2743],[73.9833,34.258],[74.0357,34.2582],[74.148,34.2809],[74.1485,34.2814]],[[74.1188,34.4672],[74.119,34.4674],[74.1214,34.4686],[74.1188,34.4672]],[[74.2734,34.5047],[74.2695,34.5087],[74.2743,34.5076],[74.2734,34.5047]],[[74.3092,34.5618],[74.3522,34.6141],[74.3322,34.588],[74.3202,34.5685],[74.3151,34.5637],[74.3162,34.5628],[74.3092,34.5618]],[[74.3714,34.5021],[74.3779,34.4959],[74.3876,34.4926],[74.3776,34.4959],[74.3714,34.5021]],[[74.3336,34.7169],[74.3424,34.7084],[74.337,34.7135],[74.3336,34.7169]],[[74.5156,34.4978],[74.5172,34.4981],[74.5176,34.4981],[74.5156,34.4978]],[[74.5193,34.4984],[74.5194,34.4985],[74.5195,34.4985],[74.5196,34.4985],[74.5193,34.4984]]]},"properties":{"district":"KUPWARA"}},
{"type":"Feature","geometry":{"type":"Polygon","coordinates":[[[75.6879,32.3911],[75.8233,32.4951],[75.8761,32.5505],[75.8809,32.5865],[75.9159,32.613],[75.9024,32.6753],[75.9006,32.6809],[75.9011,32.6986],[75.9261,32.7456],[75.8888,32.8032],[75.8014,32.8856],[75.7931,32.8868],[75.7885,32.8895],[75.7869,32.8901],[75.7864,32.8901],[75.783,32.8899],[75.778,32.8901],[75.7772,32.8901],[75.7757,32.8898],[75.7741,32.8894],[75.773,32.8893],[75.77,32.89],[75.769,32.89],[75.7636,32.8897],[75.7585,32.8869],[75.7557,32.8859],[75.755,32.8842],[75.7516,32.8814],[75.7508,32.8811],[75.7467,32.8775],[75.7413,32.8749],[75.7405,32.875],[75.7384,32.8744],[75.7285,32.8752],[75.7226,32.8744],[75.7113,32.8775],[75.7048,32.8767],[75.7024,32.8767],[75.6972,32.8765],[75.6913,32.875],[75.6915,32.8738],[75.6919,32.8699],[75.6921,32.8679],[75.6885,32.8628],[75.6874,32.8626],[75.6847,32.8624],[75.6846,32.8624],[75.6845,32.8624],[75.6842,32.8624],[75.6841,32.8624],[75.684,32.8624],[75.6839,32.8624],[75.6838,32.8624],[75.6836,32.8624],[75.6835,32.8624],[75.6834,32.8624],[75.6834,32.8616],[75.6836,32.8604],[75.6841,32.8582],[75.6851,32.8558],[75.6853,32.8539],[75.6853,32.852],[75.6853,32.8509],[75.6855,32.8503],[75.6859,32.8499],[75.6869,32.8492],[75.692,32.847],[75.6936,32.8444],[75.6943,32.8436],[75.6952,32.8389],[75.6953,32.8385],[75.6952,32.8378],[75.6906,32.7964],[75.6561,32.7732],[75.6537,32.7736],[75.6502,32.7744],[75.6489,32.7745],[75.6487,32.7743],[75.6479,32.7731],[75.647,32.7726],[75.6457,32.7721],[75.6438,32.7725],[75.6412,32.7721],[75.6402,32.7721],[75.6396,32.7721],[75.639,32.772],[75.638,32.7721],[75.634,32.7712],[75.62,32.7736],[75.5751,32.756],[75.5525,32.7732],[75.4959,32.7667],[75.4901,32.7408],[75.4898,32.7401],[75.4875,32.7379],[75.487,32.737],[75.4834,32.734],[75.4849,32.7232],[75.4837,32.7226],[75.4837,32.7218],[75.4838,32.7215],[75.4838,32.7212],[75.4838,32.7207],[75.4838,32.7206],[75.4838,32.7205],[75.4838,32.7203],[75.4837,32.7202],[75.4838,32.7199],[75.484,32.7191],[75.4842,32.7179],[75.4843,32.7168],[75.4837,32.7141],[75.4836,32.7136],[75.4835,32.7134],[75.4835,32.7133],[75.4834,32.7131],[75.4829,32.7129],[75.4823,32.7127],[75.482,32.7127],[75.4818,32.7127],[75.4816,32.7126],[75.4815,32.7126],[75.4812,32.7126],[75.481,32.7125],[75.4809,32.7124],[75.4803,32.7122],[75.4779,32.7112],[75.477,32.7108],[75.4767,32.7104],[75.4766,32.7097],[75.4766,32.7096],[75.4765,32.7088],[75.4763,32.7087],[75.4763,32.7086],[75.4765,32.7085],[75.4765,32.7083],[75.4766,32.7077],[75.4767,32.7069],[75.4769,32.7065],[75.477,32.7062],[75.4771,32.706],[75.4777,32.7053],[75.4782,32.7046],[75.4794,32.7031],[75.481,32.6997],[75.4812,32.6984],[75.4813,32.6979],[75.4811,32.6966],[75.4804,32.695],[75.4741,32.6891],[75.4754,32.6878],[75.4768,32.6867],[75.4774,32.6861],[75.4776,32.6859],[75.4778,32.685],[75.4772,32.6838],[75.4771,32.6836],[75.4769,32.6832],[75.4766,32.6826],[75.4738,32.678],[75.466,32.6731],[75.4652,32.6688],[75.4571,32.6652],[75.4082,32.6759],[75.3669,32.6629],[75.3584,32.661],[75.3572,32.6667],[75.35,32.6636],[75.349,32.6626],[75.3487,32.6622],[75.3485,32.6618],[75.3483,32.6614],[75.3481,32.6611],[75.3478,32.6608],[75.3476,32.6605],[75.3471,32.6599],[75.3469,32.6597],[75.3467,32.6596],[75.3464,32.6594],[75.3462,32.6592],[75.3461,32.6592],[75.3455,32.6597],[75.3456,32.6604],[75.3457,32.661],[75.3458,32.6616],[75.3459,32.6622],[75.3457,32.6645],[75.3459,32.6666],[75.3419,32.6665],[75.3383,32.6663],[75.3351,32.6663],[75.3334,32.6661],[75.3327,32.6661],[75.3326,32.6661],[75.3324,32.6661],[75.3322,32.666],[75.332,32.6659],[75.3319,32.6656],[75.3319,32.6654],[75.3317,32.6642],[75.3314,32.6639],[75.3283,32.6632],[75.327,32.6633],[75.3257,32.6627],[75.3255,32.6624],[75.3253,32.6622],[75.3249,32.6617],[75.3241,32.6606],[75.322,32.6596],[75.3183,32.6592],[75.3163,32.6564],[75.3098,32.6542],[75.309,32.6517],[75.3044,32.6539],[75.3023,32.6541],[75.3004,32.6538],[75.2982,32.6523],[75.2943,32.6482],[75.2898,32.6478],[75.2871,32.6436],[75.2844,32.6436],[75.2844,32.6434],[75.2844,32.6433],[75.2844,32.6431],[75.2843,32.6427],[75.2843,32.6424],[75.2843,32.6422],[75.2842,32.6419],[75.2844,32.6409],[75.2845,32.6404],[75.2846,32.6401],[75.2846,32.64],[75.2847,32.6399],[75.2847,32.6398],[75.2845,32.6397],[75.2844,32.6397],[75.2844,32.6396],[75.2843,32.6396],[75.2843,32.6395],[75.2844,32.6393],[75.2845,32.6391],[75.2847,32.6386],[75.2849,32.6384],[75.285,32.6383],[75.2853,32.638],[75.286,32.6376],[75.2864,32.6374],[75.2867,32.6373],[75.2867,32.6368],[75.2867,32.6363],[75.2867,32.636],[75.2867,32.6358],[75.2867,32.6354],[75.2868,32.6351],[75.2869,32.6348],[75.2872,32.6343],[75.2887,32.6331],[75.2894,32.6314],[75.3022,32.627],[75.3027,32.627],[75.3031,32.6269],[75.3035,32.6269],[75.304,32.6269],[75.3164,32.6253],[75.3221,32.6232],[75.3279,32.6186],[75.3317,32.615],[75.3325,32.6141],[75.3333,32.6132],[75.3349,32.6117],[75.3378,32.6084],[75.3433,32.6041],[75.3441,32.5977],[75.3455,32.5953],[75.3455,32.594],[75.3455,32.5939],[75.3442,32.5931],[75.3438,32.5931],[75.3436,32.5931],[75.3435,32.5931],[75.3434,32.5931],[75.3429,32.5931],[75.3425,32.5931],[75.3425,32.5929],[75.3425,32.5928],[75.3425,32.5926],[75.343,32.5922],[75.3448,32.5904],[75.344,32.5863],[75.3369,32.5791],[75.3326,32.5802],[75.3323,32.5802],[75.3311,32.5803],[75.3297,32.5804],[75.3274,32.5803],[75.3249,32.5806],[75.3174,32.5732],[75.3157,32.5738],[75.3141,32.5744],[75.2968,32.5781],[75.2871,32.574],[75.2846,32.5721],[75.2816,32.5676],[75.2815,32.5628],[75.2816,32.5623],[75.2817,32.562],[75.2816,32.5617],[75.2812,32.5615],[75.2809,32.5612],[75.2806,32.5609],[75.2803,32.5605],[75.2799,32.5603],[75.2785,32.5595],[75.2782,32.5592],[75.2778,32.5588],[75.2776,32.5583],[75.2773,32.558],[75.2768,32.5578],[75.2766,32.5575],[75.2767,32.5573],[75.2768,32.5569],[75.2767,32.5564],[75.2764,32.5563],[75.2759,32.5561],[75.2752,32.5559],[75.2741,32.5551],[75.273,32.5547],[75.2726,32.5544],[75.2692,32.5474],[75.264,32.5459],[75.2629,32.5447],[75.2626,32.5446],[75.2623,32.5445],[75.2608,32.543],[75.2595,32.5428],[75.2566,32.5385],[75.2508,32.5347],[75.2449,32.5277],[75.2409,32.5193],[75.2383,32.5175],[75.2384,32.5136],[75.2352,32.5065],[75.2387,32.5025],[75.2377,32.4997],[75.2359,32.4976],[75.2331,32.4986],[75.2309,32.4994],[75.2265,32.4948],[75.2257,32.4927],[75.2254,32.4914],[75.2254,32.4913],[75.2235,32.4916],[75.2226,32.4907],[75.2218,32.4899],[75.2185,32.4838],[75.2175,32.4805],[75.2162,32.4711],[75.2153,32.4603],[75.2169,32.4602],[75.2184,32.4601],[75.2185,32.4601],[75.2171,32.4565],[75.2153,32.4535],[75.2127,32.4495],[75.2112,32.447],[75.2065,32.4469],[75.2056,32.4469],[75.1991,32.4417],[75.1987,32.4332],[75.2011,32.4292],[75.2002,32.4282],[75.1993,32.4275],[75.1988,32.427],[75.1984,32.4263],[75.2002,32.4147],[75.2883,32.3557],[75.3649,32.333],[75.3777,32.3357],[75.3799,32.335],[75.419,32.32],[75.4657,32.327],[75.5121,32.3079],[75.5967,32.3777],[75.6879,32.3911]],[[75.5505,32.4655],[75.5625,32.4651],[75.5738,32.4691],[75.5754,32.4629],[75.5505,32.4655]],[[75.6581,32.4088],[75.6596,32.4098],[75.665,32.4125],[75.6581,32.4088]],[[75.6844,32.4079],[75.6856,32.4087],[75.6851,32.4083],[75.6844,32.4079]],[[75.6697,32.4445],[75.6678,32.4454],[75.6683,32.4452],[75.6697,32.4445]],[[75.6338,32.4509],[75.6329,32.4503],[75.6326,32.4503],[75.6338,32.4509]],[[75.6326,32.4503],[75.6294,32.453],[75.6299,32.4527],[75.6309,32.4524],[75.6315,32.4519],[75.6323,32.451],[75.6326,32.4503]],[[75.5559,32.5077],[75.5602,32.5267],[75.5817,32.5535],[75.5811,32.5519],[75.5811,32.5482],[75.5835,32.5421],[75.5559,32.5077]],[[75.5995,32.6021],[75.6088,32.6142],[75.6044,32.6076],[75.6017,32.6042],[75.5995,32.6021]],[[75.6088,32.6142],[75.6241,32.6115],[75.6143,32.6125],[75.6088,32.6142]],[[75.6472,32.5912],[75.6472,32.5916],[75.6473,32.5912],[75.6472,32.5912]],[[75.661,32.6017],[75.704,32.6019],[75.694,32.5927],[75.661,32.6017]],[[75.7126,32.6523],[75.7129,32.6529],[75.7144,32.6545],[75.7163,32.6559],[75.7126,32.6523]]]},"properties":{"district":"KATHUA"}},
{"type":"Feature","geometry":{"type":"Polygon","coordinates":[[[76.2054,33.5687],[76.241,33.6096],[76.1823,33.655],[76.2302,33.6308],[76.2699,33.643],[76.2655,33.7464],[76.2179,33.7588],[76.1626,33.8212],[76.1367,33.8786],[76.0467,33.9128],[76.0265,33.9716],[75.9657,33.9545],[75.9085,33.9689],[75.8452,33.9545],[75.8416,34.0061],[75.7681,34.0428],[75.7188,34.1033],[75.6874,34.1161],[75.6786,34.1547],[75.6907,34.1953],[75.6503,34.2115],[75.5975,34.1977],[75.5555,34.1547],[75.5309,34.0955],[75.5348,34.0831],[75.5328,34.08],[75.5358,34.0723],[75.5347,34.0686],[75.5351,34.067],[75.5351,34.0664],[75.5351,34.0633],[75.5181,34.0415],[75.5147,34.0402],[75.5079,34.0384],[75.4912,34.0445],[75.4814,34.0382],[75.4744,34.0413],[75.4698,34.0416],[75.4683,34.0428],[75.4661,34.0424],[75.4635,34.0418],[75.4634,34.0417],[75.4629,34.0373],[75.4579,34.0365],[75.4525,34.0407],[75.4489,34.0393],[75.4499,34.0344],[75.4479,34.0327],[75.4442,34.0309],[75.4453,34.0272],[75.4383,34.0224],[75.4379,34.0203],[75.437,34.02],[75.4357,34.0196],[75.4363,34.0167],[75.4364,34.0146],[75.4377,34.0139],[75.4386,34.0133],[75.4405,34.003],[75.4383,33.9998],[75.4385,33.9972],[75.4384,33.9969],[75.4378,33.9957],[75.4373,33.9951],[75.4328,33.9929],[75.4321,33.992],[75.432,33.9904],[75.4319,33.989],[75.4319,33.9877],[75.4323,33.9846],[75.4184,33.9807],[75.4164,33.9798],[75.4162,33.9775],[75.4136,33.9738],[75.409,33.9703],[75.4032,33.9667],[75.403,33.9666],[75.4002,33.9653],[75.3988,33.9648],[75.3975,33.9642],[75.3972,33.9637],[75.3967,33.9618],[75.3969,33.9613],[75.3971,33.9603],[75.3975,33.959],[75.3966,33.9564],[75.3974,33.9536],[75.3971,33.948],[75.397,33.9462],[75.3971,33.9455],[75.399,33.9412],[75.3987,33.9385],[75.3969,33.9375],[75.392,33.9376],[75.3916,33.9369],[75.4,33.9319],[75.3997,33.9298],[75.397,33.9222],[75.3964,33.9206],[75.3943,33.9194],[75.3944,33.9188],[75.3944,33.9182],[75.3945,33.9173],[75.3973,33.913],[75.3982,33.9114],[75.3946,33.9086],[75.3951,33.9036],[75.3953,33.9029],[75.3958,33.9023],[75.4117,33.8917],[75.4187,33.8714],[75.4278,33.8551],[75.4293,33.8534],[75.4306,33.8525],[75.4305,33.8525],[75.4306,33.8524],[75.4308,33.8523],[75.4315,33.8518],[75.434,33.8508],[75.4329,33.8489],[75.4306,33.8474],[75.4304,33.8468],[75.4298,33.8455],[75.4311,33.8436],[75.4323,33.8422],[75.4326,33.8418],[75.4342,33.8401],[75.4376,33.8384],[75.4384,33.8375],[75.4389,33.8369],[75.4454,33.8269],[75.4447,33.8221],[75.4463,33.8207],[75.4483,33.8195],[75.4498,33.8186],[75.4512,33.8178],[75.4553,33.8157],[75.4567,33.8146],[75.4614,33.7953],[75.4832,33.7805],[75.4706,33.7728],[75.4687,33.7684],[75.4694,33.7673],[75.4705,33.7658],[75.4717,33.764],[75.4698,33.7611],[75.4684,33.7596],[75.4672,33.7586],[75.4671,33.7579],[75.5013,33.7349],[75.5041,33.7279],[75.5127,33.7213],[75.5154,33.7179],[75.5211,33.7157],[75.5223,33.7148],[75.5221,33.7133],[75.51,33.6832],[75.5083,33.6771],[75.5082,33.6676],[75.5085,33.6648],[75.509,33.6628],[75.5094,33.6619],[75.5103,33.6602],[75.512,33.6577],[75.5127,33.6572],[75.5143,33.6564],[75.5158,33.6557],[75.5166,33.6551],[75.5172,33.6544],[75.5164,33.654],[75.512,33.6511],[75.5103,33.6504],[75.5081,33.6489],[75.5065,33.6476],[75.5058,33.6469],[75.5063,33.6424],[75.5059,33.6411],[75.5052,33.6395],[75.5013,33.6366],[75.5012,33.6354],[75.5011,33.6332],[75.5018,33.6275],[75.5087,33.6299],[75.5097,33.6292],[75.5108,33.6287],[75.5101,33.625],[75.5096,33.6242],[75.5082,33.6214],[75.5078,33.6205],[75.5077,33.6197],[75.5085,33.6185],[75.5099,33.6183],[75.5113,33.6181],[75.5187,33.623],[75.5238,33.6239],[75.5239,33.6237],[75.5244,33.6233],[75.5244,33.6232],[75.5242,33.622],[75.5242,33.6218],[75.5241,33.6213],[75.524,33.6212],[75.524,33.6211],[75.524,33.621],[75.524,33.6209],[75.5239,33.6204],[75.5238,33.6199],[75.5226,33.6166],[75.522,33.6158],[75.5222,33.615],[75.528,33.6139],[75.5291,33.6128],[75.5293,33.6127],[75.5306,33.6098],[75.5323,33.6081],[75.5341,33.6077],[75.5354,33.6076],[75.5361,33.6069],[75.5361,33.6059],[75.536,33.6038],[75.5359,33.601],[75.5362,33.6001],[75.5366,33.5989],[75.5358,33.5979],[75.5327,33.5959],[75.5277,33.5909],[75.5269,33.5898],[75.5267,33.5886],[75.5261,33.5876],[75.5251,33.587],[75.5202,33.5856],[75.5186,33.5848],[75.517,33.5837],[75.5144,33.5815],[75.5126,33.5805],[75.5114,33.5792],[75.5097,33.5768],[75.5087,33.5754],[75.5073,33.5736],[75.5072,33.5726],[75.507,33.5719],[75.5076,33.571],[75.5077,33.57],[75.5072,33.5691],[75.5069,33.5681],[75.5077,33.5654],[75.5084,33.5647],[75.509,33.5636],[75.5093,33.5614],[75.5091,33.5596],[75.5087,33.5585],[75.5056,33.5531],[75.5044,33.5518],[75.5034,33.5506],[75.5038,33.549],[75.509,33.5269],[75.4683,33.4993],[75.4695,33.4862],[75.477,33.4734],[75.4788,33.4719],[75.4812,33.4705],[75.4825,33.4702],[75.4828,33.4681],[75.4831,33.463],[75.4831,33.4591],[75.4833,33.4584],[75.4871,33.4552],[75.4885,33.4546],[75.4894,33.4541],[75.4907,33.4529],[75.4955,33.4092],[75.5252,33.3805],[75.5687,33.3147],[75.5708,33.311],[75.5728,33.3075],[75.5835,33.2882],[75.589,33.2796],[75.6161,33.2656],[75.642,33.2555],[75.6818,33.2517],[75.7324,33.2035],[75.8263,33.1391],[75.8386,33.1361],[75.8426,33.136],[75.8476,33.137],[75.8625,33.1399],[75.8697,33.1374],[75.8719,33.1377],[75.8787,33.1344],[75.8922,33.1358],[75.919,33.1326],[75.919,33.136],[75.9259,33.1357],[75.9292,33.1339],[75.9453,33.1286],[75.9541,33.1222],[75.957,33.1241],[75.9571,33.1242],[75.9572,33.1242],[75.9572,33.1243],[75.9573,33.1243],[75.9573,33.1244],[75.9574,33.1244],[75.9576,33.1245],[75.9576,33.1246],[75.9577,33.1246],[75.9618,33.1238],[75.9653,33.122],[75.9668,33.1088],[75.9696,33.1072],[75.9704,33.1097],[75.9752,33.1154],[75.9769,33.116],[76.0081,33.1268],[76.0295,33.12],[76.0802,33.1414],[76.1166,33.1632],[76.1188,33.1675],[76.1309,33.17],[76.1462,33.1623],[76.1652,33.1399],[76.1672,33.1308],[76.1866,33.1094],[76.1872,33.1086],[76.1884,33.1046],[76.1904,33.0997],[76.1924,33.097],[76.1942,33.0954],[76.195,33.095],[76.1963,33.0943],[76.1977,33.0941],[76.2127,33.0905],[76.224,33.0445],[76.2428,33.0208],[76.2897,33.0568],[76.2859,33.1024],[76.3685,33.1535],[76.4042,33.1859],[76.4818,33.1792],[76.5607,33.2095],[76.595,33.2062],[76.6394,33.1617],[76.7468,33.1784],[76.7788,33.2395],[76.7371,33.2611],[76.7177,33.329],[76.671,33.3418],[76.6138,33.4393],[76.5818,33.4258],[76.5067,33.51],[76.458,33.5371],[76.3841,33.5524],[76.3593,33.6033],[76.3001,33.6008],[76.303,33.5676],[76.2256,33.5473],[76.2054,33.5687]],[[75.9223,33.2181],[75.9309,33.2096],[75.9238,33.2147],[75.9223,33.2181]],[[75.7909,33.183],[75.7789,33.1918],[75.7694,33.1996],[75.7909,33.183]],[[75.7317,33.2726],[75.7326,33.2777],[75.733,33.2786],[75.7317,33.2726]],[[75.7083,33.3211],[75.7079,33.3208],[75.7073,33.3202],[75.7058,33.3201],[75.7083,33.3211]],[[75.5789,33.3296],[75.605,33.344],[75.5945,33.3307],[75.5912,33.3291],[75.5842,33.3298],[75.5789,33.3296]],[[75.6118,33.344],[75.6152,33.3452],[75.6182,33.3448],[75.6118,33.344]],[[75.7017,33.3401],[75.6975,33.3418],[75.6979,33.3436],[75.7017,33.3401]],[[75.6979,33.3436],[75.7015,33.3542],[75.7066,33.3439],[75.7103,33.341],[75.6979,33.3436]],[[75.7122,33.3616],[75.7097,33.3691],[75.7091,33.3721],[75.709,33.3727],[75.709,33.3729],[75.7122,33.3616]],[[75.6493,33.403],[75.6587,33.4112],[75.6564,33.4088],[75.6493,33.403]],[[75.6819,33.4226],[75.6876,33.4112],[75.6842,33.4173],[75.6828,33.4204],[75.6819,33.4226]],[[75.7452,33.4567],[75.7518,33.4558],[75.7527,33.4554],[75.7535,33.4549],[75.7539,33.4547],[75.7541,33.4546],[75.7544,33.4544],[75.7452,33.4567]]]},"properties":{"district":"KISHTWAR"}},
{"type":"Feature","geometry":{"type":"Polygon","coordinates":[[[74.5651,34.0675],[74.5633,34.0663],[74.5583,34.0594],[74.5424,34.0566],[74.539,34.0463],[74.5333,34.0382],[74.5289,34.0398],[74.5245,34.0414],[74.518,34.0416],[74.5166,34.0426],[74.5011,34.0459],[74.4866,34.0439],[74.4861,34.04],[74.4861,34.037],[74.4931,34.034],[74.4948,34.0338],[74.4989,34.0316],[74.4978,34.0306],[74.4974,34.0302],[74.4968,34.0269],[74.4959,34.0249],[74.4875,34.0179],[74.4836,34.016],[74.4825,34.014],[74.4814,34.0119],[74.4805,34.0111],[74.4785,34.0085],[74.4777,34.0075],[74.4689,33.9989],[74.4677,33.9892],[74.4711,33.9856],[74.4733,33.9841],[74.4739,33.9743],[74.4728,33.9708],[74.4716,33.9656],[74.4737,33.9628],[74.4744,33.9557],[74.4762,33.9497],[74.4736,33.9445],[74.4599,33.9357],[74.458,33.9338],[74.446,33.9239],[74.4419,33.9221],[74.4264,33.917],[74.4259,33.9116],[74.4241,33.9109],[74.4223,33.9109],[74.4213,33.9104],[74.4192,33.9084],[74.4188,33.908],[74.4182,33.9081],[74.4183,33.9079],[74.4184,33.9072],[74.4186,33.9053],[74.4185,33.9046],[74.414,33.9011],[74.4132,33.8995],[74.4127,33.8983],[74.4124,33.8977],[74.4117,33.8971],[74.4107,33.8969],[74.4095,33.8967],[74.4092,33.8966],[74.409,33.8962],[74.4091,33.8958],[74.4094,33.8949],[74.4152,33.8882],[74.4131,33.8867],[74.411,33.8862],[74.4089,33.8859],[74.4079,33.8858],[74.4064,33.8859],[74.4051,33.886],[74.4042,33.8858],[74.4024,33.8832],[74.4033,33.8811],[74.4034,33.8801],[74.4036,33.8798],[74.4034,33.8779],[74.4032,33.8776],[74.4026,33.8768],[74.402,33.8766],[74.4018,33.8761],[74.4015,33.8752],[74.4016,33.8743],[74.4021,33.8735],[74.4027,33.8727],[74.4032,33.872],[74.4064,33.8691],[74.4082,33.8636],[74.4139,33.8565],[74.4109,33.844],[74.4538,33.8011],[74.4692,33.7827],[74.4499,33.764],[74.4663,33.7502],[74.4747,33.7332],[74.488,33.7291],[74.5017,33.7193],[74.5079,33.7111],[74.5079,33.7108],[74.5079,33.71],[74.5079,33.7096],[74.5061,33.7064],[74.5054,33.7052],[74.5047,33.7044],[74.5052,33.7043],[74.5065,33.7048],[74.5111,33.7056],[74.5159,33.7053],[74.5166,33.7036],[74.5249,33.7006],[74.5265,33.6998],[74.5271,33.699],[74.5273,33.6985],[74.5276,33.6974],[74.5277,33.6964],[74.5279,33.695],[74.5288,33.695],[74.5298,33.695],[74.5322,33.6952],[74.5368,33.6953],[74.5436,33.6929],[74.5665,33.6919],[74.5664,33.6924],[74.5671,33.6929],[74.5678,33.6946],[74.5682,33.6956],[74.5684,33.6977],[74.5697,33.7003],[74.5703,33.7021],[74.572,33.7049],[74.5734,33.7071],[74.5762,33.7095],[74.578,33.7122],[74.5785,33.715],[74.5798,33.7178],[74.5832,33.7196],[74.5895,33.7214],[74.5917,33.7219],[74.5951,33.7227],[74.5972,33.7233],[74.6041,33.7281],[74.6057,33.7299],[74.6075,33.732],[74.61,33.7344],[74.6115,33.7361],[74.6148,33.7373],[74.621,33.7386],[74.6229,33.7393],[74.624,33.7397],[74.6259,33.7399],[74.6259,33.7419],[74.6255,33.7455],[74.6248,33.7482],[74.6248,33.7497],[74.6249,33.7498],[74.6252,33.75],[74.6278,33.7524],[74.6287,33.7529],[74.6318,33.7542],[74.6328,33.755],[74.6345,33.7562],[74.6369,33.7579],[74.638,33.7588],[74.64,33.761],[74.641,33.7621],[74.6429,33.7635],[74.6451,33.7653],[74.646,33.7666],[74.6466,33.7675],[74.6474,33.7689],[74.6475,33.77],[74.6478,33.7708],[74.6483,33.7716],[74.6505,33.7743],[74.6518,33.7752],[74.6528,33.7763],[74.6547,33.7785],[74.6555,33.7803],[74.6564,33.7813],[74.6573,33.7823],[74.6614,33.7849],[74.6637,33.7865],[74.665,33.7869],[74.6665,33.7873],[74.6672,33.7877],[74.6685,33.7887],[74.669,33.7892],[74.6769,33.7941],[74.6778,33.7948],[74.6782,33.7952],[74.6794,33.7962],[74.6806,33.7976],[74.6821,33.799],[74.6842,33.8003],[74.6858,33.8011],[74.6862,33.8014],[74.6874,33.8029],[74.6881,33.8038],[74.6886,33.8068],[74.691,33.8081],[74.6921,33.8087],[74.6959,33.8084],[74.7022,33.8065],[74.7034,33.8063],[74.7042,33.8061],[74.7051,33.8059],[74.7057,33.8056],[74.7075,33.8048],[74.7091,33.8045],[74.7108,33.8042],[74.7132,33.8044],[74.7743,33.8105],[74.818,33.8647],[74.8367,33.9162],[74.8404,33.9331],[74.849,33.9379],[74.8592,33.9468],[74.8615,33.9504],[74.8623,33.9552],[74.8644,33.9584],[74.8658,33.9602],[74.868,33.9629],[74.8744,33.9698],[74.8768,33.9712],[74.8817,33.9737],[74.8839,33.9761],[74.8883,33.986],[74.8899,33.9882],[74.8931,33.9925],[74.8951,33.9936],[74.8962,33.9961],[74.8971,33.9957],[74.8993,33.9958],[74.901,34],[74.902,34.0005],[74.9022,34.0014],[74.9013,34.0031],[74.9007,34.0044],[74.8992,34.0072],[74.8987,34.0084],[74.8984,34.0094],[74.8995,34.0098],[74.9001,34.0104],[74.8999,34.0114],[74.9001,34.012],[74.902,34.0118],[74.9037,34.0127],[74.9036,34.0133],[74.9043,34.0134],[74.9058,34.0144],[74.9074,34.0147],[74.9081,34.0148],[74.9083,34.0151],[74.9087,34.0168],[74.9095,34.0177],[74.9126,34.0197],[74.9164,34.0226],[74.9142,34.0241],[74.9118,34.0246],[74.9096,34.0242],[74.9076,34.0234],[74.905,34.0207],[74.8956,34.0212],[74.8972,34.0247],[74.8991,34.027],[74.8991,34.0271],[74.8991,34.0272],[74.8991,34.0273],[74.8991,34.0274],[74.8991,34.0275],[74.8992,34.0276],[74.8992,34.0277],[74.8992,34.0278],[74.8993,34.0279],[74.8994,34.028],[74.8995,34.0282],[74.8996,34.0284],[74.8999,34.0288],[74.9,34.0289],[74.9003,34.0293],[74.9003,34.0294],[74.9004,34.0295],[74.9013,34.0319],[74.871,34.0214],[74.8508,34.0376],[74.8401,34.0301],[74.839,34.0335],[74.8437,34.0381],[74.8341,34.0405],[74.822,34.0495],[74.8198,34.0572],[74.8172,34.0581],[74.8143,34.0574],[74.8136,34.0573],[74.8135,34.0572],[74.8134,34.0572],[74.8122,34.0569],[74.8121,34.0569],[74.8121,34.0568],[74.812,34.0568],[74.8114,34.0565],[74.8103,34.056],[74.8092,34.0555],[74.8079,34.0548],[74.8079,34.0546],[74.808,34.0544],[74.8084,34.0534],[74.8052,34.0522],[74.8091,34.0466],[74.8055,34.0441],[74.7936,34.0471],[74.7929,34.0468],[74.7924,34.0462],[74.7908,34.0458],[74.7905,34.0458],[74.7903,34.0438],[74.7887,34.0434],[74.7874,34.0462],[74.7861,34.0482],[74.7853,34.0481],[74.7822,34.0508],[74.7792,34.0458],[74.7744,34.0427],[74.7722,34.0376],[74.7647,34.0315],[74.7648,34.0374],[74.7636,34.0389],[74.759,34.0384],[74.7573,34.0388],[74.7522,34.0432],[74.7471,34.0428],[74.7438,34.0398],[74.7408,34.0385],[74.7409,34.0427],[74.7407,34.0505],[74.7389,34.0562],[74.715,34.1118],[74.6872,34.1092],[74.6754,34.1188],[74.6777,34.1203],[74.6789,34.1213],[74.679,34.1216],[74.6755,34.1228],[74.6751,34.1231],[74.6742,34.1231],[74.6718,34.1219],[74.6707,34.1208],[74.6705,34.1206],[74.6707,34.1199],[74.671,34.1193],[74.6713,34.1189],[74.6719,34.1183],[74.6721,34.1177],[74.6711,34.1176],[74.6708,34.1176],[74.6707,34.1177],[74.6702,34.1177],[74.6697,34.1178],[74.6697,34.1182],[74.6694,34.1181],[74.6693,34.1181],[74.6692,34.118],[74.6691,34.1179],[74.6692,34.1178],[74.6692,34.1177],[74.6691,34.1176],[74.6691,34.1174],[74.6695,34.1166],[74.6695,34.1164],[74.6681,34.116],[74.6546,34.118],[74.649,34.1179],[74.643,34.1124],[74.6329,34.1088],[74.6316,34.108],[74.6267,34.1059],[74.6261,34.1061],[74.6261,34.106],[74.6262,34.1059],[74.6262,34.1058],[74.6262,34.1057],[74.6212,34.1034],[74.6132,34.1056],[74.6071,34.0999],[74.6015,34.0952],[74.5958,34.0908],[74.588,34.0857],[74.5836,34.08],[74.5782,34.0761],[74.5741,34.0733],[74.5681,34.0694],[74.5651,34.0675]],[[74.802,34.0096],[74.8059,34.008],[74.8058,34.008],[74.8056,34.0081],[74.8054,34.0082],[74.802,34.0096]],[[74.793,33.9727],[74.7913,33.9723],[74.7914,33.9724],[74.793,33.9727]],[[74.7335,33.9765],[74.7334,33.9758],[74.7305,33.9755],[74.7335,33.9765]],[[74.8092,34.0061],[74.8103,34.0055],[74.8101,34.0056],[74.8092,34.0061]],[[74.8097,34.0079],[74.8103,34.0091],[74.8101,34.0086],[74.8097,34.0079]],[[74.8104,34.0093],[74.8104,34.0095],[74.8105,34.0097],[74.8104,34.0093]],[[74.8108,34.0133],[74.8117,34.0134],[74.811,34.0133],[74.8108,34.0133]]]},"properties":{"district":"BADGAM"}},
{"type":"Feature","geometry":{"type":"MultiPolygon","coordinates":[[[[74.7024,34.1565],[74.6646,34.1211],[74.6681,34.116],[74.6691,34.1174],[74.6691,34.1176],[74.6692,34.1177],[74.6692,34.1178],[74.6691,34.1179],[74.6692,34.118],[74.6693,34.1181],[74.6694,34.1181],[74.6697,34.1182],[74.6697,34.1178],[74.6702,34.1177],[74.6707,34.1177],[74.6711,34.1176],[74.6721,34.1177],[74.6719,34.1183],[74.6713,34.1189],[74.671,34.1193],[74.6707,34.1199],[74.6705,34.1206],[74.6707,34.1208],[74.6718,34.1219],[74.6742,34.1231],[74.6751,34.1231],[74.6755,34.1228],[74.679,34.1216],[74.6789,34.1213],[74.6777,34.1203],[74.6754,34.1188],[74.6872,34.1092],[74.715,34.1118],[74.7389,34.0562],[74.7407,34.0505],[74.7409,34.0427],[74.7408,34.0385],[74.7438,34.0398],[74.7471,34.0428],[74.7522,34.0432],[74.7573,34.0388],[74.759,34.0384],[74.7636,34.0389],[74.7666,34.0366],[74.7681,34.0356],[74.7744,34.0593],[74.7962,34.0785],[74.7862,34.0901],[74.7909,34.131],[74.7334,34.1386],[74.7311,34.1402],[74.7281,34.142],[74.7269,34.143],[74.7272,34.1449],[74.7332,34.1465],[74.738,34.1501],[74.7403,34.1517],[74.739,34.1528],[74.7375,34.153],[74.7369,34.1536],[74.7365,34.1539],[74.7356,34.1542],[74.7325,34.1557],[74.723,34.1595],[74.7167,34.1629],[74.7151,34.1653],[74.7093,34.163],[74.7014,34.1592],[74.7024,34.1565]]],[[[74.871,34.0214],[74.8827,34.0378],[74.9156,34.0348],[74.9276,34.0323],[74.9323,34.0272],[74.9412,34.0256],[74.9778,34.0621],[74.9813,34.0676],[74.9916,34.0735],[75.0061,34.0816],[75.0092,34.0898],[74.9992,34.0968],[74.9302,34.0931],[74.9353,34.1386],[74.9302,34.1362],[74.9191,34.1347],[74.9134,34.1339],[74.9084,34.133],[74.9046,34.1291],[74.9044,34.1291],[74.8983,34.1291],[74.8958,34.1282],[74.8938,34.1281],[74.8889,34.1279],[74.8878,34.1279],[74.8877,34.128],[74.8875,34.1301],[74.8877,34.1317],[74.8876,34.1362],[74.8867,34.1411],[74.8856,34.1437],[74.8871,34.1489],[74.8902,34.1511],[74.8916,34.1516],[74.8939,34.1526],[74.8942,34.1527],[74.8949,34.1527],[74.8992,34.1527],[74.9015,34.156],[74.9044,34.157],[74.9063,34.1576],[74.9081,34.1579],[74.9141,34.157],[74.9165,34.1543],[74.9197,34.1479],[74.9235,34.1455],[74.9259,34.1458],[74.9291,34.1462],[74.9291,34.1475],[74.9274,34.1507],[74.9276,34.1524],[74.9289,34.1533],[74.9309,34.1539],[74.9334,34.1551],[74.934,34.1566],[74.934,34.1583],[74.9327,34.1605],[74.9241,34.165],[74.8878,34.1554],[74.8779,34.1522],[74.8747,34.152],[74.8697,34.1489],[74.8695,34.1492],[74.8692,34.1498],[74.8592,34.1443],[74.8664,34.1356],[74.8673,34.1348],[74.8674,34.1347],[74.8675,34.1347],[74.8678,34.1346],[74.8687,34.1342],[74.8735,34.1321],[74.8771,34.1282],[74.8802,34.1202],[74.8488,34.1097],[74.8431,34.1124],[74.8396,34.1122],[74.8374,34.1128],[74.836,34.1141],[74.8356,34.115],[74.835,34.115],[74.8341,34.1159],[74.8293,34.1251],[74.8195,34.1341],[74.8054,34.1078],[74.8027,34.0955],[74.806,34.0788],[74.7744,34.0593],[74.7822,34.0508],[74.7861,34.0482],[74.7874,34.0462],[74.7887,34.0434],[74.7903,34.0438],[74.7905,34.0458],[74.7924,34.0462],[74.7929,34.0468],[74.7936,34.0471],[74.8055,34.0441],[74.8091,34.0466],[74.8052,34.0522],[74.8084,34.0534],[74.808,34.0544],[74.8079,34.0546],[74.8079,34.0548],[74.8092,34.0555],[74.8103,34.056],[74.8114,34.0565],[74.812,34.0568],[74.8121,34.0568],[74.8121,34.0569],[74.8122,34.0569],[74.8134,34.0572],[74.8135,34.0572],[74.8136,34.0573],[74.8143,34.0574],[74.8172,34.0581],[74.8198,34.0572],[74.822,34.0495],[74.8341,34.0405],[74.8508,34.0376],[74.871,34.0214]],[[74.806,34.0788],[74.817,34.0789],[74.8205,34.079],[74.8124,34.0778],[74.806,34.0788]]]]},"properties":{"district":"SRINAGAR"}},
{"type":"Feature","geometry":{"type":"Polygon","coordinates":[[[75.0992,34.1542],[75.0989,34.1545],[75.0988,34.1543],[75.0987,34.1542],[75.0985,34.154],[75.0964,34.1533],[75.0959,34.1532],[75.098,34.1556],[75.099,34.156],[75.0994,34.1563],[75.0995,34.1563],[75.1029,34.1574],[75.1054,34.1588],[75.1068,34.1609],[75.1066,34.1613],[75.1066,34.1614],[75.1065,34.1615],[75.1065,34.1616],[75.1064,34.1618],[75.1063,34.1619],[75.1058,34.163],[75.1053,34.1642],[75.1051,34.1647],[75.1048,34.1654],[75.1045,34.1708],[75.1323,34.172],[75.1348,34.176],[75.137,34.1803],[75.1383,34.1828],[75.126,34.1956],[75.1276,34.1967],[75.1294,34.1974],[75.1315,34.1982],[75.1322,34.199],[75.1332,34.1998],[75.134,34.2005],[75.139,34.2003],[75.1398,34.2003],[75.1456,34.2003],[75.1498,34.2026],[75.1527,34.2058],[75.1528,34.2059],[75.1551,34.2074],[75.1554,34.2075],[75.1562,34.207],[75.1604,34.2039],[75.1629,34.2038],[75.1637,34.2039],[75.1662,34.204],[75.1689,34.2042],[75.1708,34.2041],[75.1749,34.2021],[75.1825,34.1958],[75.207,34.2279],[75.264,34.2551],[75.3369,34.2147],[75.3806,34.2066],[75.4076,34.2191],[75.4068,34.2285],[75.4087,34.2329],[75.41,34.2337],[75.4114,34.2346],[75.4123,34.2358],[75.4129,34.2367],[75.4132,34.2369],[75.4138,34.2374],[75.415,34.2366],[75.4188,34.2346],[75.4221,34.2329],[75.4309,34.2299],[75.4437,34.219],[75.4501,34.2162],[75.4546,34.2128],[75.46,34.2106],[75.4629,34.2111],[75.4654,34.2104],[75.4699,34.2088],[75.47,34.2087],[75.4703,34.2106],[75.4726,34.2151],[75.4783,34.2197],[75.4969,34.2264],[75.4985,34.2308],[75.4999,34.2339],[75.5004,34.2341],[75.4997,34.2428],[75.4828,34.2715],[75.4017,34.2879],[75.3876,34.3661],[75.3686,34.3909],[75.3651,34.3882],[75.3613,34.3862],[75.3562,34.3849],[75.3504,34.3773],[75.3466,34.3759],[75.3431,34.3749],[75.3421,34.3747],[75.3417,34.3745],[75.3413,34.3745],[75.3403,34.3743],[75.3375,34.3697],[75.3376,34.3687],[75.3376,34.368],[75.3361,34.3644],[75.336,34.3615],[75.332,34.3576],[75.3176,34.3663],[75.2736,34.3632],[75.2392,34.3698],[75.2134,34.3854],[75.2074,34.3857],[75.2047,34.3849],[75.2025,34.3851],[75.2018,34.3855],[75.2007,34.3851],[75.1968,34.3747],[75.198,34.3729],[75.1988,34.3719],[75.1995,34.371],[75.1988,34.3667],[75.1982,34.3661],[75.1974,34.3653],[75.1968,34.3646],[75.1945,34.3612],[75.1936,34.3604],[75.1915,34.3601],[75.1876,34.3603],[75.1865,34.3582],[75.1778,34.3533],[75.1758,34.3532],[75.1751,34.3529],[75.1741,34.3522],[75.1667,34.3534],[75.1658,34.3528],[75.1649,34.3522],[75.1633,34.3496],[75.1614,34.3483],[75.154,34.3456],[75.1507,34.3453],[75.1489,34.3456],[75.1483,34.3461],[75.1461,34.3483],[75.1393,34.3515],[75.1339,34.3502],[75.1322,34.35],[75.1306,34.3501],[75.1294,34.3507],[75.1285,34.3513],[75.1281,34.3522],[75.1278,34.3533],[75.1276,34.3538],[75.1275,34.3539],[75.1263,34.3545],[75.1241,34.3568],[75.1236,34.3574],[75.1231,34.358],[75.1228,34.3585],[75.1226,34.3589],[75.1224,34.3595],[75.1221,34.3618],[75.1056,34.3727],[75.1,34.3713],[75.0962,34.3733],[75.0938,34.3741],[75.0925,34.3746],[75.0923,34.3746],[75.0917,34.3748],[75.0909,34.3768],[75.0867,34.3801],[75.0861,34.3807],[75.0857,34.3813],[75.0841,34.3823],[75.0816,34.385],[75.0781,34.3876],[75.0732,34.3924],[75.0681,34.4037],[75.0328,34.4153],[75.0214,34.4382],[74.9625,34.4442],[74.9545,34.4482],[74.9524,34.4515],[74.952,34.4526],[74.9519,34.4533],[74.9519,34.4569],[74.9507,34.4617],[74.9362,34.4618],[74.936,34.4619],[74.9354,34.462],[74.9316,34.4624],[74.9259,34.4563],[74.9243,34.4566],[74.9236,34.4571],[74.9228,34.4572],[74.9222,34.4574],[74.9211,34.4576],[74.9167,34.4564],[74.9143,34.457],[74.9138,34.4569],[74.9136,34.4564],[74.9136,34.4561],[74.9133,34.4558],[74.913,34.455],[74.912,34.4545],[74.9115,34.4543],[74.9107,34.4538],[74.9093,34.4532],[74.9074,34.4526],[74.9058,34.4521],[74.9031,34.451],[74.9009,34.4493],[74.8998,34.4483],[74.8993,34.4474],[74.8991,34.4457],[74.8992,34.4451],[74.8992,34.4442],[74.8985,34.443],[74.8977,34.4423],[74.8961,34.4412],[74.8953,34.4404],[74.8947,34.439],[74.8946,34.4379],[74.8937,34.4362],[74.893,34.4352],[74.8931,34.4172],[74.8935,34.415],[74.8938,34.4134],[74.8948,34.4111],[74.8989,34.405],[74.9049,34.404],[74.9063,34.4035],[74.9069,34.4034],[74.9078,34.403],[74.9084,34.4027],[74.9091,34.4023],[74.9096,34.4016],[74.9096,34.4015],[74.91,34.401],[74.91,34.3994],[74.909,34.3975],[74.9081,34.3959],[74.9067,34.3943],[74.906,34.3934],[74.8984,34.3887],[74.8922,34.3758],[74.8665,34.369],[74.8661,34.3658],[74.8642,34.3632],[74.8638,34.3622],[74.8633,34.3615],[74.8544,34.3602],[74.8519,34.3591],[74.8513,34.3583],[74.8507,34.3573],[74.8505,34.3559],[74.8505,34.3545],[74.8499,34.3529],[74.8489,34.3514],[74.8479,34.3505],[74.8471,34.3503],[74.8463,34.3494],[74.8434,34.3486],[74.8412,34.3473],[74.8403,34.3471],[74.8391,34.3469],[74.8387,34.3467],[74.8379,34.3457],[74.8366,34.3451],[74.8349,34.3444],[74.8323,34.3443],[74.824,34.3454],[74.8152,34.3428],[74.8095,34.3444],[74.8053,34.3431],[74.8032,34.3436],[74.8019,34.3436],[74.8009,34.3437],[74.8002,34.3437],[74.7995,34.3435],[74.7988,34.3432],[74.7975,34.3427],[74.7951,34.3422],[74.7937,34.3421],[74.793,34.3419],[74.7925,34.3419],[74.7919,34.3419],[74.7912,34.3419],[74.7907,34.3419],[74.7903,34.3417],[74.7899,34.3415],[74.7892,34.341],[74.7194,34.2971],[74.7185,34.2942],[74.7186,34.2924],[74.7188,34.292],[74.719,34.2918],[74.719,34.2917],[74.7189,34.2915],[74.7185,34.2901],[74.7178,34.2897],[74.7178,34.2896],[74.7177,34.2896],[74.7173,34.288],[74.7156,34.2865],[74.7156,34.2803],[74.713,34.2746],[74.7099,34.2735],[74.709,34.2732],[74.7089,34.2732],[74.7088,34.2732],[74.7088,34.2731],[74.7087,34.2731],[74.7086,34.2731],[74.7086,34.273],[74.7085,34.273],[74.7084,34.273],[74.7083,34.2729],[74.7082,34.2729],[74.7082,34.2728],[74.7081,34.2728],[74.7078,34.2726],[74.7078,34.2725],[74.7077,34.2725],[74.7075,34.2724],[74.7075,34.2723],[74.7074,34.2723],[74.7074,34.2722],[74.7073,34.2722],[74.7072,34.2722],[74.7072,34.2721],[74.7071,34.2721],[74.707,34.272],[74.7068,34.2719],[74.7067,34.2719],[74.7066,34.2718],[74.7065,34.2718],[74.7064,34.2718],[74.7064,34.2717],[74.7063,34.2717],[74.7062,34.2717],[74.7061,34.2717],[74.7061,34.2716],[74.7059,34.2716],[74.7058,34.2716],[74.7058,34.2715],[74.7057,34.2715],[74.7055,34.2715],[74.7054,34.2714],[74.7053,34.2714],[74.7052,34.2714],[74.7051,34.2714],[74.7051,34.2713],[74.705,34.2713],[74.7049,34.2713],[74.7049,34.2712],[74.7048,34.2712],[74.7047,34.2712],[74.7046,34.2711],[74.7045,34.2711],[74.7044,34.2711],[74.7044,34.271],[74.7043,34.271],[74.7042,34.271],[74.7041,34.2709],[74.704,34.2709],[74.7039,34.2709],[74.7038,34.2709],[74.7038,34.2708],[74.7037,34.2708],[74.7036,34.2708],[74.7035,34.2708],[74.7035,34.2707],[74.7034,34.2707],[74.7033,34.2707],[74.7032,34.2706],[74.7031,34.2706],[74.703,34.2706],[74.7029,34.2706],[74.7029,34.2705],[74.7028,34.2705],[74.7027,34.2705],[74.7026,34.2705],[74.7025,34.2704],[74.7024,34.2704],[74.7023,34.2704],[74.7022,34.2703],[74.7021,34.2703],[74.702,34.2703],[74.7019,34.2703],[74.7019,34.2702],[74.7018,34.2702],[74.7017,34.2702],[74.7016,34.2702],[74.7015,34.2701],[74.7014,34.2701],[74.7014,34.27],[74.7013,34.2699],[74.7013,34.2698],[74.7013,34.2697],[74.7012,34.2697],[74.7012,34.2696],[74.7011,34.2696],[74.7011,34.2695],[74.701,34.2695],[74.701,34.2694],[74.7009,34.2694],[74.7008,34.2694],[74.7008,34.2693],[74.7007,34.2693],[74.7006,34.2693],[74.7005,34.2693],[74.7004,34.2692],[74.7003,34.2692],[74.7002,34.2692],[74.7001,34.2692],[74.7,34.2692],[74.7,34.2691],[74.6999,34.2691],[74.6998,34.2691],[74.6997,34.2691],[74.6996,34.2691],[74.6995,34.2691],[74.6995,34.269],[74.6994,34.269],[74.6993,34.269],[74.6992,34.269],[74.6991,34.269],[74.699,34.269],[74.6989,34.269],[74.6988,34.269],[74.6987,34.269],[74.6987,34.2689],[74.6986,34.2689],[74.6985,34.2689],[74.6984,34.2689],[74.6983,34.2689],[74.6982,34.2689],[74.6981,34.2689],[74.6979,34.2689],[74.6978,34.2689],[74.6977,34.2689],[74.6976,34.2689],[74.6975,34.2689],[74.6974,34.2689],[74.6973,34.2689],[74.6971,34.2688],[74.697,34.2688],[74.6969,34.2688],[74.6968,34.2688],[74.6967,34.2688],[74.6966,34.2688],[74.6965,34.2688],[74.6964,34.2688],[74.6963,34.2688],[74.6962,34.2688],[74.6961,34.2688],[74.696,34.2688],[74.6959,34.2688],[74.6958,34.2688],[74.6957,34.2688],[74.6956,34.2688],[74.6955,34.2688],[74.6954,34.2688],[74.6953,34.2688],[74.6952,34.2688],[74.6951,34.2688],[74.695,34.2688],[74.695,34.2689],[74.6949,34.2689],[74.6948,34.2689],[74.6947,34.2689],[74.6946,34.2689],[74.6945,34.2689],[74.6945,34.269],[74.6944,34.269],[74.6943,34.269],[74.6941,34.2691],[74.694,34.2691],[74.6939,34.2691],[74.6938,34.2691],[74.6937,34.2692],[74.6936,34.2692],[74.6934,34.2692],[74.6933,34.2692],[74.6933,34.2693],[74.6932,34.2693],[74.6929,34.2693],[74.6928,34.2694],[74.6926,34.2694],[74.6925,34.2694],[74.6924,34.2694],[74.6922,34.2695],[74.6921,34.2695],[74.692,34.2695],[74.6919,34.2695],[74.6919,34.2696],[74.6918,34.2696],[74.6917,34.2696],[74.6916,34.2696],[74.6915,34.2696],[74.6915,34.2697],[74.6914,34.2697],[74.6913,34.2697],[74.6912,34.2697],[74.6911,34.2697],[74.6908,34.2698],[74.6907,34.2698],[74.6906,34.2698],[74.6905,34.2699],[74.6904,34.2699],[74.6903,34.2699],[74.6902,34.2699],[74.6901,34.27],[74.69,34.27],[74.6899,34.27],[74.6898,34.27],[74.6897,34.27],[74.6894,34.2701],[74.6893,34.2701],[74.6892,34.2701],[74.6892,34.2702],[74.6891,34.2702],[74.689,34.2702],[74.6889,34.2702],[74.6888,34.2702],[74.6886,34.2703],[74.6885,34.2703],[74.6884,34.2703],[74.688,34.2706],[74.6879,34.2706],[74.6877,34.2707],[74.6876,34.2708],[74.6875,34.2708],[74.6872,34.2709],[74.6868,34.271],[74.6866,34.2711],[74.6864,34.2712],[74.6863,34.2712],[74.6862,34.2712],[74.686,34.2712],[74.6857,34.2712],[74.6855,34.2713],[74.6842,34.2722],[74.683,34.2726],[74.6829,34.2726],[74.6826,34.2726],[74.6822,34.2726],[74.682,34.2727],[74.6816,34.2727],[74.6815,34.2727],[74.6815,34.2728],[74.6814,34.2728],[74.6813,34.2728],[74.6812,34.2728],[74.6811,34.2727],[74.681,34.2727],[74.6809,34.2727],[74.6808,34.2727],[74.6807,34.2727],[74.6806,34.2727],[74.6805,34.2727],[74.6805,34.2726],[74.6804,34.2726],[74.6803,34.2726],[74.6802,34.2726],[74.68,34.2725],[74.6799,34.2725],[74.6798,34.2725],[74.6797,34.2725],[74.6796,34.2725],[74.6796,34.2724],[74.6795,34.2724],[74.6794,34.2724],[74.6793,34.2724],[74.6792,34.2724],[74.6791,34.2724],[74.679,34.2724],[74.6789,34.2723],[74.6788,34.2723],[74.6787,34.2723],[74.6786,34.2723],[74.6785,34.2723],[74.6784,34.2723],[74.6783,34.2723],[74.6782,34.2723],[74.6781,34.2723],[74.678,34.2723],[74.6779,34.2723],[74.6778,34.2723],[74.6777,34.2723],[74.6776,34.2723],[74.6775,34.2723],[74.6774,34.2723],[74.6773,34.2723],[74.6772,34.2723],[74.6772,34.2722],[74.6771,34.2722],[74.677,34.2722],[74.6769,34.2722],[74.6768,34.2722],[74.6768,34.2721],[74.6767,34.2721],[74.6765,34.2721],[74.6764,34.272],[74.6763,34.272],[74.6762,34.272],[74.676,34.2719],[74.6759,34.2719],[74.6758,34.2719],[74.6757,34.2719],[74.6756,34.2719],[74.6755,34.2719],[74.6754,34.2719],[74.6752,34.272],[74.6751,34.272],[74.675,34.272],[74.6749,34.272],[74.6748,34.272],[74.6747,34.272],[74.6747,34.2721],[74.6746,34.2721],[74.6745,34.2721],[74.6744,34.2721],[74.6743,34.2721],[74.6742,34.2721],[74.6742,34.2722],[74.6741,34.2722],[74.6739,34.2722],[74.6738,34.2722],[74.6737,34.2722],[74.6736,34.2722],[74.6735,34.2722],[74.6734,34.2722],[74.6733,34.2722],[74.6732,34.2722],[74.6731,34.2722],[74.673,34.2722],[74.6729,34.2722],[74.6728,34.2721],[74.6727,34.2721],[74.6726,34.272],[74.6726,34.2719],[74.6725,34.2719],[74.6725,34.2718],[74.6725,34.2717],[74.6724,34.2717],[74.6724,34.2716],[74.6724,34.2715],[74.6723,34.2715],[74.6723,34.2714],[74.6723,34.2713],[74.6722,34.2713],[74.6722,34.2712],[74.6722,34.2711],[74.6721,34.2711],[74.6721,34.271],[74.6721,34.2709],[74.672,34.2709],[74.672,34.2708],[74.6719,34.2708],[74.6718,34.2707],[74.6718,34.2706],[74.6717,34.2706],[74.6716,34.2705],[74.6715,34.2705],[74.6714,34.2704],[74.6713,34.2704],[74.6712,34.2703],[74.671,34.2703],[74.6705,34.27],[74.6704,34.2699],[74.6703,34.2699],[74.6702,34.2699],[74.6702,34.2698],[74.6701,34.2698],[74.67,34.2698],[74.67,34.2697],[74.6699,34.2697],[74.6698,34.2697],[74.6698,34.2696],[74.6697,34.2696],[74.6696,34.2696],[74.6696,34.2695],[74.6695,34.2695],[74.6694,34.2695],[74.6694,34.2694],[74.6693,34.2694],[74.6692,34.2694],[74.6691,34.2694],[74.6691,34.2693],[74.669,34.2693],[74.6689,34.2693],[74.6688,34.2693],[74.6687,34.2693],[74.6686,34.2693],[74.6686,34.2692],[74.6685,34.2692],[74.6684,34.2692],[74.6683,34.2692],[74.6682,34.2692],[74.6681,34.2692],[74.668,34.2692],[74.6679,34.2692],[74.6678,34.2692],[74.6677,34.2692],[74.6676,34.2692],[74.6675,34.2692],[74.6674,34.2692],[74.6673,34.2691],[74.6672,34.2691],[74.6671,34.2691],[74.667,34.2691],[74.6669,34.2691],[74.6668,34.2692],[74.6667,34.2692],[74.6666,34.2692],[74.6665,34.2692],[74.6664,34.2692],[74.6663,34.2692],[74.6662,34.2692],[74.6661,34.2692],[74.666,34.2693],[74.6659,34.2693],[74.6658,34.2693],[74.6658,34.2694],[74.6657,34.2694],[74.6656,34.2694],[74.6655,34.2695],[74.6654,34.2695],[74.6653,34.2696],[74.6652,34.2696],[74.6651,34.2697],[74.665,34.2697],[74.6649,34.2697],[74.6648,34.2697],[74.6647,34.2697],[74.6646,34.2697],[74.6645,34.2696],[74.6644,34.2696],[74.6644,34.2695],[74.6643,34.2695],[74.6643,34.2694],[74.6643,34.2693],[74.6642,34.2693],[74.6642,34.2692],[74.6641,34.2692],[74.664,34.2691],[74.664,34.269],[74.6639,34.269],[74.6639,34.2689],[74.6638,34.2689],[74.6637,34.2689],[74.6637,34.2688],[74.6636,34.2688],[74.6636,34.2687],[74.6635,34.2687],[74.6634,34.2686],[74.6633,34.2686],[74.6633,34.2685],[74.6632,34.2685],[74.6631,34.2684],[74.663,34.2684],[74.663,34.2683],[74.6629,34.2683],[74.6628,34.2683],[74.6628,34.2682],[74.6627,34.2682],[74.6626,34.2681],[74.6625,34.2681],[74.6625,34.268],[74.6624,34.268],[74.6623,34.268],[74.6623,34.2679],[74.6622,34.2679],[74.6621,34.2679],[74.6621,34.2678],[74.662,34.2678],[74.6619,34.2678],[74.6618,34.2678],[74.6618,34.2677],[74.6617,34.2677],[74.6616,34.2677],[74.6615,34.2677],[74.6615,34.2676],[74.6614,34.2676],[74.6613,34.2676],[74.6612,34.2676],[74.6611,34.2676],[74.6611,34.2675],[74.661,34.2675],[74.6609,34.2675],[74.6608,34.2674],[74.6607,34.2674],[74.6606,34.2674],[74.6606,34.2673],[74.6605,34.2673],[74.6603,34.2672],[74.6602,34.2672],[74.6602,34.2671],[74.66,34.267],[74.6599,34.267],[74.6598,34.267],[74.6598,34.2669],[74.6597,34.2669],[74.6596,34.2668],[74.6595,34.2668],[74.6594,34.2667],[74.6593,34.2667],[74.6592,34.2666],[74.6591,34.2666],[74.659,34.2666],[74.659,34.2665],[74.6589,34.2665],[74.6588,34.2665],[74.6587,34.2664],[74.6586,34.2664],[74.6584,34.2663],[74.6583,34.2663],[74.6583,34.2662],[74.6582,34.2662],[74.6581,34.2662],[74.658,34.2662],[74.6579,34.2662],[74.6579,34.2661],[74.6578,34.2661],[74.6577,34.2661],[74.6576,34.2661],[74.6575,34.2661],[74.6575,34.266],[74.6574,34.266],[74.6573,34.266],[74.6572,34.266],[74.6571,34.266],[74.657,34.266],[74.6568,34.266],[74.6568,34.2659],[74.6567,34.2659],[74.6566,34.2659],[74.6565,34.2659],[74.6564,34.2659],[74.6563,34.2659],[74.6562,34.2659],[74.6561,34.2658],[74.656,34.2658],[74.6559,34.2658],[74.6558,34.2658],[74.6558,34.2657],[74.6557,34.2657],[74.6556,34.2657],[74.6555,34.2656],[74.6554,34.2656],[74.6553,34.2656],[74.6552,34.2655],[74.6551,34.2655],[74.6551,34.2654],[74.655,34.2654],[74.655,34.2653],[74.6549,34.2653],[74.6549,34.2652],[74.6549,34.2651],[74.6548,34.2651],[74.6548,34.265],[74.6548,34.2649],[74.6547,34.2649],[74.6547,34.2648],[74.6546,34.2647],[74.6546,34.2646],[74.6545,34.2646],[74.6545,34.2645],[74.6545,34.2644],[74.6544,34.2644],[74.6544,34.2643],[74.6543,34.2642],[74.6543,34.2641],[74.6542,34.2641],[74.6542,34.264],[74.6541,34.264],[74.6541,34.2639],[74.654,34.2638],[74.6539,34.2638],[74.6538,34.2637],[74.6537,34.2636],[74.6536,34.2635],[74.6535,34.2635],[74.6535,34.2634],[74.6534,34.2634],[74.6533,34.2634],[74.6533,34.2633],[74.6532,34.2633],[74.6532,34.2632],[74.6531,34.2632],[74.653,34.2631],[74.6529,34.2631],[74.6528,34.263],[74.6527,34.263],[74.6527,34.2629],[74.6526,34.2629],[74.6525,34.2628],[74.6524,34.2628],[74.6523,34.2627],[74.6522,34.2627],[74.6522,34.2626],[74.6521,34.2626],[74.652,34.2626],[74.6519,34.2625],[74.6518,34.2625],[74.6517,34.2624],[74.6516,34.2624],[74.6515,34.2623],[74.6514,34.2623],[74.6513,34.2623],[74.6513,34.2622],[74.6512,34.2622],[74.6511,34.2622],[74.651,34.2622],[74.651,34.2621],[74.6509,34.2621],[74.6508,34.262],[74.6507,34.262],[74.6507,34.2619],[74.6506,34.2619],[74.6505,34.2618],[74.6505,34.2617],[74.6505,34.2616],[74.6506,34.2616],[74.6507,34.2616],[74.6507,34.2615],[74.6508,34.2615],[74.6509,34.2614],[74.651,34.2614],[74.651,34.2613],[74.6511,34.2613],[74.6511,34.2612],[74.6512,34.2612],[74.6513,34.2611],[74.6514,34.2611],[74.6514,34.261],[74.6515,34.261],[74.6515,34.2609],[74.6516,34.2609],[74.6516,34.2608],[74.6516,34.2607],[74.6517,34.2607],[74.6517,34.2606],[74.6517,34.2605],[74.6517,34.2604],[74.6516,34.2603],[74.6516,34.2602],[74.6515,34.2602],[74.6515,34.2601],[74.6514,34.2601],[74.6513,34.2601],[74.6513,34.26],[74.6512,34.26],[74.6511,34.2599],[74.651,34.2599],[74.6509,34.2598],[74.6507,34.2597],[74.6506,34.2597],[74.6505,34.2597],[74.6505,34.2596],[74.6504,34.2596],[74.6503,34.2596],[74.6502,34.2595],[74.6501,34.2595],[74.65,34.2595],[74.6499,34.2595],[74.6499,34.2594],[74.6498,34.2594],[74.6497,34.2594],[74.6496,34.2594],[74.6495,34.2594],[74.6494,34.2594],[74.6493,34.2594],[74.6493,34.2593],[74.6492,34.2593],[74.6491,34.2593],[74.649,34.2593],[74.6489,34.2593],[74.6488,34.2593],[74.6487,34.2593],[74.6486,34.2593],[74.6485,34.2593],[74.6484,34.2593],[74.6483,34.2592],[74.6482,34.2592],[74.6481,34.2592],[74.648,34.2592],[74.6479,34.2592],[74.6478,34.2592],[74.6476,34.2592],[74.6475,34.2592],[74.6474,34.2592],[74.6473,34.2592],[74.6472,34.2592],[74.6471,34.2592],[74.647,34.2592],[74.6469,34.2592],[74.6468,34.2592],[74.6467,34.2592],[74.6466,34.2592],[74.6465,34.2592],[74.6464,34.2592],[74.6463,34.2592],[74.6462,34.2592],[74.6461,34.2592],[74.646,34.2592],[74.6459,34.2592],[74.6459,34.2591],[74.6458,34.2591],[74.6457,34.2591],[74.6457,34.259],[74.6456,34.259],[74.6455,34.259],[74.6454,34.259],[74.6453,34.259],[74.6453,34.2589],[74.6452,34.2589],[74.6451,34.2589],[74.645,34.2589],[74.6449,34.2589],[74.6448,34.2589],[74.6447,34.2589],[74.6446,34.2589],[74.6445,34.2589],[74.6444,34.2589],[74.6443,34.2589],[74.6442,34.2589],[74.6441,34.2589],[74.644,34.2589],[74.6439,34.2589],[74.6438,34.259],[74.6437,34.259],[74.6436,34.259],[74.6435,34.259],[74.6434,34.259],[74.6433,34.259],[74.6432,34.259],[74.6431,34.259],[74.643,34.259],[74.6429,34.259],[74.6428,34.259],[74.6427,34.2591],[74.6426,34.2591],[74.6425,34.2591],[74.6424,34.2591],[74.6423,34.2591],[74.6422,34.2591],[74.6421,34.2591],[74.6421,34.2592],[74.642,34.2592],[74.6419,34.2592],[74.6418,34.2592],[74.6418,34.2593],[74.6417,34.2593],[74.6416,34.2593],[74.6415,34.2593],[74.6411,34.2593],[74.6409,34.2592],[74.6409,34.259],[74.6442,34.2584],[74.6458,34.2577],[74.6475,34.2558],[74.6482,34.2562],[74.6691,34.2372],[74.6493,34.2163],[74.6941,34.18],[74.7014,34.1592],[74.7093,34.163],[74.7151,34.1653],[74.7167,34.1629],[74.723,34.1595],[74.7325,34.1557],[74.7356,34.1542],[74.7365,34.1539],[74.7369,34.1536],[74.7375,34.153],[74.739,34.1528],[74.7403,34.1517],[74.738,34.1501],[74.7332,34.1465],[74.7272,34.1449],[74.7269,34.143],[74.7281,34.142],[74.7311,34.1402],[74.7334,34.1386],[74.7348,34.1391],[74.7357,34.1395],[74.7457,34.1388],[74.7522,34.1365],[74.7797,34.1371],[74.8055,34.1313],[74.8195,34.1341],[74.8293,34.1251],[74.8341,34.1159],[74.835,34.115],[74.8356,34.115],[74.836,34.1141],[74.8374,34.1128],[74.8396,34.1122],[74.8431,34.1124],[74.8488,34.1097],[74.8802,34.1202],[74.8771,34.1282],[74.8735,34.1321],[74.8687,34.1342],[74.8678,34.1346],[74.8674,34.1347],[74.8673,34.1348],[74.8664,34.1356],[74.8592,34.1443],[74.8692,34.1498],[74.8747,34.152],[74.8779,34.1522],[74.8878,34.1554],[74.9241,34.165],[74.9327,34.1605],[74.934,34.1583],[74.934,34.1566],[74.9334,34.1551],[74.9309,34.1539],[74.9289,34.1533],[74.9276,34.1524],[74.9274,34.1507],[74.9291,34.1475],[74.9291,34.1462],[74.9259,34.1458],[74.9235,34.1455],[74.9197,34.1479],[74.9165,34.1543],[74.9141,34.157],[74.9081,34.1579],[74.9063,34.1576],[74.9044,34.157],[74.9015,34.156],[74.8992,34.1527],[74.8949,34.1527],[74.8942,34.1527],[74.8939,34.1526],[74.8916,34.1516],[74.8902,34.1511],[74.8871,34.1489],[74.8856,34.1437],[74.8867,34.1411],[74.8876,34.1362],[74.8877,34.1317],[74.8875,34.1301],[74.8877,34.128],[74.8878,34.1279],[74.8889,34.1279],[74.8958,34.1282],[74.8983,34.1291],[74.9044,34.1291],[74.9046,34.1291],[74.9084,34.133],[74.9353,34.1386],[74.9732,34.1001],[74.9992,34.0968],[75.0092,34.0898],[75.0061,34.0816],[75.0153,34.0828],[75.0225,34.0823],[75.0259,34.0823],[75.0316,34.0863],[75.033,34.0908],[75.0318,34.0958],[75.038,34.0992],[75.0464,34.1037],[75.0537,34.1096],[75.0578,34.1074],[75.0676,34.1123],[75.1112,34.1053],[75.1232,34.0962],[75.1469,34.1221],[75.1382,34.1341],[75.1379,34.1395],[75.1131,34.1518],[75.1036,34.1524],[75.0992,34.1542]],[[74.8549,34.1889],[74.8552,34.1913],[74.8576,34.1971],[74.8549,34.1889]],[[74.8729,34.2099],[74.8733,34.2102],[74.8732,34.2098],[74.8729,34.2099]],[[74.8902,34.221],[74.8933,34.2146],[74.8914,34.2173],[74.8903,34.2205],[74.8902,34.221]],[[75.0728,34.1646],[75.0788,34.1612],[75.0827,34.1585],[75.0728,34.1646]],[[75.0831,34.1582],[75.0834,34.158],[75.0838,34.1576],[75.0831,34.1582]]]},"properties":{"district":"GANDERBAL"}},
{"type":"Feature","geometry":{"type":"Polygon","coordinates":[[[74.5665,33.6919],[74.5822,33.6882],[74.5948,33.6844],[74.5969,33.6818],[74.598,33.6812],[74.6015,33.6809],[74.6026,33.6816],[74.6048,33.6851],[74.6075,33.6865],[74.6071,33.6916],[74.6078,33.6929],[74.6101,33.6944],[74.6111,33.6944],[74.6143,33.6946],[74.6164,33.6954],[74.6187,33.6957],[74.6224,33.6955],[74.6256,33.6949],[74.6288,33.6922],[74.6373,33.6914],[74.6425,33.6901],[74.647,33.6895],[74.6492,33.6898],[74.6504,33.6905],[74.6522,33.6917],[74.6529,33.6921],[74.6561,33.6925],[74.6679,33.694],[74.6725,33.7],[74.6797,33.7027],[74.6803,33.7026],[74.6818,33.7015],[74.6839,33.699],[74.6892,33.6985],[74.6935,33.6953],[74.6969,33.6963],[74.6981,33.6957],[74.6993,33.6942],[74.6998,33.6937],[74.7003,33.6936],[74.7021,33.6942],[74.7026,33.6944],[74.704,33.6947],[74.7061,33.6947],[74.7078,33.6948],[74.7084,33.6953],[74.71,33.6955],[74.7106,33.6955],[74.7116,33.695],[74.7135,33.6924],[74.7212,33.6877],[74.7317,33.6838],[74.7263,33.677],[74.7284,33.671],[74.7318,33.6679],[74.7346,33.6669],[74.7353,33.6664],[74.7361,33.6659],[74.7381,33.6678],[74.7407,33.6677],[74.742,33.6672],[74.744,33.6673],[74.7459,33.6678],[74.7479,33.6687],[74.7512,33.6697],[74.7534,33.6703],[74.7555,33.6711],[74.7571,33.6719],[74.7645,33.6742],[74.7684,33.6762],[74.771,33.6766],[74.7739,33.6778],[74.7776,33.6788],[74.7833,33.6788],[74.787,33.6773],[74.7843,33.6725],[74.7853,33.6692],[74.785,33.6674],[74.7844,33.6663],[74.7832,33.6664],[74.7813,33.6669],[74.7782,33.6687],[74.7772,33.6686],[74.7765,33.6675],[74.7755,33.6658],[74.7746,33.6622],[74.7743,33.6544],[74.7839,33.649],[74.8299,33.6467],[74.8352,33.6501],[74.831,33.6463],[74.8555,33.6344],[74.862,33.6284],[74.8641,33.6271],[74.8662,33.6257],[74.8666,33.6255],[74.8721,33.6266],[74.8769,33.6282],[74.8825,33.632],[74.9003,33.6506],[74.8996,33.6544],[74.9086,33.6576],[74.9107,33.6593],[74.9107,33.6655],[74.9099,33.6676],[74.91,33.6697],[74.9369,33.6714],[74.9579,33.6834],[74.9579,33.6865],[74.9579,33.6867],[74.9581,33.6882],[74.9583,33.6944],[74.9602,33.7074],[74.9569,33.7135],[74.9552,33.7214],[74.9556,33.7223],[74.9557,33.7227],[74.955,33.7247],[74.9543,33.727],[74.9544,33.729],[74.9551,33.7298],[74.9557,33.7307],[74.9507,33.7371],[74.9726,33.7369],[74.999,33.7519],[75.0082,33.7512],[75.0097,33.7494],[75.0095,33.748],[75.0088,33.7468],[75.0092,33.7464],[75.0101,33.7424],[75.0103,33.742],[75.011,33.7414],[75.0113,33.741],[75.0118,33.7404],[75.0162,33.7408],[75.0173,33.7421],[75.0193,33.7444],[75.022,33.7474],[75.023,33.7485],[75.0231,33.7486],[75.0232,33.7487],[75.0234,33.7526],[75.0235,33.7541],[75.028,33.7596],[75.0307,33.7691],[75.0293,33.7923],[75.0498,33.806],[75.0493,33.8073],[75.0452,33.8102],[75.0421,33.812],[75.0314,33.81],[75.0242,33.8113],[75.0224,33.8106],[75.0212,33.8098],[75.0209,33.8096],[75.0199,33.8089],[75.0011,33.8125],[74.9993,33.8074],[74.9996,33.8065],[75.0003,33.8054],[75.0005,33.8049],[74.9995,33.8033],[74.9988,33.8028],[74.9987,33.7999],[74.9986,33.7999],[74.997,33.7991],[74.9964,33.799],[74.9959,33.7989],[74.9947,33.7992],[74.9805,33.8094],[74.9659,33.7949],[74.9487,33.7922],[74.9394,33.7894],[74.9403,33.7915],[74.9398,33.7918],[74.9391,33.7922],[74.9351,33.7956],[74.9354,33.7992],[74.9383,33.802],[74.9348,33.8029],[74.9302,33.8005],[74.9292,33.7996],[74.9289,33.7995],[74.9281,33.7992],[74.9273,33.799],[74.9266,33.799],[74.9264,33.7992],[74.9262,33.7995],[74.9261,33.8001],[74.9256,33.8005],[74.9249,33.8012],[74.9248,33.8013],[74.9252,33.8024],[74.9272,33.8041],[74.9291,33.8052],[74.9316,33.8067],[74.9305,33.8084],[74.9288,33.8082],[74.9268,33.8081],[74.9257,33.8083],[74.9245,33.8092],[74.9251,33.8111],[74.925,33.8126],[74.9242,33.8129],[74.9195,33.8124],[74.8993,33.8074],[74.8501,33.8193],[74.8459,33.8081],[74.8314,33.79],[74.8273,33.7858],[74.8266,33.785],[74.8263,33.7846],[74.8258,33.7839],[74.8246,33.7829],[74.7601,33.8054],[74.7132,33.8044],[74.7108,33.8042],[74.7091,33.8045],[74.7075,33.8048],[74.7057,33.8056],[74.7051,33.8059],[74.7042,33.8061],[74.7034,33.8063],[74.7022,33.8065],[74.6959,33.8084],[74.6921,33.8087],[74.691,33.8081],[74.6886,33.8068],[74.6881,33.8038],[74.6874,33.8029],[74.6862,33.8014],[74.6858,33.8011],[74.6842,33.8003],[74.6821,33.799],[74.6806,33.7976],[74.6794,33.7962],[74.6782,33.7952],[74.6778,33.7948],[74.6769,33.7941],[74.669,33.7892],[74.6685,33.7887],[74.6672,33.7877],[74.6665,33.7873],[74.665,33.7869],[74.6637,33.7865],[74.6614,33.7849],[74.6573,33.7823],[74.6564,33.7813],[74.6555,33.7803],[74.6547,33.7785],[74.6528,33.7763],[74.6518,33.7752],[74.6505,33.7743],[74.6483,33.7716],[74.6478,33.7708],[74.6475,33.77],[74.6474,33.7689],[74.6466,33.7675],[74.646,33.7666],[74.6451,33.7653],[74.6429,33.7635],[74.641,33.7621],[74.64,33.761],[74.638,33.7588],[74.6369,33.7579],[74.6345,33.7562],[74.6328,33.755],[74.6318,33.7542],[74.6287,33.7529],[74.6278,33.7524],[74.6252,33.75],[74.6249,33.7498],[74.6248,33.7497],[74.6248,33.7482],[74.6255,33.7455],[74.6259,33.7419],[74.6259,33.7399],[74.624,33.7397],[74.6229,33.7393],[74.621,33.7386],[74.6148,33.7373],[74.6115,33.7361],[74.61,33.7344],[74.6075,33.732],[74.6057,33.7299],[74.6041,33.7281],[74.5972,33.7233],[74.5951,33.7227],[74.5917,33.7219],[74.5895,33.7214],[74.5832,33.7196],[74.5798,33.7178],[74.5785,33.715],[74.578,33.7122],[74.5762,33.7095],[74.5734,33.7071],[74.572,33.7049],[74.5703,33.7021],[74.5697,33.7003],[74.5684,33.6977],[74.5682,33.6956],[74.5678,33.6946],[74.5671,33.6929],[74.5664,33.6924],[74.5665,33.6919]],[[74.9307,33.7876],[74.9278,33.7872],[74.9217,33.7866],[74.9307,33.7876]],[[74.871,33.6725],[74.8723,33.6579],[74.8466,33.6454],[74.871,33.6725]]]},"properties":{"district":"SHUPIYAN"}},
{"type":"Feature","geometry":{"type":"Polygon","coordinates":[[[74.5633,34.0663],[74.5651,34.0675],[74.5681,34.0694],[74.5782,34.0761],[74.5836,34.08],[74.588,34.0857],[74.5958,34.0908],[74.6015,34.0952],[74.6071,34.0999],[74.6132,34.1056],[74.6212,34.1034],[74.6262,34.1057],[74.6262,34.1058],[74.6262,34.1059],[74.6261,34.106],[74.6261,34.1061],[74.6204,34.1181],[74.6267,34.1059],[74.6316,34.108],[74.6329,34.1088],[74.643,34.1124],[74.649,34.1179],[74.6546,34.118],[74.698,34.1636],[74.6365,34.1607],[74.5732,34.1871],[74.5689,34.227],[74.5643,34.228],[74.5639,34.2281],[74.5605,34.2228],[74.5586,34.2287],[74.5301,34.2771],[74.5301,34.2772],[74.5302,34.2777],[74.5166,34.2948],[74.5181,34.2984],[74.532,34.3563],[74.5286,34.3585],[74.4794,34.4326],[74.473,34.4323],[74.4679,34.4305],[74.4587,34.4212],[74.4546,34.417],[74.4502,34.4158],[74.4389,34.4161],[74.434,34.4159],[74.428,34.4156],[74.3827,34.4373],[74.3461,34.4236],[74.3802,34.3892],[74.3795,34.3407],[74.3267,34.3093],[74.3084,34.3181],[74.2351,34.3045],[74.1648,34.2762],[74.1641,34.2762],[74.1634,34.2768],[74.1553,34.2798],[74.1528,34.2792],[74.1504,34.2805],[74.15,34.2811],[74.1498,34.2814],[74.1493,34.2816],[74.148,34.2809],[74.0357,34.2582],[73.9833,34.258],[74.0042,34.1894],[73.9288,34.1383],[73.8916,34.0722],[73.9015,34.047],[73.9671,34.0111],[74.0958,34.0202],[74.1212,34.048],[74.1856,34.0257],[74.2512,34.0193],[74.2567,33.9993],[74.2632,33.9987],[74.2643,33.9954],[74.2673,33.9931],[74.2688,33.9902],[74.2704,33.9897],[74.2707,33.9895],[74.2711,33.9891],[74.2715,33.9887],[74.2715,33.9886],[74.2715,33.9879],[74.2714,33.9866],[74.2758,33.9863],[74.2821,33.9928],[74.2977,33.9958],[74.3159,33.9774],[74.32,33.9573],[74.3536,33.9566],[74.3668,33.9514],[74.3714,33.9488],[74.3731,33.948],[74.374,33.9478],[74.375,33.9483],[74.3757,33.9486],[74.3763,33.9484],[74.377,33.9494],[74.381,33.947],[74.3874,33.9459],[74.3879,33.9451],[74.3881,33.9442],[74.3885,33.943],[74.3888,33.9415],[74.3909,33.9365],[74.395,33.9338],[74.3957,33.9278],[74.4045,33.9215],[74.4052,33.9206],[74.406,33.9192],[74.4083,33.9142],[74.4094,33.9101],[74.4113,33.9079],[74.4223,33.9109],[74.4241,33.9109],[74.4259,33.9116],[74.4264,33.917],[74.4419,33.9221],[74.446,33.9239],[74.458,33.9338],[74.4599,33.9357],[74.4736,33.9445],[74.4762,33.9497],[74.4744,33.9557],[74.4737,33.9628],[74.4716,33.9656],[74.4728,33.9708],[74.4739,33.9743],[74.4733,33.9841],[74.4711,33.9856],[74.4677,33.9892],[74.4689,33.9989],[74.4777,34.0075],[74.4785,34.0085],[74.4805,34.0111],[74.4814,34.0119],[74.4825,34.014],[74.4836,34.016],[74.4875,34.0179],[74.4959,34.0249],[74.4968,34.0269],[74.4974,34.0302],[74.4978,34.0306],[74.4989,34.0316],[74.4948,34.0338],[74.4931,34.034],[74.4861,34.037],[74.4861,34.04],[74.4866,34.0439],[74.5011,34.0459],[74.5166,34.0426],[74.518,34.0416],[74.5245,34.0414],[74.5289,34.0398],[74.5333,34.0382],[74.539,34.0463],[74.5424,34.0566],[74.5583,34.0594],[74.5633,34.0663]],[[74.3652,34.094],[74.3666,34.0971],[74.3671,34.0981],[74.3652,34.094]]]},"properties":{"district":"BARAMULA"}},
{"type":"Feature","geometry":{"type":"Polygon","coordinates":[[[74.7934,33.0297],[74.798,33.0238],[74.7994,33.0167],[74.8054,33.0121],[74.8139,32.9996],[74.8193,32.9979],[74.8249,32.9922],[74.8257,32.9885],[74.8502,32.9892],[74.8883,32.9562],[74.889,32.9526],[74.8892,32.9518],[74.8894,32.9507],[74.8902,32.9491],[74.8916,32.9472],[74.893,32.9436],[74.8945,32.9375],[74.8971,32.9217],[74.9359,32.887],[74.9365,32.8871],[74.9373,32.8874],[74.9379,32.8884],[74.9417,32.8891],[74.9432,32.891],[74.9439,32.8914],[74.9448,32.8916],[74.9459,32.892],[74.9494,32.8924],[74.9511,32.8925],[74.9517,32.8926],[74.952,32.8928],[74.9519,32.893],[74.9515,32.8934],[74.9505,32.8939],[74.952,32.8995],[74.9606,32.8946],[74.9643,32.9252],[74.9631,32.9295],[74.9636,32.9299],[74.9641,32.9299],[74.9649,32.93],[74.9681,32.9307],[74.9703,32.9314],[74.9717,32.9324],[74.973,32.934],[74.973,32.9342],[74.973,32.9344],[74.9729,32.9349],[74.9729,32.9354],[74.973,32.9359],[74.9732,32.9363],[74.9732,32.9365],[74.9732,32.9366],[74.9733,32.9366],[74.9733,32.9367],[74.9733,32.9368],[74.9736,32.9373],[74.9738,32.9377],[74.974,32.938],[74.9741,32.9381],[74.9736,32.9388],[74.9735,32.9393],[74.9728,32.9416],[74.9726,32.9421],[74.9723,32.9425],[74.971,32.9434],[74.9707,32.9439],[74.9706,32.9443],[74.9781,32.951],[74.9789,32.9552],[74.9787,32.9576],[74.9787,32.9581],[74.9787,32.9586],[74.9789,32.959],[74.9852,32.964],[74.9855,32.9649],[74.9857,32.9663],[74.9857,32.9668],[74.9857,32.9673],[74.9857,32.9677],[74.9856,32.9682],[74.9847,32.9705],[74.9845,32.971],[74.9844,32.9714],[74.9844,32.9733],[74.9845,32.9738],[74.9847,32.9743],[74.9948,32.9918],[74.9967,33.0204],[74.9752,33.032],[74.9683,33.0315],[74.9678,33.0315],[74.9672,33.0315],[74.966,33.0317],[74.965,33.0322],[74.9648,33.0326],[74.9647,33.0331],[74.9646,33.0336],[74.9646,33.0341],[74.9645,33.0345],[74.9642,33.0355],[74.9638,33.0392],[74.9629,33.0405],[74.9628,33.041],[74.9629,33.0414],[74.9631,33.0419],[74.9639,33.0427],[74.9888,33.0527],[74.9917,33.0598],[74.9958,33.0624],[74.9984,33.0634],[74.9988,33.0638],[74.999,33.0642],[74.9986,33.065],[74.9956,33.0664],[74.9922,33.069],[74.986,33.0725],[74.9856,33.0728],[74.9852,33.0731],[74.9848,33.0735],[74.9844,33.0738],[74.9835,33.0745],[74.981,33.0755],[74.971,33.0797],[74.9771,33.0872],[74.9778,33.0879],[74.9782,33.0883],[74.9785,33.0887],[74.9793,33.0894],[74.9844,33.0939],[74.9866,33.0967],[74.9873,33.0975],[74.9877,33.0978],[74.9881,33.0981],[74.9891,33.0987],[74.99,33.0992],[74.9915,33.0999],[74.9925,33.1004],[74.993,33.1007],[74.9935,33.1009],[74.994,33.1012],[74.9944,33.1014],[74.9949,33.1016],[74.9954,33.1019],[74.9959,33.1021],[74.9964,33.1024],[74.9969,33.1026],[75.0031,33.1052],[75.0186,33.1101],[75.0271,33.115],[75.0275,33.1153],[75.028,33.1155],[75.0293,33.1165],[75.0309,33.1178],[75.0342,33.1211],[75.0346,33.1215],[75.0349,33.1219],[75.0353,33.1222],[75.036,33.123],[75.0364,33.1233],[75.0368,33.1237],[75.0372,33.124],[75.0376,33.1244],[75.0379,33.1247],[75.0383,33.1251],[75.0387,33.1254],[75.0389,33.1256],[75.0391,33.1258],[75.0395,33.1261],[75.0399,33.1265],[75.0403,33.1268],[75.0411,33.1275],[75.0416,33.1278],[75.042,33.1281],[75.0424,33.1284],[75.0429,33.1287],[75.0433,33.129],[75.0451,33.1302],[75.0456,33.1304],[75.0461,33.1307],[75.047,33.1312],[75.0492,33.132],[75.0503,33.1321],[75.0509,33.1322],[75.052,33.132],[75.0602,33.13],[75.0737,33.1352],[75.0754,33.1377],[75.0754,33.1382],[75.0753,33.1387],[75.0752,33.1391],[75.0754,33.1401],[75.0771,33.1415],[75.0774,33.1419],[75.0775,33.1423],[75.0775,33.1428],[75.0772,33.1432],[75.0767,33.1434],[75.0749,33.1436],[75.0721,33.1412],[75.0674,33.1483],[75.0621,33.1531],[75.062,33.1536],[75.0618,33.154],[75.0604,33.1562],[75.0604,33.1566],[75.0608,33.157],[75.0613,33.1572],[75.0619,33.1573],[75.0636,33.1574],[75.0651,33.158],[75.0656,33.1583],[75.0661,33.1586],[75.0669,33.1592],[75.0672,33.1596],[75.0675,33.16],[75.0677,33.1605],[75.0683,33.1619],[75.0685,33.1623],[75.0687,33.1628],[75.0713,33.1645],[75.0747,33.1652],[75.0769,33.1658],[75.0779,33.1663],[75.0784,33.1666],[75.0788,33.1674],[75.0769,33.1703],[75.0767,33.1708],[75.0765,33.1713],[75.0764,33.1718],[75.0764,33.1723],[75.0764,33.1728],[75.0765,33.1732],[75.0766,33.1737],[75.0769,33.1741],[75.0772,33.1745],[75.078,33.1751],[75.079,33.1756],[75.0849,33.1779],[75.0863,33.1792],[75.0868,33.1801],[75.0872,33.181],[75.0875,33.1815],[75.088,33.1823],[75.0883,33.1828],[75.0886,33.1832],[75.0889,33.1836],[75.0892,33.1839],[75.0899,33.1847],[75.0903,33.1851],[75.0906,33.1854],[75.091,33.1858],[75.0914,33.1862],[75.0918,33.1865],[75.0922,33.1869],[75.0926,33.1872],[75.093,33.1875],[75.0934,33.1879],[75.0938,33.1882],[75.0942,33.1886],[75.0946,33.1889],[75.0948,33.1891],[75.095,33.1892],[75.0954,33.1896],[75.0958,33.1899],[75.0962,33.1902],[75.0956,33.1904],[75.0949,33.1907],[75.0941,33.1909],[75.0919,33.1915],[75.0911,33.1917],[75.0906,33.1919],[75.0905,33.1919],[75.0867,33.193],[75.0859,33.1932],[75.0852,33.1933],[75.0844,33.1935],[75.0836,33.1936],[75.0828,33.1937],[75.0821,33.1939],[75.0813,33.1941],[75.0806,33.1942],[75.0798,33.1944],[75.079,33.1946],[75.0783,33.1947],[75.0775,33.1949],[75.0767,33.195],[75.0759,33.195],[75.0744,33.1951],[75.0736,33.1951],[75.0728,33.1951],[75.0712,33.195],[75.0704,33.1949],[75.0696,33.1949],[75.0688,33.1948],[75.0681,33.1947],[75.0611,33.1938],[75.0595,33.1937],[75.0579,33.1936],[75.0571,33.1936],[75.0563,33.1937],[75.0556,33.1937],[75.0548,33.1938],[75.054,33.1939],[75.0532,33.194],[75.0524,33.1941],[75.0236,33.2085],[75.0229,33.2087],[75.0221,33.209],[75.0192,33.2098],[75.0101,33.2121],[75.0011,33.216],[75.0003,33.2162],[74.9995,33.2164],[74.9988,33.2165],[74.998,33.2165],[74.9972,33.2165],[74.9964,33.2164],[74.9956,33.2164],[74.9933,33.2169],[74.9926,33.2171],[74.9919,33.2174],[74.9886,33.2192],[74.9879,33.2196],[74.9872,33.2199],[74.9836,33.2211],[74.9734,33.2217],[74.9664,33.2247],[74.9632,33.2276],[74.9627,33.2276],[74.9627,33.2285],[74.9626,33.2288],[74.9625,33.2294],[74.9626,33.2301],[74.9629,33.2307],[74.9634,33.2313],[74.9639,33.2318],[74.9645,33.2322],[74.9665,33.2332],[74.9672,33.2336],[74.9678,33.234],[74.9684,33.2344],[74.969,33.2348],[74.9701,33.2357],[74.9712,33.2368],[74.9715,33.2373],[74.9716,33.238],[74.9716,33.2386],[74.9715,33.2393],[74.9714,33.24],[74.9713,33.2406],[74.9712,33.2413],[74.9712,33.2419],[74.9712,33.2425],[74.9712,33.2438],[74.9712,33.2445],[74.9712,33.2452],[74.971,33.2459],[74.9708,33.2465],[74.9703,33.247],[74.9697,33.2474],[74.9691,33.2478],[74.9685,33.2483],[74.9679,33.2487],[74.967,33.2498],[74.9662,33.2509],[74.9651,33.2534],[74.9649,33.2547],[74.9649,33.2553],[74.9651,33.2559],[74.9656,33.2565],[74.9662,33.2569],[74.9667,33.2574],[74.9679,33.2583],[74.9685,33.2587],[74.9692,33.2591],[74.9724,33.261],[74.9581,33.2908],[74.9838,33.3235],[75.0187,33.3552],[75.0295,33.3606],[75.0374,33.3635],[75.0402,33.3648],[75.0415,33.3655],[75.0422,33.3659],[75.0428,33.3662],[75.0434,33.3666],[75.0453,33.3678],[75.0438,33.3749],[75.0335,33.3846],[75.0327,33.3879],[75.0318,33.3904],[75.0317,33.3911],[75.0315,33.3917],[75.0267,33.3936],[75.0141,33.4058],[75.0105,33.4163],[75.0301,33.4363],[75.0362,33.4388],[75.0359,33.442],[75.0351,33.4431],[75.0346,33.4436],[75.0337,33.4447],[75.0324,33.4463],[75.031,33.4493],[75.025,33.4525],[75.0223,33.4697],[75.0164,33.4773],[75.017,33.4921],[74.9548,33.5105],[74.9398,33.49],[74.9206,33.4966],[74.9101,33.4894],[74.9075,33.4901],[74.9059,33.4903],[74.9036,33.49],[74.9031,33.4898],[74.9027,33.4896],[74.9024,33.4893],[74.9021,33.4889],[74.902,33.4885],[74.9019,33.4875],[74.9017,33.4867],[74.901,33.486],[74.8976,33.4848],[74.8964,33.4816],[74.8958,33.4815],[74.8953,33.4816],[74.8947,33.4817],[74.8942,33.4817],[74.8916,33.4802],[74.8799,33.4805],[74.8784,33.481],[74.8773,33.482],[74.8769,33.4823],[74.876,33.4826],[74.8744,33.4829],[74.8738,33.483],[74.8733,33.4832],[74.8728,33.4833],[74.8713,33.483],[74.8698,33.4822],[74.8693,33.482],[74.8688,33.4818],[74.8683,33.4817],[74.8678,33.4816],[74.8673,33.4816],[74.8668,33.4816],[74.8652,33.4817],[74.8641,33.4816],[74.8636,33.4814],[74.8632,33.4811],[74.8631,33.4807],[74.8631,33.4803],[74.8634,33.4789],[74.8633,33.4784],[74.8631,33.478],[74.8629,33.4776],[74.8626,33.4773],[74.8623,33.4769],[74.8613,33.4753],[74.8611,33.4749],[74.8608,33.4745],[74.8604,33.4742],[74.8601,33.4739],[74.8597,33.4736],[74.8588,33.473],[74.8574,33.4722],[74.8569,33.472],[74.8565,33.4719],[74.8301,33.4654],[74.7963,33.4677],[74.7052,33.5251],[74.6817,33.505],[74.6569,33.5057],[74.6561,33.5062],[74.6552,33.5078],[74.6533,33.5094],[74.6528,33.5116],[74.6525,33.5124],[74.6523,33.5128],[74.6514,33.514],[74.6511,33.5144],[74.6508,33.5148],[74.6498,33.5147],[74.6494,33.5144],[74.6491,33.514],[74.6486,33.5133],[74.6483,33.5128],[74.6477,33.512],[74.6469,33.5109],[74.6466,33.5105],[74.6462,33.5102],[74.6455,33.5095],[74.6446,33.5091],[74.6431,33.5085],[74.6427,33.5082],[74.6425,33.5079],[74.6425,33.5074],[74.6426,33.5069],[74.6427,33.5065],[74.6428,33.506],[74.6428,33.5056],[74.6425,33.5038],[74.6406,33.5023],[74.6369,33.5017],[74.6364,33.5016],[74.6359,33.5014],[74.6343,33.5009],[74.6338,33.5009],[74.6332,33.501],[74.6318,33.5016],[74.6311,33.501],[74.631,33.5005],[74.6308,33.5001],[74.6306,33.4997],[74.6304,33.4993],[74.63,33.4991],[74.6286,33.4983],[74.6281,33.498],[74.6277,33.4978],[74.631,33.4895],[74.6345,33.4881],[74.6352,33.4874],[74.6355,33.487],[74.6356,33.4866],[74.6357,33.4857],[74.6354,33.4831],[74.6361,33.4809],[74.6361,33.4804],[74.6361,33.48],[74.6187,33.4431],[74.6458,33.4386],[74.6559,33.4412],[74.6575,33.4401],[74.6581,33.4388],[74.6584,33.4384],[74.6586,33.4381],[74.659,33.4377],[74.6593,33.4374],[74.66,33.4367],[74.6604,33.4363],[74.6608,33.436],[74.6612,33.4358],[74.6622,33.4355],[74.6639,33.4355],[74.6644,33.4355],[74.665,33.4354],[74.6681,33.4332],[74.6653,33.4003],[74.6694,33.3955],[74.6699,33.3957],[74.6704,33.3957],[74.6742,33.3958],[74.6728,33.3917],[74.6703,33.3907],[74.6701,33.3904],[74.67,33.39],[74.6708,33.3863],[74.6715,33.3851],[74.6706,33.3831],[74.6706,33.3826],[74.6709,33.3818],[74.6745,33.3755],[74.6764,33.3729],[74.6778,33.3723],[74.6783,33.372],[74.6786,33.3717],[74.6789,33.3712],[74.679,33.3708],[74.6789,33.3703],[74.6782,33.3697],[74.6772,33.3692],[74.6769,33.3689],[74.6769,33.3684],[74.6773,33.3676],[74.6853,33.363],[74.6857,33.3627],[74.686,33.3623],[74.6861,33.3619],[74.6859,33.3615],[74.6855,33.3612],[74.6835,33.3596],[74.6818,33.3585],[74.6704,33.3509],[74.6481,33.3515],[74.6484,33.324],[74.654,33.3187],[74.6544,33.3184],[74.6548,33.3181],[74.656,33.3172],[74.6572,33.3163],[74.6586,33.3149],[74.6634,33.3085],[74.6694,33.3041],[74.6686,33.2958],[74.6685,33.2958],[74.6682,33.2954],[74.6678,33.2951],[74.6674,33.2948],[74.6669,33.2946],[74.6664,33.2944],[74.666,33.2942],[74.6655,33.294],[74.6624,33.2931],[74.6619,33.293],[74.6614,33.2928],[74.6604,33.2924],[74.6586,33.2914],[74.6578,33.2908],[74.6575,33.2904],[74.6573,33.29],[74.657,33.2897],[74.6568,33.2892],[74.6566,33.2888],[74.6561,33.2875],[74.6558,33.2867],[74.6556,33.2863],[74.6549,33.2846],[74.6542,33.281],[74.6513,33.2764],[74.6513,33.2759],[74.6512,33.2754],[74.6513,33.2745],[74.652,33.2729],[74.6523,33.2726],[74.6527,33.2723],[74.6536,33.2717],[74.6562,33.2706],[74.6577,33.2704],[74.6592,33.2699],[74.6601,33.2695],[74.6606,33.2693],[74.661,33.2691],[74.6615,33.2689],[74.6619,33.2686],[74.6658,33.2661],[74.6667,33.2655],[74.6671,33.2653],[74.6676,33.2651],[74.6686,33.2648],[74.6691,33.2648],[74.6702,33.2646],[74.6707,33.2645],[74.6727,33.2632],[74.6738,33.2621],[74.6744,33.2616],[74.6746,33.2614],[74.6749,33.2611],[74.6753,33.2607],[74.6755,33.2604],[74.6757,33.26],[74.6759,33.2592],[74.6759,33.2587],[74.6759,33.2582],[74.676,33.2578],[74.6761,33.2567],[74.6769,33.2549],[74.6772,33.2546],[74.6776,33.2544],[74.6781,33.2543],[74.6797,33.2545],[74.6819,33.2543],[74.6862,33.2525],[74.6875,33.2511],[74.6888,33.2503],[74.6904,33.2501],[74.6908,33.2499],[74.6912,33.2495],[74.6914,33.2491],[74.6917,33.2483],[74.6919,33.2474],[74.692,33.2469],[74.692,33.2465],[74.6911,33.2412],[74.6911,33.2389],[74.6911,33.2385],[74.691,33.238],[74.6908,33.2377],[74.6905,33.2373],[74.6894,33.2363],[74.6882,33.2343],[74.688,33.2326],[74.6882,33.2303],[74.6883,33.2299],[74.6883,33.2294],[74.6883,33.229],[74.6883,33.2276],[74.6882,33.2268],[74.6882,33.2263],[74.6881,33.2259],[74.6881,33.2254],[74.6878,33.2237],[74.6875,33.2206],[74.6734,33.1976],[74.6525,33.1959],[74.6151,33.2026],[74.5685,33.2036],[74.5591,33.1674],[74.5601,33.1671],[74.6246,33.1483],[74.6267,33.092],[74.5544,33.0534],[74.5544,33.0533],[74.5684,33.0324],[74.5689,33.0322],[74.569,33.0321],[74.5716,33.0291],[74.5716,33.029],[74.5717,33.0288],[74.5719,33.0289],[74.5755,33.0319],[74.6172,33.0395],[74.6287,33.046],[74.6938,33.0545],[74.7703,33.0496],[74.7769,33.036],[74.7942,33.0325],[74.7934,33.0297]],[[74.6686,33.2958],[74.669,33.2958],[74.6694,33.2958],[74.6705,33.2956],[74.6732,33.2949],[74.6686,33.2958]],[[74.6779,33.295],[74.6786,33.2952],[74.6783,33.2951],[74.6779,33.295]],[[74.6992,33.2938],[74.7093,33.2781],[74.7079,33.2784],[74.7049,33.2788],[74.7025,33.281],[74.7005,33.2864],[74.6992,33.2938]],[[74.7093,33.2781],[74.7099,33.2778],[74.7106,33.2774],[74.7099,33.2777],[74.7093,33.2781]],[[74.7151,33.2741],[74.7157,33.2737],[74.7162,33.2732],[74.7156,33.2737],[74.7151,33.2741]],[[74.7188,33.271],[74.7217,33.269],[74.7226,33.268],[74.7188,33.271]],[[74.728,33.2614],[74.7286,33.2611],[74.7299,33.2604],[74.7286,33.261],[74.728,33.2614]],[[74.9622,33.2246],[74.9624,33.2254],[74.9626,33.2261],[74.9622,33.2246]]]},"properties":{"district":"RIASI"}},
{"type":"Feature","geometry":{"type":"Polygon","coordinates":[[[74.4599,33.0237],[74.4598,33.0146],[74.4656,33.0148],[74.466,33.0148],[74.4947,33.0156],[74.5221,33.0131],[74.5418,32.99],[74.5719,33.0289],[74.5717,33.0288],[74.5716,33.029],[74.5716,33.0291],[74.569,33.0321],[74.5689,33.0322],[74.5684,33.0324],[74.5544,33.0533],[74.5544,33.0534],[74.6267,33.092],[74.6246,33.1483],[74.5601,33.1671],[74.5591,33.1674],[74.5685,33.2036],[74.6151,33.2026],[74.6205,33.2164],[74.6207,33.206],[74.6525,33.1959],[74.6734,33.1976],[74.6875,33.2206],[74.6878,33.2237],[74.6881,33.2254],[74.6881,33.2259],[74.6882,33.2263],[74.6882,33.2268],[74.6883,33.2276],[74.6883,33.229],[74.6883,33.2294],[74.6883,33.2299],[74.6882,33.2303],[74.688,33.2326],[74.6882,33.2343],[74.6894,33.2363],[74.6905,33.2373],[74.6908,33.2377],[74.691,33.238],[74.6911,33.2385],[74.6911,33.2389],[74.6911,33.2412],[74.692,33.2465],[74.692,33.2469],[74.6919,33.2474],[74.6917,33.2483],[74.6914,33.2491],[74.6912,33.2495],[74.6908,33.2499],[74.6904,33.2501],[74.6888,33.2503],[74.6875,33.2511],[74.6862,33.2525],[74.6819,33.2543],[74.6797,33.2545],[74.6781,33.2543],[74.6776,33.2544],[74.6772,33.2546],[74.6769,33.2549],[74.6761,33.2567],[74.676,33.2578],[74.6759,33.2582],[74.6759,33.2587],[74.6759,33.2592],[74.6757,33.26],[74.6755,33.2604],[74.6753,33.2607],[74.6749,33.2611],[74.6744,33.2616],[74.6738,33.2621],[74.6727,33.2632],[74.6707,33.2645],[74.6702,33.2646],[74.6691,33.2648],[74.6686,33.2648],[74.6676,33.2651],[74.6671,33.2653],[74.6667,33.2655],[74.6658,33.2661],[74.6619,33.2686],[74.6615,33.2689],[74.661,33.2691],[74.6606,33.2693],[74.6601,33.2695],[74.6592,33.2699],[74.6577,33.2704],[74.6562,33.2706],[74.6536,33.2717],[74.6527,33.2723],[74.6523,33.2726],[74.652,33.2729],[74.6513,33.2745],[74.6512,33.2754],[74.6513,33.2759],[74.6513,33.2764],[74.6542,33.281],[74.6549,33.2846],[74.6556,33.2863],[74.6558,33.2867],[74.6561,33.2875],[74.6566,33.2888],[74.6568,33.2892],[74.657,33.2897],[74.6573,33.29],[74.6575,33.2904],[74.6578,33.2908],[74.6586,33.2914],[74.6604,33.2924],[74.6614,33.2928],[74.6619,33.293],[74.6624,33.2931],[74.6655,33.294],[74.666,33.2942],[74.6664,33.2944],[74.6669,33.2946],[74.6674,33.2948],[74.6678,33.2951],[74.6682,33.2954],[74.6685,33.2958],[74.6686,33.2958],[74.6694,33.3041],[74.6634,33.3085],[74.6586,33.3149],[74.6572,33.3163],[74.656,33.3172],[74.6548,33.3181],[74.6544,33.3184],[74.654,33.3187],[74.6484,33.324],[74.6481,33.3515],[74.6704,33.3509],[74.6733,33.3545],[74.6805,33.3578],[74.6835,33.3596],[74.6855,33.3612],[74.6859,33.3615],[74.6861,33.3619],[74.686,33.3623],[74.6857,33.3627],[74.6853,33.363],[74.6773,33.3676],[74.6769,33.3684],[74.6769,33.3689],[74.6772,33.3692],[74.6789,33.3703],[74.679,33.3708],[74.6789,33.3712],[74.6786,33.3717],[74.6783,33.372],[74.6778,33.3723],[74.6764,33.3729],[74.6745,33.3755],[74.6709,33.3818],[74.6706,33.3826],[74.6706,33.3831],[74.6715,33.3851],[74.6708,33.3863],[74.67,33.39],[74.6701,33.3904],[74.6703,33.3907],[74.6728,33.3917],[74.6742,33.3958],[74.6704,33.3957],[74.6699,33.3957],[74.6694,33.3955],[74.6653,33.4003],[74.6681,33.4332],[74.665,33.4354],[74.6644,33.4355],[74.6639,33.4355],[74.6622,33.4355],[74.6612,33.4358],[74.6608,33.436],[74.6604,33.4363],[74.66,33.4367],[74.6593,33.4374],[74.659,33.4377],[74.6586,33.4381],[74.6584,33.4384],[74.6581,33.4388],[74.6575,33.4401],[74.6559,33.4412],[74.6458,33.4386],[74.6187,33.4431],[74.6361,33.48],[74.6361,33.4804],[74.6361,33.4809],[74.6354,33.4831],[74.6354,33.484],[74.6357,33.4857],[74.6356,33.4866],[74.6355,33.487],[74.6352,33.4874],[74.6345,33.4881],[74.631,33.4895],[74.6277,33.4978],[74.5912,33.5022],[74.5885,33.5094],[74.5844,33.509],[74.5804,33.5087],[74.5746,33.5074],[74.5745,33.5074],[74.5744,33.5074],[74.5744,33.5075],[74.5743,33.5074],[74.5739,33.5061],[74.5729,33.5048],[74.5707,33.5032],[74.5699,33.5028],[74.5704,33.5012],[74.5705,33.4996],[74.5715,33.4985],[74.573,33.4968],[74.5732,33.4945],[74.5731,33.4928],[74.5724,33.4919],[74.5713,33.4916],[74.5685,33.4921],[74.5654,33.493],[74.5642,33.4933],[74.5623,33.4936],[74.5605,33.4935],[74.5576,33.492],[74.5532,33.491],[74.5513,33.4911],[74.5492,33.4904],[74.5472,33.4894],[74.5455,33.4887],[74.5432,33.4889],[74.5411,33.489],[74.5379,33.4868],[74.5432,33.4752],[74.5432,33.474],[74.5415,33.4713],[74.5406,33.4699],[74.5406,33.4689],[74.5403,33.4682],[74.5398,33.4678],[74.5383,33.4698],[74.5334,33.4718],[74.5284,33.4708],[74.5224,33.4802],[74.5213,33.4818],[74.5187,33.4843],[74.5185,33.4845],[74.5177,33.4855],[74.5164,33.4861],[74.5148,33.4858],[74.5133,33.4849],[74.5123,33.4845],[74.5112,33.4847],[74.5101,33.485],[74.5092,33.4864],[74.5085,33.4876],[74.507,33.4942],[74.506,33.4988],[74.5068,33.4996],[74.507,33.5002],[74.5041,33.5019],[74.5034,33.5024],[74.5026,33.5031],[74.5018,33.5038],[74.5008,33.5047],[74.4992,33.5061],[74.4982,33.5066],[74.4981,33.507],[74.4982,33.5112],[74.4935,33.516],[74.4927,33.5169],[74.4923,33.5175],[74.4915,33.5182],[74.491,33.5188],[74.4896,33.5202],[74.4199,33.5721],[74.3575,33.5841],[74.3331,33.5718],[74.3272,33.5766],[74.3258,33.5768],[74.3244,33.577],[74.3215,33.5767],[74.3199,33.5756],[74.3173,33.5741],[74.3145,33.5723],[74.3129,33.5717],[74.3085,33.5725],[74.308,33.5725],[74.3074,33.5723],[74.3059,33.5707],[74.3024,33.5673],[74.3022,33.5671],[74.302,33.5669],[74.3014,33.5655],[74.3007,33.5649],[74.2998,33.5645],[74.2996,33.5642],[74.2997,33.5639],[74.3001,33.5629],[74.3003,33.5622],[74.3006,33.5609],[74.3006,33.5586],[74.2989,33.554],[74.2986,33.5538],[74.2981,33.5535],[74.2961,33.553],[74.2926,33.5506],[74.2895,33.5491],[74.2878,33.5484],[74.2858,33.5475],[74.2839,33.5491],[74.2829,33.5499],[74.2826,33.5504],[74.2824,33.5506],[74.2821,33.5508],[74.2818,33.5509],[74.2809,33.5509],[74.2788,33.5511],[74.2774,33.5475],[74.2647,33.5516],[74.254,33.5426],[74.2534,33.5433],[74.2523,33.5451],[74.2519,33.5466],[74.2516,33.5477],[74.2507,33.5492],[74.2499,33.5507],[74.2487,33.5537],[74.2481,33.5542],[74.2476,33.5548],[74.2458,33.5557],[74.2427,33.5554],[74.2355,33.5512],[74.2324,33.5506],[74.2307,33.5504],[74.2269,33.5501],[74.2254,33.5502],[74.2223,33.5521],[74.2142,33.5485],[74.2111,33.5465],[74.2107,33.5461],[74.2107,33.5413],[74.2097,33.5401],[74.2089,33.5393],[74.2077,33.5376],[74.2077,33.537],[74.2078,33.536],[74.2078,33.5358],[74.2078,33.5354],[74.2078,33.5349],[74.2079,33.5346],[74.2081,33.5341],[74.2088,33.5334],[74.2097,33.5329],[74.2109,33.5321],[74.2119,33.5311],[74.2121,33.5308],[74.2123,33.5302],[74.2127,33.5288],[74.2135,33.5267],[74.2153,33.5205],[74.2168,33.5173],[74.2188,33.5159],[74.2192,33.5159],[74.2196,33.5158],[74.2204,33.5157],[74.222,33.5148],[74.226,33.5094],[74.2278,33.505],[74.2279,33.5044],[74.2279,33.5035],[74.2278,33.5027],[74.2272,33.5001],[74.227,33.4996],[74.2271,33.499],[74.227,33.4894],[74.2048,33.4489],[74.1985,33.4455],[74.1972,33.4431],[74.1965,33.4417],[74.1956,33.4403],[74.194,33.4374],[74.1932,33.4361],[74.193,33.4353],[74.1924,33.4344],[74.183,33.4278],[74.1863,33.4233],[74.1845,33.4206],[74.1783,33.4153],[74.1753,33.4128],[74.1747,33.4123],[74.1373,33.3958],[74.1666,33.3574],[74.1422,33.3321],[74.1507,33.3042],[74.0716,33.2831],[74.0059,33.2496],[74.0063,33.2158],[74.0696,33.1951],[74.1305,33.1597],[74.1821,33.0907],[74.2355,33.0512],[74.3257,33.0287],[74.3398,32.9544],[74.3719,32.9531],[74.4044,32.9678],[74.4193,32.9876],[74.4268,32.9929],[74.4374,32.9971],[74.4483,33.0001],[74.4437,33.0096],[74.4447,33.0115],[74.4459,33.0123],[74.4463,33.0132],[74.4465,33.0134],[74.4467,33.0134],[74.4472,33.0132],[74.4476,33.0131],[74.4486,33.0126],[74.4497,33.0123],[74.4534,33.0142],[74.4584,33.0154],[74.4599,33.0237]],[[74.3136,33.1664],[74.3168,33.1669],[74.3182,33.1671],[74.3136,33.1664]],[[74.3182,33.1671],[74.327,33.1489],[74.3203,33.1585],[74.3199,33.16],[74.3188,33.1646],[74.3182,33.1671]],[[74.327,33.1489],[74.3248,33.1433],[74.323,33.1396],[74.327,33.1489]],[[74.3693,33.1442],[74.3729,33.1274],[74.37,33.1346],[74.3693,33.1442]],[[74.5066,33.2851],[74.4513,33.289],[74.4781,33.3077],[74.5066,33.2851]],[[74.3852,33.2781],[74.3834,33.2742],[74.3807,33.2709],[74.3852,33.2781]],[[74.3166,33.27],[74.3153,33.2692],[74.3076,33.2646],[74.3166,33.27]],[[74.2957,33.2632],[74.2928,33.2583],[74.2889,33.2562],[74.2822,33.2525],[74.2957,33.2632]]]},"properties":{"district":"RAJAURI"}},
{"type":"Feature","geometry":{"type":"Polygon","coordinates":[[[75.2982,32.6523],[75.2992,32.6532],[75.3004,32.6538],[75.3163,32.6564],[75.3174,32.6582],[75.3183,32.6592],[75.3241,32.6606],[75.3249,32.6617],[75.3253,32.6622],[75.3257,32.6627],[75.327,32.6633],[75.3283,32.6632],[75.3314,32.6639],[75.3317,32.6642],[75.3319,32.6654],[75.3319,32.6656],[75.332,32.6659],[75.3322,32.666],[75.3324,32.6661],[75.3326,32.6661],[75.3327,32.6661],[75.3334,32.6661],[75.3351,32.6663],[75.3419,32.6665],[75.3459,32.6666],[75.3457,32.6645],[75.3459,32.6622],[75.3455,32.6597],[75.3461,32.6592],[75.3462,32.6592],[75.3464,32.6594],[75.3467,32.6596],[75.3469,32.6597],[75.3471,32.6599],[75.3476,32.6605],[75.3478,32.6608],[75.3481,32.6611],[75.3483,32.6614],[75.3485,32.6618],[75.3487,32.6622],[75.349,32.6626],[75.35,32.6636],[75.3572,32.6667],[75.3584,32.661],[75.3669,32.6629],[75.4082,32.6759],[75.4571,32.6652],[75.4652,32.6688],[75.466,32.6731],[75.4738,32.678],[75.4766,32.6826],[75.4769,32.6832],[75.4771,32.6836],[75.4772,32.6838],[75.4778,32.685],[75.4776,32.6859],[75.4774,32.6861],[75.4768,32.6867],[75.4754,32.6878],[75.4741,32.6891],[75.4812,32.6984],[75.481,32.6997],[75.4794,32.7031],[75.4782,32.7046],[75.4777,32.7053],[75.4771,32.706],[75.477,32.7062],[75.4769,32.7065],[75.4767,32.7069],[75.4766,32.7077],[75.4765,32.7083],[75.4765,32.7085],[75.4763,32.7086],[75.4763,32.7087],[75.4764,32.7088],[75.4765,32.7088],[75.4766,32.7096],[75.4766,32.7097],[75.4767,32.7104],[75.477,32.7108],[75.4779,32.7112],[75.4812,32.7126],[75.4815,32.7126],[75.4818,32.7127],[75.482,32.7127],[75.4823,32.7127],[75.4829,32.7129],[75.4834,32.7131],[75.4835,32.7134],[75.4836,32.7136],[75.4837,32.7141],[75.4843,32.7168],[75.4842,32.7179],[75.484,32.7191],[75.4838,32.7199],[75.4837,32.7202],[75.4838,32.7203],[75.4838,32.7205],[75.4838,32.7206],[75.4838,32.7207],[75.4838,32.7212],[75.4838,32.7215],[75.4837,32.7218],[75.4837,32.7226],[75.4822,32.7269],[75.4834,32.734],[75.487,32.737],[75.4875,32.7379],[75.4898,32.7401],[75.4901,32.7408],[75.4959,32.7667],[75.5525,32.7732],[75.5751,32.756],[75.62,32.7736],[75.634,32.7712],[75.638,32.7721],[75.639,32.772],[75.6396,32.7721],[75.6402,32.7721],[75.6412,32.7721],[75.6438,32.7725],[75.6457,32.7721],[75.647,32.7726],[75.6479,32.7731],[75.6487,32.7743],[75.6489,32.7745],[75.6502,32.7744],[75.6537,32.7736],[75.6561,32.7732],[75.6906,32.7964],[75.6824,32.8216],[75.6891,32.829],[75.6901,32.833],[75.6952,32.8378],[75.6953,32.8385],[75.6952,32.8389],[75.6943,32.8436],[75.6936,32.8444],[75.692,32.847],[75.6869,32.8492],[75.6859,32.8499],[75.6855,32.8503],[75.6853,32.8509],[75.6851,32.8558],[75.6841,32.8582],[75.6836,32.8604],[75.6834,32.8616],[75.6834,32.8624],[75.6812,32.8679],[75.6755,32.8693],[75.6562,32.9277],[75.6491,32.9281],[75.648,32.9288],[75.647,32.9292],[75.6371,32.9299],[75.6336,32.9331],[75.633,32.9341],[75.6318,32.935],[75.6237,32.9397],[75.6223,32.9396],[75.6192,32.9405],[75.6154,32.9405],[75.6145,32.9403],[75.6129,32.9387],[75.6081,32.94],[75.551,32.9652],[75.5422,32.9529],[75.5209,32.96],[75.5121,32.9566],[75.5078,32.9572],[75.5067,32.9579],[75.5057,32.9587],[75.4982,32.9554],[75.4893,32.9549],[75.4872,32.9554],[75.4866,32.9555],[75.4859,32.9556],[75.4816,32.9564],[75.4805,32.9566],[75.4795,32.9567],[75.4779,32.9571],[75.4764,32.9574],[75.4683,32.9615],[75.4571,32.9574],[75.4597,32.9611],[75.4596,32.9611],[75.4594,32.9611],[75.4591,32.9612],[75.4589,32.9612],[75.4588,32.9613],[75.4583,32.9614],[75.4309,32.9823],[75.4347,33.0129],[75.4302,33.0299],[75.3933,33.0368],[75.3908,33.0395],[75.3765,33.0478],[75.3754,33.0495],[75.3701,33.0664],[75.3694,33.0686],[75.367,33.0666],[75.3639,33.0664],[75.357,33.0689],[75.3479,33.0713],[75.3419,33.0754],[75.34,33.0785],[75.3312,33.0837],[75.3301,33.0845],[75.3281,33.086],[75.3138,33.0905],[75.3002,33.0945],[75.2874,33.0941],[75.2815,33.0935],[75.2768,33.0934],[75.2682,33.0943],[75.2542,33.101],[75.2483,33.1024],[75.2426,33.1053],[75.231,33.1237],[75.2265,33.1335],[75.2102,33.1467],[75.2037,33.1488],[75.1926,33.1498],[75.1834,33.1488],[75.1687,33.1462],[75.1661,33.145],[75.1532,33.1443],[75.1506,33.1505],[75.1458,33.1559],[75.1375,33.1651],[75.1216,33.1786],[75.1202,33.179],[75.116,33.1797],[75.098,33.1868],[75.0958,33.1881],[75.0948,33.1891],[75.0946,33.1889],[75.0942,33.1886],[75.0938,33.1882],[75.0934,33.1879],[75.093,33.1875],[75.0926,33.1872],[75.0922,33.1869],[75.0918,33.1865],[75.0914,33.1862],[75.091,33.1858],[75.0906,33.1854],[75.0903,33.1851],[75.0899,33.1847],[75.0892,33.1839],[75.0889,33.1836],[75.0886,33.1832],[75.0883,33.1828],[75.088,33.1823],[75.0875,33.1815],[75.0872,33.181],[75.0868,33.1801],[75.0863,33.1792],[75.0849,33.1779],[75.079,33.1756],[75.078,33.1751],[75.0772,33.1745],[75.0769,33.1741],[75.0766,33.1737],[75.0765,33.1732],[75.0764,33.1728],[75.0764,33.1723],[75.0764,33.1718],[75.0765,33.1713],[75.0767,33.1708],[75.0769,33.1703],[75.0788,33.1674],[75.0784,33.1666],[75.0779,33.1663],[75.0769,33.1658],[75.0747,33.1652],[75.0713,33.1645],[75.0687,33.1628],[75.0685,33.1623],[75.0683,33.1619],[75.0677,33.1605],[75.0675,33.16],[75.0672,33.1596],[75.0669,33.1592],[75.0661,33.1586],[75.0656,33.1583],[75.0651,33.158],[75.0636,33.1574],[75.0619,33.1573],[75.0613,33.1572],[75.0608,33.157],[75.0604,33.1566],[75.0604,33.1562],[75.0618,33.154],[75.062,33.1536],[75.0621,33.1531],[75.0674,33.1483],[75.0721,33.1412],[75.0749,33.1436],[75.0767,33.1434],[75.0772,33.1432],[75.0775,33.1428],[75.0775,33.1423],[75.0774,33.1419],[75.0771,33.1415],[75.0754,33.1401],[75.0752,33.1391],[75.0753,33.1387],[75.0754,33.1382],[75.0754,33.1377],[75.0737,33.1352],[75.0602,33.13],[75.052,33.132],[75.0509,33.1322],[75.0503,33.1321],[75.0492,33.132],[75.047,33.1312],[75.0461,33.1307],[75.0456,33.1304],[75.0451,33.1302],[75.0433,33.129],[75.0429,33.1287],[75.0424,33.1284],[75.042,33.1281],[75.0416,33.1278],[75.0411,33.1275],[75.0407,33.1271],[75.0403,33.1268],[75.0399,33.1265],[75.0395,33.1261],[75.0391,33.1258],[75.0389,33.1256],[75.0387,33.1254],[75.0383,33.1251],[75.0379,33.1247],[75.0376,33.1244],[75.0372,33.124],[75.0368,33.1237],[75.0364,33.1233],[75.036,33.123],[75.0357,33.1226],[75.0353,33.1222],[75.0349,33.1219],[75.0346,33.1215],[75.0342,33.1211],[75.0309,33.1178],[75.0293,33.1165],[75.028,33.1155],[75.0275,33.1153],[75.0271,33.115],[75.0186,33.1101],[75.0031,33.1052],[74.9969,33.1026],[74.9964,33.1024],[74.9959,33.1021],[74.9954,33.1019],[74.9949,33.1016],[74.9944,33.1014],[74.994,33.1012],[74.9935,33.1009],[74.993,33.1007],[74.9925,33.1004],[74.9915,33.0999],[74.99,33.0992],[74.9891,33.0987],[74.9881,33.0981],[74.9877,33.0978],[74.9873,33.0975],[74.9866,33.0967],[74.9844,33.0939],[74.9793,33.0894],[74.9785,33.0887],[74.9782,33.0883],[74.9778,33.0879],[74.9771,33.0872],[74.971,33.0797],[74.981,33.0755],[74.9835,33.0745],[74.9844,33.0738],[74.9848,33.0735],[74.9852,33.0731],[74.9856,33.0728],[74.986,33.0725],[74.9922,33.069],[74.9986,33.065],[74.999,33.0642],[74.9988,33.0638],[74.9984,33.0634],[74.9958,33.0624],[74.9917,33.0598],[74.9888,33.0527],[74.9639,33.0427],[74.9631,33.0419],[74.9629,33.0414],[74.9629,33.0413],[74.9629,33.0412],[74.9628,33.041],[74.9629,33.0405],[74.9638,33.0392],[74.9642,33.0355],[74.9645,33.0345],[74.9646,33.0341],[74.9646,33.0336],[74.9647,33.0331],[74.9648,33.0326],[74.965,33.0322],[74.966,33.0317],[74.9672,33.0315],[74.9678,33.0315],[74.9683,33.0315],[74.9752,33.032],[74.9967,33.0204],[75.02,32.9763],[75.0069,32.9884],[74.9932,32.9718],[74.9903,32.9734],[74.9887,32.9719],[74.9866,32.9721],[74.9858,32.975],[74.9847,32.9743],[74.9845,32.9738],[74.9844,32.9733],[74.9844,32.9714],[74.9845,32.971],[74.9847,32.9705],[74.9856,32.9682],[74.9857,32.9677],[74.9857,32.9673],[74.9857,32.9668],[74.9857,32.9663],[74.9855,32.9649],[74.9852,32.964],[74.9789,32.959],[74.9787,32.9586],[74.9787,32.9581],[74.9787,32.9576],[74.9789,32.9552],[74.9781,32.951],[74.9706,32.9443],[74.9707,32.9439],[74.971,32.9434],[74.9723,32.9425],[74.9726,32.9421],[74.9728,32.9416],[74.9735,32.9393],[74.9736,32.9388],[74.9741,32.9381],[74.974,32.938],[74.9738,32.9377],[74.9736,32.9373],[74.9733,32.9368],[74.9733,32.9367],[74.9733,32.9366],[74.9732,32.9366],[74.9732,32.9365],[74.9732,32.9363],[74.973,32.9359],[74.9729,32.9354],[74.973,32.9344],[74.973,32.9342],[74.973,32.934],[74.9732,32.9342],[74.9741,32.9351],[74.9783,32.9291],[74.9786,32.9275],[74.9788,32.9249],[75.0329,32.8749],[75.1116,32.8291],[75.1284,32.7976],[75.158,32.7823],[75.1614,32.7745],[75.1652,32.7729],[75.166,32.7716],[75.1669,32.7703],[75.167,32.7678],[75.1656,32.7648],[75.1638,32.7635],[75.1414,32.7552],[75.1292,32.7479],[75.1183,32.7498],[75.1183,32.7512],[75.1184,32.7536],[75.1176,32.7552],[75.1164,32.7563],[75.1149,32.7572],[75.1132,32.7575],[75.1126,32.758],[75.1112,32.7593],[75.1109,32.7585],[75.1103,32.7571],[75.1092,32.7558],[75.1066,32.7542],[75.1117,32.7496],[75.1149,32.7459],[75.1168,32.7435],[75.0917,32.7214],[75.0917,32.7189],[75.092,32.7182],[75.0924,32.7174],[75.0938,32.7161],[75.0947,32.7161],[75.0955,32.7167],[75.0962,32.7173],[75.0968,32.7179],[75.0975,32.718],[75.0982,32.7181],[75.0994,32.7178],[75.1051,32.7155],[75.1141,32.7096],[75.1177,32.7108],[75.1345,32.7013],[75.14,32.6966],[75.1477,32.6911],[75.1513,32.6888],[75.1584,32.6812],[75.1609,32.672],[75.168,32.6699],[75.1699,32.6689],[75.1718,32.6679],[75.1844,32.663],[75.1958,32.6635],[75.2197,32.6427],[75.2207,32.6452],[75.2223,32.6458],[75.2235,32.6468],[75.2238,32.647],[75.2242,32.6475],[75.2243,32.6477],[75.2243,32.6478],[75.2243,32.6479],[75.2243,32.648],[75.2243,32.6484],[75.2244,32.6489],[75.2245,32.6489],[75.2248,32.6495],[75.2252,32.65],[75.2254,32.6502],[75.2255,32.6502],[75.2255,32.6503],[75.2255,32.6504],[75.2256,32.6505],[75.2257,32.6507],[75.2258,32.6508],[75.2257,32.651],[75.2257,32.6511],[75.2256,32.6517],[75.2256,32.6518],[75.2256,32.6519],[75.2255,32.6521],[75.2255,32.6522],[75.2255,32.6523],[75.2255,32.6524],[75.2255,32.6525],[75.2255,32.6526],[75.2255,32.6528],[75.2254,32.6529],[75.2253,32.6529],[75.2252,32.6529],[75.2251,32.653],[75.225,32.653],[75.2239,32.653],[75.2231,32.6531],[75.2228,32.6532],[75.2226,32.6532],[75.2225,32.6533],[75.2223,32.6534],[75.2219,32.6536],[75.2216,32.6537],[75.2214,32.6538],[75.2225,32.6565],[75.2226,32.6566],[75.2226,32.6567],[75.2227,32.6567],[75.2227,32.6568],[75.2228,32.6568],[75.2228,32.6569],[75.2229,32.657],[75.2231,32.6571],[75.2231,32.6572],[75.2239,32.6579],[75.2243,32.6582],[75.2247,32.6588],[75.225,32.6594],[75.2252,32.66],[75.2521,32.6559],[75.2871,32.6436],[75.2898,32.6478],[75.2943,32.6482],[75.2982,32.6523]],[[75.4571,32.9574],[75.4565,32.9559],[75.4569,32.957],[75.4571,32.9574]],[[75.1074,32.872],[75.107,32.875],[75.107,32.8793],[75.107,32.8813],[75.1074,32.872]],[[75.1018,32.9048],[75.1008,32.905],[75.0994,32.9065],[75.0986,32.9091],[75.0992,32.9154],[75.1018,32.9048]],[[75.1648,32.9181],[75.1672,32.9245],[75.1766,32.9235],[75.1786,32.9194],[75.1696,32.9204],[75.1648,32.9181]],[[75.1697,32.9316],[75.1705,32.9301],[75.1699,32.9308],[75.1697,32.9316]],[[75.1895,32.9266],[75.1854,32.9229],[75.1868,32.9245],[75.1871,32.9248],[75.1895,32.9266]],[[75.1958,32.9095],[75.193,32.8517],[75.2078,32.8606],[75.2159,32.8573],[75.2119,32.8431],[75.178,32.8572],[75.1928,32.8846],[75.1958,32.9095]],[[75.2016,32.8323],[75.2022,32.8251],[75.2013,32.8304],[75.2016,32.8323]],[[75.16,32.8064],[75.1584,32.8048],[75.1574,32.804],[75.16,32.8064]],[[75.1954,32.799],[75.1973,32.7984],[75.1963,32.7987],[75.1954,32.799]],[[75.2139,32.7929],[75.2216,32.7906],[75.2202,32.791],[75.2139,32.7929]],[[75.2216,32.7906],[75.2235,32.7906],[75.2311,32.7906],[75.2477,32.7851],[75.2216,32.7906]],[[75.4114,32.7408],[75.4122,32.7407],[75.4118,32.7407],[75.4114,32.7408]],[[75.3873,32.8901],[75.3852,32.8894],[75.3864,32.8901],[75.3873,32.8901]],[[75.3469,32.8985],[75.3461,32.8981],[75.3455,32.8979],[75.3469,32.8985]],[[75.282,32.8423],[75.2638,32.8592],[75.2604,32.8768],[75.282,32.8423]],[[75.2223,32.8606],[75.2223,32.8605],[75.2214,32.8596],[75.222,32.8603],[75.2223,32.8606]]]},"properties":{"district":"UDHAMPUR"}},
{"type":"Feature","geometry":{"type":"Polygon","coordinates":[[[74.5755,33.0319],[74.5778,33.0109],[74.5418,32.99],[74.5221,33.0131],[74.4947,33.0156],[74.4831,33.0137],[74.466,33.0148],[74.4656,33.0148],[74.4637,33.0137],[74.4585,33.0148],[74.4534,33.0142],[74.4497,33.0123],[74.4486,33.0126],[74.4476,33.0131],[74.4472,33.0132],[74.4467,33.0134],[74.4465,33.0134],[74.4463,33.0132],[74.4459,33.0123],[74.4447,33.0115],[74.4437,33.0096],[74.4469,33.0047],[74.4483,33.0001],[74.4193,32.9876],[74.4044,32.9678],[74.3719,32.9531],[74.3404,32.9523],[74.4152,32.8986],[74.4192,32.841],[74.4646,32.7759],[74.5424,32.7525],[74.6306,32.7666],[74.6336,32.8097],[74.7004,32.8409],[74.7064,32.8458],[74.7046,32.8418],[74.7048,32.8211],[74.6549,32.7282],[74.6663,32.6756],[74.6818,32.6729],[74.682,32.6706],[74.7013,32.6636],[74.6953,32.663],[74.6608,32.6355],[74.6514,32.5701],[74.6896,32.5347],[74.6806,32.4919],[74.7366,32.4793],[74.8702,32.4855],[74.8937,32.5267],[74.9127,32.5253],[74.9144,32.5346],[74.9019,32.5425],[74.9052,32.5467],[74.9038,32.5514],[74.9038,32.5561],[74.9074,32.557],[74.9081,32.5563],[74.9087,32.5557],[74.9108,32.5522],[74.915,32.5503],[74.9185,32.5498],[74.9222,32.5493],[74.9226,32.5493],[74.9276,32.5496],[74.9281,32.5501],[74.9305,32.5529],[74.9328,32.5543],[74.9378,32.5596],[74.9345,32.5602],[74.9307,32.5607],[74.9301,32.5675],[74.9348,32.5679],[74.9366,32.568],[74.9434,32.5654],[74.954,32.5688],[74.9549,32.5695],[74.9557,32.5702],[74.9562,32.5717],[74.9557,32.5735],[74.9557,32.5736],[74.9552,32.5746],[74.9538,32.5777],[74.9509,32.5804],[74.9475,32.5831],[74.9545,32.5867],[74.9552,32.5889],[74.9551,32.5903],[74.9542,32.5919],[74.9532,32.5936],[74.9487,32.5933],[74.9457,32.5911],[74.9443,32.591],[74.9437,32.5915],[74.942,32.593],[74.9416,32.591],[74.9413,32.5901],[74.9409,32.5886],[74.9402,32.5877],[74.9395,32.5878],[74.9381,32.5889],[74.9352,32.5923],[74.9312,32.5929],[74.9278,32.5944],[74.9257,32.5959],[74.9253,32.5968],[74.9261,32.5986],[74.9273,32.5992],[74.9288,32.6001],[74.9297,32.6005],[74.9319,32.6009],[74.9326,32.6012],[74.9326,32.6021],[74.9316,32.6028],[74.9276,32.6042],[74.9273,32.605],[74.9269,32.6062],[74.93,32.6079],[74.9315,32.6092],[74.9323,32.6099],[74.9327,32.6107],[74.9261,32.6147],[74.919,32.6172],[74.9081,32.6239],[74.8952,32.6061],[74.8816,32.6174],[74.892,32.6229],[74.8919,32.6395],[74.8998,32.6512],[74.9464,32.6757],[74.965,32.6904],[74.9654,32.6999],[74.9645,32.702],[74.9627,32.7052],[74.9622,32.7059],[74.9614,32.7074],[74.961,32.7086],[74.9618,32.7093],[74.965,32.7126],[74.9668,32.7143],[74.9724,32.718],[74.9854,32.7197],[74.994,32.7338],[75.0029,32.738],[75.0063,32.7371],[75.0086,32.7376],[75.011,32.7349],[75.0114,32.7328],[75.0131,32.7296],[75.0131,32.7295],[75.0134,32.7294],[75.0138,32.7293],[75.0145,32.7293],[75.0147,32.7294],[75.0146,32.7298],[75.0143,32.7307],[75.0159,32.7316],[75.0195,32.732],[75.02,32.7324],[75.0206,32.7327],[75.0209,32.7325],[75.021,32.7322],[75.0215,32.7319],[75.0216,32.7313],[75.0216,32.7307],[75.0233,32.7315],[75.0321,32.7282],[75.0362,32.729],[75.0379,32.7298],[75.04,32.7286],[75.0408,32.7282],[75.0413,32.7279],[75.0472,32.7389],[75.0977,32.731],[75.1168,32.7435],[75.1149,32.7459],[75.1117,32.7496],[75.1066,32.7542],[75.1092,32.7558],[75.1103,32.7571],[75.1109,32.7585],[75.1112,32.7593],[75.1126,32.758],[75.1132,32.7575],[75.1149,32.7572],[75.1164,32.7563],[75.1176,32.7552],[75.1184,32.7536],[75.1183,32.7512],[75.1183,32.7498],[75.1292,32.7479],[75.1414,32.7552],[75.1638,32.7635],[75.1656,32.7648],[75.167,32.7678],[75.1669,32.7703],[75.166,32.7716],[75.1652,32.7729],[75.1614,32.7745],[75.158,32.7823],[75.1284,32.7976],[75.1116,32.8291],[75.0329,32.8749],[74.9788,32.9249],[74.9786,32.9275],[74.9783,32.9291],[74.9741,32.9351],[74.9732,32.9342],[74.973,32.934],[74.9717,32.9324],[74.9703,32.9314],[74.9681,32.9307],[74.9649,32.93],[74.9641,32.9299],[74.9636,32.9299],[74.9631,32.9295],[74.9643,32.9252],[74.9606,32.8946],[74.952,32.8995],[74.9505,32.8939],[74.9515,32.8934],[74.9519,32.893],[74.952,32.8928],[74.9517,32.8926],[74.9511,32.8925],[74.9494,32.8924],[74.9459,32.892],[74.9448,32.8916],[74.9439,32.8914],[74.9432,32.891],[74.9417,32.8891],[74.9379,32.8884],[74.9373,32.8874],[74.9365,32.8871],[74.9359,32.887],[74.8971,32.9217],[74.8945,32.9375],[74.8894,32.9507],[74.8892,32.9518],[74.889,32.9526],[74.8883,32.9562],[74.8872,32.9561],[74.8853,32.9558],[74.8819,32.9571],[74.88,32.9596],[74.8765,32.9584],[74.8706,32.9562],[74.8687,32.971],[74.8502,32.9892],[74.8397,32.9853],[74.8339,32.9876],[74.8257,32.9885],[74.824,32.9895],[74.8139,32.9996],[74.8054,33.0121],[74.7994,33.0167],[74.798,33.0238],[74.7926,33.0274],[74.7942,33.0325],[74.7769,33.036],[74.7703,33.0496],[74.6938,33.0545],[74.6287,33.046],[74.6172,33.0395],[74.5755,33.0319]],[[74.7618,32.82],[74.7616,32.8199],[74.7544,32.8171],[74.7618,32.82]],[[74.7896,32.7193],[74.7809,32.7298],[74.7899,32.7299],[74.7915,32.7261],[74.7898,32.7239],[74.7902,32.7225],[74.7896,32.7193]],[[74.7711,32.7437],[74.8105,32.7491],[74.8522,32.7661],[74.863,32.7943],[74.8499,32.7518],[74.8054,32.7434],[74.7711,32.7437]],[[74.8181,32.695],[74.8156,32.6906],[74.8207,32.6999],[74.8181,32.695]],[[74.7589,32.6485],[74.7243,32.6688],[74.7542,32.6532],[74.7572,32.6503],[74.7604,32.6527],[74.7589,32.6485]],[[74.7573,32.6708],[74.7601,32.6743],[74.7632,32.675],[74.7573,32.6708]],[[74.7632,32.675],[74.7622,32.6761],[74.7636,32.6748],[74.7632,32.675]],[[74.762,32.6763],[74.7568,32.6821],[74.7604,32.6785],[74.762,32.6763]],[[74.7744,32.6758],[74.7759,32.6744],[74.7746,32.6735],[74.7737,32.6713],[74.7744,32.6758]],[[74.7746,32.6647],[74.7784,32.6624],[74.7801,32.6606],[74.7746,32.6647]]]},"properties":{"district":"JAMMU"}},
{"type":"Feature","geometry":{"type":"Polygon","coordinates":[[[75.1954,33.9073],[75.1983,33.911],[75.2027,33.9214],[75.2147,33.9355],[75.2198,33.9432],[75.2199,33.9432],[75.2205,33.9443],[75.2208,33.9448],[75.2252,33.9522],[75.2267,33.9552],[75.2211,33.9781],[75.2233,33.9901],[75.2239,33.9941],[75.224,33.9954],[75.224,34.0057],[75.2268,34.0102],[75.2243,34.0179],[75.2281,34.0195],[75.2335,34.021],[75.2332,34.0329],[75.2215,34.0362],[75.2185,34.0388],[75.2166,34.0521],[75.197,34.0675],[75.1752,34.0728],[75.1642,34.0789],[75.1608,34.0796],[75.1587,34.0795],[75.1577,34.079],[75.1561,34.0785],[75.1557,34.0786],[75.1549,34.0798],[75.1544,34.0834],[75.1516,34.0881],[75.1508,34.0904],[75.1493,34.0951],[75.1473,34.0957],[75.146,34.0956],[75.1427,34.0961],[75.1426,34.0964],[75.1423,34.097],[75.142,34.0991],[75.1417,34.1],[75.1412,34.1],[75.1326,34.0998],[75.1232,34.0962],[75.1112,34.1053],[75.0676,34.1123],[75.0578,34.1074],[75.0537,34.1096],[75.0464,34.1037],[75.038,34.0992],[75.0318,34.0958],[75.033,34.0908],[75.0316,34.0863],[75.0259,34.0823],[75.0225,34.0823],[75.0153,34.0828],[75.0061,34.0816],[74.9916,34.0735],[74.9813,34.0676],[74.9778,34.0621],[74.9784,34.0606],[74.9783,34.0581],[74.9788,34.0538],[74.9778,34.0508],[74.9598,34.0439],[74.9563,34.0326],[74.9513,34.028],[74.9483,34.0268],[74.9429,34.0257],[74.9412,34.0256],[74.9013,34.0319],[74.9004,34.0295],[74.9003,34.0294],[74.9003,34.0293],[74.9,34.0289],[74.8999,34.0288],[74.8996,34.0284],[74.8995,34.0282],[74.8994,34.028],[74.8993,34.0279],[74.8992,34.0278],[74.8992,34.0277],[74.8992,34.0276],[74.8991,34.0275],[74.8991,34.0274],[74.8991,34.0273],[74.8991,34.0272],[74.8991,34.0271],[74.8991,34.027],[74.8972,34.0247],[74.8956,34.0212],[74.905,34.0207],[74.9076,34.0234],[74.9096,34.0242],[74.9118,34.0246],[74.9142,34.0241],[74.9164,34.0226],[74.9126,34.0197],[74.9095,34.0177],[74.9087,34.0168],[74.9083,34.0151],[74.9081,34.0148],[74.9074,34.0147],[74.9058,34.0144],[74.9043,34.0134],[74.9036,34.0133],[74.9037,34.0127],[74.902,34.0118],[74.9001,34.012],[74.8999,34.0114],[74.9001,34.0104],[74.8995,34.0098],[74.8984,34.0094],[74.8987,34.0084],[74.8992,34.0072],[74.9007,34.0044],[74.9013,34.0031],[74.9022,34.0014],[74.902,34.0005],[74.901,34],[74.8993,33.9958],[74.8971,33.9957],[74.8962,33.9961],[74.8951,33.9936],[74.8931,33.9925],[74.8899,33.9882],[74.8883,33.986],[74.8839,33.9761],[74.8817,33.9737],[74.8768,33.9712],[74.8744,33.9698],[74.868,33.9629],[74.8658,33.9602],[74.8644,33.9584],[74.8623,33.9552],[74.8615,33.9504],[74.8592,33.9468],[74.849,33.9379],[74.8474,33.9357],[74.864,33.9114],[74.8634,33.9039],[74.8496,33.929],[74.818,33.8647],[74.7743,33.8105],[74.8246,33.7829],[74.8258,33.7839],[74.8263,33.7846],[74.8266,33.785],[74.8273,33.7858],[74.8314,33.79],[74.8459,33.8081],[74.8501,33.8193],[74.8993,33.8074],[74.9195,33.8124],[74.9242,33.8129],[74.925,33.8126],[74.9251,33.8111],[74.9245,33.8092],[74.9257,33.8083],[74.9268,33.8081],[74.9288,33.8082],[74.9305,33.8084],[74.9324,33.8078],[74.9316,33.8067],[74.9291,33.8052],[74.9272,33.8041],[74.9252,33.8024],[74.9248,33.8013],[74.9249,33.8012],[74.9256,33.8005],[74.9261,33.8001],[74.9262,33.7995],[74.9264,33.7992],[74.9266,33.799],[74.9273,33.799],[74.9281,33.7992],[74.9289,33.7995],[74.9292,33.7996],[74.9302,33.8005],[74.9348,33.8029],[74.9383,33.802],[74.9354,33.7992],[74.9351,33.7956],[74.9391,33.7922],[74.9398,33.7918],[74.9403,33.7915],[74.9659,33.7949],[74.9805,33.8094],[74.9947,33.7992],[74.9959,33.7989],[74.9964,33.799],[74.997,33.7991],[74.9986,33.7999],[74.9987,33.7999],[74.9988,33.8028],[74.9995,33.8033],[75.0005,33.8049],[75.0003,33.8054],[74.9996,33.8065],[74.9993,33.8074],[75.0011,33.8125],[75.0199,33.8089],[75.0209,33.8096],[75.0212,33.8098],[75.0224,33.8106],[75.0242,33.8113],[75.0314,33.81],[75.0392,33.8118],[75.0384,33.8177],[75.0436,33.8155],[75.0452,33.8154],[75.0504,33.8142],[75.0547,33.8191],[75.0579,33.8205],[75.0592,33.8221],[75.0593,33.8235],[75.0587,33.8256],[75.0586,33.8257],[75.0618,33.8271],[75.0662,33.8278],[75.0677,33.8298],[75.0676,33.8299],[75.0673,33.8304],[75.0671,33.8307],[75.067,33.8308],[75.0668,33.831],[75.0665,33.8314],[75.0639,33.8348],[75.0592,33.8388],[75.0656,33.8396],[75.0639,33.8425],[75.0661,33.8513],[75.0679,33.8531],[75.0693,33.8538],[75.0892,33.8501],[75.0971,33.8525],[75.1089,33.8683],[75.0865,33.8671],[75.0717,33.8787],[75.0866,33.8897],[75.0852,33.8695],[75.1047,33.8731],[75.1114,33.8699],[75.1144,33.8692],[75.1194,33.8675],[75.1237,33.8676],[75.1415,33.8734],[75.1942,33.9059],[75.1943,33.9059],[75.1953,33.9072],[75.1954,33.9073]],[[75.0047,33.9074],[75.0101,33.9097],[75.0051,33.9075],[75.0047,33.9074]],[[75.0014,33.9454],[75.0079,33.9492],[75.0427,33.9487],[75.0014,33.9454]],[[75.0574,34.065],[75.0571,34.0648],[75.0547,34.0646],[75.0574,34.065]],[[75.0405,33.8408],[75.033,33.842],[75.0367,33.8416],[75.0405,33.8408]],[[75.0319,33.8425],[75.0314,33.8427],[75.0313,33.8428],[75.0319,33.8425]],[[75.0313,33.8428],[75.0312,33.8428],[75.0309,33.8429],[75.0304,33.8432],[75.0301,33.8434],[75.0313,33.8428]],[[74.9098,33.8623],[74.9073,33.8667],[74.9088,33.865],[74.9098,33.8623]],[[74.8781,33.8929],[74.8745,33.8941],[74.8767,33.8937],[74.8781,33.8929]]]},"properties":{"district":"PULWAMA"}},
{"type":"Feature","geometry":{"type":"Polygon","coordinates":[[[74.5298,33.695],[74.5288,33.695],[74.5279,33.695],[74.5277,33.6964],[74.5276,33.6974],[74.5273,33.6985],[74.5271,33.699],[74.5265,33.6998],[74.5249,33.7006],[74.5166,33.7036],[74.5065,33.7048],[74.5052,33.7043],[74.5047,33.7044],[74.5054,33.7052],[74.5061,33.7064],[74.5079,33.7096],[74.5079,33.71],[74.5079,33.7108],[74.5079,33.7111],[74.5017,33.7193],[74.488,33.7291],[74.4747,33.7332],[74.4663,33.7502],[74.4412,33.764],[74.4692,33.7827],[74.4109,33.844],[74.4016,33.8743],[74.4015,33.8752],[74.4018,33.8761],[74.402,33.8766],[74.4026,33.8768],[74.4032,33.8776],[74.4034,33.8779],[74.4036,33.8798],[74.4034,33.8801],[74.4033,33.8811],[74.4024,33.8832],[74.4042,33.8858],[74.4051,33.886],[74.4064,33.8859],[74.4079,33.8858],[74.4089,33.8859],[74.411,33.8862],[74.4131,33.8867],[74.4152,33.8882],[74.4094,33.8949],[74.4091,33.8958],[74.409,33.8962],[74.4092,33.8966],[74.4095,33.8967],[74.4107,33.8969],[74.4117,33.8971],[74.4124,33.8977],[74.4127,33.8983],[74.4132,33.8995],[74.414,33.9011],[74.4185,33.9046],[74.4186,33.9053],[74.4184,33.9072],[74.4183,33.9079],[74.4182,33.9081],[74.4188,33.908],[74.4192,33.9084],[74.4186,33.9083],[74.4176,33.9083],[74.4153,33.9077],[74.4113,33.9079],[74.4094,33.9101],[74.4083,33.9142],[74.406,33.9192],[74.4045,33.9215],[74.4027,33.9226],[74.3999,33.9237],[74.3957,33.9278],[74.395,33.9338],[74.3909,33.9365],[74.3888,33.9415],[74.3885,33.943],[74.3881,33.9442],[74.3879,33.9451],[74.3874,33.9459],[74.381,33.947],[74.377,33.9494],[74.3763,33.9484],[74.3757,33.9486],[74.375,33.9483],[74.374,33.9478],[74.3731,33.948],[74.3714,33.9488],[74.3668,33.9514],[74.3536,33.9566],[74.3311,33.9529],[74.32,33.9573],[74.2977,33.9958],[74.2758,33.9863],[74.2714,33.9866],[74.2715,33.9879],[74.2715,33.9886],[74.2715,33.9887],[74.2711,33.9891],[74.2707,33.9895],[74.2704,33.9897],[74.2675,33.9904],[74.2673,33.9931],[74.2643,33.9954],[74.2532,34.0006],[74.212,33.9954],[74.2188,33.9397],[74.2055,33.9022],[74.1348,33.8496],[74.0672,33.8469],[74.0252,33.8163],[73.9872,33.728],[73.9988,33.6942],[73.9973,33.6572],[74.02,33.6041],[74.0737,33.5525],[74.1453,33.5495],[74.1591,33.5293],[74.1468,33.4652],[74.1675,33.4189],[74.1741,33.4144],[74.1753,33.4128],[74.1845,33.4206],[74.1863,33.4233],[74.183,33.4278],[74.1924,33.4344],[74.1932,33.4361],[74.194,33.4374],[74.1956,33.4403],[74.1965,33.4417],[74.1972,33.4431],[74.1985,33.4455],[74.2048,33.4489],[74.227,33.4894],[74.2271,33.499],[74.227,33.4996],[74.2272,33.5001],[74.2278,33.5027],[74.2279,33.5035],[74.2279,33.5044],[74.2278,33.505],[74.2272,33.5062],[74.2266,33.5075],[74.2261,33.5085],[74.226,33.5094],[74.222,33.5148],[74.2204,33.5157],[74.2196,33.5158],[74.2192,33.5159],[74.2188,33.5159],[74.2168,33.5173],[74.2153,33.5205],[74.2135,33.5267],[74.2127,33.5288],[74.2123,33.5302],[74.2121,33.5308],[74.2119,33.5311],[74.2109,33.5321],[74.2097,33.5329],[74.2088,33.5334],[74.2081,33.5341],[74.2079,33.5346],[74.2078,33.5349],[74.2078,33.5354],[74.2078,33.5358],[74.2078,33.536],[74.2077,33.5364],[74.2077,33.537],[74.2077,33.5376],[74.2089,33.5393],[74.2097,33.5401],[74.2107,33.5413],[74.2107,33.5461],[74.2111,33.5465],[74.2142,33.5485],[74.2223,33.5521],[74.2254,33.5502],[74.2269,33.5501],[74.2307,33.5504],[74.2324,33.5506],[74.2355,33.5512],[74.2427,33.5554],[74.2458,33.5557],[74.2476,33.5548],[74.2481,33.5542],[74.2487,33.5537],[74.2499,33.5507],[74.2507,33.5492],[74.2516,33.5477],[74.2519,33.5466],[74.2523,33.5451],[74.2534,33.5433],[74.254,33.5426],[74.2647,33.5516],[74.2774,33.5475],[74.2788,33.5511],[74.2809,33.5509],[74.2818,33.5509],[74.2821,33.5508],[74.2824,33.5506],[74.2826,33.5504],[74.2829,33.5499],[74.2839,33.5491],[74.2858,33.5475],[74.2878,33.5484],[74.2895,33.5491],[74.2926,33.5506],[74.2961,33.553],[74.2981,33.5535],[74.2986,33.5538],[74.2989,33.554],[74.2996,33.5568],[74.3006,33.5586],[74.3006,33.5609],[74.3003,33.5622],[74.3001,33.5629],[74.2997,33.5639],[74.2996,33.5642],[74.2998,33.5645],[74.3007,33.5649],[74.3014,33.5655],[74.302,33.5669],[74.3022,33.5671],[74.3024,33.5673],[74.3036,33.5686],[74.3074,33.5723],[74.308,33.5725],[74.3085,33.5725],[74.3129,33.5717],[74.3145,33.5723],[74.3173,33.5741],[74.3199,33.5756],[74.3215,33.5767],[74.3244,33.577],[74.3258,33.5768],[74.3272,33.5766],[74.3331,33.5718],[74.3575,33.5841],[74.4199,33.5721],[74.4896,33.5202],[74.491,33.5188],[74.4915,33.5182],[74.4923,33.5175],[74.4935,33.516],[74.4982,33.5112],[74.4985,33.5099],[74.4981,33.507],[74.4982,33.5066],[74.4992,33.5061],[74.5008,33.5047],[74.5018,33.5038],[74.5026,33.5031],[74.5034,33.5024],[74.5041,33.5019],[74.507,33.5002],[74.5068,33.4996],[74.506,33.4988],[74.507,33.4942],[74.5087,33.4923],[74.5085,33.4876],[74.5092,33.4864],[74.5101,33.485],[74.5112,33.4847],[74.5123,33.4845],[74.5133,33.4849],[74.5148,33.4858],[74.5164,33.4861],[74.5177,33.4855],[74.5185,33.4845],[74.5187,33.4843],[74.5213,33.4818],[74.5224,33.4802],[74.5284,33.4708],[74.5334,33.4718],[74.5383,33.4698],[74.5398,33.4678],[74.5403,33.4682],[74.5406,33.4689],[74.5406,33.4699],[74.5415,33.4713],[74.5432,33.474],[74.5432,33.4752],[74.5379,33.4868],[74.5411,33.489],[74.5432,33.4889],[74.5455,33.4887],[74.5472,33.4894],[74.5492,33.4904],[74.5513,33.4911],[74.5532,33.491],[74.5576,33.492],[74.5605,33.4935],[74.5623,33.4936],[74.5642,33.4933],[74.5654,33.493],[74.5685,33.4921],[74.5713,33.4916],[74.5724,33.4919],[74.5731,33.4928],[74.5732,33.4945],[74.573,33.4968],[74.5715,33.4985],[74.5705,33.4996],[74.5699,33.5028],[74.5707,33.5032],[74.5729,33.5048],[74.5739,33.5061],[74.5743,33.5074],[74.5748,33.5096],[74.5738,33.5117],[74.5758,33.5142],[74.5655,33.524],[74.5332,33.5323],[74.5138,33.5997],[74.5195,33.6287],[74.5318,33.6601],[74.5393,33.6663],[74.5436,33.6736],[74.5439,33.6792],[74.5435,33.6802],[74.5429,33.682],[74.5411,33.6826],[74.5426,33.684],[74.5429,33.6876],[74.542,33.6884],[74.5368,33.6953],[74.5322,33.6952],[74.5298,33.695]]]},"properties":{"district":"PUNCH"}},
{"type":"Feature","geometry":{"type":"Polygon","coordinates":[[[75.2011,32.4292],[75.1987,32.4332],[75.1991,32.4417],[75.2056,32.4469],[75.2065,32.4469],[75.2112,32.447],[75.2127,32.4495],[75.2153,32.4535],[75.2171,32.4565],[75.2185,32.4601],[75.2184,32.4601],[75.2169,32.4602],[75.2153,32.4603],[75.2162,32.4711],[75.2175,32.4805],[75.2185,32.4838],[75.2218,32.4899],[75.2226,32.4907],[75.2235,32.4916],[75.2254,32.4913],[75.2254,32.4914],[75.2257,32.4927],[75.2265,32.4948],[75.2299,32.4988],[75.2309,32.4994],[75.2331,32.4986],[75.2359,32.4976],[75.2377,32.4997],[75.2387,32.5025],[75.2352,32.5065],[75.2384,32.5136],[75.2383,32.5175],[75.2409,32.5193],[75.2449,32.5277],[75.2508,32.5347],[75.2566,32.5385],[75.2572,32.5429],[75.2608,32.543],[75.2623,32.5445],[75.2626,32.5446],[75.2629,32.5447],[75.264,32.5459],[75.2692,32.5474],[75.2726,32.5544],[75.273,32.5547],[75.2741,32.5551],[75.2752,32.5559],[75.2759,32.5561],[75.2764,32.5563],[75.2767,32.5564],[75.2768,32.5569],[75.2767,32.5573],[75.2766,32.5575],[75.2768,32.5578],[75.2773,32.558],[75.2776,32.5583],[75.2778,32.5588],[75.2782,32.5592],[75.2785,32.5595],[75.2799,32.5603],[75.2803,32.5605],[75.2806,32.5609],[75.2809,32.5612],[75.2812,32.5615],[75.2816,32.5617],[75.2817,32.562],[75.2816,32.5623],[75.2815,32.5628],[75.2816,32.5676],[75.2846,32.5721],[75.2871,32.574],[75.2968,32.5781],[75.3141,32.5744],[75.3157,32.5738],[75.3174,32.5732],[75.3249,32.5806],[75.3274,32.5803],[75.3297,32.5804],[75.3311,32.5803],[75.3323,32.5802],[75.3326,32.5802],[75.3369,32.5791],[75.344,32.5863],[75.3448,32.5904],[75.343,32.5922],[75.3428,32.5923],[75.3426,32.5925],[75.3425,32.5926],[75.3425,32.5928],[75.3425,32.5929],[75.3425,32.5931],[75.3429,32.5931],[75.3434,32.5931],[75.3435,32.5931],[75.3436,32.5931],[75.3438,32.5931],[75.3442,32.5931],[75.3455,32.594],[75.3441,32.5967],[75.3433,32.6041],[75.3378,32.6084],[75.3349,32.6117],[75.3333,32.6132],[75.3325,32.6141],[75.3317,32.615],[75.3279,32.6186],[75.3221,32.6232],[75.3164,32.6253],[75.304,32.6269],[75.3035,32.6269],[75.3031,32.6269],[75.3027,32.627],[75.3022,32.627],[75.2894,32.6314],[75.2887,32.6331],[75.2872,32.6343],[75.2869,32.6348],[75.2868,32.6351],[75.2867,32.6354],[75.2867,32.6358],[75.2867,32.636],[75.2867,32.6363],[75.2867,32.6368],[75.2867,32.6373],[75.2864,32.6374],[75.286,32.6376],[75.2853,32.638],[75.285,32.6383],[75.2849,32.6384],[75.2847,32.6386],[75.2845,32.6391],[75.2844,32.6393],[75.2843,32.6393],[75.2843,32.6395],[75.2843,32.6396],[75.2844,32.6396],[75.2844,32.6397],[75.2845,32.6397],[75.2847,32.6398],[75.2847,32.6399],[75.2846,32.64],[75.2846,32.6401],[75.2845,32.6404],[75.2844,32.6409],[75.2842,32.6419],[75.2842,32.6421],[75.2843,32.6422],[75.2843,32.6424],[75.2843,32.6427],[75.2844,32.6431],[75.2844,32.6433],[75.2844,32.6434],[75.2844,32.6436],[75.2521,32.6559],[75.2364,32.6556],[75.2307,32.6572],[75.229,32.6593],[75.2276,32.6596],[75.2252,32.66],[75.225,32.6594],[75.2247,32.6588],[75.2243,32.6582],[75.2231,32.6572],[75.2231,32.6571],[75.2229,32.657],[75.2228,32.6569],[75.2228,32.6568],[75.2227,32.6567],[75.2226,32.6566],[75.2225,32.6565],[75.2214,32.6538],[75.2216,32.6537],[75.2219,32.6536],[75.2223,32.6534],[75.2225,32.6533],[75.2226,32.6532],[75.2228,32.6532],[75.2231,32.6531],[75.225,32.653],[75.2251,32.653],[75.2252,32.6529],[75.2253,32.6529],[75.2254,32.6529],[75.2255,32.6528],[75.2255,32.6526],[75.2255,32.6525],[75.2255,32.6524],[75.2255,32.6523],[75.2255,32.6521],[75.2256,32.6519],[75.2256,32.6518],[75.2256,32.6517],[75.2257,32.6511],[75.2258,32.6508],[75.2255,32.6503],[75.2255,32.6502],[75.2254,32.6502],[75.2248,32.6495],[75.2245,32.6489],[75.2244,32.6489],[75.2243,32.6484],[75.2243,32.648],[75.2243,32.6479],[75.2243,32.6478],[75.2243,32.6477],[75.2242,32.6475],[75.2238,32.647],[75.2235,32.6468],[75.2197,32.6427],[75.2075,32.6448],[75.2087,32.6517],[75.1958,32.6635],[75.1844,32.663],[75.1718,32.6679],[75.1699,32.6689],[75.168,32.6699],[75.1609,32.672],[75.1584,32.6812],[75.1513,32.6888],[75.1477,32.6911],[75.14,32.6966],[75.1345,32.7013],[75.1177,32.7108],[75.1141,32.7096],[75.1051,32.7155],[75.1022,32.7163],[75.1015,32.7166],[75.1006,32.717],[75.0982,32.7181],[75.0975,32.718],[75.0968,32.7179],[75.0962,32.7173],[75.0955,32.7167],[75.0947,32.7161],[75.0938,32.7161],[75.0924,32.7174],[75.092,32.7182],[75.0917,32.7189],[75.091,32.7187],[75.0897,32.7197],[75.089,32.7211],[75.0856,32.7232],[75.0787,32.7317],[75.0413,32.7279],[75.0408,32.7282],[75.04,32.7286],[75.0379,32.7298],[75.0362,32.729],[75.0321,32.7282],[75.0233,32.7315],[75.0216,32.7307],[75.0216,32.7313],[75.0215,32.7319],[75.021,32.7322],[75.0209,32.7325],[75.0206,32.7327],[75.02,32.7324],[75.0195,32.732],[75.0159,32.7316],[75.0143,32.7307],[75.0146,32.7298],[75.0147,32.7294],[75.0145,32.7293],[75.0138,32.7293],[75.0134,32.7294],[75.0131,32.7295],[75.0131,32.7296],[75.0128,32.7301],[75.0114,32.7328],[75.011,32.7349],[75.0086,32.7376],[75.0063,32.7371],[75.0029,32.738],[74.994,32.7338],[74.9854,32.7197],[74.9724,32.718],[74.9668,32.7143],[74.965,32.7126],[74.9635,32.7109],[74.9618,32.7093],[74.961,32.7086],[74.9614,32.7074],[74.9622,32.7059],[74.9627,32.7052],[74.9645,32.702],[74.9654,32.6999],[74.965,32.6904],[74.9533,32.6775],[74.897,32.6461],[74.892,32.6229],[74.9081,32.6239],[74.919,32.6172],[74.9261,32.6147],[74.9327,32.6107],[74.9323,32.6099],[74.9315,32.6092],[74.93,32.6079],[74.9269,32.6062],[74.9273,32.605],[74.9276,32.6042],[74.9316,32.6028],[74.9326,32.6021],[74.9326,32.6012],[74.9319,32.6009],[74.9297,32.6005],[74.9288,32.6001],[74.9273,32.5992],[74.9261,32.5986],[74.9253,32.5968],[74.9257,32.5959],[74.9278,32.5944],[74.9312,32.5929],[74.9352,32.5923],[74.9381,32.5889],[74.9395,32.5878],[74.9402,32.5877],[74.9409,32.5886],[74.9413,32.5901],[74.9416,32.591],[74.942,32.593],[74.9437,32.5915],[74.9443,32.591],[74.9457,32.5911],[74.9487,32.5933],[74.9532,32.5936],[74.9542,32.5919],[74.9551,32.5903],[74.9552,32.5889],[74.9545,32.5867],[74.9535,32.578],[74.9538,32.5777],[74.9552,32.5746],[74.9557,32.5736],[74.9557,32.5735],[74.9562,32.5717],[74.9557,32.5702],[74.9549,32.5695],[74.954,32.5688],[74.9434,32.5654],[74.9366,32.568],[74.9348,32.5679],[74.9301,32.5675],[74.9307,32.5607],[74.9345,32.5602],[74.9378,32.5596],[74.9371,32.5588],[74.9328,32.5543],[74.9305,32.5529],[74.9281,32.5501],[74.9276,32.5496],[74.9226,32.5493],[74.9222,32.5493],[74.9185,32.5498],[74.915,32.5503],[74.9108,32.5522],[74.9087,32.5557],[74.9081,32.5563],[74.9074,32.557],[74.9038,32.5561],[74.9038,32.5514],[74.9052,32.5467],[74.9019,32.5425],[74.9144,32.5346],[74.9181,32.5279],[74.9127,32.5253],[74.8937,32.5267],[74.8774,32.4771],[74.9475,32.4469],[75.0265,32.4963],[75.1199,32.4541],[75.147,32.4178],[75.1593,32.4184],[75.1679,32.4231],[75.1906,32.4263],[75.1989,32.4216],[75.1984,32.4263],[75.1988,32.427],[75.1993,32.4275],[75.2002,32.4282],[75.2011,32.4292]],[[75.0086,32.5141],[75.0088,32.5143],[75.0094,32.5146],[75.0086,32.5141]],[[75.0099,32.5151],[75.0153,32.5175],[75.0202,32.519],[75.0099,32.5151]],[[75.1155,32.5531],[75.1119,32.5542],[75.1129,32.5539],[75.1139,32.5537],[75.1155,32.5531]],[[75.1472,32.5512],[75.148,32.5543],[75.1477,32.553],[75.1472,32.5512]],[[75.1529,32.4953],[75.161,32.51],[75.1609,32.5096],[75.1606,32.5087],[75.1601,32.5073],[75.1587,32.5054],[75.1563,32.4997],[75.1529,32.4953]],[[75.1994,32.498],[75.1994,32.4997],[75.1996,32.5002],[75.1994,32.498]],[[75.22,32.4933],[75.2204,32.4931],[75.2201,32.4932],[75.22,32.4932],[75.22,32.4933]],[[75.2209,32.4929],[75.2212,32.4928],[75.2211,32.4928],[75.2209,32.4929]],[[75.2212,32.4928],[75.2214,32.4927],[75.2213,32.4927],[75.2212,32.4927],[75.2212,32.4928]],[[75.0943,32.6588],[75.0943,32.6586],[75.0942,32.6581],[75.0943,32.6588]],[[75.0935,32.6573],[75.0679,32.6281],[75.0861,32.6516],[75.0892,32.6547],[75.0928,32.6566],[75.0935,32.6573]],[[75.048,32.6268],[75.047,32.626],[75.0478,32.6275],[75.048,32.6268]],[[75.0446,32.6223],[75.0392,32.6234],[75.042,32.624],[75.043,32.6233],[75.0446,32.6223]],[[75.0372,32.6207],[75.0362,32.6205],[75.0351,32.621],[75.0372,32.6207]]]},"properties":{"district":"SAMBA"}},
{"type":"Feature","geometry":{"type":"Polygon","coordinates":[[[75.4955,33.4092],[75.4815,33.4055],[75.4811,33.4052],[75.4727,33.3998],[75.4695,33.4016],[75.4656,33.4032],[75.4576,33.4],[75.4566,33.3996],[75.4556,33.3989],[75.4555,33.3989],[75.4548,33.3985],[75.4547,33.3985],[75.4545,33.3984],[75.4543,33.3983],[75.4542,33.3983],[75.4541,33.3982],[75.4535,33.3979],[75.4534,33.3979],[75.4533,33.3978],[75.4474,33.3813],[75.4459,33.3794],[75.442,33.3782],[75.4352,33.3788],[75.4338,33.3788],[75.4337,33.3789],[75.4336,33.3789],[75.4334,33.3789],[75.4333,33.3789],[75.4329,33.3789],[75.4243,33.3802],[75.4222,33.3805],[75.4207,33.3805],[75.4206,33.3805],[75.4205,33.3805],[75.4191,33.3808],[75.4179,33.3807],[75.3899,33.3654],[75.3891,33.3653],[75.3886,33.366],[75.3935,33.3488],[75.3933,33.3463],[75.3922,33.3421],[75.3851,33.3088],[75.3818,33.295],[75.3758,33.2794],[75.4023,33.198],[75.4041,33.1969],[75.3925,33.159],[75.3574,33.1382],[75.3693,33.069],[75.3701,33.0664],[75.3754,33.0495],[75.3765,33.0478],[75.3908,33.0395],[75.3933,33.0368],[75.4302,33.0299],[75.4347,33.0129],[75.4309,32.9823],[75.4583,32.9614],[75.4588,32.9613],[75.4589,32.9612],[75.4591,32.9612],[75.4594,32.9611],[75.4596,32.9611],[75.4597,32.9611],[75.4683,32.9615],[75.4764,32.9574],[75.4779,32.9571],[75.4795,32.9567],[75.4805,32.9566],[75.4816,32.9564],[75.4859,32.9556],[75.4866,32.9555],[75.4872,32.9554],[75.4893,32.9549],[75.4982,32.9554],[75.5057,32.9587],[75.5067,32.9579],[75.5078,32.9572],[75.5121,32.9566],[75.5209,32.96],[75.5422,32.9529],[75.551,32.9652],[75.6081,32.94],[75.6129,32.9387],[75.6145,32.9403],[75.6154,32.9405],[75.6192,32.9405],[75.6223,32.9396],[75.6237,32.9397],[75.6318,32.935],[75.633,32.9341],[75.6336,32.9331],[75.6371,32.9299],[75.647,32.9292],[75.648,32.9288],[75.6491,32.9281],[75.6562,32.9277],[75.6755,32.8693],[75.6812,32.8679],[75.6834,32.8624],[75.6835,32.8624],[75.6836,32.8624],[75.6838,32.8624],[75.6839,32.8624],[75.684,32.8624],[75.6841,32.8624],[75.6842,32.8624],[75.6845,32.8624],[75.6846,32.8624],[75.6847,32.8624],[75.6874,32.8626],[75.6885,32.8628],[75.6921,32.8679],[75.6919,32.8699],[75.6915,32.8738],[75.6913,32.875],[75.6972,32.8765],[75.7024,32.8767],[75.7048,32.8767],[75.7113,32.8775],[75.7226,32.8744],[75.7285,32.8752],[75.7384,32.8744],[75.7405,32.875],[75.7413,32.8749],[75.7467,32.8775],[75.7508,32.8811],[75.7516,32.8814],[75.755,32.8842],[75.7557,32.8859],[75.7585,32.8869],[75.7636,32.8897],[75.769,32.89],[75.77,32.89],[75.773,32.8893],[75.7741,32.8894],[75.7757,32.8898],[75.7772,32.8901],[75.778,32.8901],[75.783,32.8899],[75.7864,32.8901],[75.7869,32.8901],[75.7885,32.8895],[75.7931,32.8868],[75.8014,32.8856],[75.8423,32.9293],[75.9245,32.9062],[75.9539,32.8734],[76.0321,32.9167],[76.0973,32.9643],[76.1123,33.0063],[76.2216,33.0212],[76.2127,33.0905],[76.1977,33.0941],[76.1963,33.0943],[76.195,33.095],[76.1942,33.0954],[76.1924,33.097],[76.1904,33.0997],[76.1897,33.1012],[76.1884,33.1046],[76.1872,33.1086],[76.1866,33.1094],[76.1672,33.1308],[76.1652,33.1399],[76.1462,33.1623],[76.1309,33.17],[76.1188,33.1675],[76.1166,33.1632],[76.0802,33.1414],[76.0295,33.12],[76.0081,33.1268],[75.9769,33.116],[75.9752,33.1154],[75.9704,33.1097],[75.9696,33.1072],[75.9668,33.1088],[75.9653,33.122],[75.9618,33.1238],[75.9577,33.1246],[75.9576,33.1246],[75.9576,33.1245],[75.9574,33.1244],[75.9573,33.1244],[75.9573,33.1243],[75.9572,33.1243],[75.9572,33.1242],[75.9571,33.1242],[75.957,33.1241],[75.9541,33.1222],[75.9453,33.1286],[75.9292,33.1339],[75.9259,33.1357],[75.919,33.136],[75.919,33.1326],[75.9148,33.1166],[75.9175,33.1272],[75.8922,33.1358],[75.8787,33.1344],[75.8719,33.1377],[75.8697,33.1374],[75.8625,33.1399],[75.8476,33.137],[75.8426,33.136],[75.8386,33.1361],[75.8263,33.1391],[75.7324,33.2035],[75.6818,33.2517],[75.642,33.2555],[75.6161,33.2656],[75.589,33.2796],[75.5835,33.2882],[75.5728,33.3075],[75.5708,33.311],[75.5687,33.3147],[75.5252,33.3805],[75.4955,33.4092]],[[75.5708,33.311],[75.5677,33.307],[75.5677,33.3071],[75.5708,33.311]],[[75.5084,33.1682],[75.5319,33.1439],[75.4765,33.1627],[75.4863,33.1663],[75.4967,33.1673],[75.5084,33.1682]],[[75.6485,33.1327],[75.6489,33.1332],[75.6504,33.135],[75.6518,33.137],[75.6545,33.1399],[75.6772,33.1549],[75.6485,33.1327]],[[75.7426,33.1385],[75.7444,33.1379],[75.7439,33.138],[75.7426,33.1385]],[[75.7443,33.1231],[75.7353,33.1121],[75.7343,33.1156],[75.7403,33.1183],[75.7443,33.1231]],[[75.7714,33.1082],[75.778,33.1083],[75.7825,33.1081],[75.7714,33.1082]],[[75.8365,33.1114],[75.8265,33.1096],[75.818,33.108],[75.8157,33.1083],[75.8365,33.1114]],[[75.8638,33.0926],[75.8734,33.1024],[75.871,33.0916],[75.8676,33.0933],[75.8652,33.0936],[75.8638,33.0926]],[[75.8986,33.0594],[75.904,33.0578],[75.8995,33.0556],[75.8986,33.0594]],[[75.9453,33.0497],[75.9536,33.0356],[75.9451,33.0364],[75.9478,33.0429],[75.9462,33.0462],[75.9453,33.0497]],[[75.9657,33.0667],[75.9619,33.0768],[75.9771,33.075],[75.9657,33.0667]]]},"properties":{"district":"DODA"}},
{"type":"Feature","geometry":{"type":"Polygon","coordinates":[[[75.0011,33.216],[75.0018,33.2157],[75.0032,33.2152],[75.0101,33.2121],[75.0192,33.2098],[75.0221,33.209],[75.0229,33.2087],[75.0236,33.2085],[75.0524,33.1941],[75.0532,33.194],[75.054,33.1939],[75.0548,33.1938],[75.0556,33.1937],[75.0563,33.1937],[75.0571,33.1936],[75.0579,33.1936],[75.0595,33.1937],[75.0611,33.1938],[75.0626,33.194],[75.0673,33.1946],[75.0688,33.1948],[75.0696,33.1949],[75.0704,33.1949],[75.0712,33.195],[75.072,33.1951],[75.0728,33.1951],[75.0736,33.1951],[75.0744,33.1951],[75.0752,33.1951],[75.0759,33.195],[75.0767,33.195],[75.0775,33.1949],[75.0783,33.1947],[75.079,33.1946],[75.0798,33.1944],[75.0806,33.1942],[75.0813,33.1941],[75.0821,33.1939],[75.0828,33.1937],[75.0836,33.1936],[75.0844,33.1935],[75.0852,33.1933],[75.0859,33.1932],[75.0867,33.193],[75.0905,33.1919],[75.0906,33.1919],[75.0911,33.1917],[75.0919,33.1915],[75.0941,33.1909],[75.0949,33.1907],[75.0956,33.1904],[75.0962,33.1902],[75.0958,33.1899],[75.0954,33.1896],[75.095,33.1892],[75.0948,33.1891],[75.0958,33.1881],[75.098,33.1868],[75.116,33.1797],[75.1202,33.179],[75.1216,33.1786],[75.1375,33.1651],[75.1458,33.1559],[75.1506,33.1505],[75.1532,33.1443],[75.1661,33.145],[75.1687,33.1462],[75.1834,33.1488],[75.1926,33.1498],[75.2037,33.1488],[75.2102,33.1467],[75.2265,33.1335],[75.231,33.1237],[75.2426,33.1053],[75.2483,33.1024],[75.2542,33.101],[75.2682,33.0943],[75.2768,33.0934],[75.2815,33.0935],[75.2874,33.0941],[75.3002,33.0945],[75.3138,33.0905],[75.3281,33.086],[75.3301,33.0845],[75.3312,33.0837],[75.34,33.0785],[75.3419,33.0754],[75.3479,33.0713],[75.357,33.0689],[75.3639,33.0664],[75.367,33.0666],[75.3694,33.0686],[75.3693,33.069],[75.3574,33.1382],[75.3925,33.159],[75.4041,33.1969],[75.4023,33.198],[75.3758,33.2794],[75.3818,33.295],[75.3851,33.3088],[75.3922,33.3421],[75.3933,33.3463],[75.3935,33.3488],[75.3886,33.366],[75.3853,33.3655],[75.3758,33.3775],[75.3748,33.3782],[75.3647,33.3814],[75.3584,33.381],[75.3494,33.3841],[75.3408,33.391],[75.3306,33.3962],[75.33,33.3975],[75.3175,33.4128],[75.3132,33.4174],[75.3094,33.4223],[75.289,33.4366],[75.2855,33.4442],[75.2409,33.4857],[75.2378,33.4881],[75.2222,33.5024],[75.2175,33.5027],[75.216,33.5037],[75.2141,33.5056],[75.2025,33.5133],[75.1996,33.5158],[75.1986,33.5166],[75.1952,33.5168],[75.1733,33.5249],[75.1719,33.5251],[75.1707,33.525],[75.1675,33.5244],[75.1575,33.5237],[75.1378,33.5133],[75.1355,33.5139],[75.1099,33.497],[75.0247,33.5008],[75.0246,33.5008],[75.0229,33.5002],[75.0164,33.4773],[75.0223,33.4697],[75.025,33.4525],[75.031,33.4493],[75.0324,33.4463],[75.0337,33.4447],[75.0346,33.4436],[75.0351,33.4431],[75.0359,33.442],[75.0362,33.4388],[75.0301,33.4363],[75.0105,33.4163],[75.0141,33.4058],[75.0267,33.3936],[75.0315,33.3917],[75.0317,33.3911],[75.0318,33.3904],[75.0327,33.3879],[75.0335,33.3846],[75.0438,33.3749],[75.0453,33.3678],[75.0434,33.3666],[75.0428,33.3662],[75.0422,33.3659],[75.0415,33.3655],[75.0402,33.3648],[75.0374,33.3635],[75.0295,33.3606],[75.0187,33.3552],[74.9838,33.3235],[74.9581,33.2908],[74.9724,33.261],[74.9692,33.2591],[74.9685,33.2587],[74.9679,33.2583],[74.9667,33.2574],[74.9662,33.2569],[74.9656,33.2565],[74.9651,33.2559],[74.9649,33.2553],[74.9649,33.2547],[74.9651,33.2534],[74.9662,33.2509],[74.967,33.2498],[74.9679,33.2487],[74.9685,33.2483],[74.9691,33.2478],[74.9697,33.2474],[74.9703,33.247],[74.9708,33.2465],[74.971,33.2459],[74.9712,33.2452],[74.9712,33.2445],[74.9712,33.2438],[74.9712,33.2425],[74.9712,33.2419],[74.9712,33.2413],[74.9713,33.2406],[74.9714,33.24],[74.9715,33.2393],[74.9716,33.2386],[74.9716,33.238],[74.9715,33.2373],[74.9712,33.2368],[74.9701,33.2357],[74.969,33.2348],[74.9684,33.2344],[74.9678,33.234],[74.9672,33.2336],[74.9665,33.2332],[74.9645,33.2322],[74.9639,33.2318],[74.9634,33.2313],[74.9629,33.2307],[74.9626,33.2301],[74.9625,33.2294],[74.9626,33.2288],[74.9627,33.2285],[74.9628,33.2282],[74.9632,33.2276],[74.9664,33.2247],[74.9734,33.2217],[74.9836,33.2211],[74.9872,33.2199],[74.9879,33.2196],[74.9886,33.2192],[74.9919,33.2174],[74.9926,33.2171],[74.9933,33.2169],[74.9956,33.2164],[74.9964,33.2164],[74.9972,33.2165],[74.998,33.2165],[74.9988,33.2165],[74.9995,33.2164],[75.0003,33.2162],[75.0011,33.216]],[[75.3925,33.3487],[75.3896,33.3484],[75.392,33.3487],[75.3925,33.3487]],[[75.0948,33.1952],[75.0924,33.1933],[75.0929,33.1938],[75.0948,33.1952]],[[75.0917,33.1928],[75.0909,33.1922],[75.0911,33.1924],[75.0917,33.1928]]]},"properties":{"district":"RAMBAN"}},
{"type":"Feature","geometry":{"type":"Polygon","coordinates":[[[74.7833,33.6788],[74.7787,33.6786],[74.7776,33.6788],[74.7739,33.6778],[74.771,33.6766],[74.7684,33.6762],[74.7645,33.6742],[74.7571,33.6719],[74.7555,33.6711],[74.7534,33.6702],[74.7512,33.6697],[74.7479,33.6687],[74.7459,33.6678],[74.744,33.6673],[74.742,33.6672],[74.7407,33.6677],[74.7381,33.6678],[74.7361,33.6659],[74.7318,33.6679],[74.7284,33.671],[74.7263,33.677],[74.7317,33.6838],[74.7212,33.6877],[74.7135,33.6924],[74.7116,33.695],[74.7106,33.6955],[74.7078,33.6948],[74.7061,33.6947],[74.704,33.6947],[74.7026,33.6944],[74.7021,33.6942],[74.7003,33.6936],[74.6998,33.6937],[74.6935,33.6953],[74.6892,33.6985],[74.6839,33.699],[74.6818,33.7015],[74.6803,33.7026],[74.6797,33.7027],[74.6725,33.7],[74.6679,33.694],[74.6561,33.6925],[74.6529,33.6921],[74.6522,33.6917],[74.6504,33.6905],[74.6492,33.6898],[74.647,33.6895],[74.6425,33.6901],[74.6373,33.6914],[74.6288,33.6922],[74.6256,33.6949],[74.6224,33.6955],[74.6187,33.6957],[74.6164,33.6954],[74.6143,33.6946],[74.6111,33.6944],[74.6101,33.6944],[74.6078,33.6929],[74.6071,33.6916],[74.6075,33.6865],[74.6048,33.6851],[74.6026,33.6816],[74.6015,33.6809],[74.598,33.6812],[74.5969,33.6818],[74.5948,33.6844],[74.5822,33.6882],[74.5602,33.6903],[74.5583,33.686],[74.5484,33.6823],[74.5449,33.6805],[74.5443,33.6803],[74.544,33.6803],[74.5439,33.6803],[74.5435,33.6802],[74.5439,33.6792],[74.5436,33.6736],[74.5393,33.6663],[74.5318,33.6601],[74.5195,33.6287],[74.5138,33.5997],[74.5332,33.5323],[74.5655,33.524],[74.5758,33.5142],[74.5738,33.5117],[74.5748,33.5096],[74.5744,33.5075],[74.5744,33.5074],[74.5745,33.5074],[74.5746,33.5074],[74.5804,33.5087],[74.5844,33.509],[74.5885,33.5094],[74.5912,33.5022],[74.6277,33.4978],[74.6281,33.498],[74.6286,33.4983],[74.63,33.4991],[74.6304,33.4993],[74.6306,33.4997],[74.6308,33.5001],[74.631,33.5005],[74.6311,33.501],[74.6318,33.5016],[74.6332,33.501],[74.6338,33.5009],[74.6343,33.5009],[74.6359,33.5014],[74.6364,33.5016],[74.6369,33.5017],[74.6406,33.5023],[74.6425,33.5038],[74.6428,33.5056],[74.6428,33.506],[74.6427,33.5065],[74.6426,33.5069],[74.6425,33.5074],[74.6425,33.5079],[74.6427,33.5082],[74.6431,33.5085],[74.6455,33.5095],[74.6462,33.5102],[74.6466,33.5105],[74.6469,33.5109],[74.6477,33.512],[74.6483,33.5128],[74.6486,33.5133],[74.6488,33.5136],[74.6491,33.514],[74.6494,33.5144],[74.6498,33.5147],[74.6508,33.5148],[74.6511,33.5144],[74.6514,33.514],[74.6523,33.5128],[74.6525,33.5124],[74.6528,33.5116],[74.6533,33.5094],[74.6552,33.5078],[74.6569,33.5057],[74.6595,33.5062],[74.6649,33.5063],[74.6817,33.505],[74.7052,33.5251],[74.7963,33.4677],[74.8301,33.4654],[74.8361,33.4726],[74.8493,33.4738],[74.8549,33.472],[74.856,33.4718],[74.8565,33.4719],[74.8569,33.472],[74.8574,33.4722],[74.8588,33.473],[74.8597,33.4736],[74.8604,33.4742],[74.8608,33.4745],[74.8611,33.4749],[74.8613,33.4753],[74.8623,33.4769],[74.8626,33.4773],[74.8629,33.4776],[74.8631,33.478],[74.8633,33.4784],[74.8634,33.4789],[74.8631,33.4803],[74.8631,33.4807],[74.8632,33.4811],[74.8636,33.4814],[74.8641,33.4816],[74.8652,33.4817],[74.8668,33.4816],[74.8673,33.4816],[74.8678,33.4816],[74.8683,33.4817],[74.8688,33.4818],[74.8693,33.482],[74.8698,33.4822],[74.8713,33.483],[74.8728,33.4833],[74.8733,33.4832],[74.8738,33.483],[74.8744,33.4829],[74.876,33.4826],[74.8769,33.4823],[74.8773,33.482],[74.8784,33.481],[74.8799,33.4805],[74.8916,33.4802],[74.8942,33.4817],[74.8947,33.4817],[74.8953,33.4816],[74.8958,33.4815],[74.8964,33.4816],[74.8976,33.4848],[74.901,33.486],[74.9017,33.4867],[74.9019,33.4875],[74.902,33.4885],[74.9021,33.4889],[74.9024,33.4893],[74.9027,33.4896],[74.9031,33.4898],[74.9036,33.49],[74.9048,33.4903],[74.9059,33.4903],[74.9075,33.4901],[74.9101,33.4894],[74.9206,33.4966],[74.9398,33.49],[74.9548,33.5105],[75.0229,33.5002],[75.0246,33.5008],[75.0247,33.5008],[75.1099,33.497],[75.1355,33.5139],[75.1378,33.5133],[75.1085,33.5413],[75.1598,33.5707],[75.1592,33.5799],[75.1344,33.5998],[75.134,33.6046],[75.1369,33.6141],[75.1387,33.6175],[75.1386,33.6178],[75.1233,33.6268],[75.1138,33.6532],[75.1141,33.6539],[75.1133,33.6547],[75.1128,33.6617],[75.1189,33.6621],[75.1185,33.6608],[75.1211,33.6649],[75.1213,33.6656],[75.1207,33.6665],[75.1064,33.6796],[75.1077,33.6814],[75.1035,33.688],[75.0988,33.7036],[75.0919,33.7133],[75.0929,33.7168],[75.1002,33.7243],[75.0964,33.7336],[75.0955,33.7391],[75.0951,33.7391],[75.0857,33.7521],[75.0833,33.7588],[75.0824,33.7587],[75.0786,33.7628],[75.0758,33.7682],[75.0742,33.7709],[75.0701,33.773],[75.0675,33.7735],[75.0668,33.7731],[75.0662,33.7722],[75.0643,33.7711],[75.0628,33.772],[75.0626,33.7725],[75.0618,33.7732],[75.0613,33.7736],[75.0608,33.7741],[75.0601,33.7744],[75.058,33.7739],[75.0573,33.7729],[75.0526,33.769],[75.052,33.769],[75.041,33.7737],[75.0409,33.7737],[75.0408,33.7737],[75.0406,33.7737],[75.0401,33.7737],[75.0397,33.7737],[75.0396,33.7737],[75.0395,33.7737],[75.0393,33.7737],[75.0391,33.7737],[75.039,33.7737],[75.0387,33.7737],[75.0386,33.7737],[75.0384,33.7737],[75.0383,33.7737],[75.0382,33.7737],[75.0337,33.7724],[75.028,33.7596],[75.0235,33.7541],[75.0234,33.7526],[75.0232,33.7487],[75.0232,33.7486],[75.0231,33.7486],[75.0231,33.7485],[75.023,33.7485],[75.023,33.7484],[75.0226,33.748],[75.0223,33.7476],[75.022,33.7474],[75.0193,33.7444],[75.0173,33.7421],[75.0162,33.7408],[75.0118,33.7404],[75.0113,33.741],[75.011,33.7414],[75.0103,33.742],[75.0101,33.7424],[75.0092,33.7464],[75.0088,33.7468],[75.0095,33.748],[75.0097,33.7494],[75.0082,33.7512],[74.999,33.7519],[74.9726,33.7369],[74.9507,33.7371],[74.9557,33.7307],[74.9551,33.7298],[74.9544,33.729],[74.9543,33.727],[74.955,33.7247],[74.9557,33.7227],[74.9556,33.7223],[74.9552,33.7214],[74.9569,33.7135],[74.9602,33.7074],[74.9579,33.6834],[74.9369,33.6714],[74.91,33.6697],[74.9099,33.6676],[74.9107,33.6655],[74.9107,33.6593],[74.9151,33.656],[74.9126,33.6566],[74.9086,33.6576],[74.8996,33.6544],[74.9003,33.6506],[74.8825,33.632],[74.8769,33.6282],[74.8721,33.6266],[74.8666,33.6255],[74.8662,33.6257],[74.8641,33.6271],[74.862,33.6284],[74.8555,33.6344],[74.8299,33.6467],[74.7839,33.649],[74.7743,33.6544],[74.7746,33.6622],[74.7755,33.6658],[74.7765,33.6675],[74.7772,33.6686],[74.7782,33.6687],[74.7813,33.6669],[74.7832,33.6664],[74.7844,33.6663],[74.785,33.6674],[74.7853,33.6692],[74.7843,33.6725],[74.787,33.6773],[74.7833,33.6788]],[[74.9274,33.6606],[74.9282,33.6449],[74.9277,33.65],[74.9277,33.6528],[74.9274,33.6606]],[[75.0683,33.6463],[75.0695,33.6461],[75.0688,33.6462],[75.0683,33.6463]],[[75.1005,33.6858],[75.0935,33.6852],[75.0923,33.6851],[75.0926,33.6852],[75.093,33.6852],[75.0933,33.6852],[75.094,33.6853],[75.1005,33.6858]],[[75.0922,33.6851],[75.0883,33.6848],[75.0916,33.6851],[75.0919,33.6851],[75.0922,33.6851]]]},"properties":{"district":"KULGAM"}}
]}