{"type":"FeatureCollection","features":[{"type":"Feature","geometry":{"type":"Polygon","coordinates":[[[77.5872,30.3788],[77.5844,30.3095],[77.459,30.1659],[77.5756,30.0959],[77.7791,30.0176],[77.7753,30.0369],[77.9427,30.2397],[77.7217,30.3305],[77.6477,30.4046],[77.5773,30.3977],[77.5872,30.3788]]]},"properties":{"AC_NO":1,"AC_NAME":"Behat","PC_NO":1,"PC_NAME":"SAHARANPUR","district":"SAHARANPUR"}},{"type":"Feature","geometry":{"type":"Polygon","coordinates":[[[77.459,30.1659],[77.4269,30.1594],[77.3711,30.0852],[77.2849,30.0425],[77.226,29.9391],[77.1844,29.8501],[77.2951,29.8661],[77.4205,29.8486],[77.4885,29.9481],[77.4912,30.0087],[77.5756,30.0959],[77.459,30.1659]]]},"properties":{"AC_NO":2,"AC_NAME":"Nakur","PC_NO":2,"PC_NAME":"KAIRANA","district":"SAHARANPUR"}},{"type":"Feature","geometry":{"type":"Polygon","coordinates":[[[77.7791,30.0176],[77.5756,30.0959],[77.4912,30.0087],[77.4885,29.9481],[77.5547,29.9445],[77.5601,30.0109],[77.6241,29.9775],[77.6617,29.8706],[77.7183,29.8649],[77.7791,30.0176]]]},"properties":{"AC_NO":4,"AC_NAME":"Saharanpur","PC_NO":1,"PC_NAME":"SAHARANPUR","district":"SAHARANPUR"}},{"type":"Feature","geometry":{"type":"Polygon","coordinates":[[[77.6241,29.9775],[77.5601,30.0109],[77.5547,29.9445],[77.6241,29.9775]]]},"properties":{"AC_NO":3,"AC_NAME":"Saharanpur Nagar","PC_NO":1,"PC_NAME":"SAHARANPUR","district":"SAHARANPUR"}},{"type":"Feature","geometry":{"type":"Polygon","coordinates":[[[77.6617,29.8706],[77.6241,29.9775],[77.5547,29.9445],[77.4885,29.9481],[77.4205,29.8486],[77.4271,29.7357],[77.5494,29.7219],[77.7024,29.7541],[77.6617,29.8706]]]},"properties":{"AC_NO":6,"AC_NAME":"Rampur Maniharan(SC)","PC_NO":1,"PC_NAME":"SAHARANPUR","district":"SAHARANPUR"}},{"type":"Feature","geometry":{"type":"Polygon","coordinates":[[[77.7183,29.8649],[77.6617,29.8706],[77.7024,29.7541],[77.5494,29.7219],[77.4941,29.6478],[77.4941,29.6348],[77.6007,29.6266],[77.6588,29.5683],[77.8202,29.6735],[77.8099,29.7016],[77.7536,29.8269],[77.7183,29.8649]]]},"properties":{"AC_NO":5,"AC_NAME":"Deoband","PC_NO":1,"PC_NAME":"SAHARANPUR","district":"SAHARANPUR"}},{"type":"Feature","geometry":{"type":"Polygon","coordinates":[[[77.4205,29.8486],[77.2951,29.8661],[77.1844,29.8501],[77.1273,29.7709],[77.1417,29.6923],[77.3238,29.6584],[77.4941,29.6478],[77.5494,29.7219],[77.4271,29.7357],[77.4205,29.8486]]]},"properties":{"AC_NO":7,"AC_NAME":"Gangoh","PC_NO":2,"PC_NAME":"KAIRANA","district":"SAHARANPUR"}},{"type":"Feature","geometry":{"type":"Polygon","coordinates":[[[78.3435,29.7915],[78.3424,29.79],[78.2424,29.6984],[78.1314,29.6447],[78.1125,29.6419],[78.1756,29.533],[78.2297,29.6172],[78.2972,29.5345],[78.3564,29.5261],[78.434,29.5811],[78.496,29.7346],[78.439,29.755],[78.3435,29.7915]]]},"properties":{"AC_NO":17,"AC_NAME":"Najibabad","PC_NO":5,"PC_NAME":"NAGINA (SC)","district":"BIJNOR"}},{"type":"Feature","geometry":{"type":"Polygon","coordinates":[[[78.496,29.7346],[78.434,29.5811],[78.3564,29.5261],[78.4008,29.465],[78.5118,29.5284],[78.5102,29.4159],[78.662,29.3217],[78.6909,29.2257],[78.7712,29.2645],[78.7664,29.3375],[78.8561,29.3499],[78.921,29.4342],[78.7051,29.5013],[78.5811,29.5852],[78.496,29.7346]]]},"properties":{"AC_NO":19,"AC_NAME":"Barhapur","PC_NO":6,"PC_NAME":"MORADABAD","district":"BIJNOR"}},{"type":"Feature","geometry":{"type":"Polygon","coordinates":[[[77.9481,29.7107],[77.8202,29.6735],[77.6588,29.5683],[77.6709,29.4594],[77.8088,29.4915],[77.9741,29.5782],[77.9481,29.7107]]]},"properties":{"AC_NO":13,"AC_NAME":"Purqazi (SC)","PC_NO":4,"PC_NAME":"BIJNOR","district":"MUZAFFARNAGAR"}},{"type":"Feature","geometry":{"type":"Polygon","coordinates":[[[77.3238,29.6584],[77.1417,29.6923],[77.1357,29.6661],[77.0954,29.594],[77.1311,29.4862],[77.1524,29.2975],[77.19,29.2788],[77.2808,29.399],[77.2499,29.4594],[77.2527,29.5545],[77.3238,29.6584]]]},"properties":{"AC_NO":8,"AC_NAME":"Kairana","PC_NO":2,"PC_NAME":"KAIRANA","district":"SHAMLI"}},{"type":"Feature","geometry":{"type":"Polygon","coordinates":[[[77.4941,29.6478],[77.3238,29.6584],[77.2527,29.5545],[77.2499,29.4594],[77.3745,29.4916],[77.4369,29.4308],[77.4494,29.4388],[77.4941,29.6348],[77.4941,29.6478]]]},"properties":{"AC_NO":9,"AC_NAME":"Thana Bhawan","PC_NO":2,"PC_NAME":"KAIRANA","district":"SHAMLI"}},{"type":"Feature","geometry":{"type":"Polygon","coordinates":[[[77.6588,29.5683],[77.6007,29.6266],[77.4941,29.6348],[77.4494,29.4388],[77.615,29.3652],[77.666,29.3768],[77.774,29.3825],[77.8048,29.4363],[77.6709,29.4594],[77.6588,29.5683]]]},"properties":{"AC_NO":12,"AC_NAME":"Charthawal","PC_NO":3,"PC_NAME":"MUZAFFARNAGAR","district":"MUZAFFARNAGAR"}},{"type":"Feature","geometry":{"type":"Polygon","coordinates":[[[78.1756,29.533],[78.1125,29.6419],[77.9983,29.5413],[78.0267,29.3862],[78.114,29.2559],[78.1155,29.2448],[78.2652,29.2336],[78.2905,29.4037],[78.1637,29.4996],[78.1756,29.533]]]},"properties":{"AC_NO":22,"AC_NAME":"Bijnor","PC_NO":4,"PC_NAME":"BIJNOR","district":"BIJNOR"}},{"type":"Feature","geometry":{"type":"Polygon","coordinates":[[[78.3564,29.5261],[78.2972,29.5345],[78.2297,29.6172],[78.1756,29.533],[78.1637,29.4996],[78.2905,29.4037],[78.4873,29.3928],[78.5102,29.4159],[78.5118,29.5284],[78.4008,29.465],[78.3564,29.5261]]]},"properties":{"AC_NO":18,"AC_NAME":"Nagina (SC)","PC_NO":5,"PC_NAME":"NAGINA (SC)","district":"BIJNOR"}},{"type":"Feature","geometry":{"type":"Polygon","coordinates":[[[77.9983,29.5413],[77.9741,29.5782],[77.8088,29.4915],[77.8212,29.4264],[77.9525,29.2939],[77.9257,29.2303],[78.114,29.2559],[78.0267,29.3862],[77.9983,29.5413]]]},"properties":{"AC_NO":16,"AC_NAME":"Meerapur","PC_NO":4,"PC_NAME":"BIJNOR","district":"MUZAFFARNAGAR"}},{"type":"Feature","geometry":{"type":"Polygon","coordinates":[[[77.4369,29.4308],[77.3745,29.4916],[77.2499,29.4594],[77.2808,29.399],[77.19,29.2788],[77.3225,29.2522],[77.438,29.3598],[77.4369,29.4308]]]},"properties":{"AC_NO":10,"AC_NAME":"Shamli","PC_NO":2,"PC_NAME":"KAIRANA","district":"SHAMLI"}},{"type":"Feature","geometry":{"type":"Polygon","coordinates":[[[77.8088,29.4915],[77.6709,29.4594],[77.8048,29.4363],[77.8212,29.4264],[77.8088,29.4915]]]},"properties":{"AC_NO":14,"AC_NAME":"Muzaffar Nagar","PC_NO":3,"PC_NAME":"MUZAFFARNAGAR","district":"MUZAFFARNAGAR"}},{"type":"Feature","geometry":{"type":"Polygon","coordinates":[[[77.4494,29.4388],[77.4369,29.4308],[77.438,29.3598],[77.3225,29.2522],[77.4044,29.2483],[77.5045,29.1915],[77.5584,29.2316],[77.5904,29.2634],[77.672,29.3067],[77.666,29.3768],[77.615,29.3652],[77.4494,29.4388]]]},"properties":{"AC_NO":11,"AC_NAME":"Budhana","PC_NO":3,"PC_NAME":"MUZAFFARNAGAR","district":"MUZAFFARNAGAR"}},{"type":"Feature","geometry":{"type":"Polygon","coordinates":[[[77.8212,29.4264],[77.8048,29.4363],[77.774,29.3825],[77.666,29.3768],[77.672,29.3067],[77.5904,29.2634],[77.7958,29.185],[77.9197,29.2154],[77.9257,29.2303],[77.9525,29.2939],[77.8212,29.4264]]]},"properties":{"AC_NO":15,"AC_NAME":"Khatauli","PC_NO":3,"PC_NAME":"MUZAFFARNAGAR","district":"MUZAFFARNAGAR"}},{"type":"Feature","geometry":{"type":"Polygon","coordinates":[[[78.6909,29.2257],[78.662,29.3217],[78.5102,29.4159],[78.4873,29.3928],[78.4583,29.3596],[78.5162,29.2288],[78.5987,29.175],[78.6717,29.1917],[78.6909,29.2257]]]},"properties":{"AC_NO":20,"AC_NAME":"Dhampur","PC_NO":5,"PC_NAME":"NAGINA (SC)","district":"BIJNOR"}},{"type":"Feature","geometry":{"type":"Polygon","coordinates":[[[78.4873,29.3928],[78.2905,29.4037],[78.2652,29.2336],[78.3684,29.2165],[78.5162,29.2288],[78.4583,29.3596],[78.4873,29.3928]]]},"properties":{"AC_NO":21,"AC_NAME":"Nehtaur (SC)","PC_NO":5,"PC_NAME":"NAGINA (SC)","district":"BIJNOR"}},{"type":"Feature","geometry":{"type":"Polygon","coordinates":[[[77.1524,29.2975],[77.1434,29.1672],[77.1361,29.1478],[77.2728,29.1618],[77.3326,29.1333],[77.3738,29.0105],[77.4567,29.0126],[77.431,29.0861],[77.5045,29.1915],[77.4044,29.2483],[77.3225,29.2522],[77.19,29.2788],[77.1524,29.2975]]]},"properties":{"AC_NO":50,"AC_NAME":"Chhaprauli","PC_NO":11,"PC_NAME":"BAGHPAT","district":"BAGHPAT"}},{"type":"Feature","geometry":{"type":"Polygon","coordinates":[[[77.5904,29.2634],[77.5584,29.2316],[77.5725,29.1363],[77.6479,29.1182],[77.6699,29.0433],[77.7434,29.0561],[77.8332,29.0908],[77.9346,29.1607],[77.9197,29.2154],[77.7958,29.185],[77.5904,29.2634]]]},"properties":{"AC_NO":44,"AC_NAME":"Sardhana","PC_NO":3,"PC_NAME":"MUZAFFARNAGAR","district":"MEERUT"}},{"type":"Feature","geometry":{"type":"Polygon","coordinates":[[[78.3684,29.2165],[78.2652,29.2336],[78.1155,29.2448],[78.0778,29.0795],[78.2154,29.0293],[78.4134,29.0373],[78.4711,29.0515],[78.3684,29.2165]]]},"properties":{"AC_NO":23,"AC_NAME":"Chandpur","PC_NO":4,"PC_NAME":"BIJNOR","district":"BIJNOR"}},{"type":"Feature","geometry":{"type":"Polygon","coordinates":[[[78.114,29.2559],[77.9257,29.2303],[77.9197,29.2154],[77.9346,29.1607],[77.8332,29.0908],[77.8524,28.9819],[77.9427,28.9474],[78.0134,28.8708],[78.1192,28.8747],[78.0832,28.935],[78.0778,29.0795],[78.1155,29.2448],[78.114,29.2559]]]},"properties":{"AC_NO":45,"AC_NAME":"Hastinapur (SC)","PC_NO":4,"PC_NAME":"BIJNOR","district":"MEERUT"}},{"type":"Feature","geometry":{"type":"Polygon","coordinates":[[[78.7712,29.2645],[78.6909,29.2257],[78.6717,29.1917],[78.6593,29.1767],[78.6711,29.0834],[78.8134,29.0061],[78.9329,29.0497],[78.9741,29.13],[78.9325,29.1268],[78.8835,29.2115],[78.7712,29.2645]]]},"properties":{"AC_NO":26,"AC_NAME":"Thakurdwara","PC_NO":6,"PC_NAME":"MORADABAD","district":"MORADABAD"}},{"type":"Feature","geometry":{"type":"Polygon","coordinates":[[[77.5584,29.2316],[77.5045,29.1915],[77.431,29.0861],[77.4567,29.0126],[77.4583,28.9254],[77.5862,28.8907],[77.6456,28.958],[77.6699,29.0433],[77.6479,29.1182],[77.5725,29.1363],[77.5584,29.2316]]]},"properties":{"AC_NO":43,"AC_NAME":"Siwalkhas","PC_NO":11,"PC_NAME":"BAGHPAT","district":"MEERUT"}},{"type":"Feature","geometry":{"type":"Polygon","coordinates":[[[78.6717,29.1917],[78.5987,29.175],[78.5162,29.2288],[78.3684,29.2165],[78.4711,29.0515],[78.526,29.0671],[78.5888,29.068],[78.6593,29.1767],[78.6717,29.1917]]]},"properties":{"AC_NO":24,"AC_NAME":"Noorpur","PC_NO":6,"PC_NAME":"MORADABAD","district":"BIJNOR"}},{"type":"Feature","geometry":{"type":"Polygon","coordinates":[[[77.3738,29.0105],[77.3326,29.1333],[77.2728,29.1618],[77.1361,29.1478],[77.1521,29.0797],[77.1993,28.9352],[77.2915,28.9416],[77.3738,29.0105]]]},"properties":{"AC_NO":51,"AC_NAME":"Baraut","PC_NO":11,"PC_NAME":"BAGHPAT","district":"BAGHPAT"}},{"type":"Feature","geometry":{"type":"Polygon","coordinates":[[[78.526,29.0671],[78.5305,28.9861],[78.6288,28.9228],[78.64,28.8734],[78.6495,28.8461],[78.6513,28.8366],[78.6607,28.8163],[78.7482,28.8009],[78.7632,28.8161],[78.7265,28.8378],[78.7689,28.8633],[78.8134,29.0061],[78.6711,29.0834],[78.6593,29.1767],[78.5888,29.068],[78.526,29.0671]]]},"properties":{"AC_NO":25,"AC_NAME":"Kanth","PC_NO":6,"PC_NAME":"MORADABAD","district":"MORADABAD"}},{"type":"Feature","geometry":{"type":"Polygon","coordinates":[[[78.9741,29.13],[78.9329,29.0497],[78.916,28.964],[78.9214,28.9255],[79.1657,29.0201],[79.1039,29.1328],[78.9741,29.13]]]},"properties":{"AC_NO":34,"AC_NAME":"Suar","PC_NO":7,"PC_NAME":"RAMPUR","district":"RAMPUR"}},{"type":"Feature","geometry":{"type":"Polygon","coordinates":[[[78.0134,28.8708],[77.9427,28.9474],[77.8524,28.9819],[77.8332,29.0908],[77.7434,29.0561],[77.7781,28.9485],[77.6868,28.8706],[77.6997,28.7428],[77.758,28.7559],[77.8617,28.7952],[77.8925,28.868],[78.0134,28.8708]]]},"properties":{"AC_NO":46,"AC_NAME":"Kithore","PC_NO":10,"PC_NAME":"MEERUT","district":"MEERUT"}},{"type":"Feature","geometry":{"type":"Polygon","coordinates":[[[78.0778,29.0795],[78.0832,28.935],[78.1192,28.8747],[78.1375,28.775],[78.2529,28.8245],[78.3528,28.8312],[78.3711,28.9603],[78.4134,29.0373],[78.2154,29.0293],[78.0778,29.0795]]]},"properties":{"AC_NO":39,"AC_NAME":"Dhanaura (SC)","PC_NO":9,"PC_NAME":"AMROHA","district":"AMROHA"}},{"type":"Feature","geometry":{"type":"Polygon","coordinates":[[[77.7434,29.0561],[77.6699,29.0433],[77.6456,28.958],[77.6761,28.959],[77.7496,28.9746],[77.7645,28.9563],[77.7781,28.9485],[77.7434,29.0561]]]},"properties":{"AC_NO":47,"AC_NAME":"Meerut Cantt.","PC_NO":10,"PC_NAME":"MEERUT","district":"MEERUT"}},{"type":"Feature","geometry":{"type":"Polygon","coordinates":[[[78.4711,29.0515],[78.4134,29.0373],[78.3711,28.9603],[78.3528,28.8312],[78.2529,28.8245],[78.3389,28.7171],[78.4153,28.7246],[78.4164,28.7831],[78.4316,28.8958],[78.64,28.8734],[78.6288,28.9228],[78.5305,28.9861],[78.526,29.0671],[78.4711,29.0515]]]},"properties":{"AC_NO":40,"AC_NAME":"Naugawan Sadat","PC_NO":9,"PC_NAME":"AMROHA","district":"AMROHA"}},{"type":"Feature","geometry":{"type":"Polygon","coordinates":[[[77.4567,29.0126],[77.3738,29.0105],[77.2915,28.9416],[77.1993,28.9352],[77.2089,28.8585],[77.2226,28.8334],[77.4057,28.7822],[77.4212,28.8834],[77.4583,28.9254],[77.4567,29.0126]]]},"properties":{"AC_NO":52,"AC_NAME":"Baghpat","PC_NO":11,"PC_NAME":"BAGHPAT","district":"BAGHPAT"}},{"type":"Feature","geometry":{"type":"Polygon","coordinates":[[[78.9329,29.0497],[78.8134,29.0061],[78.7689,28.8633],[78.7632,28.8161],[78.7482,28.8009],[78.8083,28.8229],[78.916,28.964],[78.9329,29.0497]]]},"properties":{"AC_NO":27,"AC_NAME":"Moradabad Rural","PC_NO":6,"PC_NAME":"MORADABAD","district":"MORADABAD"}},{"type":"Feature","geometry":{"type":"Polygon","coordinates":[[[79.1657,29.0201],[78.9214,28.9255],[78.9744,28.8237],[79.0894,28.7547],[79.1711,28.8155],[79.1996,28.9279],[79.2524,28.9992],[79.2485,29.0052],[79.1657,29.0201]]]},"properties":{"AC_NO":35,"AC_NAME":"Chamraua","PC_NO":7,"PC_NAME":"RAMPUR","district":"RAMPUR"}},{"type":"Feature","geometry":{"type":"Polygon","coordinates":[[[77.7645,28.9563],[77.7496,28.9746],[77.6761,28.959],[77.7645,28.9563]]]},"properties":{"AC_NO":48,"AC_NAME":"Meerut","PC_NO":10,"PC_NAME":"MEERUT","district":"MEERUT"}},{"type":"Feature","geometry":{"type":"Polygon","coordinates":[[[79.2524,28.9992],[79.1996,28.9279],[79.1711,28.8155],[79.0894,28.7547],[79.0788,28.6759],[79.1656,28.5604],[79.205,28.5719],[79.3064,28.7424],[79.3802,28.7717],[79.4223,28.9012],[79.416,28.943],[79.2524,28.9992]]]},"properties":{"AC_NO":36,"AC_NAME":"Bilaspur","PC_NO":7,"PC_NAME":"RAMPUR","district":"RAMPUR"}},{"type":"Feature","geometry":{"type":"Polygon","coordinates":[[[77.6761,28.959],[77.6456,28.958],[77.5862,28.8907],[77.6868,28.8706],[77.7781,28.9485],[77.7645,28.9563],[77.6761,28.959]]]},"properties":{"AC_NO":49,"AC_NAME":"Meerut South","PC_NO":10,"PC_NAME":"MEERUT","district":"MEERUT"}},{"type":"Feature","geometry":{"type":"Polygon","coordinates":[[[78.916,28.964],[78.8083,28.8229],[78.7482,28.8009],[78.6607,28.8163],[78.6373,28.6755],[78.6847,28.6329],[78.7373,28.6644],[78.8601,28.6599],[78.9247,28.6983],[78.9994,28.7611],[78.9744,28.8237],[78.9214,28.9255],[78.916,28.964]]]},"properties":{"AC_NO":29,"AC_NAME":"Kundarki","PC_NO":8,"PC_NAME":"SAMBHAL","district":"MORADABAD"}},{"type":"Feature","geometry":{"type":"Polygon","coordinates":[[[77.4583,28.9254],[77.4212,28.8834],[77.5217,28.7631],[77.6102,28.7104],[77.6997,28.7428],[77.6868,28.8706],[77.5862,28.8907],[77.4583,28.9254]]]},"properties":{"AC_NO":57,"AC_NAME":"Modi Nagar","PC_NO":11,"PC_NAME":"BAGHPAT","district":"GHAZIABAD"}},{"type":"Feature","geometry":{"type":"Polygon","coordinates":[[[78.6495,28.8461],[78.64,28.8734],[78.4316,28.8958],[78.4164,28.7831],[78.5001,28.7763],[78.6495,28.8461]]]},"properties":{"AC_NO":41,"AC_NAME":"Amroha","PC_NO":9,"PC_NAME":"AMROHA","district":"AMROHA"}},{"type":"Feature","geometry":{"type":"Polygon","coordinates":[[[77.4212,28.8834],[77.4057,28.7822],[77.3682,28.6982],[77.3962,28.6931],[77.5217,28.7631],[77.4212,28.8834]]]},"properties":{"AC_NO":54,"AC_NAME":"Muradnagar","PC_NO":12,"PC_NAME":"GHAZIABAD","district":"GHAZIABAD"}},{"type":"Feature","geometry":{"type":"Polygon","coordinates":[[[78.0134,28.8708],[77.8925,28.868],[77.8617,28.7952],[77.9394,28.7044],[78.1864,28.628],[78.1375,28.775],[78.1192,28.8747],[78.0134,28.8708]]]},"properties":{"AC_NO":60,"AC_NAME":"Garhmukteshwar","PC_NO":9,"PC_NAME":"AMROHA","district":"HAPUR"}},{"type":"Feature","geometry":{"type":"Polygon","coordinates":[[[79.554,28.8942],[79.4223,28.9012],[79.3802,28.7717],[79.3564,28.7066],[79.3986,28.7269],[79.5444,28.6837],[79.5412,28.6178],[79.6215,28.6413],[79.6899,28.7534],[79.6835,28.85],[79.5841,28.8463],[79.554,28.8942]]]},"properties":{"AC_NO":118,"AC_NAME":"Baheri","PC_NO":26,"PC_NAME":"PILIBHIT","district":"BAREILLY"}},{"type":"Feature","geometry":{"type":"Polygon","coordinates":[[[78.7689,28.8633],[78.7265,28.8378],[78.7632,28.8161],[78.7689,28.8633]]]},"properties":{"AC_NO":28,"AC_NAME":"Moradabad Nagar","PC_NO":6,"PC_NAME":"MORADABAD","district":"MORADABAD"}},{"type":"Feature","geometry":{"type":"Polygon","coordinates":[[[77.2226,28.8334],[77.2139,28.7855],[77.2141,28.7854],[77.2865,28.7246],[77.2866,28.7138],[77.3239,28.6977],[77.3263,28.6948],[77.3682,28.6982],[77.4057,28.7822],[77.2226,28.8334]]]},"properties":{"AC_NO":53,"AC_NAME":"Loni","PC_NO":12,"PC_NAME":"GHAZIABAD","district":"GHAZIABAD"}},{"type":"Feature","geometry":{"type":"Polygon","coordinates":[[[79.822,28.8863],[79.7262,28.8608],[79.6835,28.85],[79.6899,28.7534],[79.6215,28.6413],[79.7142,28.5218],[79.7925,28.6619],[79.7682,28.73],[79.8105,28.7988],[79.822,28.8863]]]},"properties":{"AC_NO":127,"AC_NAME":"Pilibhit","PC_NO":26,"PC_NAME":"PILIBHIT","district":"PILIBHIT"}},{"type":"Feature","geometry":{"type":"Polygon","coordinates":[[[78.6513,28.8366],[78.6495,28.8461],[78.5001,28.7763],[78.4164,28.7831],[78.4153,28.7246],[78.44,28.5862],[78.4123,28.461],[78.523,28.3503],[78.6266,28.3307],[78.6161,28.5163],[78.512,28.6036],[78.5499,28.7247],[78.6513,28.8366]]]},"properties":{"AC_NO":32,"AC_NAME":"Asmoli","PC_NO":8,"PC_NAME":"SAMBHAL","district":"SAMBHAL"}},{"type":"Feature","geometry":{"type":"Polygon","coordinates":[[[78.9744,28.8237],[78.9994,28.7611],[78.9247,28.6983],[79.0788,28.6759],[79.0894,28.7547],[78.9744,28.8237]]]},"properties":{"AC_NO":37,"AC_NAME":"Rampur","PC_NO":7,"PC_NAME":"RAMPUR","district":"RAMPUR"}},{"type":"Feature","geometry":{"type":"Polygon","coordinates":[[[78.2529,28.8245],[78.1375,28.775],[78.1864,28.628],[78.2568,28.4792],[78.296,28.4259],[78.4123,28.461],[78.44,28.5862],[78.4153,28.7246],[78.3389,28.7171],[78.2529,28.8245]]]},"properties":{"AC_NO":42,"AC_NAME":"Hasanpur","PC_NO":9,"PC_NAME":"AMROHA","district":"AMROHA"}},{"type":"Feature","geometry":{"type":"Polygon","coordinates":[[[78.6607,28.8163],[78.6513,28.8366],[78.5499,28.7247],[78.512,28.6036],[78.6161,28.5163],[78.6659,28.5336],[78.6847,28.6329],[78.6373,28.6755],[78.6607,28.8163]]]},"properties":{"AC_NO":33,"AC_NAME":"Sambhal","PC_NO":8,"PC_NAME":"SAMBHAL","district":"SAMBHAL"}},{"type":"Feature","geometry":{"type":"Polygon","coordinates":[[[77.8617,28.7952],[77.758,28.7559],[77.7273,28.69],[77.7528,28.5784],[77.8282,28.629],[77.833,28.6331],[77.9394,28.7044],[77.8617,28.7952]]]},"properties":{"AC_NO":59,"AC_NAME":"Hapur (SC)","PC_NO":10,"PC_NAME":"MEERUT","district":"HAPUR"}},{"type":"Feature","geometry":{"type":"Polygon","coordinates":[[[80.0066,28.7411],[79.863,28.8404],[79.8105,28.7988],[79.7682,28.73],[79.7925,28.6619],[79.7142,28.5218],[79.7535,28.4263],[79.8291,28.3845],[79.8866,28.4216],[80.0073,28.3779],[80.0692,28.5441],[79.988,28.6284],[80.0066,28.7411]]]},"properties":{"AC_NO":128,"AC_NAME":"Barkhera","PC_NO":26,"PC_NAME":"PILIBHIT","district":"PILIBHIT"}},{"type":"Feature","geometry":{"type":"Polygon","coordinates":[[[80.0651,28.8362],[80.0066,28.7411],[79.988,28.6284],[80.0692,28.5441],[80.0073,28.3779],[80.1452,28.402],[80.1839,28.358],[80.3084,28.4638],[80.4495,28.5138],[80.3279,28.6723],[80.2691,28.7436],[80.0651,28.8362]]]},"properties":{"AC_NO":129,"AC_NAME":"Puranpur (SC)","PC_NO":26,"PC_NAME":"PILIBHIT","district":"PILIBHIT"}},{"type":"Feature","geometry":{"type":"Polygon","coordinates":[[[77.6997,28.7428],[77.6102,28.7104],[77.5217,28.7631],[77.3962,28.6931],[77.4193,28.6995],[77.4471,28.6218],[77.4651,28.6112],[77.5635,28.6176],[77.6891,28.5478],[77.7528,28.5784],[77.7273,28.69],[77.758,28.7559],[77.6997,28.7428]]]},"properties":{"AC_NO":58,"AC_NAME":"Dholana","PC_NO":12,"PC_NAME":"GHAZIABAD","district":"HAPUR"}},{"type":"Feature","geometry":{"type":"Polygon","coordinates":[[[79.3802,28.7717],[79.3064,28.7424],[79.205,28.5719],[79.1656,28.5604],[79.1047,28.5085],[79.2594,28.4027],[79.3452,28.3804],[79.3457,28.3848],[79.3106,28.4532],[79.3748,28.5166],[79.3564,28.7066],[79.3802,28.7717]]]},"properties":{"AC_NO":119,"AC_NAME":"Meerganj","PC_NO":25,"PC_NAME":"BAREILLY","district":"BAREILLY"}},{"type":"Feature","geometry":{"type":"Polygon","coordinates":[[[79.5412,28.6178],[79.5444,28.6837],[79.3986,28.7269],[79.3564,28.7066],[79.3748,28.5166],[79.3106,28.4532],[79.3457,28.3848],[79.4408,28.3667],[79.4564,28.3546],[79.5369,28.4372],[79.4502,28.5358],[79.5412,28.6178]]]},"properties":{"AC_NO":120,"AC_NAME":"Bhojipura","PC_NO":25,"PC_NAME":"BAREILLY","district":"BAREILLY"}},{"type":"Feature","geometry":{"type":"Polygon","coordinates":[[[77.4193,28.6995],[77.392,28.6562],[77.4471,28.6218],[77.4193,28.6995]]]},"properties":{"AC_NO":56,"AC_NAME":"Ghaziabad","PC_NO":12,"PC_NAME":"GHAZIABAD","district":"GHAZIABAD"}},{"type":"Feature","geometry":{"type":"Polygon","coordinates":[[[77.9394,28.7044],[77.833,28.6331],[77.8775,28.6033],[77.9367,28.5813],[77.9952,28.4867],[78.0721,28.4493],[78.2568,28.4792],[78.1864,28.628],[77.9394,28.7044]]]},"properties":{"AC_NO":66,"AC_NAME":"Syana","PC_NO":14,"PC_NAME":"BULANDSHAHR (SC)","district":"BULANDSHAHR"}},{"type":"Feature","geometry":{"type":"Polygon","coordinates":[[[77.3962,28.6931],[77.3682,28.6982],[77.3263,28.6948],[77.3322,28.6858],[77.3214,28.6644],[77.3204,28.6583],[77.392,28.6562],[77.4193,28.6995],[77.3962,28.6931]]]},"properties":{"AC_NO":55,"AC_NAME":"Sahibabad","PC_NO":12,"PC_NAME":"GHAZIABAD","district":"GHAZIABAD"}},{"type":"Feature","geometry":{"type":"Polygon","coordinates":[[[78.9247,28.6983],[78.8601,28.6599],[78.9586,28.5502],[78.9414,28.4599],[78.9698,28.4221],[79.1047,28.5085],[79.1656,28.5604],[79.0788,28.6759],[78.9247,28.6983]]]},"properties":{"AC_NO":38,"AC_NAME":"Milak (SC)","PC_NO":7,"PC_NAME":"RAMPUR","district":"RAMPUR"}},{"type":"Feature","geometry":{"type":"Polygon","coordinates":[[[77.392,28.6562],[77.3204,28.6583],[77.334,28.6282],[77.3126,28.5955],[77.3004,28.5631],[77.3358,28.5261],[77.3433,28.5105],[77.3552,28.4993],[77.455,28.4991],[77.4651,28.6112],[77.4471,28.6218],[77.392,28.6562]]]},"properties":{"AC_NO":61,"AC_NAME":"Noida","PC_NO":13,"PC_NAME":"GAUTAM BUDDHA NAGAR","district":"GAUTAM BUDDHA NAGAR"}},{"type":"Feature","geometry":{"type":"Polygon","coordinates":[[[78.8601,28.6599],[78.7373,28.6644],[78.6847,28.6329],[78.6659,28.5336],[78.7836,28.5554],[78.8671,28.4654],[78.9414,28.4599],[78.9586,28.5502],[78.8601,28.6599]]]},"properties":{"AC_NO":30,"AC_NAME":"Bilari","PC_NO":8,"PC_NAME":"SAMBHAL","district":"MORADABAD"}},{"type":"Feature","geometry":{"type":"Polygon","coordinates":[[[80.3279,28.6723],[80.4495,28.5138],[80.3084,28.4638],[80.3679,28.336],[80.4975,28.2053],[80.6446,28.1245],[80.7718,28.1577],[80.6778,28.2763],[80.7679,28.3625],[80.9064,28.4014],[80.8663,28.4967],[80.701,28.5755],[80.6587,28.6377],[80.507,28.6659],[80.4606,28.6244],[80.3279,28.6723]]]},"properties":{"AC_NO":137,"AC_NAME":"Palia","PC_NO":28,"PC_NAME":"KHERI","district":"KHERI"}},{"type":"Feature","geometry":{"type":"Polygon","coordinates":[[[77.6891,28.5478],[77.5635,28.6176],[77.4651,28.6112],[77.455,28.4991],[77.3552,28.4993],[77.4111,28.4529],[77.4921,28.4719],[77.6392,28.4506],[77.6891,28.5478]]]},"properties":{"AC_NO":62,"AC_NAME":"Dadri","PC_NO":13,"PC_NAME":"GAUTAM BUDDHA NAGAR","district":"GAUTAM BUDDHA NAGAR"}},{"type":"Feature","geometry":{"type":"Polygon","coordinates":[[[77.8282,28.629],[77.832,28.5329],[77.7852,28.3698],[77.8341,28.3449],[77.9292,28.2991],[77.9939,28.3727],[77.8682,28.4462],[77.8443,28.556],[77.8775,28.6033],[77.833,28.6331],[77.8282,28.629]]]},"properties":{"AC_NO":65,"AC_NAME":"Bulandshahr","PC_NO":14,"PC_NAME":"BULANDSHAHR (SC)","district":"BULANDSHAHR"}},{"type":"Feature","geometry":{"type":"Polygon","coordinates":[[[77.8282,28.629],[77.7528,28.5784],[77.6891,28.5478],[77.6392,28.4506],[77.7332,28.3249],[77.7152,28.2775],[77.8341,28.3449],[77.7852,28.3698],[77.832,28.5329],[77.8282,28.629]]]},"properties":{"AC_NO":64,"AC_NAME":"Sikandrabad","PC_NO":13,"PC_NAME":"GAUTAM BUDDHA NAGAR","district":"BULANDSHAHR"}},{"type":"Feature","geometry":{"type":"Polygon","coordinates":[[[79.6215,28.6413],[79.5412,28.6178],[79.4502,28.5358],[79.5369,28.4372],[79.5801,28.3557],[79.6965,28.3845],[79.7535,28.4263],[79.7142,28.5218],[79.6215,28.6413]]]},"properties":{"AC_NO":121,"AC_NAME":"Nawabganj","PC_NO":25,"PC_NAME":"BAREILLY","district":"BAREILLY"}},{"type":"Feature","geometry":{"type":"Polygon","coordinates":[[[78.2568,28.4792],[78.0721,28.4493],[77.9952,28.4867],[77.9367,28.5813],[77.8775,28.6033],[77.8443,28.556],[77.8682,28.4462],[77.9939,28.3727],[78.0738,28.4047],[78.163,28.3187],[78.2749,28.3683],[78.296,28.4259],[78.2568,28.4792]]]},"properties":{"AC_NO":67,"AC_NAME":"Anupshahr","PC_NO":14,"PC_NAME":"BULANDSHAHR (SC)","district":"BULANDSHAHR"}},{"type":"Feature","geometry":{"type":"Polygon","coordinates":[[[78.6161,28.5163],[78.6266,28.3307],[78.6637,28.336],[78.7881,28.3942],[78.8671,28.4654],[78.7836,28.5554],[78.6659,28.5336],[78.6161,28.5163]]]},"properties":{"AC_NO":31,"AC_NAME":"Chandausi (SC)","PC_NO":8,"PC_NAME":"SAMBHAL","district":"SAMBHAL"}},{"type":"Feature","geometry":{"type":"Polygon","coordinates":[[[79.1047,28.5085],[78.9698,28.4221],[79.0667,28.3737],[79.0939,28.2522],[79.1445,28.1909],[79.2597,28.2634],[79.2594,28.4027],[79.1047,28.5085]]]},"properties":{"AC_NO":126,"AC_NAME":"Aonla","PC_NO":24,"PC_NAME":"AONLA","district":"BAREILLY"}},{"type":"Feature","geometry":{"type":"Polygon","coordinates":[[[77.6392,28.4506],[77.4921,28.4719],[77.4111,28.4529],[77.4775,28.4188],[77.4723,28.3294],[77.5044,28.2525],[77.535,28.2075],[77.4748,28.0852],[77.6023,28.1185],[77.7328,28.1214],[77.7152,28.2775],[77.7332,28.3249],[77.6392,28.4506]]]},"properties":{"AC_NO":63,"AC_NAME":"Jewar","PC_NO":13,"PC_NAME":"GAUTAM BUDDHA NAGAR","district":"GAUTAM BUDDHA NAGAR"}},{"type":"Feature","geometry":{"type":"Polygon","coordinates":[[[78.4123,28.461],[78.296,28.4259],[78.2749,28.3683],[78.3129,28.2751],[78.4891,28.0989],[78.5823,28.0612],[78.6569,28.3077],[78.6637,28.336],[78.6266,28.3307],[78.523,28.3503],[78.4123,28.461]]]},"properties":{"AC_NO":111,"AC_NAME":"Gunnaur","PC_NO":23,"PC_NAME":"BADAUN","district":"SAMBHAL"}},{"type":"Feature","geometry":{"type":"Polygon","coordinates":[[[80.8663,28.4967],[80.9064,28.4014],[80.7679,28.3625],[80.6778,28.2763],[80.7718,28.1577],[80.8909,28.1513],[80.9264,28.102],[81.0248,28.0825],[81.1452,28.151],[81.0344,28.2895],[81.0565,28.404],[80.8663,28.4967]]]},"properties":{"AC_NO":138,"AC_NAME":"Nighasan","PC_NO":28,"PC_NAME":"KHERI","district":"KHERI"}},{"type":"Feature","geometry":{"type":"Polygon","coordinates":[[[78.9414,28.4599],[78.8671,28.4654],[78.7881,28.3942],[78.6637,28.336],[78.6569,28.3077],[78.759,28.3407],[78.8496,28.2648],[78.934,28.2729],[78.979,28.1966],[79.0134,28.1724],[79.0939,28.2522],[79.0667,28.3737],[78.9698,28.4221],[78.9414,28.4599]]]},"properties":{"AC_NO":112,"AC_NAME":"Bisauli (SC)","PC_NO":23,"PC_NAME":"BADAUN","district":"BUDAUN"}},{"type":"Feature","geometry":{"type":"Polygon","coordinates":[[[80.3679,28.336],[80.3084,28.4638],[80.1839,28.358],[80.1452,28.402],[80.0073,28.3779],[79.9731,28.304],[79.9961,28.1605],[79.8967,28.1401],[80.0059,28.0532],[80.1601,28.0228],[80.2983,28.1616],[80.3055,28.2691],[80.3679,28.336]]]},"properties":{"AC_NO":134,"AC_NAME":"Powayan (SC)","PC_NO":27,"PC_NAME":"SHAHJAHANPUR (SC)","district":"SHAHJAHANPUR"}},{"type":"Feature","geometry":{"type":"Polygon","coordinates":[[[79.4408,28.3667],[79.3457,28.3848],[79.3452,28.3804],[79.3774,28.3462],[79.4408,28.3667]]]},"properties":{"AC_NO":124,"AC_NAME":"Bareilly","PC_NO":25,"PC_NAME":"BAREILLY","district":"BAREILLY"}},{"type":"Feature","geometry":{"type":"Polygon","coordinates":[[[79.5801,28.3557],[79.5369,28.4372],[79.4564,28.3546],[79.3774,28.3462],[79.3452,28.3804],[79.2594,28.4027],[79.2597,28.2634],[79.1445,28.1909],[79.2058,28.2032],[79.3277,28.1628],[79.4226,28.1729],[79.4765,28.2975],[79.5801,28.3557]]]},"properties":{"AC_NO":123,"AC_NAME":"Bithari Chainpur","PC_NO":24,"PC_NAME":"AONLA","district":"BAREILLY"}},{"type":"Feature","geometry":{"type":"Polygon","coordinates":[[[78.163,28.3187],[78.0738,28.4047],[77.9939,28.3727],[77.9292,28.2991],[78.0392,28.2132],[78.051,28.125],[78.1346,28.0596],[78.2238,28.1013],[78.163,28.3187]]]},"properties":{"AC_NO":69,"AC_NAME":"Shikarpur","PC_NO":14,"PC_NAME":"BULANDSHAHR (SC)","district":"BULANDSHAHR"}},{"type":"Feature","geometry":{"type":"Polygon","coordinates":[[[79.7535,28.4263],[79.6965,28.3845],[79.7094,28.2532],[79.7786,28.1656],[79.8967,28.1401],[79.9961,28.1605],[79.9731,28.304],[80.0073,28.3779],[79.8866,28.4216],[79.8291,28.3845],[79.7535,28.4263]]]},"properties":{"AC_NO":130,"AC_NAME":"Bisalpur","PC_NO":26,"PC_NAME":"PILIBHIT","district":"PILIBHIT"}},{"type":"Feature","geometry":{"type":"Polygon","coordinates":[[[78.2749,28.3683],[78.163,28.3187],[78.2238,28.1013],[78.2272,28.103],[78.3476,28.1463],[78.4005,28.0877],[78.4891,28.0989],[78.3129,28.2751],[78.2749,28.3683]]]},"properties":{"AC_NO":68,"AC_NAME":"Debai","PC_NO":14,"PC_NAME":"BULANDSHAHR (SC)","district":"BULANDSHAHR"}},{"type":"Feature","geometry":{"type":"Polygon","coordinates":[[[81.0565,28.404],[81.0344,28.2895],[81.1452,28.151],[81.1954,28.0946],[81.196,28.0076],[81.3042,27.9048],[81.2803,27.8647],[81.3615,27.9072],[81.4643,27.8979],[81.5315,28.0562],[81.4274,28.1712],[81.3187,28.202],[81.2387,28.2811],[81.214,28.3576],[81.0565,28.404]]]},"properties":{"AC_NO":282,"AC_NAME":"Balha (SC)","PC_NO":56,"PC_NAME":"BAHRAICH (SC)","district":"BAHRAICH"}},{"type":"Feature","geometry":{"type":"Polygon","coordinates":[[[79.6965,28.3845],[79.5801,28.3557],[79.4765,28.2975],[79.4226,28.1729],[79.4957,28.1222],[79.5038,28.0156],[79.6571,28.0935],[79.6356,28.1447],[79.7094,28.2532],[79.6965,28.3845]]]},"properties":{"AC_NO":122,"AC_NAME":"Faridpur (SC)","PC_NO":24,"PC_NAME":"AONLA","district":"BAREILLY"}},{"type":"Feature","geometry":{"type":"Polygon","coordinates":[[[77.9292,28.2991],[77.8341,28.3449],[77.7152,28.2775],[77.7328,28.1214],[77.84,28.1794],[77.8836,28.1235],[77.9326,28.0859],[78.051,28.125],[78.0392,28.2132],[77.9292,28.2991]]]},"properties":{"AC_NO":70,"AC_NAME":"Khurja (SC)","PC_NO":13,"PC_NAME":"GAUTAM BUDDHA NAGAR","district":"BULANDSHAHR"}},{"type":"Feature","geometry":{"type":"Polygon","coordinates":[[[79.4564,28.3546],[79.4408,28.3667],[79.3774,28.3462],[79.4564,28.3546]]]},"properties":{"AC_NO":125,"AC_NAME":"Bareilly Cantt.","PC_NO":25,"PC_NAME":"BAREILLY","district":"BAREILLY"}},{"type":"Feature","geometry":{"type":"Polygon","coordinates":[[[78.979,28.1966],[78.934,28.2729],[78.8496,28.2648],[78.759,28.3407],[78.6569,28.3077],[78.5823,28.0612],[78.6077,28.0178],[78.7667,27.963],[78.798,28.0639],[78.9241,28.2064],[78.979,28.1966]]]},"properties":{"AC_NO":113,"AC_NAME":"Sahaswan","PC_NO":23,"PC_NAME":"BADAUN","district":"BUDAUN"}},{"type":"Feature","geometry":{"type":"Polygon","coordinates":[[[80.3679,28.336],[80.3055,28.2691],[80.2983,28.1616],[80.3508,27.9947],[80.2747,27.9475],[80.3272,27.8428],[80.4518,27.9564],[80.5396,27.9529],[80.4978,28.0289],[80.6446,28.1245],[80.4975,28.2053],[80.3679,28.336]]]},"properties":{"AC_NO":139,"AC_NAME":"Gola Gokrannath","PC_NO":28,"PC_NAME":"KHERI","district":"KHERI"}},{"type":"Feature","geometry":{"type":"Polygon","coordinates":[[[79.0939,28.2522],[79.0134,28.1724],[79.0651,28.1435],[79.0922,28.0482],[79.2999,28.0335],[79.3277,28.1628],[79.2058,28.2032],[79.1445,28.1909],[79.0939,28.2522]]]},"properties":{"AC_NO":115,"AC_NAME":"Badaun","PC_NO":23,"PC_NAME":"BADAUN","district":"BUDAUN"}},{"type":"Feature","geometry":{"type":"Polygon","coordinates":[[[79.7786,28.1656],[79.7094,28.2532],[79.6356,28.1447],[79.6571,28.0935],[79.5038,28.0156],[79.4698,27.986],[79.4732,27.8562],[79.3589,27.7995],[79.4455,27.7318],[79.5051,27.7631],[79.6158,27.7335],[79.631,27.8152],[79.669,27.8992],[79.6487,27.9535],[79.756,28.0272],[79.7786,28.1656]]]},"properties":{"AC_NO":131,"AC_NAME":"Katra","PC_NO":27,"PC_NAME":"SHAHJAHANPUR (SC)","district":"SHAHJAHANPUR"}},{"type":"Feature","geometry":{"type":"Polygon","coordinates":[[[79.8967,28.1401],[79.7786,28.1656],[79.756,28.0272],[79.6487,27.9535],[79.669,27.8992],[79.7754,27.9059],[79.8296,27.985],[79.8816,28.01],[80.0338,27.9089],[80.1601,28.0228],[80.0059,28.0532],[79.8967,28.1401]]]},"properties":{"AC_NO":133,"AC_NAME":"Tilhar","PC_NO":27,"PC_NAME":"SHAHJAHANPUR (SC)","district":"SHAHJAHANPUR"}},{"type":"Feature","geometry":{"type":"Polygon","coordinates":[[[78.979,28.1966],[78.9241,28.2064],[78.798,28.0639],[78.7667,27.963],[78.8431,27.9293],[78.8996,27.8998],[79.0922,28.0482],[79.0651,28.1435],[79.0134,28.1724],[78.979,28.1966]]]},"properties":{"AC_NO":114,"AC_NAME":"Bilsi","PC_NO":23,"PC_NAME":"BADAUN","district":"BUDAUN"}},{"type":"Feature","geometry":{"type":"Polygon","coordinates":[[[77.7328,28.1214],[77.6023,28.1185],[77.4748,28.0852],[77.5206,28.014],[77.5262,27.9273],[77.5265,27.921],[77.6728,27.9448],[77.808,27.8592],[77.9487,27.935],[77.8513,28.0076],[77.8836,28.1235],[77.84,28.1794],[77.7328,28.1214]]]},"properties":{"AC_NO":71,"AC_NAME":"Khair (SC)","PC_NO":15,"PC_NAME":"ALIGARH","district":"ALIGARH"}},{"type":"Feature","geometry":{"type":"Polygon","coordinates":[[[79.3277,28.1628],[79.2999,28.0335],[79.3383,27.9722],[79.2659,27.879],[79.2226,27.6959],[79.3522,27.6582],[79.3589,27.7995],[79.4732,27.8562],[79.4698,27.986],[79.5038,28.0156],[79.4957,28.1222],[79.4226,28.1729],[79.3277,28.1628]]]},"properties":{"AC_NO":117,"AC_NAME":"Dataganj","PC_NO":24,"PC_NAME":"AONLA","district":"BUDAUN"}},{"type":"Feature","geometry":{"type":"Polygon","coordinates":[[[78.2272,28.103],[78.2747,28.0529],[78.2212,27.9759],[78.2994,27.9148],[78.4433,27.9745],[78.5285,27.9057],[78.6077,28.0178],[78.5823,28.0612],[78.4891,28.0989],[78.4005,28.0877],[78.3476,28.1463],[78.2272,28.103]]]},"properties":{"AC_NO":73,"AC_NAME":"Atrauli","PC_NO":15,"PC_NAME":"ALIGARH","district":"ALIGARH"}},{"type":"Feature","geometry":{"type":"Polygon","coordinates":[[[78.051,28.125],[77.9326,28.0859],[77.8836,28.1235],[77.8513,28.0076],[77.9487,27.935],[78.0707,27.9185],[78.1181,27.8722],[78.2994,27.9148],[78.2212,27.9759],[78.2747,28.0529],[78.2272,28.103],[78.2238,28.1013],[78.1346,28.0596],[78.051,28.125]]]},"properties":{"AC_NO":72,"AC_NAME":"Barauli","PC_NO":15,"PC_NAME":"ALIGARH","district":"ALIGARH"}},{"type":"Feature","geometry":{"type":"Polygon","coordinates":[[[80.2983,28.1616],[80.1601,28.0228],[80.0338,27.9089],[80.052,27.873],[80.0594,27.7695],[80.1318,27.7542],[80.2013,27.7758],[80.2883,27.7083],[80.3347,27.7577],[80.3272,27.8428],[80.2747,27.9475],[80.3508,27.9947],[80.2983,28.1616]]]},"properties":{"AC_NO":144,"AC_NAME":"Mohammdi","PC_NO":29,"PC_NAME":"DHAURAHRA","district":"KHERI"}},{"type":"Feature","geometry":{"type":"Polygon","coordinates":[[[80.7718,28.1577],[80.6446,28.1245],[80.4978,28.0289],[80.5396,27.9529],[80.6741,27.92],[80.832,27.9923],[80.9054,27.9629],[80.9822,28.0057],[80.9264,28.102],[80.8909,28.1513],[80.7718,28.1577]]]},"properties":{"AC_NO":140,"AC_NAME":"Sri Nagar (SC)","PC_NO":28,"PC_NAME":"KHERI","district":"KHERI"}},{"type":"Feature","geometry":{"type":"Polygon","coordinates":[[[81.1452,28.151],[81.0248,28.0825],[80.9264,28.102],[80.9822,28.0057],[81.0266,27.9063],[81.0026,27.8242],[81.1045,27.797],[81.1798,27.7842],[81.203,27.7189],[81.2789,27.6759],[81.2793,27.7569],[81.2803,27.8647],[81.3042,27.9048],[81.196,28.0076],[81.1954,28.0946],[81.1452,28.151]]]},"properties":{"AC_NO":141,"AC_NAME":"Dhaurahra","PC_NO":29,"PC_NAME":"DHAURAHRA","district":"KHERI"}},{"type":"Feature","geometry":{"type":"Polygon","coordinates":[[[79.2999,28.0335],[79.0922,28.0482],[78.8996,27.8998],[78.9137,27.8812],[78.918,27.8499],[79.1475,27.8292],[79.1815,27.7153],[79.2226,27.6959],[79.2659,27.879],[79.3383,27.9722],[79.2999,28.0335]]]},"properties":{"AC_NO":116,"AC_NAME":"Shekhupur","PC_NO":24,"PC_NAME":"AONLA","district":"BUDAUN"}},{"type":"Feature","geometry":{"type":"Polygon","coordinates":[[[78.6077,28.0178],[78.5285,27.9057],[78.4748,27.8086],[78.5182,27.7351],[78.5372,27.7807],[78.6792,27.7374],[78.8431,27.9293],[78.7667,27.963],[78.6077,28.0178]]]},"properties":{"AC_NO":100,"AC_NAME":"Kasganj","PC_NO":22,"PC_NAME":"ETAH","district":"KASGANJ"}},{"type":"Feature","geometry":{"type":"Polygon","coordinates":[[[81.5315,28.0562],[81.4643,27.8979],[81.3615,27.9072],[81.2803,27.8647],[81.2793,27.7569],[81.3886,27.7545],[81.4899,27.7072],[81.5427,27.7859],[81.5071,27.8261],[81.6049,27.9225],[81.6845,27.9032],[81.6896,27.9083],[81.7482,27.9484],[81.5315,28.0562]]]},"properties":{"AC_NO":283,"AC_NAME":"Nanpara","PC_NO":56,"PC_NAME":"BAHRAICH (SC)","district":"BAHRAICH"}},{"type":"Feature","geometry":{"type":"Polygon","coordinates":[[[80.0338,27.9089],[79.8816,28.01],[79.8296,27.985],[79.8335,27.9261],[79.9715,27.8347],[80.052,27.873],[80.0338,27.9089]]]},"properties":{"AC_NO":135,"AC_NAME":"Shahjahanpur","PC_NO":27,"PC_NAME":"SHAHJAHANPUR (SC)","district":"SHAHJAHANPUR"}},{"type":"Feature","geometry":{"type":"Polygon","coordinates":[[[78.0707,27.9185],[77.9487,27.935],[77.808,27.8592],[77.8339,27.7568],[77.789,27.6838],[77.8994,27.5798],[77.9928,27.6019],[77.9908,27.6918],[78.0411,27.7817],[78.068,27.847],[78.0707,27.9185]]]},"properties":{"AC_NO":77,"AC_NAME":"Iglas (SC)","PC_NO":16,"PC_NAME":"HATHRAS (SC)","district":"ALIGARH"}},{"type":"Feature","geometry":{"type":"Polygon","coordinates":[[[77.5265,27.921],[77.4923,27.7679],[77.5732,27.7435],[77.6739,27.7748],[77.6765,27.6531],[77.7114,27.5371],[77.7044,27.5264],[77.8929,27.5508],[77.8994,27.5798],[77.789,27.6838],[77.8339,27.7568],[77.808,27.8592],[77.6728,27.9448],[77.5265,27.921]]]},"properties":{"AC_NO":82,"AC_NAME":"Mant","PC_NO":17,"PC_NAME":"MATHURA","district":"MATHURA"}},{"type":"Feature","geometry":{"type":"Polygon","coordinates":[[[78.5285,27.9057],[78.4433,27.9745],[78.2994,27.9148],[78.1181,27.8722],[78.1062,27.8663],[78.1877,27.8063],[78.179,27.7553],[78.2483,27.6707],[78.4748,27.8086],[78.5285,27.9057]]]},"properties":{"AC_NO":74,"AC_NAME":"Chharra","PC_NO":16,"PC_NAME":"HATHRAS (SC)","district":"ALIGARH"}},{"type":"Feature","geometry":{"type":"Polygon","coordinates":[[[79.8296,27.985],[79.7754,27.9059],[79.669,27.8992],[79.631,27.8152],[79.736,27.7192],[79.8592,27.6497],[79.9604,27.7307],[80.0594,27.7695],[80.052,27.873],[79.9715,27.8347],[79.8335,27.9261],[79.8296,27.985]]]},"properties":{"AC_NO":136,"AC_NAME":"Dadraul","PC_NO":27,"PC_NAME":"SHAHJAHANPUR (SC)","district":"SHAHJAHANPUR"}},{"type":"Feature","geometry":{"type":"Polygon","coordinates":[[[81.0026,27.8242],[81.0266,27.9063],[80.9822,28.0057],[80.9054,27.9629],[80.832,27.9923],[80.6741,27.92],[80.7219,27.8083],[80.8259,27.791],[80.9576,27.8997],[81.0026,27.8242]]]},"properties":{"AC_NO":142,"AC_NAME":"Lakhimpur","PC_NO":28,"PC_NAME":"KHERI","district":"KHERI"}},{"type":"Feature","geometry":{"type":"Polygon","coordinates":[[[77.5262,27.9273],[77.4717,27.8836],[77.3353,27.848],[77.2834,27.8019],[77.3528,27.6507],[77.3178,27.6059],[77.3549,27.5923],[77.5056,27.5569],[77.6348,27.6014],[77.6765,27.6531],[77.6739,27.7748],[77.5732,27.7435],[77.4923,27.7679],[77.5265,27.921],[77.5262,27.9273]]]},"properties":{"AC_NO":81,"AC_NAME":"Chhata","PC_NO":17,"PC_NAME":"MATHURA","district":"MATHURA"}},{"type":"Feature","geometry":{"type":"Polygon","coordinates":[[[78.1181,27.8722],[78.0707,27.9185],[78.068,27.847],[78.1062,27.8663],[78.1181,27.8722]]]},"properties":{"AC_NO":76,"AC_NAME":"Aligarh","PC_NO":15,"PC_NAME":"ALIGARH","district":"ALIGARH"}},{"type":"Feature","geometry":{"type":"Polygon","coordinates":[[[80.6741,27.92],[80.5396,27.9529],[80.4518,27.9564],[80.3272,27.8428],[80.3347,27.7577],[80.2883,27.7083],[80.3101,27.6794],[80.4898,27.7755],[80.6031,27.7623],[80.6545,27.817],[80.7219,27.8083],[80.6741,27.92]]]},"properties":{"AC_NO":143,"AC_NAME":"Kasta (SC)","PC_NO":29,"PC_NAME":"DHAURAHRA","district":"KHERI"}},{"type":"Feature","geometry":{"type":"Polygon","coordinates":[[[78.8431,27.9293],[78.6792,27.7374],[78.7282,27.6367],[78.8007,27.6059],[78.8388,27.5988],[78.9081,27.6961],[78.865,27.8304],[78.9137,27.8812],[78.8996,27.8998],[78.8431,27.9293]]]},"properties":{"AC_NO":101,"AC_NAME":"Amanpur","PC_NO":22,"PC_NAME":"ETAH","district":"KASGANJ"}},{"type":"Feature","geometry":{"type":"Polygon","coordinates":[[[81.6896,27.9083],[81.864,27.6404],[81.9676,27.6528],[82.0353,27.5972],[82.1235,27.6908],[82.2052,27.8444],[82.0696,27.9235],[81.968,27.9289],[81.8851,27.8562],[81.7482,27.9484],[81.6896,27.9083]]]},"properties":{"AC_NO":289,"AC_NAME":"Bhinga","PC_NO":58,"PC_NAME":"SHRAWASTI","district":"SHRAWASTI"}},{"type":"Feature","geometry":{"type":"Polygon","coordinates":[[[81.6845,27.9032],[81.6049,27.9225],[81.5071,27.8261],[81.5427,27.7859],[81.4899,27.7072],[81.4973,27.5882],[81.5758,27.5711],[81.6431,27.623],[81.689,27.7178],[81.6219,27.8443],[81.6845,27.9032]]]},"properties":{"AC_NO":284,"AC_NAME":"Matera","PC_NO":56,"PC_NAME":"BAHRAICH (SC)","district":"BAHRAICH"}},{"type":"Feature","geometry":{"type":"Polygon","coordinates":[[[78.068,27.847],[78.0411,27.7817],[78.179,27.7553],[78.1877,27.8063],[78.1062,27.8663],[78.068,27.847]]]},"properties":{"AC_NO":75,"AC_NAME":"Koil","PC_NO":15,"PC_NAME":"ALIGARH","district":"ALIGARH"}},{"type":"Feature","geometry":{"type":"Polygon","coordinates":[[[78.9137,27.8812],[78.865,27.8304],[78.9081,27.6961],[78.8388,27.5988],[78.8925,27.5534],[79.0323,27.5812],[79.114,27.5569],[79.2068,27.5807],[79.1371,27.6426],[79.1815,27.7153],[79.1475,27.8292],[78.918,27.8499],[78.9137,27.8812]]]},"properties":{"AC_NO":102,"AC_NAME":"Patiyali","PC_NO":22,"PC_NAME":"ETAH","district":"KASGANJ"}},{"type":"Feature","geometry":{"type":"Polygon","coordinates":[[[81.0026,27.8242],[80.9576,27.8997],[80.8259,27.791],[80.7219,27.8083],[80.6545,27.817],[80.6876,27.7373],[80.6752,27.608],[80.794,27.576],[80.809,27.7351],[81.0247,27.7282],[81.1045,27.797],[81.0026,27.8242]]]},"properties":{"AC_NO":147,"AC_NAME":"Hargaon (SC)","PC_NO":29,"PC_NAME":"DHAURAHRA","district":"SITAPUR"}},{"type":"Feature","geometry":{"type":"Polygon","coordinates":[[[81.6845,27.9032],[81.6219,27.8443],[81.689,27.7178],[81.6431,27.623],[81.7663,27.5297],[81.8799,27.5288],[81.9941,27.4827],[81.9778,27.4355],[82.0739,27.4049],[82.0493,27.523],[82.0353,27.5972],[81.9676,27.6528],[81.864,27.6404],[81.6896,27.9083],[81.6845,27.9032]]]},"properties":{"AC_NO":290,"AC_NAME":"Shrawasti","PC_NO":58,"PC_NAME":"SHRAWASTI","district":"SHRAWASTI"}},{"type":"Feature","geometry":{"type":"Polygon","coordinates":[[[78.4748,27.8086],[78.2483,27.6707],[78.1597,27.6838],[78.0569,27.5307],[78.2042,27.5022],[78.3314,27.5771],[78.4349,27.5908],[78.5051,27.6233],[78.5182,27.7351],[78.4748,27.8086]]]},"properties":{"AC_NO":80,"AC_NAME":"Sikandra Rao","PC_NO":16,"PC_NAME":"HATHRAS (SC)","district":"HATHRAS"}},{"type":"Feature","geometry":{"type":"Polygon","coordinates":[[[80.6545,27.817],[80.6031,27.7623],[80.4898,27.7755],[80.3101,27.6794],[80.3251,27.5222],[80.3625,27.4811],[80.3974,27.5214],[80.5472,27.5074],[80.5819,27.5691],[80.6752,27.608],[80.6876,27.7373],[80.6545,27.817]]]},"properties":{"AC_NO":145,"AC_NAME":"Maholi","PC_NO":29,"PC_NAME":"DHAURAHRA","district":"SITAPUR"}},{"type":"Feature","geometry":{"type":"Polygon","coordinates":[[[82.447,27.6814],[82.2052,27.8444],[82.1235,27.6908],[82.0353,27.5972],[82.0493,27.523],[82.3715,27.4651],[82.4397,27.5288],[82.447,27.6814]]]},"properties":{"AC_NO":291,"AC_NAME":"Tulsipur","PC_NO":58,"PC_NAME":"SHRAWASTI","district":"BALRAMPUR"}},{"type":"Feature","geometry":{"type":"Polygon","coordinates":[[[78.179,27.7553],[78.0411,27.7817],[77.9908,27.6918],[77.9928,27.6019],[78.0569,27.5307],[78.1597,27.6838],[78.2483,27.6707],[78.179,27.7553]]]},"properties":{"AC_NO":78,"AC_NAME":"Hathras (SC)","PC_NO":16,"PC_NAME":"HATHRAS (SC)","district":"HATHRAS"}},{"type":"Feature","geometry":{"type":"Polygon","coordinates":[[[79.631,27.8152],[79.6158,27.7335],[79.5051,27.7631],[79.4455,27.7318],[79.3589,27.7995],[79.3522,27.6582],[79.5318,27.5926],[79.6479,27.6379],[79.6623,27.4977],[79.737,27.4449],[79.7169,27.586],[79.6842,27.6252],[79.736,27.7192],[79.631,27.8152]]]},"properties":{"AC_NO":132,"AC_NAME":"Jalalabad","PC_NO":27,"PC_NAME":"SHAHJAHANPUR (SC)","district":"SHAHJAHANPUR"}},{"type":"Feature","geometry":{"type":"Polygon","coordinates":[[[78.6792,27.7374],[78.5372,27.7807],[78.5182,27.7351],[78.5051,27.6233],[78.4349,27.5908],[78.5542,27.5551],[78.5977,27.5044],[78.5994,27.5082],[78.6202,27.5788],[78.7167,27.5269],[78.8007,27.6059],[78.7282,27.6367],[78.6792,27.7374]]]},"properties":{"AC_NO":105,"AC_NAME":"Marhara","PC_NO":22,"PC_NAME":"ETAH","district":"ETAH"}},{"type":"Feature","geometry":{"type":"Polygon","coordinates":[[[81.1045,27.797],[81.0247,27.7282],[80.809,27.7351],[80.794,27.576],[80.836,27.5423],[80.9243,27.5722],[80.9608,27.6659],[81.0254,27.6613],[81.0887,27.5876],[81.203,27.7189],[81.1798,27.7842],[81.1045,27.797]]]},"properties":{"AC_NO":148,"AC_NAME":"Laharpur","PC_NO":30,"PC_NAME":"SITAPUR","district":"SITAPUR"}},{"type":"Feature","geometry":{"type":"Polygon","coordinates":[[[80.0594,27.7695],[79.9604,27.7307],[79.8592,27.6497],[79.853,27.5281],[79.9057,27.4249],[79.9955,27.5396],[80.1952,27.5614],[80.1868,27.651],[80.1318,27.7542],[80.0594,27.7695]]]},"properties":{"AC_NO":155,"AC_NAME":"Shahabad","PC_NO":31,"PC_NAME":"HARDOI (SC)","district":"HARDOI"}},{"type":"Feature","geometry":{"type":"Polygon","coordinates":[[[80.1318,27.7542],[80.1868,27.651],[80.1952,27.5614],[80.245,27.5032],[80.2212,27.4364],[80.3257,27.3756],[80.4004,27.3348],[80.4536,27.3597],[80.3625,27.4811],[80.3251,27.5222],[80.3101,27.6794],[80.2883,27.7083],[80.2013,27.7758],[80.1318,27.7542]]]},"properties":{"AC_NO":157,"AC_NAME":"Gopamau (SC)","PC_NO":31,"PC_NAME":"HARDOI (SC)","district":"HARDOI"}},{"type":"Feature","geometry":{"type":"Polygon","coordinates":[[[81.4899,27.7072],[81.3886,27.7545],[81.2793,27.7569],[81.2789,27.6759],[81.2723,27.5893],[81.4109,27.3351],[81.4198,27.3306],[81.5516,27.4968],[81.5758,27.5711],[81.4973,27.5882],[81.4899,27.7072]]]},"properties":{"AC_NO":285,"AC_NAME":"Mahasi","PC_NO":56,"PC_NAME":"BAHRAICH (SC)","district":"BAHRAICH"}},{"type":"Feature","geometry":{"type":"Polygon","coordinates":[[[79.1815,27.7153],[79.1371,27.6426],[79.2068,27.5807],[79.2542,27.3939],[79.3343,27.3641],[79.3874,27.4496],[79.51,27.495],[79.5318,27.5926],[79.3522,27.6582],[79.2226,27.6959],[79.1815,27.7153]]]},"properties":{"AC_NO":192,"AC_NAME":"Kaimganj (SC)","PC_NO":40,"PC_NAME":"FARRUKHABAD","district":"FARRUKHABAD"}},{"type":"Feature","geometry":{"type":"Polygon","coordinates":[[[79.8592,27.6497],[79.736,27.7192],[79.6842,27.6252],[79.7169,27.586],[79.737,27.4449],[79.6914,27.3899],[79.7313,27.2817],[79.6959,27.2498],[79.7156,27.2223],[79.7635,27.1975],[79.9103,27.135],[79.9131,27.1586],[79.9389,27.2531],[79.922,27.3575],[79.9057,27.4249],[79.853,27.5281],[79.8592,27.6497]]]},"properties":{"AC_NO":154,"AC_NAME":"Sawaijpur","PC_NO":31,"PC_NAME":"HARDOI (SC)","district":"HARDOI"}},{"type":"Feature","geometry":{"type":"Polygon","coordinates":[[[81.203,27.7189],[81.0887,27.5876],[81.1103,27.4966],[81.1921,27.4593],[81.2839,27.3495],[81.3176,27.2855],[81.4109,27.3351],[81.2723,27.5893],[81.2789,27.6759],[81.203,27.7189]]]},"properties":{"AC_NO":150,"AC_NAME":"Sevata","PC_NO":30,"PC_NAME":"SITAPUR","district":"SITAPUR"}},{"type":"Feature","geometry":{"type":"Polygon","coordinates":[[[82.447,27.6814],[82.4397,27.5288],[82.3715,27.4651],[82.4041,27.3743],[82.487,27.3412],[82.5838,27.4227],[82.694,27.4089],[82.7362,27.5027],[82.7542,27.5854],[82.6993,27.7221],[82.447,27.6814]]]},"properties":{"AC_NO":292,"AC_NAME":"Gainsari","PC_NO":58,"PC_NAME":"SHRAWASTI","district":"BALRAMPUR"}},{"type":"Feature","geometry":{"type":"Polygon","coordinates":[[[77.7114,27.5371],[77.6765,27.6531],[77.6348,27.6014],[77.5056,27.5569],[77.3549,27.5923],[77.3389,27.5499],[77.6028,27.2922],[77.6183,27.2696],[77.7566,27.4028],[77.7272,27.4608],[77.6719,27.5089],[77.7114,27.5371]]]},"properties":{"AC_NO":83,"AC_NAME":"Goverdhan","PC_NO":17,"PC_NAME":"MATHURA","district":"MATHURA"}},{"type":"Feature","geometry":{"type":"Polygon","coordinates":[[[81.0887,27.5876],[81.0254,27.6613],[80.9608,27.6659],[80.9243,27.5722],[80.836,27.5423],[80.8039,27.4193],[80.8621,27.343],[80.9901,27.4068],[81.1103,27.4966],[81.0887,27.5876]]]},"properties":{"AC_NO":149,"AC_NAME":"Biswan","PC_NO":30,"PC_NAME":"SITAPUR","district":"SITAPUR"}},{"type":"Feature","geometry":{"type":"Polygon","coordinates":[[[79.2068,27.5807],[79.114,27.5569],[79.0323,27.5812],[78.8925,27.5534],[78.9008,27.4679],[78.9603,27.4182],[79.0551,27.4208],[79.2553,27.3304],[79.2542,27.3939],[79.2068,27.5807]]]},"properties":{"AC_NO":103,"AC_NAME":"Aliganj","PC_NO":40,"PC_NAME":"FARRUKHABAD","district":"ETAH"}},{"type":"Feature","geometry":{"type":"Polygon","coordinates":[[[77.8994,27.5798],[77.8929,27.5508],[77.9024,27.3231],[77.9496,27.2823],[77.969,27.2692],[78.0665,27.3679],[78.1969,27.4029],[78.2042,27.5022],[78.0569,27.5307],[77.9928,27.6019],[77.8994,27.5798]]]},"properties":{"AC_NO":79,"AC_NAME":"Sadabad","PC_NO":16,"PC_NAME":"HATHRAS (SC)","district":"HATHRAS"}},{"type":"Feature","geometry":{"type":"Polygon","coordinates":[[[79.5318,27.5926],[79.51,27.495],[79.3874,27.4496],[79.3343,27.3641],[79.2542,27.3939],[79.2553,27.3304],[79.3196,27.2783],[79.4417,27.3794],[79.4988,27.3679],[79.5864,27.4589],[79.6529,27.409],[79.661,27.2678],[79.6959,27.2498],[79.7313,27.2817],[79.6914,27.3899],[79.737,27.4449],[79.6623,27.4977],[79.6479,27.6379],[79.5318,27.5926]]]},"properties":{"AC_NO":193,"AC_NAME":"Amritpur","PC_NO":40,"PC_NAME":"FARRUKHABAD","district":"FARRUKHABAD"}},{"type":"Feature","geometry":{"type":"Polygon","coordinates":[[[78.8388,27.5988],[78.8007,27.6059],[78.7167,27.5269],[78.6202,27.5788],[78.5994,27.5082],[78.7203,27.3442],[78.7646,27.3371],[78.8346,27.3613],[78.9008,27.4679],[78.8925,27.5534],[78.8388,27.5988]]]},"properties":{"AC_NO":104,"AC_NAME":"Etah","PC_NO":22,"PC_NAME":"ETAH","district":"ETAH"}},{"type":"Feature","geometry":{"type":"Polygon","coordinates":[[[78.4349,27.5908],[78.3314,27.5771],[78.2042,27.5022],[78.1969,27.4029],[78.2793,27.3218],[78.3995,27.372],[78.4779,27.3431],[78.4641,27.4254],[78.5432,27.4424],[78.5977,27.5044],[78.5542,27.5551],[78.4349,27.5908]]]},"properties":{"AC_NO":106,"AC_NAME":"Jalesar (SC)","PC_NO":18,"PC_NAME":"AGRA (SC)","district":"ETAH"}},{"type":"Feature","geometry":{"type":"Polygon","coordinates":[[[81.8799,27.5288],[81.7663,27.5297],[81.6431,27.623],[81.5758,27.5711],[81.5516,27.4968],[81.6399,27.4092],[81.8522,27.4882],[81.8799,27.5288]]]},"properties":{"AC_NO":286,"AC_NAME":"Bahraich","PC_NO":56,"PC_NAME":"BAHRAICH (SC)","district":"BAHRAICH"}},{"type":"Feature","geometry":{"type":"Polygon","coordinates":[[[80.6752,27.608],[80.5819,27.5691],[80.5472,27.5074],[80.6608,27.5047],[80.7976,27.4205],[80.8039,27.4193],[80.836,27.5423],[80.794,27.576],[80.6752,27.608]]]},"properties":{"AC_NO":146,"AC_NAME":"Sitapur","PC_NO":30,"PC_NAME":"SITAPUR","district":"SITAPUR"}},{"type":"Feature","geometry":{"type":"Polygon","coordinates":[[[77.8929,27.5508],[77.7044,27.5264],[77.7272,27.4608],[77.7566,27.4028],[77.6183,27.2696],[77.6461,27.2424],[77.7593,27.248],[77.8454,27.2911],[77.9193,27.235],[77.9496,27.2823],[77.9024,27.3231],[77.8929,27.5508]]]},"properties":{"AC_NO":85,"AC_NAME":"Baldev (SC)","PC_NO":17,"PC_NAME":"MATHURA","district":"MATHURA"}},{"type":"Feature","geometry":{"type":"Polygon","coordinates":[[[77.7114,27.5371],[77.6719,27.5089],[77.7272,27.4608],[77.7044,27.5264],[77.7114,27.5371]]]},"properties":{"AC_NO":84,"AC_NAME":"Mathura","PC_NO":17,"PC_NAME":"MATHURA","district":"MATHURA"}},{"type":"Feature","geometry":{"type":"Polygon","coordinates":[[[80.1952,27.5614],[79.9955,27.5396],[79.9057,27.4249],[79.922,27.3575],[80.0814,27.37],[80.266,27.2969],[80.3257,27.3756],[80.2212,27.4364],[80.245,27.5032],[80.1952,27.5614]]]},"properties":{"AC_NO":156,"AC_NAME":"Hardoi","PC_NO":31,"PC_NAME":"HARDOI (SC)","district":"HARDOI"}},{"type":"Feature","geometry":{"type":"Polygon","coordinates":[[[82.3715,27.4651],[82.0493,27.523],[82.0739,27.4049],[82.3063,27.2236],[82.3592,27.3529],[82.4041,27.3743],[82.3715,27.4651]]]},"properties":{"AC_NO":294,"AC_NAME":"Balrampur (SC)","PC_NO":58,"PC_NAME":"SHRAWASTI","district":"BALRAMPUR"}},{"type":"Feature","geometry":{"type":"Polygon","coordinates":[[[78.7203,27.3442],[78.5994,27.5082],[78.5977,27.5044],[78.5432,27.4424],[78.4641,27.4254],[78.4779,27.3431],[78.4452,27.2494],[78.4609,27.1488],[78.6375,27.1897],[78.7384,27.2441],[78.7203,27.3442]]]},"properties":{"AC_NO":96,"AC_NAME":"Jasrana","PC_NO":20,"PC_NAME":"FIROZABAD","district":"FIROZABAD"}},{"type":"Feature","geometry":{"type":"Polygon","coordinates":[[[81.9778,27.4355],[81.9941,27.4827],[81.8799,27.5288],[81.8522,27.4882],[81.6399,27.4092],[81.5703,27.2873],[81.6473,27.189],[81.7337,27.3301],[81.7973,27.2735],[81.9134,27.352],[81.9778,27.4355]]]},"properties":{"AC_NO":287,"AC_NAME":"Payagpur","PC_NO":57,"PC_NAME":"KAISERGANJ","district":"BAHRAICH"}},{"type":"Feature","geometry":{"type":"Polygon","coordinates":[[[80.5472,27.5074],[80.3974,27.5214],[80.3625,27.4811],[80.4536,27.3597],[80.5173,27.2676],[80.622,27.2646],[80.7074,27.2922],[80.7341,27.375],[80.7976,27.4205],[80.6608,27.5047],[80.5472,27.5074]]]},"properties":{"AC_NO":153,"AC_NAME":"Misrikh (SC)","PC_NO":32,"PC_NAME":"MISRIKH (SC)","district":"SITAPUR"}},{"type":"Feature","geometry":{"type":"Polygon","coordinates":[[[81.2839,27.3495],[81.1921,27.4593],[81.1103,27.4966],[80.9901,27.4068],[81.0114,27.3537],[80.9689,27.2402],[81.1828,27.2455],[81.2839,27.3495]]]},"properties":{"AC_NO":151,"AC_NAME":"Mahmoodabad","PC_NO":30,"PC_NAME":"SITAPUR","district":"SITAPUR"}},{"type":"Feature","geometry":{"type":"Polygon","coordinates":[[[82.7362,27.5027],[82.694,27.4089],[82.7459,27.329],[82.9081,27.2936],[82.9452,27.295],[83.0193,27.3012],[83.1085,27.4002],[83.1042,27.4542],[82.9668,27.4643],[82.9298,27.5013],[82.7362,27.5027]]]},"properties":{"AC_NO":302,"AC_NAME":"Shohratgarh","PC_NO":60,"PC_NAME":"DOMARIYAGANJ","district":"SIDDHARTHNAGAR"}},{"type":"Feature","geometry":{"type":"Polygon","coordinates":[[[79.0551,27.4208],[78.9603,27.4182],[78.9008,27.4679],[78.8346,27.3613],[78.7646,27.3371],[78.8615,27.3097],[78.9068,27.2035],[78.9972,27.2176],[79.0592,27.2062],[79.087,27.2509],[79.0551,27.4208]]]},"properties":{"AC_NO":107,"AC_NAME":"Mainpuri","PC_NO":21,"PC_NAME":"MAINPURI","district":"MAINPURI"}},{"type":"Feature","geometry":{"type":"Polygon","coordinates":[[[81.6399,27.4092],[81.5516,27.4968],[81.4198,27.3306],[81.447,27.1309],[81.5049,27.059],[81.6413,27.1662],[81.6473,27.189],[81.5703,27.2873],[81.6399,27.4092]]]},"properties":{"AC_NO":288,"AC_NAME":"Kaiserganj","PC_NO":57,"PC_NAME":"KAISERGANJ","district":"BAHRAICH"}},{"type":"Feature","geometry":{"type":"Polygon","coordinates":[[[83.7352,27.4141],[83.6149,27.4691],[83.388,27.4793],[83.4094,27.4125],[83.3375,27.3338],[83.3696,27.2806],[83.3,27.2223],[83.434,27.1581],[83.6191,27.3527],[83.7352,27.4141]]]},"properties":{"AC_NO":316,"AC_NAME":"Nautanwa","PC_NO":63,"PC_NAME":"MAHARAJGANJ","district":"MAHRAJGANJ"}},{"type":"Feature","geometry":{"type":"Polygon","coordinates":[[[79.661,27.2678],[79.6529,27.409],[79.5864,27.4589],[79.4988,27.3679],[79.5333,27.376],[79.661,27.2678]]]},"properties":{"AC_NO":194,"AC_NAME":"Farrukhabad","PC_NO":40,"PC_NAME":"FARRUKHABAD","district":"FARRUKHABAD"}},{"type":"Feature","geometry":{"type":"Polygon","coordinates":[[[83.1042,27.4542],[83.1085,27.4002],[83.0193,27.3012],[82.9452,27.295],[83.0311,27.1928],[83.1284,27.141],[83.1286,27.1416],[83.2928,27.3361],[83.1882,27.4539],[83.1042,27.4542]]]},"properties":{"AC_NO":303,"AC_NAME":"Kapilvastu (SC)","PC_NO":60,"PC_NAME":"DOMARIYAGANJ","district":"SIDDHARTHNAGAR"}},{"type":"Feature","geometry":{"type":"Polygon","coordinates":[[[79.2553,27.3304],[79.0551,27.4208],[79.087,27.2509],[79.0592,27.2062],[79.1548,27.2434],[79.2038,27.1801],[79.3106,27.1718],[79.3772,27.2039],[79.3196,27.2783],[79.2553,27.3304]]]},"properties":{"AC_NO":108,"AC_NAME":"Bhongaon","PC_NO":21,"PC_NAME":"MAINPURI","district":"MAINPURI"}},{"type":"Feature","geometry":{"type":"Polygon","coordinates":[[[78.1969,27.4029],[78.0665,27.3679],[77.969,27.2692],[77.9679,27.2455],[78.0287,27.2022],[78.0254,27.1845],[78.0522,27.1896],[78.1988,27.2005],[78.2793,27.3218],[78.1969,27.4029]]]},"properties":{"AC_NO":86,"AC_NAME":"Etmadpur","PC_NO":18,"PC_NAME":"AGRA (SC)","district":"AGRA"}},{"type":"Feature","geometry":{"type":"Polygon","coordinates":[[[81.9778,27.4355],[81.9134,27.352],[81.9984,27.2711],[82.144,27.1378],[82.2337,27.167],[82.3063,27.2236],[82.0739,27.4049],[81.9778,27.4355]]]},"properties":{"AC_NO":295,"AC_NAME":"Mehnaun","PC_NO":59,"PC_NAME":"GONDA","district":"GONDA"}},{"type":"Feature","geometry":{"type":"Polygon","coordinates":[[[80.8039,27.4193],[80.7976,27.4205],[80.7341,27.375],[80.7074,27.2922],[80.622,27.2646],[80.6556,27.2267],[80.7977,27.1998],[80.827,27.0999],[80.8353,27.1033],[80.9306,27.1587],[80.9689,27.2402],[81.0114,27.3537],[80.9901,27.4068],[80.8621,27.343],[80.8039,27.4193]]]},"properties":{"AC_NO":152,"AC_NAME":"Sidhauli (SC)","PC_NO":34,"PC_NAME":"MOHANLALGANJ (SC)","district":"SITAPUR"}},{"type":"Feature","geometry":{"type":"Polygon","coordinates":[[[82.694,27.4089],[82.5838,27.4227],[82.487,27.3412],[82.5529,27.2152],[82.6161,27.3065],[82.7026,27.2233],[82.7994,27.2002],[82.8153,27.2585],[82.9081,27.2936],[82.7459,27.329],[82.694,27.4089]]]},"properties":{"AC_NO":305,"AC_NAME":"Itwa","PC_NO":60,"PC_NAME":"DOMARIYAGANJ","district":"SIDDHARTHNAGAR"}},{"type":"Feature","geometry":{"type":"Polygon","coordinates":[[[83.7352,27.4141],[83.6191,27.3527],[83.6235,27.2274],[83.7482,27.0789],[83.8019,27.111],[83.8074,27.2498],[83.9068,27.2756],[83.8638,27.3468],[83.7352,27.4141]]]},"properties":{"AC_NO":317,"AC_NAME":"Siswa","PC_NO":63,"PC_NAME":"MAHARAJGANJ","district":"MAHRAJGANJ"}},{"type":"Feature","geometry":{"type":"Polygon","coordinates":[[[80.4004,27.3348],[80.3257,27.3756],[80.266,27.2969],[80.0814,27.37],[79.922,27.3575],[79.9389,27.2531],[79.9131,27.1586],[80.0558,27.2031],[80.2536,27.1507],[80.4004,27.3348]]]},"properties":{"AC_NO":158,"AC_NAME":"Sandi (SC)","PC_NO":31,"PC_NAME":"HARDOI (SC)","district":"HARDOI"}},{"type":"Feature","geometry":{"type":"Polygon","coordinates":[[[78.4779,27.3431],[78.3995,27.372],[78.2793,27.3218],[78.1988,27.2005],[78.2018,27.1157],[78.2979,27.1206],[78.3852,27.1671],[78.4157,27.1479],[78.4609,27.1488],[78.4452,27.2494],[78.4779,27.3431]]]},"properties":{"AC_NO":95,"AC_NAME":"Tundla (SC)","PC_NO":20,"PC_NAME":"FIROZABAD","district":"FIROZABAD"}},{"type":"Feature","geometry":{"type":"Polygon","coordinates":[[[79.4988,27.3679],[79.4417,27.3794],[79.3196,27.2783],[79.3772,27.2039],[79.3962,27.1968],[79.5188,27.2089],[79.5552,27.1569],[79.7156,27.2223],[79.6959,27.2498],[79.661,27.2678],[79.5333,27.376],[79.4988,27.3679]]]},"properties":{"AC_NO":195,"AC_NAME":"Bhojpur","PC_NO":40,"PC_NAME":"FARRUKHABAD","district":"FARRUKHABAD"}},{"type":"Feature","geometry":{"type":"Polygon","coordinates":[[[82.4041,27.3743],[82.3592,27.3529],[82.3063,27.2236],[82.2337,27.167],[82.2846,27.1221],[82.337,27.0541],[82.4794,27.1523],[82.5529,27.2152],[82.487,27.3412],[82.4041,27.3743]]]},"properties":{"AC_NO":293,"AC_NAME":"Utraula","PC_NO":59,"PC_NAME":"GONDA","district":"BALRAMPUR"}},{"type":"Feature","geometry":{"type":"Polygon","coordinates":[[[78.7646,27.3371],[78.7203,27.3442],[78.7384,27.2441],[78.8067,27.1438],[78.762,27.0525],[78.8062,26.9586],[78.925,26.9846],[79.0348,26.9672],[78.9949,27.1051],[78.9972,27.2176],[78.9068,27.2035],[78.8615,27.3097],[78.7646,27.3371]]]},"properties":{"AC_NO":110,"AC_NAME":"Karhal","PC_NO":21,"PC_NAME":"MAINPURI","district":"MAINPURI"}},{"type":"Feature","geometry":{"type":"Polygon","coordinates":[[[81.9984,27.2711],[81.9134,27.352],[81.7973,27.2735],[81.7337,27.3301],[81.6473,27.189],[81.6413,27.1662],[81.7492,27.0859],[81.8666,27.1181],[81.9095,27.2372],[81.9984,27.2711]]]},"properties":{"AC_NO":297,"AC_NAME":"Katra Bazar","PC_NO":57,"PC_NAME":"KAISERGANJ","district":"GONDA"}},{"type":"Feature","geometry":{"type":"Polygon","coordinates":[[[80.4536,27.3597],[80.4004,27.3348],[80.2536,27.1507],[80.2837,27.0293],[80.3995,26.9113],[80.4709,26.979],[80.4904,26.9896],[80.4571,27.0263],[80.5283,27.1965],[80.6556,27.2267],[80.622,27.2646],[80.5173,27.2676],[80.4536,27.3597]]]},"properties":{"AC_NO":160,"AC_NAME":"Balamau (SC)","PC_NO":32,"PC_NAME":"MISRIKH (SC)","district":"HARDOI"}},{"type":"Feature","geometry":{"type":"Polygon","coordinates":[[[83.7482,27.0789],[83.6235,27.2274],[83.6191,27.3527],[83.434,27.1581],[83.4239,27.0942],[83.6708,27.0647],[83.7443,27.0184],[83.7482,27.0789]]]},"properties":{"AC_NO":318,"AC_NAME":"Maharajganj (SC)","PC_NO":63,"PC_NAME":"MAHARAJGANJ","district":"MAHRAJGANJ"}},{"type":"Feature","geometry":{"type":"Polygon","coordinates":[[[81.2839,27.3495],[81.1828,27.2455],[80.9689,27.2402],[80.9306,27.1587],[81.0091,27.1426],[81.0274,26.9859],[81.0794,27.0204],[81.0782,27.1098],[81.2475,27.07],[81.2695,27.0583],[81.2749,27.1666],[81.3176,27.2855],[81.2839,27.3495]]]},"properties":{"AC_NO":266,"AC_NAME":"Kursi","PC_NO":53,"PC_NAME":"BARABANKI (SC)","district":"BARA BANKI"}},{"type":"Feature","geometry":{"type":"Polygon","coordinates":[[[77.9193,27.235],[77.8454,27.2911],[77.7593,27.248],[77.6461,27.2424],[77.6186,27.1725],[77.5502,27.1105],[77.5644,27.0333],[77.7628,27.0032],[77.8559,27.0429],[77.8382,27.1523],[77.9193,27.235]]]},"properties":{"AC_NO":91,"AC_NAME":"Fatehpur Sikri","PC_NO":19,"PC_NAME":"FATEHPUR SIKRI","district":"AGRA"}},{"type":"Feature","geometry":{"type":"Polygon","coordinates":[[[77.9496,27.2823],[77.9193,27.235],[77.8382,27.1523],[77.8559,27.0429],[77.9533,27.0475],[78.0492,27.052],[78.2018,27.1157],[78.1988,27.2005],[78.0522,27.1896],[77.9549,27.1655],[77.9432,27.1801],[77.9679,27.2455],[77.969,27.2692],[77.9496,27.2823]]]},"properties":{"AC_NO":90,"AC_NAME":"Agra Rural (SC)","PC_NO":19,"PC_NAME":"FATEHPUR SIKRI","district":"AGRA"}},{"type":"Feature","geometry":{"type":"Polygon","coordinates":[[[83.2928,27.3361],[83.1286,27.1416],[83.1758,27.0878],[83.3156,27.0498],[83.4014,27.0857],[83.4239,27.0942],[83.434,27.1581],[83.3,27.2223],[83.3696,27.2806],[83.3375,27.3338],[83.2928,27.3361]]]},"properties":{"AC_NO":315,"AC_NAME":"Pharenda","PC_NO":63,"PC_NAME":"MAHARAJGANJ","district":"MAHRAJGANJ"}},{"type":"Feature","geometry":{"type":"Polygon","coordinates":[[[81.4109,27.3351],[81.3176,27.2855],[81.2749,27.1666],[81.2695,27.0583],[81.3704,26.9109],[81.5659,27.0202],[81.5049,27.059],[81.447,27.1309],[81.4198,27.3306],[81.4109,27.3351]]]},"properties":{"AC_NO":267,"AC_NAME":"Ram Nagar","PC_NO":53,"PC_NAME":"BARABANKI (SC)","district":"BARA BANKI"}},{"type":"Feature","geometry":{"type":"Polygon","coordinates":[[[83.9068,27.2756],[83.8074,27.2498],[83.8019,27.111],[83.7482,27.0789],[83.7443,27.0184],[83.7644,27.0005],[83.8758,26.9439],[83.936,27.0434],[84,27.0695],[83.9477,27.1125],[83.9874,27.197],[83.9068,27.2756]]]},"properties":{"AC_NO":329,"AC_NAME":"Khadda","PC_NO":65,"PC_NAME":"KUSHI NAGAR","district":"KUSHINAGAR"}},{"type":"Feature","geometry":{"type":"MultiPolygon","coordinates":[[[[82.9491,27.0271],[82.8721,27.0391],[82.9029,27.0214],[82.9491,27.0271]]],[[[82.7994,27.2002],[82.7026,27.2233],[82.6161,27.3065],[82.5529,27.2152],[82.4794,27.1523],[82.563,27.0772],[82.671,27.125],[82.7995,27.0731],[82.9294,27.1243],[82.7994,27.2002]]]]},"properties":{"AC_NO":306,"AC_NAME":"Domariyaganj","PC_NO":60,"PC_NAME":"DOMARIYAGANJ","district":"SIDDHARTHNAGAR"}},{"type":"Feature","geometry":{"type":"Polygon","coordinates":[[[82.9452,27.295],[82.9081,27.2936],[82.8153,27.2585],[82.7994,27.2002],[82.9294,27.1243],[82.7995,27.0731],[82.8721,27.0391],[82.9491,27.0271],[83.0325,27.0961],[83.1238,27.1006],[83.1284,27.141],[83.0311,27.1928],[82.9452,27.295]]]},"properties":{"AC_NO":304,"AC_NAME":"Bansi","PC_NO":60,"PC_NAME":"DOMARIYAGANJ","district":"SIDDHARTHNAGAR"}},{"type":"Feature","geometry":{"type":"Polygon","coordinates":[[[78.0287,27.2022],[77.9679,27.2455],[77.9432,27.1801],[78.0287,27.2022]]]},"properties":{"AC_NO":89,"AC_NAME":"Agra North","PC_NO":18,"PC_NAME":"AGRA (SC)","district":"AGRA"}},{"type":"Feature","geometry":{"type":"Polygon","coordinates":[[[78.3852,27.1671],[78.2979,27.1206],[78.4231,27.0524],[78.4508,26.9854],[78.5428,26.9615],[78.6626,27.1088],[78.6375,27.1897],[78.4609,27.1488],[78.4157,27.1479],[78.371,27.1268],[78.3852,27.1671]]]},"properties":{"AC_NO":98,"AC_NAME":"Shikohabad","PC_NO":20,"PC_NAME":"FIROZABAD","district":"FIROZABAD"}},{"type":"Feature","geometry":{"type":"Polygon","coordinates":[[[78.7384,27.2441],[78.6375,27.1897],[78.6626,27.1088],[78.5428,26.9615],[78.6353,26.8825],[78.7456,26.9142],[78.8062,26.9586],[78.762,27.0525],[78.8067,27.1438],[78.7384,27.2441]]]},"properties":{"AC_NO":99,"AC_NAME":"Sirsaganj","PC_NO":20,"PC_NAME":"FIROZABAD","district":"FIROZABAD"}},{"type":"Feature","geometry":{"type":"Polygon","coordinates":[[[79.3772,27.2039],[79.3106,27.1718],[79.2038,27.1801],[79.1548,27.2434],[79.0592,27.2062],[78.9972,27.2176],[78.9949,27.1051],[79.0348,26.9672],[79.1342,27.0008],[79.325,26.9599],[79.4247,27.0623],[79.3962,27.1968],[79.3772,27.2039]]]},"properties":{"AC_NO":109,"AC_NAME":"Kishani (SC)","PC_NO":21,"PC_NAME":"MAINPURI","district":"MAINPURI"}},{"type":"Feature","geometry":{"type":"Polygon","coordinates":[[[82.144,27.1378],[81.9984,27.2711],[81.9095,27.2372],[81.8666,27.1181],[81.9544,27.1182],[82.0093,27.0548],[82.0765,27.056],[82.144,27.1378]]]},"properties":{"AC_NO":296,"AC_NAME":"Gonda","PC_NO":59,"PC_NAME":"GONDA","district":"GONDA"}},{"type":"Feature","geometry":{"type":"Polygon","coordinates":[[[80.2536,27.1507],[80.0558,27.2031],[79.9131,27.1586],[79.9103,27.135],[79.9512,27.1141],[80.016,26.9551],[80.0445,26.9251],[80.1136,26.9965],[80.1899,26.9613],[80.2837,27.0293],[80.2536,27.1507]]]},"properties":{"AC_NO":159,"AC_NAME":"Bilgram-Mallanwan","PC_NO":32,"PC_NAME":"MISRIKH (SC)","district":"HARDOI"}},{"type":"Feature","geometry":{"type":"Polygon","coordinates":[[[78.0254,27.1845],[78.0287,27.2022],[77.9432,27.1801],[77.9549,27.1655],[78.0254,27.1845]]]},"properties":{"AC_NO":88,"AC_NAME":"Agra South","PC_NO":18,"PC_NAME":"AGRA (SC)","district":"AGRA"}},{"type":"Feature","geometry":{"type":"Polygon","coordinates":[[[79.3962,27.1968],[79.4247,27.0623],[79.5054,27.073],[79.71,27.0037],[79.7635,27.1975],[79.7156,27.2223],[79.5552,27.1569],[79.5188,27.2089],[79.3962,27.1968]]]},"properties":{"AC_NO":196,"AC_NAME":"Chhibramau","PC_NO":42,"PC_NAME":"KANNAUJ","district":"KANNAUJ"}},{"type":"Feature","geometry":{"type":"Polygon","coordinates":[[[80.6556,27.2267],[80.5283,27.1965],[80.4571,27.0263],[80.4904,26.9896],[80.5604,27.0104],[80.6465,27.0782],[80.827,27.0999],[80.7977,27.1998],[80.6556,27.2267]]]},"properties":{"AC_NO":161,"AC_NAME":"Sandila","PC_NO":32,"PC_NAME":"MISRIKH (SC)","district":"HARDOI"}},{"type":"Feature","geometry":{"type":"Polygon","coordinates":[[[78.0522,27.1896],[78.0254,27.1845],[77.9549,27.1655],[78.0522,27.1896]]]},"properties":{"AC_NO":87,"AC_NAME":"Agra Cantt. (SC)","PC_NO":18,"PC_NAME":"AGRA (SC)","district":"AGRA"}},{"type":"Feature","geometry":{"type":"Polygon","coordinates":[[[78.4157,27.1479],[78.3852,27.1671],[78.371,27.1268],[78.4157,27.1479]]]},"properties":{"AC_NO":97,"AC_NAME":"Firozabad","PC_NO":20,"PC_NAME":"FIROZABAD","district":"FIROZABAD"}},{"type":"Feature","geometry":{"type":"Polygon","coordinates":[[[79.7635,27.1975],[79.71,27.0037],[79.8504,26.9967],[79.857,26.8267],[79.8931,26.8244],[79.9448,26.9452],[80.016,26.9551],[79.9512,27.1141],[79.9103,27.135],[79.7635,27.1975]]]},"properties":{"AC_NO":198,"AC_NAME":"Kannauj (SC)","PC_NO":42,"PC_NAME":"KANNAUJ","district":"KANNAUJ"}},{"type":"Feature","geometry":{"type":"Polygon","coordinates":[[[78.2979,27.1206],[78.2018,27.1157],[78.0492,27.052],[77.9533,27.0475],[77.9825,26.9882],[78.1014,26.9175],[78.1251,26.9493],[78.2643,26.9274],[78.4508,26.9854],[78.4231,27.0524],[78.2979,27.1206]]]},"properties":{"AC_NO":93,"AC_NAME":"Fatehabad","PC_NO":19,"PC_NAME":"FATEHPUR SIKRI","district":"AGRA"}},{"type":"Feature","geometry":{"type":"Polygon","coordinates":[[[82.2846,27.1221],[82.2337,27.167],[82.144,27.1378],[82.0765,27.056],[82.0093,27.0548],[82.116,26.9271],[81.9939,26.7861],[82.0653,26.8076],[82.1862,26.8371],[82.229,26.8124],[82.2339,26.92],[82.2999,26.9637],[82.2574,27.0778],[82.2846,27.1221]]]},"properties":{"AC_NO":300,"AC_NAME":"Mankapur (SC)","PC_NO":59,"PC_NAME":"GONDA","district":"GONDA"}},{"type":"Feature","geometry":{"type":"Polygon","coordinates":[[[81.8666,27.1181],[81.7492,27.0859],[81.6413,27.1662],[81.5049,27.059],[81.5659,27.0202],[81.7665,26.8846],[81.856,26.9539],[81.9544,27.1182],[81.8666,27.1181]]]},"properties":{"AC_NO":298,"AC_NAME":"Colonelganj","PC_NO":57,"PC_NAME":"KAISERGANJ","district":"GONDA"}},{"type":"Feature","geometry":{"type":"Polygon","coordinates":[[[82.563,27.0772],[82.4794,27.1523],[82.337,27.0541],[82.2846,27.1221],[82.2574,27.0778],[82.2999,26.9637],[82.4884,26.9057],[82.5833,26.9964],[82.563,27.0772]]]},"properties":{"AC_NO":301,"AC_NAME":"Gaura","PC_NO":59,"PC_NAME":"GONDA","district":"GONDA"}},{"type":"Feature","geometry":{"type":"Polygon","coordinates":[[[80.8353,27.1033],[80.8257,26.948],[80.8652,26.9146],[80.8832,26.8925],[80.981,26.9258],[81.0086,26.846],[80.969,26.8335],[81.0018,26.8224],[81.0265,26.8176],[81.0901,26.8361],[81.0982,26.8838],[81.0274,26.9859],[81.0091,27.1426],[80.9306,27.1587],[80.8353,27.1033]]]},"properties":{"AC_NO":169,"AC_NAME":"Bakshi Kaa Talab","PC_NO":34,"PC_NAME":"MOHANLALGANJ (SC)","district":"LUCKNOW"}},{"type":"Feature","geometry":{"type":"Polygon","coordinates":[[[83.1284,27.141],[83.1238,27.1006],[83.1682,27.0004],[83.2259,26.9783],[83.2157,26.8856],[83.258,26.7603],[83.3346,26.7463],[83.3434,26.7665],[83.3124,26.8173],[83.2921,26.8691],[83.3715,26.958],[83.3294,26.9813],[83.4014,27.0857],[83.3156,27.0498],[83.1758,27.0878],[83.1286,27.1416],[83.1284,27.141]]]},"properties":{"AC_NO":320,"AC_NAME":"Caimpiyarganj","PC_NO":64,"PC_NAME":"GORAKHPUR","district":"GORAKHPUR"}},{"type":"Feature","geometry":{"type":"Polygon","coordinates":[[[82.7995,27.0731],[82.671,27.125],[82.563,27.0772],[82.5833,26.9964],[82.6985,26.8721],[82.8458,26.8753],[82.9182,26.9179],[82.9029,27.0214],[82.8721,27.0391],[82.7995,27.0731]]]},"properties":{"AC_NO":309,"AC_NAME":"Rudhauli","PC_NO":61,"PC_NAME":"BASTI","district":"BASTI"}},{"type":"Feature","geometry":{"type":"Polygon","coordinates":[[[81.2475,27.07],[81.0782,27.1098],[81.0794,27.0204],[81.0274,26.9859],[81.0982,26.8838],[81.0901,26.8361],[81.1207,26.8358],[81.2482,26.9207],[81.2475,27.07]]]},"properties":{"AC_NO":268,"AC_NAME":"Barabanki","PC_NO":53,"PC_NAME":"BARABANKI (SC)","district":"BARA BANKI"}},{"type":"Feature","geometry":{"type":"Polygon","coordinates":[[[82.0093,27.0548],[81.9544,27.1182],[81.856,26.9539],[81.7665,26.8846],[81.7816,26.8708],[81.8553,26.8386],[81.9939,26.7861],[82.116,26.9271],[82.0093,27.0548]]]},"properties":{"AC_NO":299,"AC_NAME":"Tarabganj","PC_NO":57,"PC_NAME":"KAISERGANJ","district":"GONDA"}},{"type":"Feature","geometry":{"type":"Polygon","coordinates":[[[77.9533,27.0475],[77.8559,27.0429],[77.7628,27.0032],[77.4603,26.8855],[77.4224,26.8403],[77.4549,26.742],[77.5006,26.8163],[77.675,26.8577],[77.7595,26.9327],[77.8788,26.9007],[77.8923,26.8877],[78.1014,26.9175],[77.9825,26.9882],[77.9533,27.0475]]]},"properties":{"AC_NO":92,"AC_NAME":"Kheragarh","PC_NO":19,"PC_NAME":"FATEHPUR SIKRI","district":"AGRA"}},{"type":"Feature","geometry":{"type":"Polygon","coordinates":[[[80.827,27.0999],[80.6465,27.0782],[80.5604,27.0104],[80.6267,26.8892],[80.6915,26.8452],[80.8067,26.8341],[80.8409,26.7707],[80.8714,26.7929],[80.8618,26.7984],[80.8404,26.8713],[80.8652,26.9146],[80.8257,26.948],[80.8353,27.1033],[80.827,27.0999]]]},"properties":{"AC_NO":168,"AC_NAME":"Malihabad (SC)","PC_NO":34,"PC_NAME":"MOHANLALGANJ (SC)","district":"LUCKNOW"}},{"type":"Feature","geometry":{"type":"Polygon","coordinates":[[[83.1238,27.1006],[83.0325,27.0961],[82.9491,27.0271],[82.9029,27.0214],[82.9182,26.9179],[82.9637,26.854],[83.0976,26.8059],[83.2157,26.8856],[83.2259,26.9783],[83.1682,27.0004],[83.1238,27.1006]]]},"properties":{"AC_NO":312,"AC_NAME":"Menhdawal","PC_NO":62,"PC_NAME":"SANT KABIR NAGAR","district":"SANT KABIR NAGAR"}},{"type":"Feature","geometry":{"type":"Polygon","coordinates":[[[83.4239,27.0942],[83.4014,27.0857],[83.3294,26.9813],[83.3715,26.958],[83.4492,26.9602],[83.5449,26.8858],[83.6243,26.9557],[83.724,26.9512],[83.7644,27.0005],[83.7443,27.0184],[83.6708,27.0647],[83.4239,27.0942]]]},"properties":{"AC_NO":319,"AC_NAME":"Paniyra","PC_NO":63,"PC_NAME":"MAHARAJGANJ","district":"MAHRAJGANJ"}},{"type":"Feature","geometry":{"type":"Polygon","coordinates":[[[79.71,27.0037],[79.5054,27.073],[79.4247,27.0623],[79.325,26.9599],[79.3485,26.9344],[79.5603,26.8594],[79.6649,26.8863],[79.7562,26.7821],[79.857,26.8267],[79.8504,26.9967],[79.71,27.0037]]]},"properties":{"AC_NO":197,"AC_NAME":"Tirwa","PC_NO":42,"PC_NAME":"KANNAUJ","district":"KANNAUJ"}},{"type":"Feature","geometry":{"type":"Polygon","coordinates":[[[84,27.0695],[83.936,27.0434],[83.8758,26.9439],[83.9214,26.879],[84.0746,26.8158],[84.0877,26.8818],[84.0524,26.9064],[84.0493,27.0439],[84,27.0695]]]},"properties":{"AC_NO":330,"AC_NAME":"Padrauna","PC_NO":65,"PC_NAME":"KUSHI NAGAR","district":"KUSHINAGAR"}},{"type":"Feature","geometry":{"type":"Polygon","coordinates":[[[81.2695,27.0583],[81.2475,27.07],[81.2482,26.9207],[81.1207,26.8358],[81.2144,26.7225],[81.295,26.7842],[81.4471,26.6749],[81.4514,26.7644],[81.3704,26.9109],[81.2695,27.0583]]]},"properties":{"AC_NO":269,"AC_NAME":"Zaidpur (SC)","PC_NO":53,"PC_NAME":"BARABANKI (SC)","district":"BARA BANKI"}},{"type":"Feature","geometry":{"type":"Polygon","coordinates":[[[80.2837,27.0293],[80.1899,26.9613],[80.1136,26.9965],[80.0445,26.9251],[80.1423,26.8595],[80.1176,26.7749],[80.1975,26.6997],[80.2854,26.7294],[80.3995,26.9113],[80.2837,27.0293]]]},"properties":{"AC_NO":162,"AC_NAME":"Bangermau","PC_NO":33,"PC_NAME":"UNNAO","district":"UNNAO"}},{"type":"Feature","geometry":{"type":"Polygon","coordinates":[[[79.325,26.9599],[79.1342,27.0008],[79.0348,26.9672],[78.925,26.9846],[78.8062,26.9586],[78.7456,26.9142],[78.8491,26.8176],[78.9623,26.8299],[79.0489,26.8828],[79.1665,26.8509],[79.3382,26.8004],[79.3485,26.9344],[79.325,26.9599]]]},"properties":{"AC_NO":199,"AC_NAME":"Jaswantnagar","PC_NO":21,"PC_NAME":"MAINPURI","district":"ETAWAH"}},{"type":"Feature","geometry":{"type":"Polygon","coordinates":[[[78.4508,26.9854],[78.2643,26.9274],[78.223,26.8307],[78.3626,26.8692],[78.3989,26.8185],[78.5455,26.7636],[78.7797,26.7587],[78.8491,26.8176],[78.7456,26.9142],[78.6353,26.8825],[78.5428,26.9615],[78.4508,26.9854]]]},"properties":{"AC_NO":94,"AC_NAME":"Bah","PC_NO":19,"PC_NAME":"FATEHPUR SIKRI","district":"AGRA"}},{"type":"Feature","geometry":{"type":"Polygon","coordinates":[[[81.5659,27.0202],[81.3704,26.9109],[81.4514,26.7644],[81.4471,26.6749],[81.5571,26.6875],[81.5171,26.7714],[81.7816,26.8708],[81.7665,26.8846],[81.5659,27.0202]]]},"properties":{"AC_NO":270,"AC_NAME":"Dariyabad","PC_NO":54,"PC_NAME":"FAIZABAD","district":"BARA BANKI"}},{"type":"Feature","geometry":{"type":"Polygon","coordinates":[[[80.4904,26.9896],[80.4709,26.979],[80.5798,26.8107],[80.5265,26.759],[80.5115,26.6583],[80.5934,26.5851],[80.6565,26.5738],[80.7994,26.6482],[80.7283,26.6562],[80.6915,26.8452],[80.6267,26.8892],[80.5604,27.0104],[80.4904,26.9896]]]},"properties":{"AC_NO":164,"AC_NAME":"Mohan (SC)","PC_NO":33,"PC_NAME":"UNNAO","district":"UNNAO"}},{"type":"Feature","geometry":{"type":"Polygon","coordinates":[[[83.7644,27.0005],[83.724,26.9512],[83.6243,26.9557],[83.5449,26.8858],[83.5849,26.8068],[83.681,26.8853],[83.8076,26.8611],[83.9214,26.879],[83.8758,26.9439],[83.7644,27.0005]]]},"properties":{"AC_NO":335,"AC_NAME":"Ramkola (SC)","PC_NO":65,"PC_NAME":"KUSHI NAGAR","district":"KUSHINAGAR"}},{"type":"Feature","geometry":{"type":"Polygon","coordinates":[[[82.5833,26.9964],[82.4884,26.9057],[82.5206,26.7346],[82.4781,26.6682],[82.4799,26.6695],[82.6032,26.608],[82.6654,26.7569],[82.6985,26.8721],[82.5833,26.9964]]]},"properties":{"AC_NO":308,"AC_NAME":"Kaptanganj","PC_NO":61,"PC_NAME":"BASTI","district":"BASTI"}},{"type":"Feature","geometry":{"type":"Polygon","coordinates":[[[80.4709,26.979],[80.3995,26.9113],[80.2854,26.7294],[80.1975,26.6997],[80.2988,26.6777],[80.3736,26.6452],[80.5115,26.6583],[80.5265,26.759],[80.5798,26.8107],[80.4709,26.979]]]},"properties":{"AC_NO":163,"AC_NAME":"Safipur (SC)","PC_NO":33,"PC_NAME":"UNNAO","district":"UNNAO"}},{"type":"Feature","geometry":{"type":"Polygon","coordinates":[[[82.2999,26.9637],[82.2339,26.92],[82.229,26.8124],[82.3741,26.7127],[82.4781,26.6682],[82.5206,26.7346],[82.4884,26.9057],[82.2999,26.9637]]]},"properties":{"AC_NO":307,"AC_NAME":"Harraiya","PC_NO":61,"PC_NAME":"BASTI","district":"BASTI"}},{"type":"Feature","geometry":{"type":"Polygon","coordinates":[[[80.016,26.9551],[79.9448,26.9452],[79.8931,26.8244],[79.9407,26.7964],[80.0256,26.6069],[80.1634,26.5225],[80.2798,26.6373],[80.2988,26.6777],[80.1975,26.6997],[80.1176,26.7749],[80.1423,26.8595],[80.0445,26.9251],[80.016,26.9551]]]},"properties":{"AC_NO":209,"AC_NAME":"Bilhaur (SC)","PC_NO":32,"PC_NAME":"MISRIKH (SC)","district":"KANPUR NAGAR"}},{"type":"Feature","geometry":{"type":"Polygon","coordinates":[[[79.3485,26.9344],[79.3382,26.8004],[79.3349,26.7902],[79.4406,26.7544],[79.5256,26.7705],[79.5817,26.6068],[79.6337,26.5902],[79.7071,26.6436],[79.6906,26.7316],[79.7562,26.7821],[79.6649,26.8863],[79.5603,26.8594],[79.3485,26.9344]]]},"properties":{"AC_NO":202,"AC_NAME":"Bidhuna","PC_NO":42,"PC_NAME":"KANNAUJ","district":"AURAIYA"}},{"type":"Feature","geometry":{"type":"Polygon","coordinates":[[[83.5449,26.8858],[83.4492,26.9602],[83.3715,26.958],[83.2921,26.8691],[83.3124,26.8173],[83.4206,26.7692],[83.4887,26.7543],[83.6129,26.7472],[83.5849,26.8068],[83.5449,26.8858]]]},"properties":{"AC_NO":321,"AC_NAME":"Pipraich","PC_NO":64,"PC_NAME":"GORAKHPUR","district":"GORAKHPUR"}},{"type":"Feature","geometry":{"type":"Polygon","coordinates":[[[80.981,26.9258],[80.8832,26.8925],[80.9072,26.8663],[80.9333,26.8588],[80.981,26.9258]]]},"properties":{"AC_NO":172,"AC_NAME":"Lucknow North","PC_NO":35,"PC_NAME":"LUCKNOW","district":"LUCKNOW"}},{"type":"Feature","geometry":{"type":"Polygon","coordinates":[[[82.9182,26.9179],[82.8458,26.8753],[82.8845,26.7857],[82.9629,26.7268],[82.9668,26.6781],[83.1009,26.6586],[83.0976,26.8059],[82.9637,26.854],[82.9182,26.9179]]]},"properties":{"AC_NO":313,"AC_NAME":"Khalilabad","PC_NO":62,"PC_NAME":"SANT KABIR NAGAR","district":"SANT KABIR NAGAR"}},{"type":"Feature","geometry":{"type":"Polygon","coordinates":[[[79.1665,26.8509],[79.0489,26.8828],[78.9623,26.8299],[78.8491,26.8176],[78.7797,26.7587],[79.004,26.6287],[79.1665,26.8509]]]},"properties":{"AC_NO":200,"AC_NAME":"Etawah","PC_NO":41,"PC_NAME":"ETAWAH (SC)","district":"ETAWAH"}},{"type":"Feature","geometry":{"type":"Polygon","coordinates":[[[81.0086,26.846],[80.981,26.9258],[80.9333,26.8588],[81.0086,26.846]]]},"properties":{"AC_NO":173,"AC_NAME":"Lucknow East","PC_NO":35,"PC_NAME":"LUCKNOW","district":"LUCKNOW"}},{"type":"Feature","geometry":{"type":"Polygon","coordinates":[[[80.8832,26.8925],[80.8652,26.9146],[80.8404,26.8713],[80.8618,26.7984],[80.8917,26.8395],[80.9072,26.8663],[80.8832,26.8925]]]},"properties":{"AC_NO":171,"AC_NAME":"Lucknow West","PC_NO":35,"PC_NAME":"LUCKNOW","district":"LUCKNOW"}},{"type":"Feature","geometry":{"type":"Polygon","coordinates":[[[84.0877,26.8818],[84.0746,26.8158],[84.0096,26.7959],[84.0084,26.7105],[83.9598,26.6595],[84.0559,26.5481],[84.0886,26.6161],[84.1328,26.6607],[84.1619,26.8354],[84.0877,26.8818]]]},"properties":{"AC_NO":332,"AC_NAME":"Fazilnagar","PC_NO":66,"PC_NAME":"DEORIA","district":"KUSHINAGAR"}},{"type":"Feature","geometry":{"type":"Polygon","coordinates":[[[83.3346,26.7463],[83.258,26.7603],[83.2157,26.8856],[83.0976,26.8059],[83.1009,26.6586],[83.1342,26.634],[83.2384,26.6702],[83.3382,26.6084],[83.3717,26.6277],[83.3346,26.7463]]]},"properties":{"AC_NO":324,"AC_NAME":"Sahajanwa","PC_NO":64,"PC_NAME":"GORAKHPUR","district":"GORAKHPUR"}},{"type":"Feature","geometry":{"type":"Polygon","coordinates":[[[83.8076,26.8611],[83.681,26.8853],[83.5849,26.8068],[83.6129,26.7472],[83.6297,26.6574],[83.7194,26.6867],[83.8376,26.7512],[83.8076,26.8611]]]},"properties":{"AC_NO":334,"AC_NAME":"Hata","PC_NO":65,"PC_NAME":"KUSHI NAGAR","district":"KUSHINAGAR"}},{"type":"Feature","geometry":{"type":"Polygon","coordinates":[[[84.0746,26.8158],[83.9214,26.879],[83.8076,26.8611],[83.8376,26.7512],[83.9598,26.6595],[84.0084,26.7105],[84.0096,26.7959],[84.0746,26.8158]]]},"properties":{"AC_NO":333,"AC_NAME":"Kushinagar","PC_NO":65,"PC_NAME":"KUSHI NAGAR","district":"KUSHINAGAR"}},{"type":"Feature","geometry":{"type":"Polygon","coordinates":[[[84.3078,26.748],[84.2546,26.856],[84.1619,26.8354],[84.1328,26.6607],[84.0886,26.6161],[84.1567,26.6284],[84.2847,26.5996],[84.4154,26.6348],[84.3303,26.684],[84.3078,26.748]]]},"properties":{"AC_NO":331,"AC_NAME":"Tamkuhi Raj","PC_NO":66,"PC_NAME":"DEORIA","district":"KUSHINAGAR"}},{"type":"Feature","geometry":{"type":"Polygon","coordinates":[[[82.8458,26.8753],[82.6985,26.8721],[82.6654,26.7569],[82.8956,26.7551],[82.9629,26.7268],[82.8845,26.7857],[82.8458,26.8753]]]},"properties":{"AC_NO":310,"AC_NAME":"Basti Sadar","PC_NO":61,"PC_NAME":"BASTI","district":"BASTI"}},{"type":"Feature","geometry":{"type":"Polygon","coordinates":[[[79.3382,26.8004],[79.1665,26.8509],[79.004,26.6287],[79.0105,26.5544],[79.135,26.4399],[79.2315,26.4266],[79.287,26.4825],[79.22,26.5659],[79.256,26.6087],[79.3312,26.6609],[79.3349,26.7902],[79.3382,26.8004]]]},"properties":{"AC_NO":201,"AC_NAME":"Bharthana (SC)","PC_NO":41,"PC_NAME":"ETAWAH (SC)","district":"ETAWAH"}},{"type":"Feature","geometry":{"type":"Polygon","coordinates":[[[80.9333,26.8588],[80.9072,26.8663],[80.8917,26.8395],[80.969,26.8335],[81.0086,26.846],[80.9333,26.8588]]]},"properties":{"AC_NO":174,"AC_NAME":"Lucknow Central","PC_NO":35,"PC_NAME":"LUCKNOW","district":"LUCKNOW"}},{"type":"Feature","geometry":{"type":"Polygon","coordinates":[[[81.7816,26.8708],[81.5171,26.7714],[81.5571,26.6875],[81.5587,26.6421],[81.6425,26.6398],[81.7025,26.5883],[81.7684,26.6928],[81.8389,26.7011],[81.8121,26.8045],[81.8553,26.8386],[81.7816,26.8708]]]},"properties":{"AC_NO":271,"AC_NAME":"Rudauli","PC_NO":54,"PC_NAME":"FAIZABAD","district":"AYODHYA"}},{"type":"Feature","geometry":{"type":"Polygon","coordinates":[[[80.8714,26.7929],[80.8409,26.7707],[80.8067,26.8341],[80.6915,26.8452],[80.7283,26.6562],[80.7994,26.6482],[80.871,26.6425],[80.9693,26.6803],[81.0265,26.8176],[81.0018,26.8224],[80.8714,26.7929]]]},"properties":{"AC_NO":170,"AC_NAME":"Sarojini Nagar","PC_NO":34,"PC_NAME":"MOHANLALGANJ (SC)","district":"LUCKNOW"}},{"type":"Feature","geometry":{"type":"Polygon","coordinates":[[[83.4206,26.7692],[83.3124,26.8173],[83.3434,26.7665],[83.4206,26.7692]]]},"properties":{"AC_NO":322,"AC_NAME":"Gorakhpur Urban","PC_NO":64,"PC_NAME":"GORAKHPUR","district":"GORAKHPUR"}},{"type":"Feature","geometry":{"type":"Polygon","coordinates":[[[80.969,26.8335],[80.8917,26.8395],[80.8618,26.7984],[80.8714,26.7929],[81.0018,26.8224],[80.969,26.8335]]]},"properties":{"AC_NO":175,"AC_NAME":"Lucknow Cantt.","PC_NO":35,"PC_NAME":"LUCKNOW","district":"LUCKNOW"}},{"type":"Feature","geometry":{"type":"Polygon","coordinates":[[[81.0901,26.8361],[81.0265,26.8176],[80.9693,26.6803],[80.871,26.6425],[81.0045,26.5272],[81.0526,26.5057],[81.166,26.5957],[81.2144,26.7225],[81.1207,26.8358],[81.0901,26.8361]]]},"properties":{"AC_NO":176,"AC_NAME":"Mohanlalganj (SC)","PC_NO":34,"PC_NAME":"MOHANLALGANJ (SC)","district":"LUCKNOW"}},{"type":"Feature","geometry":{"type":"Polygon","coordinates":[[[79.8931,26.8244],[79.857,26.8267],[79.7562,26.7821],[79.6906,26.7316],[79.7071,26.6436],[79.6337,26.5902],[79.6384,26.5291],[79.7047,26.4916],[79.8087,26.5694],[79.924,26.5303],[80.0256,26.6069],[79.9407,26.7964],[79.8931,26.8244]]]},"properties":{"AC_NO":205,"AC_NAME":"Rasulabad (SC)","PC_NO":42,"PC_NAME":"KANNAUJ","district":"KANPUR DEHAT"}},{"type":"Feature","geometry":{"type":"Polygon","coordinates":[[[81.9939,26.7861],[81.8553,26.8386],[81.8121,26.8045],[81.8389,26.7011],[82.0657,26.6904],[82.0318,26.6432],[82.0764,26.571],[82.2061,26.5277],[82.2335,26.5728],[82.1764,26.6609],[82.0653,26.8076],[81.9939,26.7861]]]},"properties":{"AC_NO":274,"AC_NAME":"Bikapur","PC_NO":54,"PC_NAME":"FAIZABAD","district":"AYODHYA"}},{"type":"Feature","geometry":{"type":"Polygon","coordinates":[[[82.0653,26.8076],[82.1764,26.6609],[82.2457,26.615],[82.3741,26.7127],[82.229,26.8124],[82.1862,26.8371],[82.0653,26.8076]]]},"properties":{"AC_NO":275,"AC_NAME":"Ayodhya","PC_NO":54,"PC_NAME":"FAIZABAD","district":"AYODHYA"}},{"type":"Feature","geometry":{"type":"Polygon","coordinates":[[[79.6337,26.5902],[79.5817,26.6068],[79.5256,26.7705],[79.4406,26.7544],[79.3349,26.7902],[79.3312,26.6609],[79.256,26.6087],[79.3876,26.5505],[79.4548,26.5762],[79.5414,26.4734],[79.5895,26.4631],[79.6384,26.5291],[79.6337,26.5902]]]},"properties":{"AC_NO":203,"AC_NAME":"Dibiyapur","PC_NO":41,"PC_NAME":"ETAWAH (SC)","district":"AURAIYA"}},{"type":"Feature","geometry":{"type":"Polygon","coordinates":[[[83.4206,26.7692],[83.3434,26.7665],[83.3346,26.7463],[83.3717,26.6277],[83.4868,26.6129],[83.4887,26.7543],[83.4206,26.7692]]]},"properties":{"AC_NO":323,"AC_NAME":"Gorakhpur Rural","PC_NO":64,"PC_NAME":"GORAKHPUR","district":"GORAKHPUR"}},{"type":"Feature","geometry":{"type":"Polygon","coordinates":[[[81.4471,26.6749],[81.295,26.7842],[81.2144,26.7225],[81.166,26.5957],[81.3425,26.5461],[81.3915,26.5754],[81.5417,26.5255],[81.5587,26.6421],[81.5571,26.6875],[81.4471,26.6749]]]},"properties":{"AC_NO":272,"AC_NAME":"Haidergarh (SC)","PC_NO":53,"PC_NAME":"BARABANKI (SC)","district":"BARA BANKI"}},{"type":"Feature","geometry":{"type":"Polygon","coordinates":[[[83.8376,26.7512],[83.7194,26.6867],[83.7665,26.5498],[83.8549,26.6223],[83.9314,26.5208],[84.0559,26.5481],[83.9598,26.6595],[83.8376,26.7512]]]},"properties":{"AC_NO":338,"AC_NAME":"Pathardeva","PC_NO":66,"PC_NAME":"DEORIA","district":"DEORIA"}},{"type":"Feature","geometry":{"type":"Polygon","coordinates":[[[83.6129,26.7472],[83.4887,26.7543],[83.4868,26.6129],[83.5001,26.4963],[83.5981,26.5138],[83.6255,26.5678],[83.6297,26.6574],[83.6129,26.7472]]]},"properties":{"AC_NO":326,"AC_NAME":"Chauri-Chaura","PC_NO":67,"PC_NAME":"BANSGAON (SC)","district":"GORAKHPUR"}},{"type":"Feature","geometry":{"type":"Polygon","coordinates":[[[82.9629,26.7268],[82.8956,26.7551],[82.6654,26.7569],[82.6032,26.608],[82.6373,26.5942],[82.7606,26.5587],[82.8292,26.5875],[82.8778,26.5262],[82.9138,26.6464],[82.9668,26.6781],[82.9629,26.7268]]]},"properties":{"AC_NO":311,"AC_NAME":"Mahadewa (SC)","PC_NO":61,"PC_NAME":"BASTI","district":"BASTI"}},{"type":"Feature","geometry":{"type":"Polygon","coordinates":[[[81.8389,26.7011],[81.7684,26.6928],[81.7025,26.5883],[81.8936,26.5131],[82.0077,26.4929],[82.0764,26.571],[82.0318,26.6432],[82.0657,26.6904],[81.8389,26.7011]]]},"properties":{"AC_NO":273,"AC_NAME":"Milkipur (SC)","PC_NO":54,"PC_NAME":"FAIZABAD","district":"AYODHYA"}},{"type":"Feature","geometry":{"type":"Polygon","coordinates":[[[82.4781,26.6682],[82.3741,26.7127],[82.2457,26.615],[82.1764,26.6609],[82.2335,26.5728],[82.2061,26.5277],[82.0764,26.571],[82.0077,26.4929],[82.0905,26.4775],[82.1646,26.4308],[82.2189,26.4094],[82.2982,26.4858],[82.4572,26.5769],[82.4799,26.6695],[82.4781,26.6682]]]},"properties":{"AC_NO":276,"AC_NAME":"Goshainganj","PC_NO":55,"PC_NAME":"AMBEDKAR NAGAR","district":"AYODHYA"}},{"type":"Feature","geometry":{"type":"Polygon","coordinates":[[[83.7194,26.6867],[83.6297,26.6574],[83.6255,26.5678],[83.6668,26.5735],[83.7442,26.4152],[83.813,26.454],[83.7665,26.5498],[83.7194,26.6867]]]},"properties":{"AC_NO":337,"AC_NAME":"Deoria","PC_NO":66,"PC_NAME":"DEORIA","district":"DEORIA"}},{"type":"Feature","geometry":{"type":"Polygon","coordinates":[[[80.2988,26.6777],[80.2798,26.6373],[80.3343,26.5244],[80.3793,26.4953],[80.3697,26.4732],[80.4106,26.4331],[80.4282,26.4182],[80.5153,26.4799],[80.5934,26.5851],[80.5115,26.6583],[80.3736,26.6452],[80.2988,26.6777]]]},"properties":{"AC_NO":165,"AC_NAME":"Unnao","PC_NO":33,"PC_NAME":"UNNAO","district":"UNNAO"}},{"type":"Feature","geometry":{"type":"Polygon","coordinates":[[[82.9668,26.6781],[82.9138,26.6464],[82.8778,26.5262],[82.8796,26.5238],[83.0022,26.4819],[83.0678,26.408],[83.0951,26.4861],[83.1674,26.5066],[83.1342,26.634],[83.1009,26.6586],[82.9668,26.6781]]]},"properties":{"AC_NO":314,"AC_NAME":"Dhanghata (SC)","PC_NO":62,"PC_NAME":"SANT KABIR NAGAR","district":"SANT KABIR NAGAR"}},{"type":"Feature","geometry":{"type":"Polygon","coordinates":[[[83.3382,26.6084],[83.2384,26.6702],[83.1342,26.634],[83.1674,26.5066],[83.0951,26.4861],[83.0678,26.408],[83.132,26.3854],[83.2522,26.3796],[83.2611,26.4826],[83.3148,26.4995],[83.3382,26.6084]]]},"properties":{"AC_NO":325,"AC_NAME":"Khajani (SC)","PC_NO":62,"PC_NAME":"SANT KABIR NAGAR","district":"GORAKHPUR"}},{"type":"Feature","geometry":{"type":"Polygon","coordinates":[[[82.4799,26.6695],[82.4572,26.5769],[82.2982,26.4858],[82.2189,26.4094],[82.3729,26.3819],[82.4208,26.3183],[82.4719,26.3342],[82.5543,26.5196],[82.6373,26.5942],[82.6032,26.608],[82.4799,26.6695]]]},"properties":{"AC_NO":277,"AC_NAME":"Katehari","PC_NO":55,"PC_NAME":"AMBEDKAR NAGAR","district":"AMBEDKAR NAGAR"}},{"type":"Feature","geometry":{"type":"Polygon","coordinates":[[[80.871,26.6425],[80.7994,26.6482],[80.6565,26.5738],[80.5934,26.5851],[80.5153,26.4799],[80.6569,26.4504],[80.8446,26.3713],[80.9475,26.3483],[81.0291,26.3977],[81.0045,26.5272],[80.871,26.6425]]]},"properties":{"AC_NO":167,"AC_NAME":"Purwa","PC_NO":33,"PC_NAME":"UNNAO","district":"UNNAO"}},{"type":"Feature","geometry":{"type":"Polygon","coordinates":[[[81.5587,26.6421],[81.5417,26.5255],[81.5728,26.4603],[81.562,26.3382],[81.8054,26.4306],[81.8936,26.5131],[81.7025,26.5883],[81.6425,26.6398],[81.5587,26.6421]]]},"properties":{"AC_NO":184,"AC_NAME":"Jagdishpur (SC)","PC_NO":37,"PC_NAME":"AMETHI","district":"AMETHI"}},{"type":"Feature","geometry":{"type":"Polygon","coordinates":[[[80.3343,26.5244],[80.2798,26.6373],[80.1634,26.5225],[80.1282,26.4785],[80.1376,26.3678],[80.1606,26.2919],[80.3499,26.2129],[80.3694,26.1405],[80.4695,26.1827],[80.3972,26.2485],[80.4203,26.3121],[80.354,26.3882],[80.323,26.3836],[80.2832,26.4116],[80.2309,26.4476],[80.2293,26.5112],[80.3343,26.5244]]]},"properties":{"AC_NO":210,"AC_NAME":"Bithoor","PC_NO":44,"PC_NAME":"AKBARPUR","district":"KANPUR NAGAR"}},{"type":"Feature","geometry":{"type":"Polygon","coordinates":[[[83.4868,26.6129],[83.3717,26.6277],[83.3382,26.6084],[83.3148,26.4995],[83.4481,26.3567],[83.5349,26.3679],[83.5001,26.4963],[83.4868,26.6129]]]},"properties":{"AC_NO":327,"AC_NAME":"Bansgaon (SC)","PC_NO":67,"PC_NAME":"BANSGAON (SC)","district":"GORAKHPUR"}},{"type":"Feature","geometry":{"type":"Polygon","coordinates":[[[83.9314,26.5208],[83.8549,26.6223],[83.7665,26.5498],[83.813,26.454],[83.8349,26.3792],[83.9726,26.2933],[83.9906,26.4326],[83.9314,26.5208]]]},"properties":{"AC_NO":339,"AC_NAME":"Rampur Karkhana","PC_NO":66,"PC_NAME":"DEORIA","district":"DEORIA"}},{"type":"Feature","geometry":{"type":"Polygon","coordinates":[[[79.5895,26.4631],[79.5414,26.4734],[79.4548,26.5762],[79.3876,26.5505],[79.256,26.6087],[79.22,26.5659],[79.287,26.4825],[79.2315,26.4266],[79.3236,26.3985],[79.4036,26.4242],[79.5059,26.3642],[79.5895,26.4631]]]},"properties":{"AC_NO":204,"AC_NAME":"Auraiya (SC)","PC_NO":41,"PC_NAME":"ETAWAH (SC)","district":"AURAIYA"}},{"type":"Feature","geometry":{"type":"Polygon","coordinates":[[[80.0256,26.6069],[79.924,26.5303],[79.9041,26.4323],[79.8486,26.3626],[79.9608,26.273],[80.0334,26.3423],[80.1376,26.3678],[80.1282,26.4785],[80.1634,26.5225],[80.0256,26.6069]]]},"properties":{"AC_NO":206,"AC_NAME":"Akbarpur-Raniya","PC_NO":44,"PC_NAME":"AKBARPUR","district":"KANPUR DEHAT"}},{"type":"Feature","geometry":{"type":"Polygon","coordinates":[[[81.166,26.5957],[81.0526,26.5057],[81.0045,26.5272],[81.0291,26.3977],[81.0784,26.433],[81.18,26.3867],[81.2454,26.3129],[81.3221,26.2781],[81.3803,26.3307],[81.4115,26.4182],[81.3425,26.5461],[81.166,26.5957]]]},"properties":{"AC_NO":177,"AC_NAME":"Bachhrawan (SC)","PC_NO":36,"PC_NAME":"RAE BARELI","district":"RAE BARELI"}},{"type":"Feature","geometry":{"type":"Polygon","coordinates":[[[82.6373,26.5942],[82.5543,26.5196],[82.7007,26.4576],[82.8061,26.3953],[82.7859,26.4686],[82.8796,26.5238],[82.8778,26.5262],[82.8292,26.5875],[82.7606,26.5587],[82.6373,26.5942]]]},"properties":{"AC_NO":278,"AC_NAME":"Tanda","PC_NO":55,"PC_NAME":"AMBEDKAR NAGAR","district":"AMBEDKAR NAGAR"}},{"type":"Feature","geometry":{"type":"Polygon","coordinates":[[[81.3425,26.5461],[81.4115,26.4182],[81.3803,26.3307],[81.3912,26.2151],[81.549,26.2048],[81.5896,26.2421],[81.562,26.3382],[81.5728,26.4603],[81.5417,26.5255],[81.3915,26.5754],[81.3425,26.5461]]]},"properties":{"AC_NO":178,"AC_NAME":"Tiloi","PC_NO":37,"PC_NAME":"AMETHI","district":"AMETHI"}},{"type":"Feature","geometry":{"type":"Polygon","coordinates":[[[83.6255,26.5678],[83.5981,26.5138],[83.5001,26.4963],[83.5349,26.3679],[83.6174,26.3308],[83.7442,26.4152],[83.6668,26.5735],[83.6255,26.5678]]]},"properties":{"AC_NO":336,"AC_NAME":"Rudrapur","PC_NO":67,"PC_NAME":"BANSGAON (SC)","district":"DEORIA"}},{"type":"Feature","geometry":{"type":"Polygon","coordinates":[[[79.6384,26.5291],[79.5895,26.4631],[79.5059,26.3642],[79.5287,26.2958],[79.656,26.2095],[79.8048,26.3513],[79.8486,26.3626],[79.9041,26.4323],[79.924,26.5303],[79.8087,26.5694],[79.7047,26.4916],[79.6384,26.5291]]]},"properties":{"AC_NO":207,"AC_NAME":"Sikandra","PC_NO":41,"PC_NAME":"ETAWAH (SC)","district":"KANPUR DEHAT"}},{"type":"Feature","geometry":{"type":"Polygon","coordinates":[[[80.3343,26.5244],[80.2293,26.5112],[80.2309,26.4476],[80.3186,26.4658],[80.3397,26.4846],[80.3793,26.4953],[80.3343,26.5244]]]},"properties":{"AC_NO":211,"AC_NAME":"Kalyanpur","PC_NO":44,"PC_NAME":"AKBARPUR","district":"KANPUR NAGAR"}},{"type":"Feature","geometry":{"type":"Polygon","coordinates":[[[82.5543,26.5196],[82.4719,26.3342],[82.4208,26.3183],[82.4949,26.2862],[82.5518,26.287],[82.7007,26.4576],[82.5543,26.5196]]]},"properties":{"AC_NO":281,"AC_NAME":"Akbarpur","PC_NO":55,"PC_NAME":"AMBEDKAR NAGAR","district":"AMBEDKAR NAGAR"}},{"type":"Feature","geometry":{"type":"Polygon","coordinates":[[[82.8796,26.5238],[82.7859,26.4686],[82.8061,26.3953],[82.8902,26.3384],[82.9657,26.359],[83.0912,26.2816],[83.132,26.3854],[83.0678,26.408],[83.0022,26.4819],[82.8796,26.5238]]]},"properties":{"AC_NO":279,"AC_NAME":"Alapur (SC)","PC_NO":62,"PC_NAME":"SANT KABIR NAGAR","district":"AMBEDKAR NAGAR"}},{"type":"Feature","geometry":{"type":"Polygon","coordinates":[[[81.8936,26.5131],[81.8054,26.4306],[81.8675,26.3713],[81.8402,26.2868],[81.9838,26.1867],[82.0263,26.2996],[82.0891,26.3411],[82.0487,26.4343],[82.0905,26.4775],[82.0077,26.4929],[81.8936,26.5131]]]},"properties":{"AC_NO":187,"AC_NAME":"Isauli","PC_NO":38,"PC_NAME":"SULTANPUR","district":"SULTANPUR"}},{"type":"Feature","geometry":{"type":"Polygon","coordinates":[[[83.3148,26.4995],[83.2611,26.4826],[83.2522,26.3796],[83.2768,26.365],[83.423,26.2712],[83.5088,26.278],[83.6315,26.2246],[83.6174,26.3308],[83.5349,26.3679],[83.4481,26.3567],[83.3148,26.4995]]]},"properties":{"AC_NO":328,"AC_NAME":"Chillupar","PC_NO":67,"PC_NAME":"BANSGAON (SC)","district":"GORAKHPUR"}},{"type":"Feature","geometry":{"type":"Polygon","coordinates":[[[80.3397,26.4846],[80.3355,26.452],[80.3447,26.4496],[80.3697,26.4732],[80.3793,26.4953],[80.3397,26.4846]]]},"properties":{"AC_NO":214,"AC_NAME":"Arya Nagar","PC_NO":43,"PC_NAME":"KANPUR","district":"KANPUR NAGAR"}},{"type":"Feature","geometry":{"type":"Polygon","coordinates":[[[80.3397,26.4846],[80.3186,26.4658],[80.3299,26.4558],[80.3355,26.452],[80.3397,26.4846]]]},"properties":{"AC_NO":213,"AC_NAME":"Sishamau","PC_NO":43,"PC_NAME":"KANPUR","district":"KANPUR NAGAR"}},{"type":"Feature","geometry":{"type":"Polygon","coordinates":[[[80.3186,26.4658],[80.2309,26.4476],[80.2832,26.4116],[80.2857,26.4106],[80.3299,26.4558],[80.3186,26.4658]]]},"properties":{"AC_NO":212,"AC_NAME":"Govindnagar","PC_NO":43,"PC_NAME":"KANPUR","district":"KANPUR NAGAR"}},{"type":"Feature","geometry":{"type":"Polygon","coordinates":[[[80.5153,26.4799],[80.4282,26.4182],[80.5164,26.359],[80.5915,26.231],[80.6439,26.1315],[80.6702,26.1028],[80.685,26.1442],[80.823,26.2206],[80.8859,26.2935],[80.8446,26.3713],[80.6569,26.4504],[80.5153,26.4799]]]},"properties":{"AC_NO":166,"AC_NAME":"Bhagwantnagar","PC_NO":33,"PC_NAME":"UNNAO","district":"UNNAO"}},{"type":"Feature","geometry":{"type":"Polygon","coordinates":[[[81.8054,26.4306],[81.562,26.3382],[81.5896,26.2421],[81.6181,26.1806],[81.6828,26.1138],[81.7974,26.2139],[81.8402,26.2868],[81.8675,26.3713],[81.8054,26.4306]]]},"properties":{"AC_NO":185,"AC_NAME":"Gauriganj","PC_NO":37,"PC_NAME":"AMETHI","district":"AMETHI"}},{"type":"Feature","geometry":{"type":"Polygon","coordinates":[[[80.3697,26.4732],[80.3447,26.4496],[80.3321,26.4136],[80.4106,26.4331],[80.3697,26.4732]]]},"properties":{"AC_NO":216,"AC_NAME":"Kanpur Cantt.","PC_NO":43,"PC_NAME":"KANPUR","district":"KANPUR NAGAR"}},{"type":"Feature","geometry":{"type":"Polygon","coordinates":[[[82.0905,26.4775],[82.0487,26.4343],[82.0891,26.3411],[82.0263,26.2996],[81.9838,26.1867],[82.0444,26.1527],[82.1101,26.2556],[82.1644,26.2266],[82.1646,26.4308],[82.0905,26.4775]]]},"properties":{"AC_NO":188,"AC_NAME":"Sultanpur","PC_NO":38,"PC_NAME":"SULTANPUR","district":"SULTANPUR"}},{"type":"Feature","geometry":{"type":"Polygon","coordinates":[[[79.2315,26.4266],[79.135,26.4399],[79.0982,26.4124],[79.1155,26.3205],[78.9583,26.1279],[78.9363,25.9523],[79.0842,25.9173],[79.2342,25.9039],[79.2733,25.9732],[79.2412,26.123],[79.2725,26.1839],[79.3712,26.3368],[79.4036,26.4242],[79.3236,26.3985],[79.2315,26.4266]]]},"properties":{"AC_NO":219,"AC_NAME":"Madhaugarh","PC_NO":45,"PC_NAME":"JALAUN (SC)","district":"JALAUN"}},{"type":"Feature","geometry":{"type":"Polygon","coordinates":[[[83.813,26.454],[83.7442,26.4152],[83.6174,26.3308],[83.6315,26.2246],[83.7423,26.2663],[83.8084,26.1904],[83.869,26.1599],[83.8349,26.3792],[83.813,26.454]]]},"properties":{"AC_NO":342,"AC_NAME":"Barhaj","PC_NO":67,"PC_NAME":"BANSGAON (SC)","district":"DEORIA"}},{"type":"Feature","geometry":{"type":"Polygon","coordinates":[[[80.3355,26.452],[80.3299,26.4558],[80.2857,26.4106],[80.3321,26.4136],[80.3447,26.4496],[80.3355,26.452]]]},"properties":{"AC_NO":215,"AC_NAME":"Kidwai Nagar","PC_NO":43,"PC_NAME":"KANPUR","district":"KANPUR NAGAR"}},{"type":"Feature","geometry":{"type":"Polygon","coordinates":[[[84.1765,26.3713],[84.1756,26.373],[83.9906,26.4326],[83.9726,26.2933],[84.0133,26.2301],[84.098,26.2333],[84.1766,26.2646],[84.177,26.3699],[84.1765,26.3713]]]},"properties":{"AC_NO":340,"AC_NAME":"Bhatpar Rani","PC_NO":71,"PC_NAME":"SALEMPUR","district":"DEORIA"}},{"type":"Feature","geometry":{"type":"Polygon","coordinates":[[[82.8061,26.3953],[82.7007,26.4576],[82.5518,26.287],[82.6788,26.2563],[82.786,26.1876],[82.8859,26.1857],[82.8902,26.3384],[82.8061,26.3953]]]},"properties":{"AC_NO":280,"AC_NAME":"Jalalpur","PC_NO":55,"PC_NAME":"AMBEDKAR NAGAR","district":"AMBEDKAR NAGAR"}},{"type":"Feature","geometry":{"type":"Polygon","coordinates":[[[79.5059,26.3642],[79.4036,26.4242],[79.3712,26.3368],[79.2725,26.1839],[79.3923,26.0939],[79.5302,26.0783],[79.6238,25.9325],[79.8706,25.882],[79.8663,25.9359],[79.9545,26.0232],[79.9188,26.0904],[79.7825,26.1103],[79.7621,26.1838],[79.656,26.2095],[79.5287,26.2958],[79.5059,26.3642]]]},"properties":{"AC_NO":220,"AC_NAME":"Kalpi","PC_NO":45,"PC_NAME":"JALAUN (SC)","district":"JALAUN"}},{"type":"Feature","geometry":{"type":"Polygon","coordinates":[[[83.0912,26.2816],[82.9657,26.359],[82.8902,26.3384],[82.8859,26.1857],[82.9389,26.154],[83.028,26.1296],[83.068,26.1984],[83.0912,26.2816]]]},"properties":{"AC_NO":343,"AC_NAME":"Atrauliya","PC_NO":68,"PC_NAME":"LALGANJ (SC)","district":"AZAMGARH"}},{"type":"Feature","geometry":{"type":"Polygon","coordinates":[[[80.4282,26.4182],[80.4106,26.4331],[80.3321,26.4136],[80.2857,26.4106],[80.2832,26.4116],[80.323,26.3836],[80.354,26.3882],[80.4203,26.3121],[80.3972,26.2485],[80.4695,26.1827],[80.5915,26.231],[80.5164,26.359],[80.4282,26.4182]]]},"properties":{"AC_NO":217,"AC_NAME":"Maharajpur","PC_NO":44,"PC_NAME":"AKBARPUR","district":"KANPUR NAGAR"}},{"type":"Feature","geometry":{"type":"Polygon","coordinates":[[[81.2454,26.3129],[81.18,26.3867],[81.0784,26.433],[81.0291,26.3977],[80.9475,26.3483],[80.8446,26.3713],[80.8859,26.2935],[80.823,26.2206],[80.9631,26.2446],[81.1318,26.1572],[81.1877,26.1758],[81.2454,26.3129]]]},"properties":{"AC_NO":179,"AC_NAME":"Harchandpur","PC_NO":36,"PC_NAME":"RAE BARELI","district":"RAE BARELI"}},{"type":"Feature","geometry":{"type":"Polygon","coordinates":[[[82.2189,26.4094],[82.1646,26.4308],[82.1644,26.2266],[82.3089,26.1601],[82.4437,26.1893],[82.4949,26.2862],[82.4208,26.3183],[82.3729,26.3819],[82.2189,26.4094]]]},"properties":{"AC_NO":189,"AC_NAME":"Sadar","PC_NO":38,"PC_NAME":"SULTANPUR","district":"SULTANPUR"}},{"type":"Feature","geometry":{"type":"Polygon","coordinates":[[[83.132,26.3854],[83.0912,26.2816],[83.068,26.1984],[83.124,26.1245],[83.2377,26.1128],[83.2806,26.1287],[83.2915,26.2221],[83.2313,26.2769],[83.2768,26.365],[83.2522,26.3796],[83.132,26.3854]]]},"properties":{"AC_NO":344,"AC_NAME":"Gopalpur","PC_NO":69,"PC_NAME":"AZAMGARH","district":"AZAMGARH"}},{"type":"Feature","geometry":{"type":"Polygon","coordinates":[[[83.9726,26.2933],[83.8349,26.3792],[83.869,26.1599],[83.9212,26.1198],[84.0562,26.1],[84.0133,26.2301],[83.9726,26.2933]]]},"properties":{"AC_NO":341,"AC_NAME":"Salempur (SC)","PC_NO":71,"PC_NAME":"SALEMPUR","district":"DEORIA"}},{"type":"Feature","geometry":{"type":"Polygon","coordinates":[[[80.1606,26.2919],[80.1376,26.3678],[80.0334,26.3423],[79.9608,26.273],[79.8486,26.3626],[79.8048,26.3513],[79.656,26.2095],[79.7621,26.1838],[79.7825,26.1103],[79.9188,26.0904],[79.9641,26.1524],[80.0141,26.2546],[80.1606,26.2919]]]},"properties":{"AC_NO":208,"AC_NAME":"Bhognipur","PC_NO":45,"PC_NAME":"JALAUN (SC)","district":"KANPUR DEHAT"}},{"type":"Feature","geometry":{"type":"Polygon","coordinates":[[[81.3803,26.3307],[81.3221,26.2781],[81.2454,26.3129],[81.1877,26.1758],[81.1318,26.1572],[81.1829,26.0873],[81.3481,26.0533],[81.3912,26.2151],[81.3803,26.3307]]]},"properties":{"AC_NO":180,"AC_NAME":"Rae Bareli","PC_NO":36,"PC_NAME":"RAE BARELI","district":"RAE BARELI"}},{"type":"Feature","geometry":{"type":"Polygon","coordinates":[[[83.2768,26.365],[83.2313,26.2769],[83.2915,26.2221],[83.2806,26.1287],[83.3803,26.0801],[83.4187,26.1237],[83.4314,26.204],[83.5088,26.278],[83.423,26.2712],[83.2768,26.365]]]},"properties":{"AC_NO":345,"AC_NAME":"Sagri","PC_NO":69,"PC_NAME":"AZAMGARH","district":"AZAMGARH"}},{"type":"Feature","geometry":{"type":"Polygon","coordinates":[[[80.3694,26.1405],[80.3499,26.2129],[80.1606,26.2919],[80.0141,26.2546],[79.9641,26.1524],[79.9566,26.0753],[80.0436,26.0731],[80.0845,25.9977],[80.2375,25.9238],[80.2544,26.0453],[80.3694,26.1405]]]},"properties":{"AC_NO":218,"AC_NAME":"Ghatampur (SC)","PC_NO":44,"PC_NAME":"AKBARPUR","district":"KANPUR NAGAR"}},{"type":"Feature","geometry":{"type":"Polygon","coordinates":[[[82.4949,26.2862],[82.4437,26.1893],[82.3089,26.1601],[82.3991,26.0247],[82.4349,26.0067],[82.4984,25.9749],[82.511,26.0309],[82.4357,26.0998],[82.5425,26.1372],[82.6109,26.1957],[82.6786,26.1519],[82.6788,26.2563],[82.5518,26.287],[82.4949,26.2862]]]},"properties":{"AC_NO":191,"AC_NAME":"Kadipur (SC)","PC_NO":38,"PC_NAME":"SULTANPUR","district":"SULTANPUR"}},{"type":"Feature","geometry":{"type":"Polygon","coordinates":[[[81.8402,26.2868],[81.7974,26.2139],[81.6828,26.1138],[81.7666,26.0545],[81.8579,26.0463],[81.8845,26.0817],[82.0521,26.0557],[82.0444,26.1527],[81.9838,26.1867],[81.8402,26.2868]]]},"properties":{"AC_NO":186,"AC_NAME":"Amethi","PC_NO":37,"PC_NAME":"AMETHI","district":"AMETHI"}},{"type":"Feature","geometry":{"type":"Polygon","coordinates":[[[83.6315,26.2246],[83.5088,26.278],[83.4314,26.204],[83.6321,26.1478],[83.6853,26.0637],[83.7923,26.1159],[83.8084,26.1904],[83.7423,26.2663],[83.6315,26.2246]]]},"properties":{"AC_NO":353,"AC_NAME":"Madhuban","PC_NO":70,"PC_NAME":"GHOSI","district":"MAU"}},{"type":"Feature","geometry":{"type":"Polygon","coordinates":[[[82.6788,26.2563],[82.6786,26.1519],[82.7184,26.0416],[82.8832,26.0396],[82.9389,26.154],[82.8859,26.1857],[82.786,26.1876],[82.6788,26.2563]]]},"properties":{"AC_NO":349,"AC_NAME":"Phoolpur-Pawai","PC_NO":68,"PC_NAME":"LALGANJ (SC)","district":"AZAMGARH"}},{"type":"Feature","geometry":{"type":"Polygon","coordinates":[[[82.1644,26.2266],[82.1101,26.2556],[82.0444,26.1527],[82.0521,26.0557],[82.1159,26.0658],[82.3991,26.0247],[82.3089,26.1601],[82.1644,26.2266]]]},"properties":{"AC_NO":190,"AC_NAME":"Lambhua","PC_NO":38,"PC_NAME":"SULTANPUR","district":"SULTANPUR"}},{"type":"Feature","geometry":{"type":"Polygon","coordinates":[[[80.823,26.2206],[80.685,26.1442],[80.6702,26.1028],[80.8005,26.0655],[80.8228,26.0214],[80.8746,26.0546],[80.9983,26.0776],[81.0438,26.0364],[81.1829,26.0873],[81.1318,26.1572],[80.9631,26.2446],[80.823,26.2206]]]},"properties":{"AC_NO":182,"AC_NAME":"Sareni","PC_NO":36,"PC_NAME":"RAE BARELI","district":"RAE BARELI"}},{"type":"Feature","geometry":{"type":"Polygon","coordinates":[[[81.5896,26.2421],[81.549,26.2048],[81.3912,26.2151],[81.3481,26.0533],[81.3138,26.0008],[81.447,25.9366],[81.5599,25.9953],[81.5491,26.1321],[81.6181,26.1806],[81.5896,26.2421]]]},"properties":{"AC_NO":181,"AC_NAME":"Salon (SC)","PC_NO":37,"PC_NAME":"AMETHI","district":"RAE BARELI"}},{"type":"Feature","geometry":{"type":"Polygon","coordinates":[[[80.5915,26.231],[80.4695,26.1827],[80.3694,26.1405],[80.2544,26.0453],[80.2375,25.9238],[80.3457,25.9],[80.4053,25.9135],[80.5549,25.8659],[80.5682,25.8686],[80.5152,25.9714],[80.5445,26.1122],[80.6439,26.1315],[80.5915,26.231]]]},"properties":{"AC_NO":238,"AC_NAME":"Jahanabad","PC_NO":49,"PC_NAME":"FATEHPUR","district":"FATEHPUR"}},{"type":"Feature","geometry":{"type":"Polygon","coordinates":[[[83.6853,26.0637],[83.6321,26.1478],[83.4314,26.204],[83.4187,26.1237],[83.4433,26.0316],[83.525,25.982],[83.6434,25.9501],[83.6778,26.0218],[83.6853,26.0637]]]},"properties":{"AC_NO":354,"AC_NAME":"Ghosi","PC_NO":70,"PC_NAME":"GHOSI","district":"MAU"}},{"type":"Feature","geometry":{"type":"Polygon","coordinates":[[[79.2725,26.1839],[79.2412,26.123],[79.2733,25.9732],[79.2342,25.9039],[79.0842,25.9173],[79.1348,25.809],[79.2431,25.8064],[79.3242,25.7663],[79.3961,25.7955],[79.6127,25.9064],[79.6238,25.9325],[79.5302,26.0783],[79.3923,26.0939],[79.2725,26.1839]]]},"properties":{"AC_NO":221,"AC_NAME":"Orai (SC)","PC_NO":45,"PC_NAME":"JALAUN (SC)","district":"JALAUN"}},{"type":"Feature","geometry":{"type":"Polygon","coordinates":[[[82.6786,26.1519],[82.6109,26.1957],[82.5425,26.1372],[82.4357,26.0998],[82.511,26.0309],[82.4984,25.9749],[82.5656,25.9062],[82.5792,25.9095],[82.6487,26.0387],[82.7255,25.9937],[82.7184,26.0416],[82.6786,26.1519]]]},"properties":{"AC_NO":365,"AC_NAME":"Shahganj","PC_NO":73,"PC_NAME":"JAUNPUR","district":"JAUNPUR"}},{"type":"Feature","geometry":{"type":"Polygon","coordinates":[[[83.8084,26.1904],[83.7923,26.1159],[83.6853,26.0637],[83.6778,26.0218],[83.7958,25.9842],[83.7964,25.9312],[83.9466,25.9861],[83.9212,26.1198],[83.869,26.1599],[83.8084,26.1904]]]},"properties":{"AC_NO":357,"AC_NAME":"Belthara Road (SC)","PC_NO":71,"PC_NAME":"SALEMPUR","district":"BALLIA"}},{"type":"Feature","geometry":{"type":"Polygon","coordinates":[[[83.124,26.1245],[83.068,26.1984],[83.028,26.1296],[82.9389,26.154],[82.8832,26.0396],[83.0619,26.0057],[83.124,26.1245]]]},"properties":{"AC_NO":348,"AC_NAME":"Nizamabad","PC_NO":68,"PC_NAME":"LALGANJ (SC)","district":"AZAMGARH"}},{"type":"Feature","geometry":{"type":"Polygon","coordinates":[[[81.6181,26.1806],[81.5491,26.1321],[81.5599,25.9953],[81.447,25.9366],[81.4394,25.9188],[81.5462,25.9112],[81.6541,25.944],[81.733,25.8927],[81.7094,26.0091],[81.7666,26.0545],[81.6828,26.1138],[81.6181,26.1806]]]},"properties":{"AC_NO":244,"AC_NAME":"Rampur Khas","PC_NO":39,"PC_NAME":"PRATAPGARH","district":"PRATAPGARH"}},{"type":"Feature","geometry":{"type":"Polygon","coordinates":[[[79.9188,26.0904],[79.9545,26.0232],[79.8663,25.9359],[79.8706,25.882],[79.97,25.8506],[79.9927,25.6979],[79.9489,25.6363],[80.0248,25.5873],[79.983,25.5344],[80.0277,25.4347],[80.1172,25.4075],[80.3189,25.6511],[80.3456,25.7203],[80.2705,25.7829],[80.3457,25.9],[80.2375,25.9238],[80.0845,25.9977],[80.0436,26.0731],[79.9566,26.0753],[79.9641,26.1524],[79.9188,26.0904]]]},"properties":{"AC_NO":228,"AC_NAME":"Hamirpur","PC_NO":47,"PC_NAME":"HAMIRPUR","district":"HAMIRPUR"}},{"type":"Feature","geometry":{"type":"Polygon","coordinates":[[[83.9212,26.1198],[83.9466,25.9861],[84.0149,25.897],[84.1024,25.881],[84.1825,25.9949],[84.0562,26.1],[83.9212,26.1198]]]},"properties":{"AC_NO":359,"AC_NAME":"Sikanderpur","PC_NO":71,"PC_NAME":"SALEMPUR","district":"BALLIA"}},{"type":"Feature","geometry":{"type":"Polygon","coordinates":[[[80.6702,26.1028],[80.6439,26.1315],[80.5445,26.1122],[80.5152,25.9714],[80.5682,25.8686],[80.7145,25.9085],[80.7611,25.8723],[80.8228,26.0214],[80.8005,26.0655],[80.6702,26.1028]]]},"properties":{"AC_NO":239,"AC_NAME":"Bindki","PC_NO":49,"PC_NAME":"FATEHPUR","district":"FATEHPUR"}},{"type":"Feature","geometry":{"type":"Polygon","coordinates":[[[83.2377,26.1128],[83.1974,26.0042],[83.2775,25.9558],[83.265,25.8764],[83.3251,25.8419],[83.3528,26.0439],[83.3803,26.0801],[83.2806,26.1287],[83.2377,26.1128]]]},"properties":{"AC_NO":346,"AC_NAME":"Mubarakpur","PC_NO":69,"PC_NAME":"AZAMGARH","district":"AZAMGARH"}},{"type":"Feature","geometry":{"type":"Polygon","coordinates":[[[83.2377,26.1128],[83.124,26.1245],[83.0619,26.0057],[83.1114,25.9647],[83.2307,25.8595],[83.265,25.8764],[83.2775,25.9558],[83.1974,26.0042],[83.2377,26.1128]]]},"properties":{"AC_NO":347,"AC_NAME":"Azamgarh","PC_NO":69,"PC_NAME":"AZAMGARH","district":"AZAMGARH"}},{"type":"Feature","geometry":{"type":"Polygon","coordinates":[[[83.4187,26.1237],[83.3803,26.0801],[83.3528,26.0439],[83.3251,25.8419],[83.3456,25.8146],[83.4605,25.8501],[83.525,25.982],[83.4433,26.0316],[83.4187,26.1237]]]},"properties":{"AC_NO":355,"AC_NAME":"Muhammadabad-Gohna (SC)","PC_NO":70,"PC_NAME":"GHOSI","district":"MAU"}},{"type":"Feature","geometry":{"type":"Polygon","coordinates":[[[81.3481,26.0533],[81.1829,26.0873],[81.0438,26.0364],[81.1181,25.9696],[81.2163,25.9398],[81.2134,25.8743],[81.3383,25.8107],[81.4394,25.9188],[81.447,25.9366],[81.3138,26.0008],[81.3481,26.0533]]]},"properties":{"AC_NO":183,"AC_NAME":"Unchahar","PC_NO":36,"PC_NAME":"RAE BARELI","district":"RAE BARELI"}},{"type":"Feature","geometry":{"type":"Polygon","coordinates":[[[81.0438,26.0364],[80.9983,26.0776],[80.8746,26.0546],[80.9253,25.9633],[81.0432,25.9224],[81.0387,25.804],[81.2697,25.7558],[81.3383,25.8107],[81.2134,25.8743],[81.2163,25.9398],[81.1181,25.9696],[81.0438,26.0364]]]},"properties":{"AC_NO":242,"AC_NAME":"Husainganj","PC_NO":49,"PC_NAME":"FATEHPUR","district":"FATEHPUR"}},{"type":"Feature","geometry":{"type":"Polygon","coordinates":[[[82.0521,26.0557],[81.8845,26.0817],[81.8579,26.0463],[81.9,25.925],[81.9829,25.8532],[82.0695,25.9258],[82.1217,25.968],[82.1159,26.0658],[82.0521,26.0557]]]},"properties":{"AC_NO":248,"AC_NAME":"Pratapgarh","PC_NO":39,"PC_NAME":"PRATAPGARH","district":"PRATAPGARH"}},{"type":"Feature","geometry":{"type":"Polygon","coordinates":[[[82.1159,26.0658],[82.1217,25.968],[82.0695,25.9258],[82.2158,25.8378],[82.372,25.913],[82.4349,26.0067],[82.3991,26.0247],[82.1159,26.0658]]]},"properties":{"AC_NO":249,"AC_NAME":"Patti","PC_NO":39,"PC_NAME":"PRATAPGARH","district":"PRATAPGARH"}},{"type":"Feature","geometry":{"type":"Polygon","coordinates":[[[82.8832,26.0396],[82.7184,26.0416],[82.7255,25.9937],[82.7592,25.8364],[82.8056,25.8056],[82.9317,25.9431],[82.9809,25.9338],[83.1114,25.9647],[83.0619,26.0057],[82.8832,26.0396]]]},"properties":{"AC_NO":350,"AC_NAME":"Didarganj","PC_NO":68,"PC_NAME":"LALGANJ (SC)","district":"AZAMGARH"}},{"type":"Feature","geometry":{"type":"Polygon","coordinates":[[[80.8746,26.0546],[80.8228,26.0214],[80.7611,25.8723],[80.8867,25.788],[81.0148,25.7396],[81.0387,25.804],[81.0432,25.9224],[80.9253,25.9633],[80.8746,26.0546]]]},"properties":{"AC_NO":240,"AC_NAME":"Fatehpur","PC_NO":49,"PC_NAME":"FATEHPUR","district":"FATEHPUR"}},{"type":"Feature","geometry":{"type":"Polygon","coordinates":[[[81.8579,26.0463],[81.7666,26.0545],[81.7094,26.0091],[81.733,25.8927],[81.7648,25.785],[81.7774,25.7441],[81.862,25.717],[81.9303,25.7531],[81.9829,25.8532],[81.9,25.925],[81.8579,26.0463]]]},"properties":{"AC_NO":247,"AC_NAME":"Bishwavnathganj","PC_NO":39,"PC_NAME":"PRATAPGARH","district":"PRATAPGARH"}},{"type":"Feature","geometry":{"type":"Polygon","coordinates":[[[82.7255,25.9937],[82.6487,26.0387],[82.5792,25.9095],[82.6619,25.7691],[82.7432,25.7455],[82.7592,25.8364],[82.7255,25.9937]]]},"properties":{"AC_NO":366,"AC_NAME":"Jaunpur","PC_NO":73,"PC_NAME":"JAUNPUR","district":"JAUNPUR"}},{"type":"Feature","geometry":{"type":"Polygon","coordinates":[[[83.6778,26.0218],[83.6434,25.9501],[83.525,25.982],[83.4605,25.8501],[83.4788,25.8397],[83.5529,25.8674],[83.7312,25.8571],[83.7964,25.9312],[83.7958,25.9842],[83.6778,26.0218]]]},"properties":{"AC_NO":356,"AC_NAME":"Mau","PC_NO":70,"PC_NAME":"GHOSI","district":"MAU"}},{"type":"Feature","geometry":{"type":"Polygon","coordinates":[[[84.1825,25.9949],[84.1024,25.881],[84.1021,25.825],[84.1929,25.8407],[84.2932,25.7764],[84.3585,25.7872],[84.384,25.9394],[84.3541,25.9588],[84.2073,25.9991],[84.1825,25.9949]]]},"properties":{"AC_NO":362,"AC_NAME":"Bansdih","PC_NO":71,"PC_NAME":"SALEMPUR","district":"BALLIA"}},{"type":"Feature","geometry":{"type":"Polygon","coordinates":[[[82.4984,25.9749],[82.4349,26.0067],[82.372,25.913],[82.2158,25.8378],[82.2037,25.8225],[82.4512,25.7916],[82.5229,25.8304],[82.5656,25.9062],[82.4984,25.9749]]]},"properties":{"AC_NO":364,"AC_NAME":"Badlapur","PC_NO":73,"PC_NAME":"JAUNPUR","district":"JAUNPUR"}},{"type":"Feature","geometry":{"type":"Polygon","coordinates":[[[83.9466,25.9861],[83.7964,25.9312],[83.7312,25.8571],[83.7699,25.8174],[83.9409,25.7595],[84.0424,25.8376],[84.0149,25.897],[83.9466,25.9861]]]},"properties":{"AC_NO":358,"AC_NAME":"Rasara","PC_NO":70,"PC_NAME":"GHOSI","district":"BALLIA"}},{"type":"Feature","geometry":{"type":"Polygon","coordinates":[[[79.0842,25.9173],[78.9363,25.9523],[78.8832,25.9089],[78.8574,25.7916],[78.763,25.7204],[78.819,25.6449],[78.9179,25.5989],[78.9841,25.6401],[79.0415,25.6929],[79.1576,25.6457],[79.1343,25.5853],[79.2396,25.5071],[79.2053,25.3811],[79.2944,25.3581],[79.3892,25.523],[79.3552,25.6439],[79.3961,25.7955],[79.3242,25.7663],[79.2431,25.8064],[79.1348,25.809],[79.0842,25.9173]]]},"properties":{"AC_NO":225,"AC_NAME":"Garautha","PC_NO":45,"PC_NAME":"JALAUN (SC)","district":"JHANSI"}},{"type":"Feature","geometry":{"type":"Polygon","coordinates":[[[83.265,25.8764],[83.2307,25.8595],[83.1114,25.9647],[82.9809,25.9338],[83.0346,25.91],[83.1187,25.7388],[83.0984,25.6577],[83.1863,25.6886],[83.2184,25.7594],[83.3456,25.8146],[83.3251,25.8419],[83.265,25.8764]]]},"properties":{"AC_NO":352,"AC_NAME":"Mehnagar (SC)","PC_NO":69,"PC_NAME":"AZAMGARH","district":"AZAMGARH"}},{"type":"Feature","geometry":{"type":"Polygon","coordinates":[[[84.384,25.9394],[84.3585,25.7872],[84.3736,25.7442],[84.3845,25.7329],[84.5166,25.6771],[84.6005,25.7384],[84.608,25.805],[84.4897,25.8882],[84.4545,25.8878],[84.384,25.9394]]]},"properties":{"AC_NO":363,"AC_NAME":"Bairia","PC_NO":72,"PC_NAME":"BALLIA","district":"BALLIA"}},{"type":"Feature","geometry":{"type":"Polygon","coordinates":[[[82.9809,25.9338],[82.9317,25.9431],[82.8056,25.8056],[82.8668,25.772],[82.9802,25.6791],[83.0664,25.6523],[83.0984,25.6577],[83.1187,25.7388],[83.0346,25.91],[82.9809,25.9338]]]},"properties":{"AC_NO":351,"AC_NAME":"Lalganj (SC)","PC_NO":68,"PC_NAME":"LALGANJ (SC)","district":"AZAMGARH"}},{"type":"Feature","geometry":{"type":"Polygon","coordinates":[[[82.2158,25.8378],[82.0695,25.9258],[81.9829,25.8532],[81.9303,25.7531],[82.021,25.7427],[82.0624,25.6567],[82.1608,25.68],[82.2037,25.8225],[82.2158,25.8378]]]},"properties":{"AC_NO":250,"AC_NAME":"Raniganj","PC_NO":39,"PC_NAME":"PRATAPGARH","district":"PRATAPGARH"}},{"type":"Feature","geometry":{"type":"Polygon","coordinates":[[[79.6238,25.9325],[79.6127,25.9064],[79.3961,25.7955],[79.3552,25.6439],[79.3892,25.523],[79.5304,25.4814],[79.7101,25.5671],[79.8134,25.5015],[79.9489,25.6363],[79.9927,25.6979],[79.97,25.8506],[79.8706,25.882],[79.6238,25.9325]]]},"properties":{"AC_NO":229,"AC_NAME":"Rath (SC)","PC_NO":47,"PC_NAME":"HAMIRPUR","district":"HAMIRPUR"}},{"type":"Feature","geometry":{"type":"Polygon","coordinates":[[[81.733,25.8927],[81.6541,25.944],[81.5462,25.9112],[81.4394,25.9188],[81.3383,25.8107],[81.3845,25.7742],[81.5337,25.7957],[81.727,25.7638],[81.7648,25.785],[81.733,25.8927]]]},"properties":{"AC_NO":245,"AC_NAME":"Babaganj (SC)","PC_NO":50,"PC_NAME":"KAUSHAMBI (SC)","district":"PRATAPGARH"}},{"type":"Feature","geometry":{"type":"Polygon","coordinates":[[[80.5682,25.8686],[80.5549,25.8659],[80.4697,25.8123],[80.5669,25.7189],[80.6781,25.6963],[80.9484,25.6688],[81.0148,25.7396],[80.8867,25.788],[80.7611,25.8723],[80.7145,25.9085],[80.5682,25.8686]]]},"properties":{"AC_NO":241,"AC_NAME":"Ayah Shah","PC_NO":49,"PC_NAME":"FATEHPUR","district":"FATEHPUR"}},{"type":"Feature","geometry":{"type":"Polygon","coordinates":[[[84.1024,25.881],[84.0149,25.897],[84.0424,25.8376],[83.9409,25.7595],[83.9446,25.67],[83.93,25.5575],[83.9519,25.5675],[84.0834,25.6447],[84.0138,25.7028],[84.1021,25.825],[84.1024,25.881]]]},"properties":{"AC_NO":360,"AC_NAME":"Phephana","PC_NO":72,"PC_NAME":"BALLIA","district":"BALLIA"}},{"type":"Feature","geometry":{"type":"Polygon","coordinates":[[[80.3457,25.9],[80.2705,25.7829],[80.3456,25.7203],[80.3189,25.6511],[80.1172,25.4075],[80.1045,25.3496],[80.2944,25.4106],[80.5008,25.4784],[80.5783,25.6019],[80.6781,25.6963],[80.5669,25.7189],[80.4697,25.8123],[80.5549,25.8659],[80.4053,25.9135],[80.3457,25.9]]]},"properties":{"AC_NO":232,"AC_NAME":"Tindwari","PC_NO":47,"PC_NAME":"HAMIRPUR","district":"BANDA"}},{"type":"Feature","geometry":{"type":"Polygon","coordinates":[[[82.7432,25.7455],[82.6619,25.7691],[82.5792,25.9095],[82.5656,25.9062],[82.5229,25.8304],[82.4512,25.7916],[82.443,25.7445],[82.6221,25.6901],[82.6788,25.6393],[82.7432,25.7455]]]},"properties":{"AC_NO":367,"AC_NAME":"Malhani","PC_NO":73,"PC_NAME":"JAUNPUR","district":"JAUNPUR"}},{"type":"Feature","geometry":{"type":"Polygon","coordinates":[[[83.7312,25.8571],[83.5529,25.8674],[83.6637,25.7055],[83.6531,25.6607],[83.786,25.7012],[83.9446,25.67],[83.9409,25.7595],[83.7699,25.8174],[83.7312,25.8571]]]},"properties":{"AC_NO":377,"AC_NAME":"Zahoorabad","PC_NO":72,"PC_NAME":"BALLIA","district":"GHAZIPUR"}},{"type":"Feature","geometry":{"type":"Polygon","coordinates":[[[83.5529,25.8674],[83.4788,25.8397],[83.4791,25.7099],[83.5239,25.65],[83.5677,25.5584],[83.6788,25.5448],[83.709,25.593],[83.6531,25.6607],[83.6637,25.7055],[83.5529,25.8674]]]},"properties":{"AC_NO":376,"AC_NAME":"Jangipur (SC)","PC_NO":75,"PC_NAME":"GHAZIPUR","district":"GHAZIPUR"}},{"type":"Feature","geometry":{"type":"Polygon","coordinates":[[[84.1021,25.825],[84.0138,25.7028],[84.0834,25.6447],[84.1051,25.7211],[84.2222,25.6628],[84.3244,25.6712],[84.3736,25.7442],[84.3585,25.7872],[84.2932,25.7764],[84.1929,25.8407],[84.1021,25.825]]]},"properties":{"AC_NO":361,"AC_NAME":"Ballia Nagar","PC_NO":72,"PC_NAME":"BALLIA","district":"BALLIA"}},{"type":"Feature","geometry":{"type":"Polygon","coordinates":[[[83.4788,25.8397],[83.4605,25.8501],[83.3456,25.8146],[83.2184,25.7594],[83.1863,25.6886],[83.3437,25.5992],[83.3755,25.6486],[83.5239,25.65],[83.4791,25.7099],[83.4788,25.8397]]]},"properties":{"AC_NO":373,"AC_NAME":"Jakhanian","PC_NO":75,"PC_NAME":"GHAZIPUR","district":"GHAZIPUR"}},{"type":"Feature","geometry":{"type":"Polygon","coordinates":[[[82.7592,25.8364],[82.7432,25.7455],[82.6788,25.6393],[82.6577,25.5592],[82.7213,25.535],[82.8299,25.5532],[82.7893,25.6976],[82.8668,25.772],[82.8056,25.8056],[82.7592,25.8364]]]},"properties":{"AC_NO":371,"AC_NAME":"Zafrabad","PC_NO":74,"PC_NAME":"MACHHLISHAHR (SC)","district":"JAUNPUR"}},{"type":"Feature","geometry":{"type":"Polygon","coordinates":[[[82.2037,25.8225],[82.1608,25.68],[82.1372,25.6222],[82.3323,25.5354],[82.3416,25.5342],[82.3329,25.6721],[82.443,25.7445],[82.4512,25.7916],[82.2037,25.8225]]]},"properties":{"AC_NO":368,"AC_NAME":"Mungra Badshahpur","PC_NO":73,"PC_NAME":"JAUNPUR","district":"JAUNPUR"}},{"type":"Feature","geometry":{"type":"Polygon","coordinates":[[[81.2697,25.7558],[81.0387,25.804],[81.0148,25.7396],[80.9484,25.6688],[81.022,25.6351],[81.0206,25.5471],[81.1892,25.4902],[81.1877,25.4476],[81.2495,25.522],[81.2069,25.5984],[81.2697,25.7558]]]},"properties":{"AC_NO":243,"AC_NAME":"Khaga (SC)","PC_NO":49,"PC_NAME":"FATEHPUR","district":"FATEHPUR"}},{"type":"Feature","geometry":{"type":"Polygon","coordinates":[[[81.3383,25.8107],[81.2697,25.7558],[81.2069,25.5984],[81.2495,25.522],[81.4706,25.5156],[81.5366,25.6017],[81.4676,25.62],[81.3689,25.7129],[81.3845,25.7742],[81.3383,25.8107]]]},"properties":{"AC_NO":251,"AC_NAME":"Sirathu","PC_NO":50,"PC_NAME":"KAUSHAMBI (SC)","district":"KAUSHAMBI"}},{"type":"Feature","geometry":{"type":"Polygon","coordinates":[[[81.7648,25.785],[81.727,25.7638],[81.5337,25.7957],[81.3845,25.7742],[81.3689,25.7129],[81.4676,25.62],[81.5366,25.6017],[81.6102,25.5977],[81.752,25.6687],[81.7774,25.7441],[81.7648,25.785]]]},"properties":{"AC_NO":246,"AC_NAME":"Kunda","PC_NO":50,"PC_NAME":"KAUSHAMBI (SC)","district":"PRATAPGARH"}},{"type":"Feature","geometry":{"type":"Polygon","coordinates":[[[82.8668,25.772],[82.7893,25.6976],[82.8299,25.5532],[82.9501,25.5294],[83.0708,25.5513],[83.0664,25.6523],[82.9802,25.6791],[82.8668,25.772]]]},"properties":{"AC_NO":372,"AC_NAME":"Kerakat (SC)","PC_NO":74,"PC_NAME":"MACHHLISHAHR (SC)","district":"JAUNPUR"}},{"type":"Feature","geometry":{"type":"Polygon","coordinates":[[[81.9303,25.7531],[81.862,25.717],[81.8408,25.6391],[81.9501,25.5427],[82.0496,25.5399],[82.0612,25.6321],[82.0624,25.6567],[82.021,25.7427],[81.9303,25.7531]]]},"properties":{"AC_NO":255,"AC_NAME":"Soraon (SC)","PC_NO":51,"PC_NAME":"PHULPUR","district":"PRAYAGRAJ"}},{"type":"Feature","geometry":{"type":"Polygon","coordinates":[[[81.7774,25.7441],[81.752,25.6687],[81.6102,25.5977],[81.642,25.5255],[81.7996,25.4708],[81.8336,25.4986],[81.8783,25.5134],[81.9501,25.5427],[81.8408,25.6391],[81.862,25.717],[81.7774,25.7441]]]},"properties":{"AC_NO":254,"AC_NAME":"Phaphamau","PC_NO":51,"PC_NAME":"PHULPUR","district":"PRAYAGRAJ"}},{"type":"Feature","geometry":{"type":"Polygon","coordinates":[[[82.6221,25.6901],[82.443,25.7445],[82.3329,25.6721],[82.3416,25.5342],[82.4433,25.5185],[82.5082,25.4704],[82.6221,25.6901]]]},"properties":{"AC_NO":369,"AC_NAME":"Machhlishahr (SC)","PC_NO":74,"PC_NAME":"MACHHLISHAHR (SC)","district":"JAUNPUR"}},{"type":"Feature","geometry":{"type":"Polygon","coordinates":[[[80.6781,25.6963],[80.5783,25.6019],[80.5008,25.4784],[80.6937,25.4005],[80.8564,25.3675],[80.8861,25.4194],[81.0237,25.5032],[81.0206,25.5471],[81.022,25.6351],[80.9484,25.6688],[80.6781,25.6963]]]},"properties":{"AC_NO":233,"AC_NAME":"Baberu","PC_NO":48,"PC_NAME":"BANDA","district":"BANDA"}},{"type":"Feature","geometry":{"type":"Polygon","coordinates":[[[78.9841,25.6401],[78.904,25.5515],[78.9441,25.4827],[78.8195,25.3068],[78.8265,25.255],[78.863,25.3144],[78.961,25.345],[78.8706,25.1869],[78.8841,25.1587],[78.9707,25.2163],[79.1732,25.1077],[79.3233,25.1498],[79.2837,25.1928],[79.2789,25.324],[79.2944,25.3581],[79.2053,25.3811],[79.2396,25.5071],[79.1343,25.5853],[79.1576,25.6457],[79.0415,25.6929],[78.9841,25.6401]]]},"properties":{"AC_NO":224,"AC_NAME":"Mauranipur (SC)","PC_NO":46,"PC_NAME":"JHANSI","district":"JHANSI"}},{"type":"Feature","geometry":{"type":"Polygon","coordinates":[[[83.9446,25.67],[83.786,25.7012],[83.6531,25.6607],[83.709,25.593],[83.6788,25.5448],[83.8762,25.5178],[83.93,25.5575],[83.9446,25.67]]]},"properties":{"AC_NO":378,"AC_NAME":"Mohammadabad","PC_NO":72,"PC_NAME":"BALLIA","district":"GHAZIPUR"}},{"type":"Feature","geometry":{"type":"Polygon","coordinates":[[[83.3437,25.5992],[83.1863,25.6886],[83.0984,25.6577],[83.0664,25.6523],[83.0708,25.5513],[83.1778,25.5221],[83.2951,25.4958],[83.3626,25.4816],[83.3437,25.5992]]]},"properties":{"AC_NO":374,"AC_NAME":"Saidpur (SC)","PC_NO":75,"PC_NAME":"GHAZIPUR","district":"GHAZIPUR"}},{"type":"Feature","geometry":{"type":"Polygon","coordinates":[[[82.6788,25.6393],[82.6221,25.6901],[82.5082,25.4704],[82.6196,25.3935],[82.6942,25.3947],[82.7213,25.535],[82.6577,25.5592],[82.6788,25.6393]]]},"properties":{"AC_NO":370,"AC_NAME":"Mariyahu","PC_NO":74,"PC_NAME":"MACHHLISHAHR (SC)","district":"JAUNPUR"}},{"type":"Feature","geometry":{"type":"Polygon","coordinates":[[[82.1608,25.68],[82.0624,25.6567],[82.0612,25.6321],[82.1205,25.5258],[82.0406,25.4263],[82.094,25.3702],[82.1985,25.365],[82.2887,25.4797],[82.3323,25.5354],[82.1372,25.6222],[82.1608,25.68]]]},"properties":{"AC_NO":257,"AC_NAME":"Pratappur","PC_NO":78,"PC_NAME":"BHADOHI","district":"PRAYAGRAJ"}},{"type":"Feature","geometry":{"type":"Polygon","coordinates":[[[78.819,25.6449],[78.6578,25.5596],[78.5316,25.571],[78.449,25.5641],[78.4308,25.4736],[78.3199,25.3836],[78.3117,25.3031],[78.3722,25.2595],[78.4468,25.1218],[78.5563,25.2106],[78.5312,25.3001],[78.5652,25.3855],[78.5178,25.4305],[78.5821,25.5196],[78.662,25.4409],[78.7141,25.3725],[78.7965,25.483],[78.8665,25.4658],[78.904,25.5515],[78.9841,25.6401],[78.9179,25.5989],[78.819,25.6449]]]},"properties":{"AC_NO":222,"AC_NAME":"Babina","PC_NO":46,"PC_NAME":"JHANSI","district":"JHANSI"}},{"type":"Feature","geometry":{"type":"Polygon","coordinates":[[[83.5239,25.65],[83.3755,25.6486],[83.3437,25.5992],[83.3626,25.4816],[83.4042,25.494],[83.5301,25.3901],[83.4949,25.5065],[83.5677,25.5584],[83.5239,25.65]]]},"properties":{"AC_NO":375,"AC_NAME":"Ghazipur","PC_NO":75,"PC_NAME":"GHAZIPUR","district":"GHAZIPUR"}},{"type":"Feature","geometry":{"type":"Polygon","coordinates":[[[79.9489,25.6363],[79.8134,25.5015],[79.9274,25.4451],[79.7992,25.3625],[79.7344,25.2055],[79.6065,25.1502],[79.7493,25.1394],[79.8418,25.0955],[79.853,25.2248],[79.9742,25.2647],[80.0336,25.3423],[80.1045,25.3496],[80.1172,25.4075],[80.0277,25.4347],[79.983,25.5344],[80.0248,25.5873],[79.9489,25.6363]]]},"properties":{"AC_NO":230,"AC_NAME":"Mahoba","PC_NO":47,"PC_NAME":"HAMIRPUR","district":"MAHOBA"}},{"type":"Feature","geometry":{"type":"Polygon","coordinates":[[[82.0612,25.6321],[82.0496,25.5399],[81.9501,25.5427],[81.8783,25.5134],[81.8953,25.4418],[81.8793,25.4289],[81.9521,25.3327],[82.0733,25.3401],[82.094,25.3702],[82.0406,25.4263],[82.1205,25.5258],[82.0612,25.6321]]]},"properties":{"AC_NO":256,"AC_NAME":"Phulpur","PC_NO":51,"PC_NAME":"PHULPUR","district":"PRAYAGRAJ"}},{"type":"Feature","geometry":{"type":"Polygon","coordinates":[[[81.5366,25.6017],[81.4706,25.5156],[81.5341,25.4199],[81.4822,25.3697],[81.4978,25.2679],[81.5499,25.292],[81.6295,25.351],[81.8131,25.3393],[81.8214,25.4129],[81.8105,25.4288],[81.7996,25.4708],[81.642,25.5255],[81.6102,25.5977],[81.5366,25.6017]]]},"properties":{"AC_NO":253,"AC_NAME":"Chail","PC_NO":50,"PC_NAME":"KAUSHAMBI (SC)","district":"KAUSHAMBI"}},{"type":"Feature","geometry":{"type":"Polygon","coordinates":[[[79.8134,25.5015],[79.7101,25.5671],[79.5304,25.4814],[79.3892,25.523],[79.2944,25.3581],[79.2789,25.324],[79.3522,25.3299],[79.4462,25.2442],[79.3929,25.1168],[79.5252,25.0974],[79.6065,25.1502],[79.7344,25.2055],[79.7992,25.3625],[79.9274,25.4451],[79.8134,25.5015]]]},"properties":{"AC_NO":231,"AC_NAME":"Charkhari","PC_NO":47,"PC_NAME":"HAMIRPUR","district":"MAHOBA"}},{"type":"Feature","geometry":{"type":"Polygon","coordinates":[[[82.9501,25.5294],[82.8299,25.5532],[82.7213,25.535],[82.6942,25.3947],[82.7058,25.3886],[82.8082,25.4018],[82.9214,25.4545],[82.9501,25.5294]]]},"properties":{"AC_NO":384,"AC_NAME":"Pindra","PC_NO":74,"PC_NAME":"MACHHLISHAHR (SC)","district":"VARANASI"}},{"type":"Feature","geometry":{"type":"Polygon","coordinates":[[[83.0708,25.5513],[82.9501,25.5294],[82.9214,25.4545],[82.8082,25.4018],[82.8276,25.3853],[82.915,25.3604],[82.9963,25.4505],[83.1271,25.4436],[83.1778,25.5221],[83.0708,25.5513]]]},"properties":{"AC_NO":385,"AC_NAME":"Ajagara (SC)","PC_NO":76,"PC_NAME":"CHANDAULI","district":"VARANASI"}},{"type":"Feature","geometry":{"type":"Polygon","coordinates":[[[78.662,25.4409],[78.5821,25.5196],[78.5178,25.4305],[78.5652,25.3855],[78.662,25.4409]]]},"properties":{"AC_NO":223,"AC_NAME":"Jhansi Nagar","PC_NO":46,"PC_NAME":"JHANSI","district":"JHANSI"}},{"type":"Feature","geometry":{"type":"Polygon","coordinates":[[[83.6788,25.5448],[83.5677,25.5584],[83.4949,25.5065],[83.5301,25.3901],[83.5397,25.3157],[83.6283,25.3286],[83.7173,25.3974],[83.7827,25.3975],[83.8762,25.5178],[83.6788,25.5448]]]},"properties":{"AC_NO":379,"AC_NAME":"Zamania","PC_NO":75,"PC_NAME":"GHAZIPUR","district":"GHAZIPUR"}},{"type":"Feature","geometry":{"type":"Polygon","coordinates":[[[81.0206,25.5471],[81.0237,25.5032],[80.8861,25.4194],[80.8564,25.3675],[80.7719,25.3295],[80.7777,25.2203],[80.6839,25.132],[80.7189,25.0638],[80.735,25.1395],[80.9076,25.1591],[81.0425,25.2609],[81.1427,25.2828],[81.1496,25.3972],[81.1877,25.4476],[81.1892,25.4902],[81.0206,25.5471]]]},"properties":{"AC_NO":236,"AC_NAME":"Chitrakoot","PC_NO":48,"PC_NAME":"BANDA","district":"CHITRAKOOT"}},{"type":"Feature","geometry":{"type":"Polygon","coordinates":[[[83.1778,25.5221],[83.1271,25.4436],[83.1862,25.4187],[83.1373,25.3228],[83.149,25.2649],[83.3077,25.2532],[83.3148,25.2532],[83.3327,25.3407],[83.2559,25.4365],[83.2951,25.4958],[83.1778,25.5221]]]},"properties":{"AC_NO":381,"AC_NAME":"Sakaldiha","PC_NO":76,"PC_NAME":"CHANDAULI","district":"CHANDAULI"}},{"type":"Feature","geometry":{"type":"Polygon","coordinates":[[[81.4706,25.5156],[81.2495,25.522],[81.1877,25.4476],[81.1496,25.3972],[81.3877,25.3342],[81.3885,25.2734],[81.4978,25.2679],[81.4822,25.3697],[81.5341,25.4199],[81.4706,25.5156]]]},"properties":{"AC_NO":252,"AC_NAME":"Manjhanpur (SC)","PC_NO":50,"PC_NAME":"KAUSHAMBI (SC)","district":"KAUSHAMBI"}},{"type":"Feature","geometry":{"type":"Polygon","coordinates":[[[82.3323,25.5354],[82.2887,25.4797],[82.3421,25.4407],[82.3966,25.4467],[82.4619,25.3655],[82.4728,25.3276],[82.6903,25.3006],[82.7058,25.3886],[82.6942,25.3947],[82.6196,25.3935],[82.5082,25.4704],[82.4433,25.5185],[82.3416,25.5342],[82.3323,25.5354]]]},"properties":{"AC_NO":392,"AC_NAME":"Bhadohi","PC_NO":78,"PC_NAME":"BHADOHI","district":"BHADOHI"}},{"type":"Feature","geometry":{"type":"Polygon","coordinates":[[[81.8783,25.5134],[81.8336,25.4986],[81.8557,25.4556],[81.8953,25.4418],[81.8783,25.5134]]]},"properties":{"AC_NO":262,"AC_NAME":"Allahabad North","PC_NO":51,"PC_NAME":"PHULPUR","district":"PRAYAGRAJ"}},{"type":"Feature","geometry":{"type":"Polygon","coordinates":[[[83.2951,25.4958],[83.2559,25.4365],[83.3327,25.3407],[83.3148,25.2532],[83.3556,25.1964],[83.4022,25.2125],[83.5397,25.3157],[83.5301,25.3901],[83.4042,25.494],[83.3626,25.4816],[83.2951,25.4958]]]},"properties":{"AC_NO":382,"AC_NAME":"Saiyadraja","PC_NO":76,"PC_NAME":"CHANDAULI","district":"CHANDAULI"}},{"type":"Feature","geometry":{"type":"Polygon","coordinates":[[[81.8336,25.4986],[81.7996,25.4708],[81.8105,25.4288],[81.8557,25.4556],[81.8336,25.4986]]]},"properties":{"AC_NO":261,"AC_NAME":"Allahabad West","PC_NO":51,"PC_NAME":"PHULPUR","district":"PRAYAGRAJ"}},{"type":"Feature","geometry":{"type":"Polygon","coordinates":[[[80.6937,25.4005],[80.5008,25.4784],[80.2944,25.4106],[80.3111,25.2862],[80.3742,25.2439],[80.4331,25.302],[80.555,25.3531],[80.6517,25.3394],[80.6937,25.4005]]]},"properties":{"AC_NO":235,"AC_NAME":"Banda","PC_NO":48,"PC_NAME":"BANDA","district":"BANDA"}},{"type":"Feature","geometry":{"type":"Polygon","coordinates":[[[82.3421,25.4407],[82.2887,25.4797],[82.1985,25.365],[82.094,25.3702],[82.0733,25.3401],[82.0778,25.2878],[82.152,25.3209],[82.2218,25.2734],[82.29,25.2971],[82.3421,25.4407]]]},"properties":{"AC_NO":258,"AC_NAME":"Handia","PC_NO":78,"PC_NAME":"BHADOHI","district":"PRAYAGRAJ"}},{"type":"Feature","geometry":{"type":"Polygon","coordinates":[[[81.8953,25.4418],[81.8557,25.4556],[81.8105,25.4288],[81.8214,25.4129],[81.8793,25.4289],[81.8953,25.4418]]]},"properties":{"AC_NO":263,"AC_NAME":"Allahabad South","PC_NO":52,"PC_NAME":"ALLAHABAD","district":"PRAYAGRAJ"}},{"type":"Feature","geometry":{"type":"Polygon","coordinates":[[[83.1271,25.4436],[82.9963,25.4505],[82.915,25.3604],[82.9654,25.3261],[83.0375,25.3333],[83.046,25.3275],[83.1373,25.3228],[83.1862,25.4187],[83.1271,25.4436]]]},"properties":{"AC_NO":386,"AC_NAME":"Shivpur","PC_NO":76,"PC_NAME":"CHANDAULI","district":"VARANASI"}},{"type":"Feature","geometry":{"type":"Polygon","coordinates":[[[82.4619,25.3655],[82.3966,25.4467],[82.3421,25.4407],[82.29,25.2971],[82.2218,25.2734],[82.2683,25.1827],[82.3466,25.207],[82.4105,25.2529],[82.4619,25.3655]]]},"properties":{"AC_NO":393,"AC_NAME":"Gyanpur","PC_NO":78,"PC_NAME":"BHADOHI","district":"BHADOHI"}},{"type":"Feature","geometry":{"type":"Polygon","coordinates":[[[81.8214,25.4129],[81.8131,25.3393],[81.8695,25.329],[81.9315,25.185],[81.9932,25.164],[82.0778,25.2878],[82.0733,25.3401],[81.9521,25.3327],[81.8793,25.4289],[81.8214,25.4129]]]},"properties":{"AC_NO":260,"AC_NAME":"Karachhana","PC_NO":52,"PC_NAME":"ALLAHABAD","district":"PRAYAGRAJ"}},{"type":"Feature","geometry":{"type":"Polygon","coordinates":[[[80.8564,25.3675],[80.6937,25.4005],[80.6517,25.3394],[80.555,25.3531],[80.4331,25.302],[80.3742,25.2439],[80.4306,25.1732],[80.3548,25.1385],[80.3555,25.0556],[80.2735,25.0261],[80.3346,25.0003],[80.4523,25.0748],[80.4774,24.9763],[80.5308,25.0014],[80.5924,25.1033],[80.7189,25.0638],[80.6839,25.132],[80.7777,25.2203],[80.7719,25.3295],[80.8564,25.3675]]]},"properties":{"AC_NO":234,"AC_NAME":"Naraini (SC)","PC_NO":48,"PC_NAME":"BANDA","district":"BANDA"}},{"type":"Feature","geometry":{"type":"Polygon","coordinates":[[[82.8276,25.3853],[82.8082,25.4018],[82.7058,25.3886],[82.6903,25.3006],[82.6688,25.2504],[82.7827,25.2033],[82.8668,25.1856],[82.8276,25.3853]]]},"properties":{"AC_NO":391,"AC_NAME":"Sevapuri","PC_NO":77,"PC_NAME":"VARANASI","district":"VARANASI"}},{"type":"Feature","geometry":{"type":"Polygon","coordinates":[[[81.4978,25.2679],[81.3885,25.2734],[81.3877,25.3342],[81.1496,25.3972],[81.1427,25.2828],[81.0425,25.2609],[80.9076,25.1591],[80.8099,24.9526],[80.861,24.9288],[81.0845,24.9499],[81.1229,24.8993],[81.2153,24.9329],[81.2211,24.9976],[81.2896,25.1687],[81.3575,25.17],[81.4287,25.1047],[81.5402,25.1859],[81.5499,25.292],[81.4978,25.2679]]]},"properties":{"AC_NO":237,"AC_NAME":"Manikpur","PC_NO":48,"PC_NAME":"BANDA","district":"CHITRAKOOT"}},{"type":"Feature","geometry":{"type":"Polygon","coordinates":[[[82.915,25.3604],[82.8276,25.3853],[82.8668,25.1856],[83.0061,25.2048],[83.0301,25.2434],[82.9749,25.316],[82.9654,25.3261],[82.915,25.3604]]]},"properties":{"AC_NO":387,"AC_NAME":"Rohaniya","PC_NO":77,"PC_NAME":"VARANASI","district":"VARANASI"}},{"type":"Feature","geometry":{"type":"Polygon","coordinates":[[[83.0375,25.3333],[82.9654,25.3261],[82.9749,25.316],[83.0009,25.3175],[83.0375,25.3333]]]},"properties":{"AC_NO":388,"AC_NAME":"Varanasi North","PC_NO":77,"PC_NAME":"VARANASI","district":"VARANASI"}},{"type":"Feature","geometry":{"type":"Polygon","coordinates":[[[82.6903,25.3006],[82.4728,25.3276],[82.4619,25.3655],[82.4105,25.2529],[82.5765,25.2464],[82.6688,25.2504],[82.6903,25.3006]]]},"properties":{"AC_NO":394,"AC_NAME":"Aurai (SC)","PC_NO":78,"PC_NAME":"BHADOHI","district":"BHADOHI"}},{"type":"Feature","geometry":{"type":"Polygon","coordinates":[[[81.8131,25.3393],[81.6295,25.351],[81.5499,25.292],[81.5402,25.1859],[81.7076,25.0351],[81.7424,25.0388],[81.8048,25.1345],[81.9315,25.185],[81.8695,25.329],[81.8131,25.3393]]]},"properties":{"AC_NO":264,"AC_NAME":"Bara (SC)","PC_NO":52,"PC_NAME":"ALLAHABAD","district":"PRAYAGRAJ"}},{"type":"Feature","geometry":{"type":"Polygon","coordinates":[[[83.0375,25.3333],[83.0009,25.3175],[83.0123,25.3073],[83.046,25.3275],[83.0375,25.3333]]]},"properties":{"AC_NO":389,"AC_NAME":"Varanasi South","PC_NO":77,"PC_NAME":"VARANASI","district":"VARANASI"}},{"type":"Feature","geometry":{"type":"Polygon","coordinates":[[[83.1373,25.3228],[83.046,25.3275],[83.0123,25.3073],[83.0301,25.2437],[83.1747,25.1669],[83.3077,25.2532],[83.149,25.2649],[83.1373,25.3228]]]},"properties":{"AC_NO":380,"AC_NAME":"Mughalsarai","PC_NO":76,"PC_NAME":"CHANDAULI","district":"CHANDAULI"}},{"type":"Feature","geometry":{"type":"Polygon","coordinates":[[[82.2218,25.2734],[82.152,25.3209],[82.0778,25.2878],[81.9932,25.164],[82.0674,25.1465],[82.1727,25.0694],[82.2958,25.0488],[82.2683,25.1827],[82.2218,25.2734]]]},"properties":{"AC_NO":259,"AC_NAME":"Meja","PC_NO":52,"PC_NAME":"ALLAHABAD","district":"PRAYAGRAJ"}},{"type":"Feature","geometry":{"type":"Polygon","coordinates":[[[83.0009,25.3175],[82.9749,25.316],[83.0301,25.2434],[83.0301,25.2437],[83.0123,25.3073],[83.0009,25.3175]]]},"properties":{"AC_NO":390,"AC_NAME":"Varanasi Cantt.","PC_NO":77,"PC_NAME":"VARANASI","district":"VARANASI"}},{"type":"Feature","geometry":{"type":"Polygon","coordinates":[[[82.6688,25.2504],[82.5765,25.2464],[82.5103,25.1716],[82.4689,25.0693],[82.551,25.0552],[82.6129,24.9584],[82.7158,24.9646],[82.8019,25.0936],[82.7115,25.1672],[82.7827,25.2033],[82.6688,25.2504]]]},"properties":{"AC_NO":397,"AC_NAME":"Majhawan","PC_NO":79,"PC_NAME":"MIRZAPUR","district":"MIRZAPUR"}},{"type":"Feature","geometry":{"type":"Polygon","coordinates":[[[82.3466,25.207],[82.2683,25.1827],[82.2958,25.0488],[82.2645,24.9645],[82.1019,24.8622],[82.1067,24.8043],[82.2095,24.7714],[82.3034,24.6539],[82.2989,24.6051],[82.4161,24.5912],[82.429,24.7026],[82.5234,24.6761],[82.5466,24.7803],[82.46,24.7786],[82.4437,24.8569],[82.483,24.9943],[82.551,25.0552],[82.4689,25.0693],[82.3946,25.1021],[82.3466,25.207]]]},"properties":{"AC_NO":395,"AC_NAME":"Chhanbey (SC)","PC_NO":79,"PC_NAME":"MIRZAPUR","district":"MIRZAPUR"}},{"type":"Feature","geometry":{"type":"Polygon","coordinates":[[[78.5802,25.1912],[78.5563,25.2106],[78.4468,25.1218],[78.3385,25.0858],[78.3326,24.9942],[78.1732,24.8787],[78.1751,24.8456],[78.2765,24.6633],[78.2259,24.5301],[78.2652,24.4521],[78.3204,24.4099],[78.3073,24.4584],[78.4466,24.5493],[78.4029,24.6113],[78.4549,24.7045],[78.4487,24.77],[78.574,24.7554],[78.6822,24.8216],[78.715,24.8795],[78.6365,24.9592],[78.6526,25.0502],[78.6024,25.0944],[78.5802,25.1912]]]},"properties":{"AC_NO":226,"AC_NAME":"Lalitpur","PC_NO":46,"PC_NAME":"JHANSI","district":"LALITPUR"}},{"type":"Feature","geometry":{"type":"Polygon","coordinates":[[[83.3148,25.2532],[83.3077,25.2532],[83.1747,25.1669],[83.1327,25.1275],[83.0653,25.0621],[83.0649,24.9327],[83.1007,24.8198],[83.1519,24.7368],[83.303,24.7197],[83.3935,24.7823],[83.3548,24.9045],[83.3556,25.1964],[83.3148,25.2532]]]},"properties":{"AC_NO":383,"AC_NAME":"Chakia (SC)","PC_NO":80,"PC_NAME":"ROBERTSGANJ (SC)","district":"CHANDAULI"}},{"type":"Feature","geometry":{"type":"Polygon","coordinates":[[[82.5765,25.2464],[82.4105,25.2529],[82.3466,25.207],[82.3946,25.1021],[82.4689,25.0693],[82.5103,25.1716],[82.5765,25.2464]]]},"properties":{"AC_NO":396,"AC_NAME":"Mirzapur","PC_NO":79,"PC_NAME":"MIRZAPUR","district":"MIRZAPUR"}},{"type":"Feature","geometry":{"type":"Polygon","coordinates":[[[83.0301,25.2434],[83.0061,25.2048],[82.8668,25.1856],[82.7827,25.2033],[82.7115,25.1672],[82.8019,25.0936],[82.8863,25.0754],[82.9519,25.1443],[83.1327,25.1275],[83.1747,25.1669],[83.0301,25.2437],[83.0301,25.2434]]]},"properties":{"AC_NO":398,"AC_NAME":"Chunar","PC_NO":79,"PC_NAME":"MIRZAPUR","district":"MIRZAPUR"}},{"type":"Feature","geometry":{"type":"Polygon","coordinates":[[[81.9932,25.164],[81.9315,25.185],[81.8048,25.1345],[81.7424,25.0388],[81.8911,24.9958],[81.9031,24.8919],[81.9529,24.8414],[82.1067,24.8043],[82.1019,24.8622],[82.2645,24.9645],[82.2958,25.0488],[82.1727,25.0694],[82.0674,25.1465],[81.9932,25.164]]]},"properties":{"AC_NO":265,"AC_NAME":"Koraon (SC)","PC_NO":52,"PC_NAME":"ALLAHABAD","district":"PRAYAGRAJ"}},{"type":"Feature","geometry":{"type":"Polygon","coordinates":[[[83.1327,25.1275],[82.9519,25.1443],[82.8863,25.0754],[82.8019,25.0936],[82.7158,24.9646],[82.6129,24.9584],[82.551,25.0552],[82.483,24.9943],[82.4437,24.8569],[82.46,24.7786],[82.5466,24.7803],[82.6594,24.7815],[82.8264,24.8537],[82.9783,24.8713],[83.1007,24.8198],[83.0649,24.9327],[83.0653,25.0621],[83.1327,25.1275]]]},"properties":{"AC_NO":399,"AC_NAME":"Marihan","PC_NO":79,"PC_NAME":"MIRZAPUR","district":"MIRZAPUR"}},{"type":"Feature","geometry":{"type":"Polygon","coordinates":[[[78.774,24.8511],[78.715,24.8795],[78.6822,24.8216],[78.574,24.7554],[78.4487,24.77],[78.4549,24.7045],[78.4029,24.6113],[78.4466,24.5493],[78.3073,24.4584],[78.3204,24.4099],[78.3291,24.3273],[78.3878,24.2688],[78.5007,24.3894],[78.5959,24.3353],[78.7026,24.2269],[78.7898,24.1771],[78.9166,24.2689],[78.9917,24.4177],[78.9858,24.4413],[78.9142,24.4595],[78.9528,24.5468],[78.8831,24.6411],[78.7519,24.6001],[78.7811,24.7073],[78.774,24.8511]]]},"properties":{"AC_NO":227,"AC_NAME":"Mehroni (SC)","PC_NO":46,"PC_NAME":"JHANSI","district":"LALITPUR"}},{"type":"Feature","geometry":{"type":"Polygon","coordinates":[[[83.1519,24.7368],[83.1007,24.8198],[82.9783,24.8713],[82.8264,24.8537],[82.6594,24.7815],[82.5466,24.7803],[82.5234,24.6761],[82.6711,24.697],[82.7739,24.6417],[82.806,24.5633],[82.8971,24.5811],[82.9663,24.691],[83.0086,24.6272],[83.095,24.6553],[83.1519,24.7368]]]},"properties":{"AC_NO":400,"AC_NAME":"Ghorawal","PC_NO":80,"PC_NAME":"ROBERTSGANJ (SC)","district":"SONBHADRA"}},{"type":"Feature","geometry":{"type":"Polygon","coordinates":[[[83.3935,24.7823],[83.303,24.7197],[83.1519,24.7368],[83.095,24.6553],[83.1248,24.5984],[83.0423,24.5218],[83.031,24.4343],[83.0636,24.3358],[83.2666,24.3716],[83.3798,24.3115],[83.4496,24.377],[83.385,24.4548],[83.4028,24.5037],[83.5035,24.5255],[83.5222,24.5475],[83.5204,24.6773],[83.3935,24.7823]]]},"properties":{"AC_NO":401,"AC_NAME":"Robertsganj","PC_NO":80,"PC_NAME":"ROBERTSGANJ (SC)","district":"SONBHADRA"}},{"type":"Feature","geometry":{"type":"Polygon","coordinates":[[[83.095,24.6553],[83.0086,24.6272],[82.9663,24.691],[82.8971,24.5811],[82.806,24.5633],[82.7434,24.4964],[82.713,24.3803],[82.7713,24.3283],[82.735,24.2187],[82.741,24.1912],[82.8158,24.1753],[83.0873,24.2152],[83.0636,24.3358],[83.031,24.4343],[83.0423,24.5218],[83.1248,24.5984],[83.095,24.6553]]]},"properties":{"AC_NO":402,"AC_NAME":"Obra","PC_NO":80,"PC_NAME":"ROBERTSGANJ (SC)","district":"SONBHADRA"}},{"type":"Feature","geometry":{"type":"Polygon","coordinates":[[[83.3798,24.3115],[83.2666,24.3716],[83.0636,24.3358],[83.0873,24.2152],[82.8158,24.1753],[82.741,24.1912],[82.7116,24.0896],[82.8116,23.9611],[82.952,23.8708],[83.1416,23.885],[83.2004,23.9155],[83.2236,23.9865],[83.3298,24.1014],[83.4081,24.2623],[83.3798,24.3115]]]},"properties":{"AC_NO":403,"AC_NAME":"Duddhi (SC)","PC_NO":80,"PC_NAME":"ROBERTSGANJ (SC)","district":"SONBHADRA"}}]}