{"type":"FeatureCollection","features":[{"type":"Feature","geometry":{"type":"Polygon","coordinates":[[[83.2031,18.194],[83.2166,18.1913],[83.2182,18.2061],[83.2256,18.2129],[83.2416,18.2001],[83.252,18.2279],[83.2698,18.2177],[83.2692,18.2672],[83.255,18.282],[83.2589,18.2971],[83.2787,18.307],[83.272,18.326],[83.2906,18.3358],[83.3288,18.3398],[83.3024,18.3549],[83.3136,18.3857],[83.3124,18.4197],[83.3223,18.425],[83.2911,18.4152],[83.2647,18.4289],[83.2382,18.4142],[83.2159,18.4159],[83.2016,18.4039],[83.1862,18.4163],[83.1817,18.4425],[83.1704,18.4563],[83.1807,18.4685],[83.194,18.5173],[83.2373,18.5295],[83.2446,18.5491],[83.2553,18.5529],[83.2644,18.566],[83.2405,18.5739],[83.2262,18.5849],[83.2311,18.6037],[83.2577,18.624],[83.2775,18.6244],[83.2985,18.6397],[83.3271,18.6292],[83.332,18.617],[83.3451,18.6136],[83.3506,18.5939],[83.3651,18.5964],[83.3591,18.607],[83.3811,18.6166],[83.3953,18.6118],[83.4055,18.616],[83.4072,18.605],[83.4252,18.6204],[83.423,18.6275],[83.4362,18.6336],[83.4527,18.6178],[83.491,18.6229],[83.4974,18.6048],[83.469,18.5881],[83.459,18.5675],[83.484,18.56],[83.4875,18.5292],[83.5063,18.5418],[83.5102,18.5254],[83.5222,18.5339],[83.535,18.5252],[83.5483,18.5373],[83.5388,18.5492],[83.5267,18.5506],[83.5339,18.5669],[83.5382,18.5643],[83.5448,18.5833],[83.5513,18.5802],[83.5684,18.5888],[83.5697,18.5944],[83.5499,18.5962],[83.5533,18.6134],[83.5501,18.6463],[83.561,18.6676],[83.5538,18.683],[83.5416,18.6861],[83.5388,18.7109],[83.5604,18.6868],[83.5614,18.6721],[83.6155,18.6254],[83.6233,18.6022],[83.6412,18.5828],[83.6767,18.5783],[83.6894,18.5692],[83.7162,18.5633],[83.7457,18.585],[83.7546,18.5696],[83.7601,18.5748],[83.7663,18.5965],[83.7773,18.6037],[83.7892,18.5738],[83.8111,18.5743],[83.8337,18.5468],[83.8402,18.5502],[83.8607,18.5404],[83.8732,18.5476],[83.8818,18.5398],[83.8993,18.5372],[83.9085,18.5429],[83.907,18.5579],[83.9076,18.5727],[83.9009,18.5904],[83.8729,18.5967],[83.8624,18.6095],[83.8831,18.6331],[83.8605,18.6428],[83.8576,18.6487],[83.8577,18.6728],[83.8711,18.677],[83.8757,18.7082],[83.8672,18.7157],[83.87,18.7348],[83.8852,18.724],[83.8891,18.7305],[83.8682,18.7492],[83.8336,18.7604],[83.8244,18.7695],[83.837,18.7812],[83.8697,18.7938],[83.861,18.8116],[83.881,18.8176],[83.8905,18.8267],[83.8725,18.8476],[83.8483,18.8645],[83.8436,18.8756],[83.8489,18.8999],[83.8457,18.9136],[83.8403,18.9185],[83.8265,18.9163],[83.8289,18.9306],[83.819,18.9452],[83.8217,18.9603],[83.81542057026476,18.975998574338085],[83.8089,18.9923],[83.80595232145207,18.994826581612514],[83.7949,19.0043],[83.7945,19.0176],[83.7775,19.0174],[83.7814,19.0083],[83.7651,19.0056],[83.7515,18.9987],[83.7451,18.9889],[83.7478,18.9744],[83.7553,18.9714],[83.7589,18.9507],[83.76627728550395,18.95352681033329],[83.7696,18.9548],[83.7844,18.9336],[83.7878,18.9159],[83.7693,18.9144],[83.7631,18.9273],[83.7538,18.9252],[83.74012269201395,18.95199157070337],[83.733,18.9877],[83.72002604939145,18.9913575499056],[83.7142,18.993],[83.6852,19.0586],[83.6735,19.073],[83.6639,19.0761],[83.6603,19.0845],[83.6628,19.099],[83.647,19.1184],[83.6496,19.1233],[83.65308474852417,19.122484420558177],[83.6543,19.1222],[83.6549,19.1297],[83.64910357304925,19.130282880922422],[83.637,19.1315],[83.6316,19.1409],[83.6372,19.1536],[83.626,19.1627],[83.6274,19.1505],[83.6207,19.1417],[83.6159,19.1371],[83.6016,19.1356],[83.5978,19.1188],[83.60314255210982,19.109325317742755],[83.6106,19.0961],[83.5929,19.0927],[83.5862,19.0873],[83.5844,19.0576],[83.5749,19.0614],[83.5637,19.0583],[83.5604,19.0647],[83.5669,19.072],[83.56499368248261,19.076233146251855],[83.5601,19.0871],[83.549,19.0806],[83.55263471951636,19.069783425053725],[83.5573,19.0559],[83.5516,19.0546],[83.5417,19.0415],[83.5345,19.0131],[83.5225,19.0121],[83.5009,19.0207],[83.4968,19.0356],[83.5084,19.0356],[83.5148,19.0285],[83.5193,19.0391],[83.5131,19.0484],[83.513510827806,19.049366000516837],[83.5168,19.0571],[83.5117,19.0703],[83.5017,19.0659],[83.5006,19.0607],[83.4808,19.0786],[83.4662,19.0799],[83.4623,19.0638],[83.4692,19.0611],[83.4707,19.043],[83.4833,19.0336],[83.4784,19.0076],[83.47686797077223,19.00803513256173],[83.4615,19.0124],[83.45,19.0099],[83.4565,18.9912],[83.4678,18.991],[83.4642,18.9804],[83.4685,18.9801],[83.46899308132622,18.97673544506818],[83.4702,18.9685],[83.4636,18.9553],[83.4439,18.9603],[83.4457492481028,18.96481216537083],[83.4464,18.9664],[83.439,18.9753],[83.4148,18.9894],[83.4201,18.9985],[83.4152,19.0031],[83.4116,19.0006],[83.3967,19.0097],[83.3843,19.0013],[83.37593335536752,19.002015097831837],[83.3726,19.0023],[83.3666,19.0061],[83.36666566095629,19.0069535924316],[83.3674,19.0165],[83.348,19.0169],[83.3429,19.0181],[83.337,19.0063],[83.3387,18.997],[83.3275,19.0026],[83.3104,18.9989],[83.3205,18.9721],[83.3282,18.9672],[83.3336,18.969],[83.3322,18.9579],[83.3396,18.9522],[83.3389,18.9473],[83.3272,18.9451],[83.3254,18.9328],[83.3347,18.9249],[83.3486,18.9266],[83.3445,18.9424],[83.3511,18.9463],[83.3502,18.9664],[83.3667,18.964],[83.3711,18.9432],[83.3526,18.9301],[83.3778,18.897],[83.397,18.8791],[83.4145,18.8735],[83.4044,18.8619],[83.4056,18.8423],[83.3792,18.8309],[83.3693,18.844],[83.3548,18.8326],[83.3284,18.8177],[83.33,18.8066],[83.3077,18.8088],[83.2818,18.7958],[83.2749,18.782],[83.27825547256451,18.77811191274272],[83.2812,18.7747],[83.2714,18.7648],[83.263,18.7695],[83.26162828540826,18.76941686578232],[83.2432,18.7683],[83.2246,18.7751],[83.2281,18.7569],[83.2201,18.7477],[83.2114,18.731],[83.20723869052865,18.750198768697288],[83.207,18.7513],[83.1932,18.7532],[83.1779,18.7709],[83.1565,18.7683],[83.139,18.7854],[83.1151,18.7681],[83.1124,18.7528],[83.0917,18.7225],[83.0726,18.7053],[83.07159421361202,18.7030912142068],[83.0624,18.6829],[83.058,18.6655],[83.0167,18.6501],[83.0131,18.6459],[83.0196,18.6352],[82.9992,18.618],[83.0004,18.608],[83.0152,18.6055],[83.0135,18.5944],[83.0237,18.5897],[83.03203808804987,18.592960221279014],[83.0526,18.601],[83.0531,18.5882],[83.04,18.5865],[83.03534146172402,18.580653991183077],[83.0298,18.5737],[83.0451,18.5443],[83.0619,18.5421],[83.0809,18.5541],[83.0895,18.553],[83.0948,18.5473],[83.0935,18.5399],[83.077,18.5262],[83.075,18.5146],[83.0552,18.4957],[83.0551,18.4856],[83.0209,18.4563],[83.0246,18.4485],[83.0296959162357,18.448193017094233],[83.0329,18.448],[83.0409,18.4408],[83.03987399960182,18.438812124228548],[83.0377,18.4346],[83.0425,18.4243],[83.04821866028708,18.43112105263158],[83.0508,18.4342],[83.0599,18.437],[83.0673,18.4285],[83.0591702707565,18.421027218574153],[83.0574,18.4194],[83.0642,18.4094],[83.0758,18.4057],[83.0544,18.38],[83.03365715790481,18.387467423154266],[83.0219,18.3917],[83.0057,18.3829],[82.996,18.3851],[82.9872,18.3789],[82.9831,18.3665],[82.9704,18.3601],[82.9601,18.3664],[82.95909311563126,18.366128536077056],[82.9397,18.3609],[82.926,18.3682],[82.9131,18.3685],[82.8942,18.3816],[82.8907,18.3905],[82.89581554365398,18.39986648838054],[82.8978,18.4035],[82.895,18.4241],[82.8713,18.4185],[82.8564,18.4255],[82.85420939757157,18.42204980117523],[82.8524,18.4192],[82.85006480453741,18.424259590168933],[82.8458,18.4335],[82.8238,18.4435],[82.8225,18.4478],[82.8031,18.4493],[82.7821,18.4308],[82.7868,18.4108],[82.79240455267939,18.409034786557672],[82.7995,18.4068],[82.7914,18.3962],[82.7938,18.3861],[82.785484164859,18.382981561822124],[82.7826,18.3819],[82.78419438979964,18.378125938069225],[82.7905,18.3632],[82.77658627833658,18.349483636090675],[82.7764,18.3493],[82.7742,18.3405],[82.763780041597,18.33689997145304],[82.7597,18.3397],[82.75725213216145,18.334644620768227],[82.7551,18.3302],[82.74385851306236,18.33001721159451],[82.7428,18.33],[82.741714922049,18.329276614699335],[82.7383,18.327],[82.7409,18.3227],[82.7342,18.3203],[82.72199216818001,18.322462530208114],[82.7167,18.3234],[82.714131965764,18.319746880875545],[82.7096,18.3133],[82.6945,18.3123],[82.6844,18.3036],[82.6763,18.3066],[82.6574,18.2961],[82.65201132308643,18.298284598748744],[82.6426,18.3021],[82.64318426328396,18.295234906413555],[82.6438,18.288],[82.6428,18.2716],[82.6423,18.2638],[82.6471,18.2623],[82.6522,18.2499],[82.6377,18.2367],[82.6138,18.2585],[82.5969,18.2648],[82.5878,18.2761],[82.5986,18.3042],[82.5951,18.3107],[82.5851,18.3085],[82.5815,18.3164],[82.5839,18.3198],[82.5884,18.3179],[82.5948,18.3289],[82.60824700454862,18.32727872994804],[82.6089,18.3272],[82.6112,18.3337],[82.6212,18.3597],[82.60584708259742,18.36730954063042],[82.6052,18.3821],[82.5948,18.3893],[82.5886,18.3917],[82.5838,18.3868],[82.5758,18.3963],[82.5624,18.4],[82.5521,18.3979],[82.5409,18.3995],[82.5355,18.4062],[82.53986817681988,18.408610028590275],[82.5471,18.4126],[82.5414,18.4219],[82.552,18.4286],[82.5505,18.4333],[82.5616,18.447],[82.5548,18.4545],[82.5487,18.4531],[82.5423,18.4577],[82.5444,18.4494],[82.5395,18.4436],[82.5345655846621,18.45542693200033],[82.5332,18.4587],[82.5283,18.4642],[82.53248048764621,18.47383637830313],[82.5342,18.4778],[82.5332,18.4877],[82.53054059385701,18.490963816630032],[82.5266,18.4958],[82.5292,18.5028],[82.5269,18.5059],[82.5324,18.5107],[82.5259,18.5162],[82.5135,18.5183],[82.51149989642117,18.517183663118796],[82.5049,18.5135],[82.4862,18.5281],[82.4817,18.5414],[82.4934,18.5432],[82.4848,18.5494],[82.4449,18.5146],[82.434,18.4986],[82.4358746763754,18.49595339805825],[82.4374,18.4938],[82.4091,18.4694],[82.396,18.4492],[82.39335374407582,18.448017630331755],[82.3866,18.445],[82.382,18.4326],[82.3642,18.4216],[82.3796,18.4038],[82.38542209368899,18.387880212569147],[82.38588213765617,18.381868375871946],[82.3855,18.3675],[82.3698,18.3586],[82.3631,18.3443],[82.349,18.3305],[82.3381,18.3281],[82.3427,18.3205],[82.3558,18.316],[82.3751,18.3287],[82.3889,18.3285],[82.39016997040133,18.325835144075906],[82.395,18.3157],[82.3923,18.298],[82.3765,18.2807],[82.3659,18.2776],[82.3589,18.2815],[82.3446,18.2806],[82.3325,18.252],[82.3365,18.2408],[82.3244,18.2312],[82.337,18.2243],[82.3249,18.2104],[82.3108,18.2041],[82.3154,18.1841],[82.3373,18.1722],[82.34765433398591,18.17187642706294],[82.3533,18.1717],[82.3723,18.1482],[82.3632,18.1348],[82.34865912569433,18.136109367828475],[82.3421,18.1367],[82.3342,18.1269],[82.3357,18.1059],[82.3385,18.0992],[82.347,18.0983],[82.3503,18.0777],[82.3438,18.058],[82.3284,18.059],[82.3194,18.0577],[82.3201,18.0448],[82.3077,18.0451],[82.3103,18.054],[82.30396115801327,18.05899728812711],[82.2914,18.0689],[82.2726,18.0573],[82.2616,18.0419],[82.2734,18.0225],[82.2686,18.001],[82.2642,17.9959],[82.2495,17.9934],[82.2364,18.0027],[82.2222,18.0017],[82.2053,18.0184],[82.1878,18.0148],[82.1786,18.0204],[82.1843,18.0288],[82.17316506504928,18.045466483281096],[82.1688,18.052],[82.1532,18.0479],[82.1467,18.0523],[82.14032787938883,18.046790770721593],[82.1371,18.044],[82.13643255893712,18.046947864694392],[82.1335,18.0599],[82.1249,18.0597],[82.1206,18.0643],[82.102,18.0603],[82.0961,18.0675],[82.0766,18.0753],[82.0658,18.0564],[82.0409,18.0572],[82.0329,18.0695],[82.0086,18.0577],[82.0062,18.0522],[82.0103,18.0313],[81.9944,18.0273],[81.992,18.02],[81.9793,18.0143],[81.9629,17.9993],[81.9366,17.9903],[81.9199,17.9912],[81.9037,17.9767],[81.8934,17.9763],[81.8665,17.9633],[81.8099,17.951],[81.7901,17.9208],[81.77390030870153,17.913609762685706],[81.7714,17.9125],[81.7633,17.9026],[81.7727,17.8975],[81.7746,17.8864],[81.8069,17.8692],[81.8114,17.8595],[81.7895,17.8399],[81.7828498731142,17.839943464881607],[81.7641,17.8271],[81.712,17.8103],[81.699,17.7824],[81.676,17.7762],[81.634,17.7737],[81.6158,17.751],[81.5835,17.7324],[81.5816,17.6932],[81.55184120777687,17.65073315211171],[81.5443,17.6361],[81.53877443473706,17.6320864053314],[81.5165,17.6003],[81.5367,17.5846],[81.5318,17.5675],[81.5123,17.545],[81.5246,17.5048],[81.5157,17.4845],[81.4983,17.4815],[81.5126,17.4729],[81.5172,17.4569],[81.5309,17.4407],[81.5409,17.4369],[81.5636,17.4403],[81.5759,17.4331],[81.5862,17.406],[81.6032,17.4117],[81.6145,17.4068],[81.6163,17.4009],[81.6099,17.3974],[81.6047,17.3762],[81.6147,17.3523],[81.611,17.3436],[81.6149,17.3314],[81.6277,17.325],[81.6425,17.3243],[81.6794,17.3017],[81.6803,17.2912],[81.6631,17.2829],[81.6573,17.2683],[81.6642,17.2605],[81.683,17.2557],[81.6914,17.2241],[81.7105,17.2161],[81.7233,17.2248],[81.7514,17.2244],[81.77,17.2375],[81.801,17.2364],[81.8212,17.254],[81.8261,17.2706],[81.8241,17.2909],[81.8321,17.3001],[81.8643,17.2697],[81.8782,17.2742],[81.8775,17.2933],[81.8894,17.3018],[81.8984,17.2954],[81.9217,17.2935],[81.9133,17.2693],[81.9155,17.2623],[81.9452,17.2676],[81.9742,17.2919],[81.9977,17.2954],[82.0217,17.291],[82.0347,17.272],[82.0589,17.2761],[82.078,17.2684],[82.0869,17.2843],[82.059,17.297],[82.0436,17.314],[82.045,17.3665],[82.0541,17.3802],[82.0666,17.379],[82.079,17.3836],[82.0976,17.3801],[82.1081,17.3966],[82.1223,17.3799],[82.1437,17.3661],[82.168,17.3615],[82.1792,17.3643],[82.2038,17.3797],[82.2297,17.4094],[82.2707,17.4391],[82.2797,17.4638],[82.2838,17.4759],[82.3319,17.5048],[82.3326,17.5184],[82.3376,17.524],[82.329,17.5572],[82.3421,17.5752],[82.3581,17.5763],[82.3703,17.5711],[82.3858,17.5736],[82.4508,17.5934],[82.473,17.6152],[82.4741,17.6328],[82.4595,17.631],[82.4441,17.6423],[82.4175,17.637],[82.4167,17.6462],[82.4254,17.6559],[82.4152,17.6653],[82.389,17.632],[82.3656,17.6379],[82.3601,17.66],[82.3635,17.6705],[82.3913,17.6797],[82.4276,17.6824],[82.4433,17.7123],[82.4654,17.7132],[82.4747,17.7311],[82.4989,17.7176],[82.5168,17.7171],[82.5107,17.6967],[82.5126,17.6877],[82.5336,17.6905],[82.5506,17.7016],[82.5783,17.7491],[82.58,17.7619],[82.6075,17.7563],[82.611,17.7699],[82.6273,17.7747],[82.6447,17.7668],[82.6481,17.7953],[82.6369,17.8225],[82.6836,17.8344],[82.699,17.8394],[82.7159,17.8573],[82.6928,17.8794],[82.6726,17.8947],[82.6852,17.9037],[82.7092,17.8998],[82.7279,17.9188],[82.7182,17.9307],[82.7236,17.9394],[82.7403,17.9387],[82.7551,17.9213],[82.7889,17.9237],[82.7979,17.9107],[82.8321,17.9171],[82.8578,17.9527],[82.8462,17.9588],[82.8435,17.9701],[82.8243,17.9807],[82.8715,17.9906],[82.8826,18.0109],[82.89,17.9919],[82.9322,17.9918],[82.9423,17.9745],[82.9687,17.9922],[82.9731,18.0104],[82.9917,18.0318],[83.0095,18.0646],[83.0031,18.0749],[83.0026,18.0964],[82.9843,18.1076],[82.9891,18.118],[83.0112,18.1238],[83.0384,18.0865],[83.0738,18.0855],[83.0989,18.0902],[83.1077,18.096],[83.1236,18.0966],[83.1307,18.1048],[83.1257,18.109],[83.1046,18.1101],[83.1266,18.1185],[83.102,18.135],[83.1037,18.1431],[83.1122,18.1413],[83.1169,18.157],[83.086,18.1529],[83.0723,18.1755],[83.0779,18.1899],[83.1231,18.1925],[83.1241,18.183],[83.1388,18.1691],[83.1604,18.1824],[83.1617,18.1945],[83.1548,18.2087],[83.166,18.2111],[83.173,18.2293],[83.1895,18.1977],[83.2031,18.194]]]},"properties":{"state_name":"Andhra Pradesh","pc_name":"ARAKU (ST)","pc_no":1,"state":"andhra","id":1}},{"type":"Feature","geometry":{"type":"Polygon","coordinates":[[[83.7546,18.5696],[83.7748,18.5464],[83.7906,18.5414],[83.7846,18.52],[83.7921,18.4939],[83.832,18.4676],[83.8273,18.4277],[83.8355,18.4125],[83.8245,18.3912],[83.8078,18.3817],[83.7656,18.3839],[83.7587,18.354],[83.705,18.3354],[83.7263,18.3183],[83.7422,18.3153],[83.7426,18.2942],[83.7737,18.2938],[83.7794,18.2773],[83.8018,18.2757],[83.8222,18.3095],[83.8495,18.3055],[83.8683,18.3332],[83.8791,18.3339],[83.8929,18.32],[83.8845,18.3058],[83.8886,18.29],[83.9143,18.2641],[83.9227,18.2415],[83.949,18.2164],[84.0717,18.2766],[84.1258,18.3112],[84.1301,18.3164],[84.1288,18.3442],[84.1345,18.3458],[84.1496,18.3752],[84.2039,18.427],[84.2855,18.501],[84.3547,18.555],[84.3566,18.5721],[84.364,18.5867],[84.4398,18.6596],[84.4372,18.658],[84.4532,18.693],[84.4937,18.7409],[84.5515,18.7906],[84.5578,18.8178],[84.576,18.8421],[84.585,18.8644],[84.6036,18.8898],[84.6844,18.9675],[84.6763,18.9678],[84.6869,18.9709],[84.7647,19.0773],[84.6678,19.1296],[84.63442443523141,19.087109823166088],[84.6364,19.0866],[84.6587,19.0929],[84.665,19.086],[84.6678,19.0772],[84.6614,19.074],[84.6599,19.0619],[84.6539,19.0675],[84.6291,19.065],[84.618,19.0662],[84.6207,19.0562],[84.6132,19.0563],[84.6011,19.0252],[84.5943,19.0222],[84.5827,19.031],[84.5834,19.0424],[84.5778,19.0408],[84.5833,19.0497],[84.5832141724692,19.059956389930367],[84.5356104465038,19.051412131423756],[84.5268,19.046],[84.5166,19.048],[84.5055,19.0323],[84.50133601214671,19.03173856343551],[84.48151670614543,19.0106241344678],[84.478,18.9909],[84.4661,18.9942],[84.45147395098326,18.978536896162996],[84.44266187214612,18.9691],[84.4252,18.9504],[84.4309,18.936],[84.4379,18.9327],[84.4394,18.9273],[84.4292,18.9098],[84.4221,18.9057],[84.4191,18.898],[84.4,18.8956],[84.3937,18.9046],[84.3851,18.8962],[84.3973,18.891],[84.3984,18.8842],[84.3921,18.8766],[84.3882,18.8845],[84.3813,18.8868],[84.3818,18.8817],[84.3601,18.8946],[84.3724,18.8784],[84.3842,18.8745],[84.3743,18.8618],[84.3665,18.8644],[84.3621,18.8612],[84.3371,18.8894],[84.35437466661895,18.844625303561635],[84.3648,18.8395],[84.3594,18.8316],[84.321,18.787],[84.28383689789091,18.791630671646114],[84.2604,18.7831],[84.2431,18.7887],[84.2263,18.7988],[84.21459721021476,18.795209662739374],[84.218,18.7902],[84.20176492081984,18.791272802588995],[84.19425908909666,18.788970063857267],[84.19,18.7778],[84.1827,18.782],[84.1757,18.7801],[84.17380198024124,18.782693960336978],[84.14091407001243,18.77260417049322],[84.142,18.7643],[84.1374,18.7613],[84.123774348182,18.767345819018583],[84.0894,18.7568],[84.0764,18.7645],[84.068,18.7823],[84.0599,18.7825],[84.0598270799752,18.79467764414135],[84.0557114371457,18.799949049683228],[84.0467,18.8016],[84.0456,18.8129],[84.03698191576869,18.813666792794272],[84.0329,18.8116],[84.02901396376491,18.814375740167918],[84.01537279706041,18.81558946099656],[84.0157,18.8088],[83.9655,18.8147],[83.9501,18.8052],[83.9417,18.8084],[83.9423,18.8155],[83.9316,18.8159],[83.92104647217349,18.82398213206967],[83.90438901933702,18.825464226519337],[83.8996,18.8244],[83.8931,18.8145],[83.8905,18.8267],[83.881,18.8176],[83.861,18.8116],[83.8697,18.7938],[83.837,18.7812],[83.8244,18.7695],[83.8336,18.7604],[83.8682,18.7492],[83.8891,18.7305],[83.8852,18.724],[83.87,18.7348],[83.8672,18.7157],[83.8757,18.7082],[83.8711,18.677],[83.8577,18.6728],[83.8576,18.6487],[83.8605,18.6428],[83.8831,18.6331],[83.8624,18.6095],[83.8729,18.5967],[83.9009,18.5904],[83.9076,18.5727],[83.907,18.5579],[83.9085,18.5429],[83.8993,18.5372],[83.8818,18.5398],[83.8732,18.5476],[83.8607,18.5404],[83.8402,18.5502],[83.8337,18.5468],[83.8111,18.5743],[83.7892,18.5738],[83.7773,18.6037],[83.7663,18.5965],[83.7601,18.5748],[83.7546,18.5696]]]},"properties":{"state_name":"Andhra Pradesh","pc_name":"SRIKAKULAM","pc_no":2,"state":"andhra","id":2}},{"type":"Feature","geometry":{"type":"Polygon","coordinates":[[[83.2031,18.194],[83.2063,18.1785],[83.2322,18.1557],[83.2273,18.1262],[83.2375,18.1237],[83.237,18.0987],[83.2277,18.0777],[83.2019,18.0771],[83.1744,18.0665],[83.1552,18.0748],[83.1049,18.0607],[83.0888,18.0462],[83.1047,18.0297],[83.1165,18.0544],[83.1415,18.0456],[83.16,18.0476],[83.1841,18.0637],[83.2173,18.0428],[83.2211,18.0316],[83.2846,18.0425],[83.3157,18.0536],[83.334,18.0462],[83.3583,18.0649],[83.3656,18.0648],[83.3641,18.0571],[83.3756,18.0518],[83.393,18.0505],[83.4029,18.057],[83.4037,18.0441],[83.3926,18.0175],[83.4209,18.0139],[83.4241,17.994],[83.4145,17.987],[83.4063,17.9638],[83.4217,17.9412],[83.4506,17.9233],[83.4447,17.928],[83.4459,17.9382],[83.4371,17.947],[83.4505,17.9451],[83.4513,17.9602],[83.4667,17.9661],[83.4731,17.9646],[83.4754,17.9533],[83.4823,17.9487],[83.5104,17.9549],[83.5246,17.9475],[83.5418,17.9613],[83.5581,17.9822],[83.5588,17.9967],[83.5686,18.0099],[83.6677,18.0795],[83.7506,18.1293],[83.8603,18.1744],[83.8894,18.1962],[83.949,18.2164],[83.9227,18.2415],[83.9143,18.2641],[83.8886,18.29],[83.8845,18.3058],[83.8929,18.32],[83.8791,18.3339],[83.8683,18.3332],[83.8495,18.3055],[83.8222,18.3095],[83.8018,18.2757],[83.7794,18.2773],[83.7737,18.2938],[83.7426,18.2942],[83.7422,18.3153],[83.7263,18.3183],[83.705,18.3354],[83.7587,18.354],[83.7656,18.3839],[83.8078,18.3817],[83.8245,18.3912],[83.8355,18.4125],[83.8273,18.4277],[83.832,18.4676],[83.7921,18.4939],[83.7846,18.52],[83.7906,18.5414],[83.7748,18.5464],[83.7546,18.5696],[83.7457,18.585],[83.7162,18.5633],[83.6894,18.5692],[83.6767,18.5783],[83.6412,18.5828],[83.6233,18.6022],[83.6155,18.6254],[83.5614,18.6721],[83.5604,18.6868],[83.5388,18.7109],[83.5416,18.6861],[83.5538,18.683],[83.561,18.6676],[83.5501,18.6463],[83.5533,18.6134],[83.5499,18.5962],[83.5697,18.5944],[83.5684,18.5888],[83.5513,18.5802],[83.5448,18.5833],[83.5382,18.5643],[83.5339,18.5669],[83.5267,18.5506],[83.5388,18.5492],[83.5483,18.5373],[83.535,18.5252],[83.5222,18.5339],[83.5102,18.5254],[83.5063,18.5418],[83.4875,18.5292],[83.484,18.56],[83.459,18.5675],[83.469,18.5881],[83.4974,18.6048],[83.491,18.6229],[83.4527,18.6178],[83.4362,18.6336],[83.423,18.6275],[83.4252,18.6204],[83.4072,18.605],[83.4055,18.616],[83.3953,18.6118],[83.3811,18.6166],[83.3591,18.607],[83.3651,18.5964],[83.3506,18.5939],[83.3451,18.6136],[83.332,18.617],[83.3271,18.6292],[83.2985,18.6397],[83.2775,18.6244],[83.2577,18.624],[83.2311,18.6037],[83.2262,18.5849],[83.2405,18.5739],[83.2644,18.566],[83.2553,18.5529],[83.2446,18.5491],[83.2373,18.5295],[83.194,18.5173],[83.1807,18.4685],[83.1704,18.4563],[83.1817,18.4425],[83.1862,18.4163],[83.2016,18.4039],[83.2159,18.4159],[83.2382,18.4142],[83.2647,18.4289],[83.2911,18.4152],[83.3223,18.425],[83.3124,18.4197],[83.3136,18.3857],[83.3024,18.3549],[83.3288,18.3398],[83.2906,18.3358],[83.272,18.326],[83.2787,18.307],[83.2589,18.2971],[83.255,18.282],[83.2692,18.2672],[83.2698,18.2177],[83.252,18.2279],[83.2416,18.2001],[83.2256,18.2129],[83.2182,18.2061],[83.2166,18.1913],[83.2031,18.194]]]},"properties":{"state_name":"Andhra Pradesh","pc_name":"VIZIANAGARAM","pc_no":3,"state":"andhra","id":3}},{"type":"Feature","geometry":{"type":"Polygon","coordinates":[[[83.0738,18.0855],[83.0681,18.0733],[83.0462,18.072],[83.0499,18.064],[83.0249,18.0604],[83.0138,18.051],[83.0062,18.0237],[83.0113,18.0043],[83.0061,17.9769],[83.0332,17.973],[83.0526,17.9637],[83.0693,17.9445],[83.1105,17.9397],[83.1077,17.9237],[83.1201,17.9175],[83.125,17.9079],[83.1244,17.8865],[83.1291,17.8742],[83.136,17.8771],[83.1444,17.8719],[83.1485,17.8581],[83.1454,17.8454],[83.1611,17.8407],[83.1641,17.8493],[83.1857,17.846],[83.1863,17.8533],[83.2052,17.8478],[83.2056,17.8631],[83.2112,17.8821],[83.2164,17.882],[83.217,17.8759],[83.223,17.8736],[83.2308,17.876],[83.2363,17.8736],[83.2312,17.8575],[83.2393,17.8519],[83.2405,17.8332],[83.2582,17.8314],[83.264,17.8171],[83.2375,17.8048],[83.2232,17.7919],[83.2207,17.7657],[83.1912,17.765],[83.1975,17.729],[83.1631,17.7275],[83.1492,17.7079],[83.1284,17.7153],[83.1055,17.6948],[83.1092,17.6849],[83.1212,17.6828],[83.1382,17.6703],[83.1387,17.6435],[83.1491,17.6406],[83.1828,17.6472],[83.1813,17.6678],[83.1981,17.6815],[83.229,17.6698],[83.2675,17.6754],[83.276,17.6691],[83.282,17.6606],[83.2947,17.6749],[83.2948,17.6897],[83.2961,17.6929],[83.2965,17.6933],[83.3005,17.6965],[83.3248,17.7135],[83.3444,17.7235],[83.3446,17.7391],[83.3544,17.7557],[83.3857,17.7772],[83.3912,17.7931],[83.4114,17.8099],[83.4173,17.8344],[83.4118,17.8416],[83.4203,17.8571],[83.4447,17.873],[83.4568,17.8894],[83.4552,17.8964],[83.4715,17.9126],[83.5246,17.9475],[83.5104,17.9549],[83.4823,17.9487],[83.4754,17.9533],[83.4731,17.9646],[83.4667,17.9661],[83.4513,17.9602],[83.4505,17.9451],[83.4371,17.947],[83.4459,17.9382],[83.4447,17.928],[83.4506,17.9233],[83.4217,17.9412],[83.4063,17.9638],[83.4145,17.987],[83.4241,17.994],[83.4209,18.0139],[83.3926,18.0175],[83.4037,18.0441],[83.4029,18.057],[83.393,18.0505],[83.3756,18.0518],[83.3641,18.0571],[83.3656,18.0648],[83.3583,18.0649],[83.334,18.0462],[83.3157,18.0536],[83.2846,18.0425],[83.2211,18.0316],[83.2173,18.0428],[83.1841,18.0637],[83.16,18.0476],[83.1415,18.0456],[83.1165,18.0544],[83.1047,18.0297],[83.0888,18.0462],[83.1049,18.0607],[83.1552,18.0748],[83.1744,18.0665],[83.2019,18.0771],[83.2277,18.0777],[83.237,18.0987],[83.2375,18.1237],[83.2273,18.1262],[83.2322,18.1557],[83.2063,18.1785],[83.2031,18.194],[83.1895,18.1977],[83.173,18.2293],[83.166,18.2111],[83.1548,18.2087],[83.1617,18.1945],[83.1604,18.1824],[83.1388,18.1691],[83.1241,18.183],[83.1231,18.1925],[83.0779,18.1899],[83.0723,18.1755],[83.086,18.1529],[83.1169,18.157],[83.1122,18.1413],[83.1037,18.1431],[83.102,18.135],[83.1266,18.1185],[83.1046,18.1101],[83.1257,18.109],[83.1307,18.1048],[83.1236,18.0966],[83.1077,18.096],[83.0989,18.0902],[83.0738,18.0855]]]},"properties":{"state_name":"Andhra Pradesh","pc_name":"VISAKHAPATNAM","pc_no":4,"state":"andhra","id":4}},{"type":"Feature","geometry":{"type":"Polygon","coordinates":[[[82.3319,17.5048],[82.3448,17.4945],[82.3592,17.5084],[82.3755,17.5108],[82.3786,17.5073],[82.3674,17.4898],[82.3729,17.4797],[82.3888,17.4793],[82.4103,17.467],[82.4378,17.4714],[82.4512,17.4809],[82.4547,17.4942],[82.4497,17.5115],[82.4654,17.5125],[82.4803,17.5013],[82.4873,17.4997],[82.4944,17.5005],[82.5023,17.5097],[82.5054,17.5036],[82.517,17.502],[82.5385,17.5078],[82.5465,17.5134],[82.552,17.5277],[82.5521,17.5277],[82.5582,17.5218],[82.561,17.4912],[82.5678,17.4927],[82.5854,17.4695],[82.6048,17.4596],[82.5985,17.4437],[82.583,17.4251],[82.5603,17.4083],[82.5429,17.3749],[82.5598,17.3423],[82.5575,17.3261],[82.5355,17.3276],[82.5345,17.3065],[82.5181,17.2987],[82.5255,17.2715],[82.539,17.2639],[82.5424,17.2489],[82.703,17.3439],[82.8988,17.4321],[82.992,17.4725],[83.0145,17.5034],[83.0661,17.525],[83.0888,17.5322],[83.1023,17.5417],[83.1619,17.5601],[83.1752,17.5744],[83.2129,17.591],[83.238,17.6123],[83.2396,17.6316],[83.2593,17.6435],[83.2597,17.6499],[83.282,17.6606],[83.276,17.6691],[83.2675,17.6754],[83.229,17.6698],[83.1981,17.6815],[83.1813,17.6678],[83.1828,17.6472],[83.1491,17.6406],[83.1387,17.6435],[83.1382,17.6703],[83.1212,17.6828],[83.1092,17.6849],[83.1055,17.6948],[83.1284,17.7153],[83.1492,17.7079],[83.1631,17.7275],[83.1975,17.729],[83.1912,17.765],[83.2207,17.7657],[83.2232,17.7919],[83.2375,17.8048],[83.264,17.8171],[83.2582,17.8314],[83.2405,17.8332],[83.2393,17.8519],[83.2312,17.8575],[83.2363,17.8736],[83.2308,17.876],[83.223,17.8736],[83.217,17.8759],[83.2164,17.882],[83.2112,17.8821],[83.2056,17.8631],[83.2052,17.8478],[83.1863,17.8533],[83.1857,17.846],[83.1641,17.8493],[83.1611,17.8407],[83.1454,17.8454],[83.1485,17.8581],[83.1444,17.8719],[83.136,17.8771],[83.1291,17.8742],[83.1244,17.8865],[83.125,17.9079],[83.1201,17.9175],[83.1077,17.9237],[83.1105,17.9397],[83.0693,17.9445],[83.0526,17.9637],[83.0332,17.973],[83.0061,17.9769],[83.0113,18.0043],[83.0062,18.0237],[83.0138,18.051],[83.0249,18.0604],[83.0499,18.064],[83.0462,18.072],[83.0681,18.0733],[83.0738,18.0855],[83.0384,18.0865],[83.0112,18.1238],[82.9891,18.118],[82.9843,18.1076],[83.0026,18.0964],[83.0031,18.0749],[83.0095,18.0646],[82.9917,18.0318],[82.9731,18.0104],[82.9687,17.9922],[82.9423,17.9745],[82.9322,17.9918],[82.89,17.9919],[82.8826,18.0109],[82.8715,17.9906],[82.8243,17.9807],[82.8435,17.9701],[82.8462,17.9588],[82.8578,17.9527],[82.8321,17.9171],[82.7979,17.9107],[82.7889,17.9237],[82.7551,17.9213],[82.7403,17.9387],[82.7236,17.9394],[82.7182,17.9307],[82.7279,17.9188],[82.7092,17.8998],[82.6852,17.9037],[82.6726,17.8947],[82.6928,17.8794],[82.7159,17.8573],[82.699,17.8394],[82.6836,17.8344],[82.6369,17.8225],[82.6481,17.7953],[82.6447,17.7668],[82.6273,17.7747],[82.611,17.7699],[82.6075,17.7563],[82.58,17.7619],[82.5783,17.7491],[82.5506,17.7016],[82.5336,17.6905],[82.5126,17.6877],[82.5107,17.6967],[82.5168,17.7171],[82.4989,17.7176],[82.4747,17.7311],[82.4654,17.7132],[82.4433,17.7123],[82.4276,17.6824],[82.3913,17.6797],[82.3635,17.6705],[82.3601,17.66],[82.3656,17.6379],[82.389,17.632],[82.4152,17.6653],[82.4254,17.6559],[82.4167,17.6462],[82.4175,17.637],[82.4441,17.6423],[82.4595,17.631],[82.4741,17.6328],[82.473,17.6152],[82.4508,17.5934],[82.3858,17.5736],[82.3703,17.5711],[82.3581,17.5763],[82.3421,17.5752],[82.329,17.5572],[82.3376,17.524],[82.3326,17.5184],[82.3319,17.5048]]]},"properties":{"state_name":"Andhra Pradesh","pc_name":"ANAKAPALLE","pc_no":5,"state":"andhra","id":5}},{"type":"Feature","geometry":{"type":"Polygon","coordinates":[[[81.77,17.2375],[81.7831,17.2029],[81.8094,17.1999],[81.8075,17.1843],[81.8205,17.1757],[81.866,17.1837],[81.9024,17.1681],[81.9101,17.152],[81.9064,17.1433],[81.9129,17.133],[81.9195,17.0957],[81.9331,17.0985],[81.9644,17.1159],[81.9941,17.113],[82.0346,17.0931],[82.0431,17.0772],[82.0569,17.0713],[82.0686,17.0556],[82.0716,17.0301],[82.0713,17.0238],[82.0546,17.0092],[82.0562,16.9886],[82.0647,16.9672],[82.0739,16.9565],[82.1057,16.9688],[82.1129,16.983],[82.1375,16.9802],[82.1639,16.9932],[82.1799,16.9802],[82.1999,16.9858],[82.201,16.9594],[82.1858,16.9376],[82.1649,16.9331],[82.1494,16.9165],[82.1417,16.8817],[82.1239,16.8822],[82.1149,16.8741],[82.1038,16.8728],[82.0996,16.8663],[82.0908,16.8654],[82.1015,16.8493],[82.086,16.8349],[82.1075,16.828],[82.1285,16.8079],[82.1501,16.8312],[82.1515,16.853],[82.1956,16.845],[82.2024,16.8702],[82.2144,16.868],[82.2308,16.8921],[82.2524,16.8958],[82.2482,16.9048],[82.2495,16.9356],[82.2575,16.9372],[82.2686,16.9546],[82.2885,17.0149],[82.307,17.0424],[82.4441,17.1755],[82.5424,17.2489],[82.539,17.2639],[82.5255,17.2715],[82.5181,17.2987],[82.5345,17.3065],[82.5355,17.3276],[82.5575,17.3261],[82.5598,17.3423],[82.5429,17.3749],[82.5603,17.4083],[82.583,17.4251],[82.5985,17.4437],[82.6048,17.4596],[82.5854,17.4695],[82.5678,17.4927],[82.561,17.4912],[82.5582,17.5218],[82.5521,17.5277],[82.552,17.5277],[82.5465,17.5134],[82.5385,17.5078],[82.517,17.502],[82.5054,17.5036],[82.5023,17.5097],[82.4944,17.5005],[82.4873,17.4997],[82.4803,17.5013],[82.4654,17.5125],[82.4497,17.5115],[82.4547,17.4942],[82.4512,17.4809],[82.4378,17.4714],[82.4103,17.467],[82.3888,17.4793],[82.3729,17.4797],[82.3674,17.4898],[82.3786,17.5073],[82.3755,17.5108],[82.3592,17.5084],[82.3448,17.4945],[82.3319,17.5048],[82.2838,17.4759],[82.2797,17.4638],[82.2707,17.4391],[82.2297,17.4094],[82.2038,17.3797],[82.1792,17.3643],[82.168,17.3615],[82.1437,17.3661],[82.1223,17.3799],[82.1081,17.3966],[82.0976,17.3801],[82.079,17.3836],[82.0666,17.379],[82.0541,17.3802],[82.045,17.3665],[82.0436,17.314],[82.059,17.297],[82.0869,17.2843],[82.078,17.2684],[82.0589,17.2761],[82.0347,17.272],[82.0217,17.291],[81.9977,17.2954],[81.9742,17.2919],[81.9452,17.2676],[81.9155,17.2623],[81.9133,17.2693],[81.9217,17.2935],[81.8984,17.2954],[81.8894,17.3018],[81.8775,17.2933],[81.8782,17.2742],[81.8643,17.2697],[81.8321,17.3001],[81.8241,17.2909],[81.8261,17.2706],[81.8212,17.254],[81.801,17.2364],[81.77,17.2375]]]},"properties":{"state_name":"Andhra Pradesh","pc_name":"KAKINADA","pc_no":6,"state":"andhra","id":6}},{"type":"Feature","geometry":{"type":"Polygon","coordinates":[[[82.0908,16.8654],[82.0743,16.8675],[82.052,16.8571],[82.0378,16.8837],[82.0246,16.8825],[82.0042,16.8946],[81.9745,16.8438],[81.9712,16.811],[81.9535,16.8203],[81.9591,16.8465],[81.958,16.874],[81.9403,16.8945],[81.9369,16.9399],[81.9341,16.9539],[81.9156,16.9697],[81.8984,16.9458],[81.8825,16.9455],[81.8649,16.9358],[81.8569,16.924],[81.8691,16.9017],[81.8709,16.8801],[81.8837,16.8759],[81.8801,16.8582],[81.8681,16.8523],[81.869,16.8285],[81.8417,16.8498],[81.81,16.8417],[81.7857,16.9466],[81.7815,16.9752],[81.7735,16.9922],[81.7428,17.0018],[81.7448,16.9652],[81.7292,16.9444],[81.7244,16.9149],[81.7312,16.9142],[81.7332,16.8801],[81.7467,16.8666],[81.7516,16.8511],[81.7533,16.8249],[81.7466,16.8114],[81.7501,16.8055],[81.7445,16.7935],[81.765,16.7615],[81.7909,16.7455],[81.7948,16.7331],[81.785,16.7093],[81.8021,16.694],[81.8446,16.6412],[81.8584,16.5979],[81.854,16.5591],[81.8449,16.5296],[81.8484,16.5055],[81.8448,16.4947],[81.8198,16.4905],[81.7997,16.4777],[81.7854,16.4636],[81.7821,16.4507],[81.7555,16.4235],[81.7364,16.4224],[81.7301,16.4362],[81.7234,16.4464],[81.7112,16.4442],[81.6976,16.4159],[81.717,16.3589],[81.7138,16.3133],[81.7171,16.3069],[81.7224,16.3075],[81.7483,16.3243],[81.8662,16.3792],[81.906,16.3902],[81.9578,16.3975],[81.992,16.4204],[82.1738,16.5112],[82.2603,16.5525],[82.2995,16.556],[82.3231,16.5778],[82.33,16.6208],[82.3172,16.662],[82.329,16.6768],[82.3659,16.7068],[82.3484,16.7162],[82.3443,16.7441],[82.3585,16.8097],[82.3662,16.8785],[82.367,16.9113],[82.3591,16.9621],[82.3515,16.9581],[82.3627,16.9181],[82.3611,16.8546],[82.3582,16.8629],[82.3549,16.8513],[82.3522,16.8591],[82.3494,16.8506],[82.3446,16.8582],[82.3326,16.8638],[82.3218,16.8592],[82.2642,16.8826],[82.2524,16.8958],[82.2308,16.8921],[82.2144,16.868],[82.2024,16.8702],[82.1956,16.845],[82.1515,16.853],[82.1501,16.8312],[82.1285,16.8079],[82.1075,16.828],[82.086,16.8349],[82.1015,16.8493],[82.0908,16.8654]],[[82.2435,16.7223],[82.2897,16.7267],[82.3055,16.7483],[82.3138,16.7294],[82.3091,16.7168],[82.2945,16.7045],[82.2675,16.6947],[82.239,16.7163],[82.2038,16.7177],[82.1934,16.7216],[82.195,16.7302],[82.2056,16.7346],[82.2119,16.7511],[82.2199,16.7503],[82.2207,16.7575],[82.226,16.7586],[82.2281,16.7607],[82.232,16.7548],[82.22825909297937,16.75391399570564],[82.2244,16.753],[82.2175,16.7328],[82.2435,16.7223]]]},"properties":{"state_name":"Andhra Pradesh","pc_name":"AMALAPURAM (SC)","pc_no":7,"state":"andhra","id":7}},{"type":"Feature","geometry":{"type":"Polygon","coordinates":[[[81.6573,17.2683],[81.6554,17.2495],[81.6416,17.2301],[81.6407,17.2073],[81.6635,17.1517],[81.6446,17.1518],[81.613,17.1679],[81.5979,17.1743],[81.5892,17.1849],[81.5962,17.199],[81.5712,17.1991],[81.5608,17.2003],[81.5447,17.2109],[81.5181,17.1899],[81.4943,17.1861],[81.4665,17.1699],[81.4775,17.1412],[81.4674,17.1322],[81.466,17.1136],[81.4475,17.0999],[81.4485,17.0721],[81.4261,17.0609],[81.4312,17.0419],[81.4476,17.0327],[81.4503,17.0071],[81.4462,17.0013],[81.434,17.0111],[81.4153,17.0419],[81.3915,17.0414],[81.3876,17.0329],[81.3705,17.0297],[81.3578,17.0211],[81.3448,17.0463],[81.3325,17.0486],[81.3052,17.0338],[81.2981,17.0095],[81.2791,17.011],[81.2558,17.024],[81.2372,16.9676],[81.2049,16.9649],[81.2036,16.9392],[81.2104,16.9247],[81.1996,16.8935],[81.178,16.8898],[81.1862,16.8728],[81.208,16.8658],[81.2186,16.8461],[81.2439,16.8463],[81.2494,16.8246],[81.2688,16.8233],[81.2674,16.8484],[81.2901,16.8458],[81.296,16.8222],[81.3225,16.8283],[81.3528,16.8693],[81.3562,16.8896],[81.3625,16.8978],[81.381,16.8999],[81.4038,16.8929],[81.4465,16.8974],[81.4578,16.8925],[81.4739,16.8943],[81.4814,16.9008],[81.483,16.941],[81.4916,16.9587],[81.5106,16.9423],[81.5336,16.9427],[81.5508,16.9257],[81.5485,16.9139],[81.5714,16.8976],[81.603,16.8961],[81.6194,16.8876],[81.6356,16.8511],[81.6514,16.8432],[81.6384,16.8167],[81.6266,16.7943],[81.6306,16.7823],[81.674,16.7578],[81.724,16.7586],[81.7231,16.7235],[81.7506,16.7086],[81.7524,16.6951],[81.762,16.6829],[81.7608,16.6708],[81.7888,16.6788],[81.8021,16.694],[81.785,16.7093],[81.7948,16.7331],[81.7909,16.7455],[81.765,16.7615],[81.7445,16.7935],[81.7501,16.8055],[81.7466,16.8114],[81.7533,16.8249],[81.7516,16.8511],[81.7467,16.8666],[81.7332,16.8801],[81.7312,16.9142],[81.7244,16.9149],[81.7292,16.9444],[81.7448,16.9652],[81.7428,17.0018],[81.7735,16.9922],[81.7815,16.9752],[81.7857,16.9466],[81.81,16.8417],[81.8417,16.8498],[81.869,16.8285],[81.8681,16.8523],[81.8801,16.8582],[81.8837,16.8759],[81.8709,16.8801],[81.8691,16.9017],[81.8569,16.924],[81.8649,16.9358],[81.8825,16.9455],[81.8984,16.9458],[81.9156,16.9697],[81.9341,16.9539],[81.9369,16.9399],[81.9403,16.8945],[81.958,16.874],[81.9591,16.8465],[81.9535,16.8203],[81.9712,16.811],[81.9745,16.8438],[82.0042,16.8946],[82.0246,16.8825],[82.0378,16.8837],[82.052,16.8571],[82.0743,16.8675],[82.0908,16.8654],[82.0996,16.8663],[82.1038,16.8728],[82.1149,16.8741],[82.1239,16.8822],[82.1417,16.8817],[82.1494,16.9165],[82.1649,16.9331],[82.1858,16.9376],[82.201,16.9594],[82.1999,16.9858],[82.1799,16.9802],[82.1639,16.9932],[82.1375,16.9802],[82.1129,16.983],[82.1057,16.9688],[82.0739,16.9565],[82.0647,16.9672],[82.0562,16.9886],[82.0546,17.0092],[82.0713,17.0238],[82.0716,17.0301],[82.0686,17.0556],[82.0569,17.0713],[82.0431,17.0772],[82.0346,17.0931],[81.9941,17.113],[81.9644,17.1159],[81.9331,17.0985],[81.9195,17.0957],[81.9129,17.133],[81.9064,17.1433],[81.9101,17.152],[81.9024,17.1681],[81.866,17.1837],[81.8205,17.1757],[81.8075,17.1843],[81.8094,17.1999],[81.7831,17.2029],[81.77,17.2375],[81.7514,17.2244],[81.7233,17.2248],[81.7105,17.2161],[81.6914,17.2241],[81.683,17.2557],[81.6642,17.2605],[81.6573,17.2683]]]},"properties":{"state_name":"Andhra Pradesh","pc_name":"RAJAHMUNDRY","pc_no":8,"state":"andhra","id":8}},{"type":"Feature","geometry":{"type":"Polygon","coordinates":[[[81.8021,16.694],[81.7888,16.6788],[81.7608,16.6708],[81.762,16.6829],[81.7524,16.6951],[81.7506,16.7086],[81.7231,16.7235],[81.724,16.7586],[81.674,16.7578],[81.6306,16.7823],[81.6266,16.7943],[81.6384,16.8167],[81.6514,16.8432],[81.6356,16.8511],[81.6194,16.8876],[81.603,16.8961],[81.5714,16.8976],[81.5485,16.9139],[81.5508,16.9257],[81.5336,16.9427],[81.5106,16.9423],[81.4916,16.9587],[81.483,16.941],[81.4814,16.9008],[81.4739,16.8943],[81.4578,16.8925],[81.4555,16.8832],[81.4605,16.8581],[81.4917,16.8036],[81.493,16.7918],[81.4739,16.7873],[81.4679,16.7712],[81.471,16.7572],[81.4431,16.7531],[81.4361,16.7479],[81.4434,16.7218],[81.4593,16.7215],[81.478,16.731],[81.4992,16.7217],[81.5125,16.7337],[81.5386,16.7305],[81.548,16.7558],[81.5629,16.7461],[81.5637,16.717],[81.5894,16.7186],[81.5961,16.7026],[81.5726,16.6895],[81.5474,16.6639],[81.5549,16.647],[81.5423,16.6371],[81.5276,16.6658],[81.4678,16.6749],[81.4447,16.6696],[81.4353,16.6564],[81.3856,16.6655],[81.3437,16.6597],[81.3316,16.6594],[81.3276,16.6197],[81.3453,16.6042],[81.3545,16.6106],[81.3573,16.5965],[81.3533,16.592],[81.3462,16.5914],[81.349,16.5652],[81.3436,16.5306],[81.3395,16.5275],[81.339,16.5132],[81.3326,16.5108],[81.3384,16.5052],[81.3629,16.5074],[81.3707,16.4998],[81.3689,16.4757],[81.3732,16.4591],[81.3884,16.4465],[81.3933,16.4401],[81.4013,16.4388],[81.3995,16.4316],[81.4137,16.4197],[81.4258,16.4194],[81.4269,16.4112],[81.4377,16.3985],[81.4537,16.4051],[81.4699,16.3985],[81.4803,16.3881],[81.4883,16.3734],[81.4965,16.3699],[81.5127,16.3703],[81.5227,16.381],[81.5467,16.3783],[81.5554,16.3473],[81.6906,16.3278],[81.7138,16.3133],[81.717,16.3589],[81.6976,16.4159],[81.7112,16.4442],[81.7234,16.4464],[81.7301,16.4362],[81.7364,16.4224],[81.7555,16.4235],[81.7821,16.4507],[81.7854,16.4636],[81.7997,16.4777],[81.8198,16.4905],[81.8448,16.4947],[81.8484,16.5055],[81.8449,16.5296],[81.854,16.5591],[81.8584,16.5979],[81.8446,16.6412],[81.8021,16.694]]]},"properties":{"state_name":"Andhra Pradesh","pc_name":"NARSAPURAM","pc_no":9,"state":"andhra","id":9}},{"type":"Feature","geometry":{"type":"Polygon","coordinates":[[[81.4983,17.4815],[81.4956,17.4774],[81.5031,17.4639],[81.487,17.4352],[81.45022480753963,17.395739634756804],[81.4398,17.3799],[81.424,17.3676],[81.3797,17.3635],[81.354,17.3775],[81.3532089931229,17.383935919590897],[81.3342,17.3986],[81.3052,17.3462],[81.274,17.3175],[81.23439692307693,17.321100279720277],[81.1904,17.3251],[81.1766,17.288],[81.1781,17.2694],[81.1876,17.255],[81.1736,17.231],[81.0794,17.2154],[81.0549,17.2253],[81.0476,17.2056],[81.032,17.1921],[81.0125,17.1948],[80.9984,17.1906],[80.9754,17.2008],[80.9677,17.1987],[80.9682,17.2031],[80.9589,17.2053],[80.943,17.2184],[80.9354,17.2202],[80.9189,17.2199],[80.9165,17.2158],[80.9181,17.1901],[80.9255,17.1836],[80.9238,17.1577],[80.9096,17.1539],[80.8795,17.1606],[80.87875322594739,17.13359665025778],[80.877,17.0702],[80.8452,17.0396],[80.8335,17.0509],[80.7966,17.0622],[80.7827,17.0377],[80.784,17.032],[80.7968,17.0271],[80.8054,17.0153],[80.8236,17.0131],[80.8303,17.0015],[80.8302,16.9455],[80.8043,16.9073],[80.7997,16.8914],[80.8094,16.8589],[80.8084,16.8398],[80.8182,16.8275],[80.8255,16.7927],[80.8163,16.7922],[80.7779,16.8142],[80.762,16.7786],[80.7471,16.7571],[80.7396,16.7266],[80.7258,16.7195],[80.7081,16.6996],[80.6944,16.683],[80.6927,16.6565],[80.6945,16.6355],[80.707,16.627],[80.7434,16.6275],[80.764,16.6342],[80.7839,16.6328],[80.7946,16.6468],[80.8179,16.6549],[80.8363,16.6457],[80.841,16.6188],[80.8667,16.6304],[80.8852,16.6223],[80.8854,16.6435],[80.896,16.6717],[80.9088,16.6772],[80.9317,16.7033],[80.9409,16.6824],[80.9542,16.6711],[80.9541,16.6656],[80.9694,16.6468],[80.9729,16.6266],[81.0063,16.5864],[81.0114,16.5605],[81.0185,16.5621],[81.0224,16.557],[81.0278,16.5623],[81.0398,16.5619],[81.0401,16.5663],[81.0497,16.5703],[81.0505,16.557],[81.0654,16.5488],[81.0834,16.5692],[81.0971,16.5702],[81.1071,16.5583],[81.1058,16.528],[81.1173,16.517],[81.1114,16.5036],[81.0875,16.496],[81.0899,16.4717],[81.0865,16.4568],[81.0623,16.4061],[81.0718,16.4006],[81.0809,16.4048],[81.1092,16.4003],[81.1144,16.3877],[81.1386,16.3831],[81.1432,16.3833],[81.1681,16.4123],[81.1739,16.3924],[81.1994,16.3843],[81.2131,16.426],[81.2507,16.4157],[81.2757,16.4347],[81.2906,16.439],[81.2925,16.4622],[81.3198,16.4599],[81.3194,16.4281],[81.3515,16.4136],[81.3719,16.4144],[81.386,16.4268],[81.3995,16.4316],[81.4013,16.4388],[81.3933,16.4401],[81.3884,16.4465],[81.3732,16.4591],[81.3689,16.4757],[81.3707,16.4998],[81.3629,16.5074],[81.3384,16.5052],[81.3326,16.5108],[81.339,16.5132],[81.3395,16.5275],[81.3436,16.5306],[81.349,16.5652],[81.3462,16.5914],[81.3533,16.592],[81.3573,16.5965],[81.3545,16.6106],[81.3453,16.6042],[81.3276,16.6197],[81.3316,16.6594],[81.3437,16.6597],[81.3856,16.6655],[81.4353,16.6564],[81.4447,16.6696],[81.4678,16.6749],[81.5276,16.6658],[81.5423,16.6371],[81.5549,16.647],[81.5474,16.6639],[81.5726,16.6895],[81.5961,16.7026],[81.5894,16.7186],[81.5637,16.717],[81.5629,16.7461],[81.548,16.7558],[81.5386,16.7305],[81.5125,16.7337],[81.4992,16.7217],[81.478,16.731],[81.4593,16.7215],[81.4434,16.7218],[81.4361,16.7479],[81.4431,16.7531],[81.471,16.7572],[81.4679,16.7712],[81.4739,16.7873],[81.493,16.7918],[81.4917,16.8036],[81.4605,16.8581],[81.4555,16.8832],[81.4578,16.8925],[81.4465,16.8974],[81.4038,16.8929],[81.381,16.8999],[81.3625,16.8978],[81.3562,16.8896],[81.3528,16.8693],[81.3225,16.8283],[81.296,16.8222],[81.2901,16.8458],[81.2674,16.8484],[81.2688,16.8233],[81.2494,16.8246],[81.2439,16.8463],[81.2186,16.8461],[81.208,16.8658],[81.1862,16.8728],[81.178,16.8898],[81.1996,16.8935],[81.2104,16.9247],[81.2036,16.9392],[81.2049,16.9649],[81.2372,16.9676],[81.2558,17.024],[81.2791,17.011],[81.2981,17.0095],[81.3052,17.0338],[81.3325,17.0486],[81.3448,17.0463],[81.3578,17.0211],[81.3705,17.0297],[81.3876,17.0329],[81.3915,17.0414],[81.4153,17.0419],[81.434,17.0111],[81.4462,17.0013],[81.4503,17.0071],[81.4476,17.0327],[81.4312,17.0419],[81.4261,17.0609],[81.4485,17.0721],[81.4475,17.0999],[81.466,17.1136],[81.4674,17.1322],[81.4775,17.1412],[81.4665,17.1699],[81.4943,17.1861],[81.5181,17.1899],[81.5447,17.2109],[81.5608,17.2003],[81.5712,17.1991],[81.5962,17.199],[81.5892,17.1849],[81.5979,17.1743],[81.613,17.1679],[81.6446,17.1518],[81.6635,17.1517],[81.6407,17.2073],[81.6416,17.2301],[81.6554,17.2495],[81.6573,17.2683],[81.6631,17.2829],[81.6803,17.2912],[81.6794,17.3017],[81.6425,17.3243],[81.6277,17.325],[81.6149,17.3314],[81.611,17.3436],[81.6147,17.3523],[81.6047,17.3762],[81.6099,17.3974],[81.6163,17.4009],[81.6145,17.4068],[81.6032,17.4117],[81.5862,17.406],[81.5759,17.4331],[81.5636,17.4403],[81.5409,17.4369],[81.5309,17.4407],[81.5172,17.4569],[81.5126,17.4729],[81.4983,17.4815]]]},"properties":{"state_name":"Andhra Pradesh","pc_name":"ELURU","pc_no":10,"state":"andhra","id":10}},{"type":"Feature","geometry":{"type":"Polygon","coordinates":[[[81.3995,16.4316],[81.386,16.4268],[81.3719,16.4144],[81.3515,16.4136],[81.3194,16.4281],[81.3198,16.4599],[81.2925,16.4622],[81.2906,16.439],[81.2757,16.4347],[81.2507,16.4157],[81.2131,16.426],[81.1994,16.3843],[81.1739,16.3924],[81.1681,16.4123],[81.1432,16.3833],[81.1386,16.3831],[81.1144,16.3877],[81.1092,16.4003],[81.0809,16.4048],[81.0718,16.4006],[81.0623,16.4061],[81.0865,16.4568],[81.0899,16.4717],[81.0875,16.496],[81.1114,16.5036],[81.1173,16.517],[81.1058,16.528],[81.1071,16.5583],[81.0971,16.5702],[81.0834,16.5692],[81.0654,16.5488],[81.0505,16.557],[81.0497,16.5703],[81.0401,16.5663],[81.0398,16.5619],[81.0278,16.5623],[81.0224,16.557],[81.0185,16.5621],[81.0114,16.5605],[81.0063,16.5864],[80.9729,16.6266],[80.9694,16.6468],[80.9541,16.6656],[80.9542,16.6711],[80.9409,16.6824],[80.9317,16.7033],[80.9088,16.6772],[80.896,16.6717],[80.8854,16.6435],[80.8852,16.6223],[80.8667,16.6304],[80.841,16.6188],[80.8363,16.6457],[80.8179,16.6549],[80.7946,16.6468],[80.7839,16.6328],[80.764,16.6342],[80.7434,16.6275],[80.707,16.627],[80.6945,16.6355],[80.6927,16.6565],[80.6944,16.683],[80.7081,16.6996],[80.6917,16.6892],[80.6683,16.6938],[80.6437,16.6478],[80.619,16.6317],[80.599,16.6074],[80.5788,16.5972],[80.563,16.5512],[80.554,16.5422],[80.555,16.5344],[80.5911,16.5159],[80.6067,16.5581],[80.626,16.5574],[80.6607,16.566],[80.6667,16.5501],[80.6855,16.5451],[80.6838,16.5391],[80.6868,16.528],[80.6837,16.4868],[80.6546,16.4791],[80.6705,16.4657],[80.6742,16.4248],[80.7066,16.4006],[80.7266,16.3788],[80.7484,16.3298],[80.7848,16.2883],[80.7979,16.2832],[80.8027,16.2426],[80.8173,16.2411],[80.8203,16.2183],[80.8236,16.2178],[80.8412,16.2159],[80.8282,16.1992],[80.8635,16.133],[80.855,16.1044],[80.8677,16.1058],[80.8752,16.0703],[80.8816,16.0646],[80.877,16.0522],[80.8914,16.0011],[80.8902,15.9611],[80.8967,15.9653],[80.8987,15.9356],[80.8949,15.9231],[80.9032,15.9174],[80.8863,15.8565],[80.8727,15.8464],[80.8383,15.7633],[80.8322,15.7421],[80.8326,15.707],[80.928,15.722],[80.9388,15.7166],[80.9616,15.728],[81.0082,15.7541],[81.0144,15.7723],[81.0091,15.789],[81.0054,15.7895],[81.0028,15.7863],[80.9953,15.8035],[81.0009,15.8324],[81.0149,15.851],[81.0715,15.9115],[81.1347,15.9664],[81.12,15.9935],[81.0913,16.0049],[81.075,15.9988],[81.0628,16.0135],[81.0711,16.0278],[81.0712,16.0492],[81.0448,16.0579],[81.0383,16.0783],[81.0164,16.0909],[81.0419,16.0785],[81.0467,16.0588],[81.0709,16.0562],[81.0741,16.0299],[81.0657,16.0109],[81.079,16.0026],[81.0939,16.0077],[81.1171,16.0026],[81.1392,15.9696],[81.1485,15.9756],[81.1427,15.9998],[81.1474,16.02],[81.1956,16.1155],[81.2137,16.2076],[81.2379,16.2469],[81.265,16.2785],[81.3243,16.3145],[81.3924,16.3427],[81.4872,16.3554],[81.5304,16.3537],[81.5554,16.3473],[81.5467,16.3783],[81.5227,16.381],[81.5127,16.3703],[81.4965,16.3699],[81.4883,16.3734],[81.4803,16.3881],[81.4699,16.3985],[81.4537,16.4051],[81.4377,16.3985],[81.4269,16.4112],[81.4258,16.4194],[81.4137,16.4197],[81.3995,16.4316]]]},"properties":{"state_name":"Andhra Pradesh","pc_name":"MACHILIPATNAM","pc_no":11,"state":"andhra","id":11}},{"type":"Feature","geometry":{"type":"MultiPolygon","coordinates":[[[[80.7966,17.0622],[80.7648,17.0669],[80.7389,17.0796],[80.6994,17.0838],[80.6951,17.0749],[80.6711,17.0703],[80.6535,17.0689],[80.6497,17.0718],[80.6567,17.0893],[80.6704,17.1012],[80.6416914321549,17.116269248255858],[80.6182,17.1286],[80.58,17.1534],[80.5626,17.1332],[80.5541,17.1339],[80.5277,17.1193],[80.5139,17.1223],[80.5128,17.1092],[80.5042,17.0933],[80.51,17.0872],[80.5055,17.0691],[80.4909,17.0513],[80.4714,17.0507],[80.4648,17.0303],[80.4386,17.0379],[80.4317,17.0558],[80.417,17.0739],[80.419,17.0923],[80.4121,17.0925],[80.3944,17.0764],[80.39508475336322,17.056542152466367],[80.3985,17.0527],[80.3958,17.0358],[80.4075,17.0259],[80.407,17.0158],[80.3879,17.0093],[80.365,16.9753],[80.4474,16.9559],[80.4933,16.9272],[80.4971,16.9547],[80.5051,16.9568],[80.5265,16.9478],[80.5354,16.9612],[80.5808,16.9373],[80.6022,16.9188],[80.5868,16.9037],[80.5941,16.8999],[80.595,16.8841],[80.5689,16.8697],[80.576,16.8264],[80.5945,16.8027],[80.597,16.7929],[80.5701,16.7688],[80.5033,16.7799],[80.4855,16.792],[80.465,16.7952],[80.465,16.8203],[80.4536,16.8227],[80.4284,16.8381],[80.4263,16.8498],[80.3828,16.8654],[80.3783,16.8527],[80.408,16.8487],[80.4044,16.8324],[80.39601470670522,16.831696717336566],[80.3857,16.8253],[80.3853,16.8171],[80.3817,16.816],[80.3734,16.8298],[80.3736,16.8521],[80.3405,16.8597],[80.3218,16.8793],[80.3246,16.9061],[80.3127,16.9174],[80.3162,16.9486],[80.3033,16.9542],[80.293,16.9769],[80.2941,16.9959],[80.2831,17.0078],[80.2705,17.0043],[80.2641,16.9976],[80.2404,17.0025],[80.2262,17.0156],[80.2229,17.0082],[80.2114,17.0106],[80.2021,17.0173],[80.2041,17.0383],[80.1965,17.0441],[80.1873,17.02],[80.1702,17.0169],[80.1534,17.007],[80.1405,16.9904],[80.1203,16.9879],[80.0914,16.9683],[80.0563,16.9708],[80.0514,16.9383],[80.0405,16.9197],[80.0172,16.9173],[80.014,16.9039],[80.0023,16.8714],[80.0037,16.8617],[80.0181,16.8537],[80.0466,16.8532],[80.0482,16.8329],[80.0729,16.8182],[80.1136,16.8233],[80.1258,16.8082],[80.1315,16.7885],[80.1341,16.7622],[80.1442,16.7349],[80.1411,16.7056],[80.1489,16.688],[80.1372,16.6699],[80.1365,16.6581],[80.141,16.6506],[80.1627,16.6419],[80.1815,16.6427],[80.228,16.6189],[80.2526,16.6111],[80.3313,16.6118],[80.3675,16.5878],[80.3889,16.5861],[80.4103,16.5848],[80.4672,16.5907],[80.4985,16.5797],[80.5288,16.5629],[80.554,16.5422],[80.563,16.5512],[80.5788,16.5972],[80.599,16.6074],[80.619,16.6317],[80.6437,16.6478],[80.6683,16.6938],[80.6917,16.6892],[80.7081,16.6996],[80.7258,16.7195],[80.7396,16.7266],[80.7471,16.7571],[80.762,16.7786],[80.7779,16.8142],[80.8163,16.7922],[80.8255,16.7927],[80.8182,16.8275],[80.8084,16.8398],[80.8094,16.8589],[80.7997,16.8914],[80.8043,16.9073],[80.8302,16.9455],[80.8303,17.0015],[80.8236,17.0131],[80.8054,17.0153],[80.7968,17.0271],[80.784,17.032],[80.7827,17.0377],[80.7966,17.0622]]],[[[80.5911,16.5159],[80.5908,16.5128],[80.6286,16.4947],[80.6546,16.4791],[80.6837,16.4868],[80.6868,16.528],[80.6838,16.5391],[80.6855,16.5451],[80.6667,16.5501],[80.6607,16.566],[80.626,16.5574],[80.6067,16.5581],[80.5911,16.5159]]]]},"properties":{"state_name":"Andhra Pradesh","pc_name":"VIJAYAWADA","pc_no":12,"state":"andhra","id":12}},{"type":"Feature","geometry":{"type":"Polygon","coordinates":[[[80.6546,16.4791],[80.6286,16.4947],[80.5908,16.5128],[80.5911,16.5159],[80.555,16.5344],[80.554,16.5422],[80.5288,16.5629],[80.4985,16.5797],[80.4672,16.5907],[80.4103,16.5848],[80.3889,16.5861],[80.4023,16.5559],[80.3948,16.5199],[80.4141,16.4987],[80.4255,16.4712],[80.386,16.4709],[80.3603,16.4495],[80.3211,16.4573],[80.3085,16.446],[80.3043,16.4184],[80.271,16.4122],[80.2624,16.4023],[80.2367,16.407],[80.2153,16.385],[80.2233,16.3583],[80.2138,16.3477],[80.2138,16.3313],[80.205,16.3302],[80.1909,16.3513],[80.1804,16.3527],[80.1769,16.3502],[80.1736,16.3194],[80.1547,16.3177],[80.1544,16.2965],[80.1256,16.3027],[80.1179,16.2869],[80.127,16.2681],[80.1491,16.2538],[80.1858,16.2684],[80.2145,16.2495],[80.2356,16.2448],[80.2401,16.2647],[80.2698,16.2593],[80.2827,16.2619],[80.2916,16.2737],[80.3075,16.2818],[80.3101,16.2948],[80.3263,16.3083],[80.3335,16.3082],[80.3367,16.2968],[80.3423,16.3012],[80.3513,16.2957],[80.3506,16.2806],[80.3008,16.2169],[80.2831,16.2089],[80.2745,16.1915],[80.2603,16.1846],[80.2623,16.1567],[80.2777,16.1383],[80.2707,16.1208],[80.2854,16.1073],[80.2881,16.0988],[80.2778,16.088],[80.2571,16.0906],[80.2195,16.0821],[80.2267,16.0569],[80.2388,16.0448],[80.2401,16.0526],[80.2625,16.0536],[80.2837,16.0495],[80.2935,16.0536],[80.3009,16.0501],[80.3019,16.0557],[80.3058,16.0544],[80.3185,16.0449],[80.3138,16.0292],[80.328,16.0252],[80.3455,16.029],[80.3586,16.0271],[80.3589,16.022],[80.3718,16.0133],[80.4262,15.9999],[80.4231,15.9738],[80.4537,15.9817],[80.4655,16.0066],[80.4929,16.0013],[80.4997,15.9897],[80.5253,16.008],[80.5271,15.9915],[80.5392,15.9908],[80.5575,16.0101],[80.5581,16.0221],[80.5645,16.0244],[80.5787,16.0194],[80.5951,16.0426],[80.5875,16.0687],[80.5941,16.1013],[80.5799,16.1094],[80.5643,16.1466],[80.559,16.1501],[80.5792,16.1696],[80.5805,16.2221],[80.5984,16.2289],[80.6386,16.2044],[80.6455,16.1919],[80.6634,16.1882],[80.6798,16.194],[80.6929,16.2175],[80.7162,16.2238],[80.7334,16.2122],[80.7494,16.2253],[80.7539,16.2463],[80.787,16.2409],[80.8027,16.2426],[80.7979,16.2832],[80.7848,16.2883],[80.7484,16.3298],[80.7266,16.3788],[80.7066,16.4006],[80.6742,16.4248],[80.6705,16.4657],[80.6546,16.4791]]]},"properties":{"state_name":"Andhra Pradesh","pc_name":"GUNTUR","pc_no":13,"state":"andhra","id":13}},{"type":"Feature","geometry":{"type":"Polygon","coordinates":[[[80.0729,16.8182],[80.0669,16.7884],[80.0543,16.7667],[80.0529,16.7444],[80.0379,16.7298],[80.031,16.7153],[80.0076,16.7093],[79.9975,16.7023],[79.9794,16.6657],[79.9616,16.6429],[79.9324,16.6316],[79.9076,16.6357],[79.8929,16.6522],[79.886,16.6864],[79.8784,16.697],[79.8511,16.7062],[79.8173,16.6922],[79.7859,16.7305],[79.7728,16.7309],[79.7444,16.7192],[79.7242,16.6913],[79.6988,16.6917],[79.6838,16.6949],[79.6649,16.6883],[79.6497,16.6707],[79.6331,16.6606],[79.5973,16.6731],[79.5761,16.6504],[79.5434,16.6332],[79.5254,16.631],[79.5044,16.6365],[79.4943,16.6339],[79.4849,16.6232],[79.4616,16.6231],[79.4411,16.615],[79.4334,16.5921],[79.4184,16.58],[79.3786,16.584],[79.3513,16.5793],[79.3396,16.5823],[79.3178,16.5746],[79.3081,16.5747],[79.2892,16.5608],[79.2571,16.5661],[79.2452,16.5326],[79.2284,16.525],[79.2214,16.5155],[79.2149,16.4826],[79.2335,16.4599],[79.2118,16.448],[79.208,16.3835],[79.2125,16.3739],[79.2107,16.3567],[79.2343,16.3349],[79.2227,16.2365],[79.2158,16.2271],[79.2157,16.1841],[79.2219,16.1636],[79.2495,16.18],[79.2593,16.1939],[79.2957,16.2147],[79.3256,16.2285],[79.3712,16.233],[79.4473,16.3029],[79.4733,16.2909],[79.5002,16.2908],[79.5279,16.2973],[79.5362,16.306],[79.5465,16.2896],[79.5666,16.2763],[79.5596,16.2416],[79.5631,16.2273],[79.5563,16.2145],[79.5603,16.2002],[79.5517,16.1793],[79.5381,16.1709],[79.5366,16.1429],[79.5444,16.1205],[79.5543,16.1122],[79.5539,16.09],[79.5465,16.0767],[79.5474,16.0678],[79.5638,16.033],[79.5671,16.018],[79.5629,16.0125],[79.5724,16.0048],[79.5595,15.9637],[79.5592,15.9482],[79.5724,15.9372],[79.5899,15.9405],[79.6155,15.9328],[79.6116,15.9224],[79.6359,15.9073],[79.6553,15.9209],[79.6763,15.9037],[79.6933,15.8983],[79.6886,15.8762],[79.7146,15.8676],[79.7198,15.8591],[79.7171,15.8455],[79.7106,15.8376],[79.7324,15.8358],[79.7456,15.8256],[79.7709,15.8255],[79.7727,15.8425],[79.7542,15.8478],[79.7469,15.8596],[79.7539,15.8714],[79.7554,15.8999],[79.7631,15.9007],[79.7834,15.915],[79.7912,15.9411],[79.8433,15.93],[79.8483,15.9284],[79.8472,15.9228],[79.8699,15.9167],[79.878,15.9251],[79.8755,15.9356],[79.8801,15.9405],[79.8941,15.9397],[79.9033,15.9427],[79.9123,15.9673],[79.9026,15.9836],[79.8906,15.9878],[79.8904,15.9949],[79.8793,15.9997],[79.8629,15.9936],[79.8666,16.0217],[79.8698,16.0304],[79.8804,16.0391],[79.9175,16.0473],[79.9206,16.0613],[79.9158,16.075],[79.8955,16.0773],[79.8952,16.0874],[79.8836,16.0861],[79.8817,16.0924],[79.8685,16.0963],[79.8739,16.1123],[79.8752,16.1289],[79.8662,16.1352],[79.8782,16.1544],[79.9017,16.1495],[79.9327,16.1325],[79.9448,16.1394],[79.9536,16.1522],[79.9513,16.1646],[79.9721,16.1551],[79.9761,16.1512],[79.974,16.1463],[80.0006,16.1402],[79.9988,16.1365],[80.0108,16.128],[80.0127,16.1171],[80.0319,16.1178],[80.0434,16.1302],[80.0503,16.131],[80.0508,16.1257],[80.0406,16.0927],[80.0475,16.0856],[80.0679,16.0949],[80.0741,16.0923],[80.0708,16.0754],[80.0826,16.0633],[80.0887,16.0181],[80.0972,16.0114],[80.1206,16.0209],[80.1331,16.02],[80.1373,16.0459],[80.1553,16.0459],[80.1548,16.0418],[80.1823,16.0348],[80.1901,16.0387],[80.2295,16.0321],[80.2298,16.0379],[80.2373,16.0374],[80.2388,16.0448],[80.2267,16.0569],[80.2195,16.0821],[80.2571,16.0906],[80.2778,16.088],[80.2881,16.0988],[80.2854,16.1073],[80.2707,16.1208],[80.2777,16.1383],[80.2623,16.1567],[80.2603,16.1846],[80.2745,16.1915],[80.2831,16.2089],[80.3008,16.2169],[80.3506,16.2806],[80.3513,16.2957],[80.3423,16.3012],[80.3367,16.2968],[80.3335,16.3082],[80.3263,16.3083],[80.3101,16.2948],[80.3075,16.2818],[80.2916,16.2737],[80.2827,16.2619],[80.2698,16.2593],[80.2401,16.2647],[80.2356,16.2448],[80.2145,16.2495],[80.1858,16.2684],[80.1491,16.2538],[80.127,16.2681],[80.1179,16.2869],[80.1256,16.3027],[80.1544,16.2965],[80.1547,16.3177],[80.1736,16.3194],[80.1769,16.3502],[80.1804,16.3527],[80.1909,16.3513],[80.205,16.3302],[80.2138,16.3313],[80.2138,16.3477],[80.2233,16.3583],[80.2153,16.385],[80.2367,16.407],[80.2624,16.4023],[80.271,16.4122],[80.3043,16.4184],[80.3085,16.446],[80.3211,16.4573],[80.3603,16.4495],[80.386,16.4709],[80.4255,16.4712],[80.4141,16.4987],[80.3948,16.5199],[80.4023,16.5559],[80.3889,16.5861],[80.3675,16.5878],[80.3313,16.6118],[80.2526,16.6111],[80.228,16.6189],[80.1815,16.6427],[80.1627,16.6419],[80.141,16.6506],[80.1365,16.6581],[80.1372,16.6699],[80.1489,16.688],[80.1411,16.7056],[80.1442,16.7349],[80.1341,16.7622],[80.1315,16.7885],[80.1258,16.8082],[80.1136,16.8233],[80.0729,16.8182]]]},"properties":{"state_name":"Andhra Pradesh","pc_name":"NARASARAOPET","pc_no":14,"state":"andhra","id":14}},{"type":"Feature","geometry":{"type":"Polygon","coordinates":[[[80.8027,16.2426],[80.787,16.2409],[80.7539,16.2463],[80.7494,16.2253],[80.7334,16.2122],[80.7162,16.2238],[80.6929,16.2175],[80.6798,16.194],[80.6634,16.1882],[80.6455,16.1919],[80.6386,16.2044],[80.5984,16.2289],[80.5805,16.2221],[80.5792,16.1696],[80.559,16.1501],[80.5643,16.1466],[80.5799,16.1094],[80.5941,16.1013],[80.5875,16.0687],[80.5951,16.0426],[80.5787,16.0194],[80.5645,16.0244],[80.5581,16.0221],[80.5575,16.0101],[80.5392,15.9908],[80.5271,15.9915],[80.5253,16.008],[80.4997,15.9897],[80.4929,16.0013],[80.4655,16.0066],[80.4537,15.9817],[80.4231,15.9738],[80.4262,15.9999],[80.3718,16.0133],[80.3589,16.022],[80.3586,16.0271],[80.3455,16.029],[80.328,16.0252],[80.3138,16.0292],[80.3185,16.0449],[80.3058,16.0544],[80.3019,16.0557],[80.3009,16.0501],[80.2935,16.0536],[80.2837,16.0495],[80.2625,16.0536],[80.2401,16.0526],[80.2388,16.0448],[80.2373,16.0374],[80.2298,16.0379],[80.2295,16.0321],[80.1901,16.0387],[80.1823,16.0348],[80.1548,16.0418],[80.1553,16.0459],[80.1373,16.0459],[80.1331,16.02],[80.1206,16.0209],[80.0972,16.0114],[80.0887,16.0181],[80.0826,16.0633],[80.0708,16.0754],[80.0741,16.0923],[80.0679,16.0949],[80.0475,16.0856],[80.0406,16.0927],[80.0508,16.1257],[80.0503,16.131],[80.0434,16.1302],[80.0319,16.1178],[80.0127,16.1171],[80.0108,16.128],[79.9988,16.1365],[80.0006,16.1402],[79.974,16.1463],[79.9761,16.1512],[79.9721,16.1551],[79.9513,16.1646],[79.9536,16.1522],[79.9448,16.1394],[79.9327,16.1325],[79.9017,16.1495],[79.8782,16.1544],[79.8662,16.1352],[79.8752,16.1289],[79.8739,16.1123],[79.8685,16.0963],[79.8817,16.0924],[79.8836,16.0861],[79.8952,16.0874],[79.8955,16.0773],[79.9158,16.075],[79.9206,16.0613],[79.9175,16.0473],[79.8804,16.0391],[79.8698,16.0304],[79.8666,16.0217],[79.8629,15.9936],[79.8793,15.9997],[79.8904,15.9949],[79.8906,15.9878],[79.9026,15.9836],[79.9123,15.9673],[79.9033,15.9427],[79.8941,15.9397],[79.8801,15.9405],[79.8755,15.9356],[79.878,15.9251],[79.8699,15.9167],[79.8815,15.9096],[79.8922,15.8805],[79.9139,15.8684],[79.916,15.8535],[79.9359,15.8453],[79.9364,15.8309],[79.916,15.8251],[79.9074,15.8158],[79.9034,15.7776],[79.9087,15.7485],[79.8907,15.7145],[79.8899,15.7041],[79.8814,15.6912],[79.8628,15.6842],[79.858,15.667],[79.8387,15.6616],[79.8268,15.6407],[79.8093,15.6591],[79.7995,15.6391],[79.7704,15.6407],[79.7446,15.6116],[79.7464,15.5932],[79.7646,15.5862],[79.7906,15.564],[79.7961,15.5274],[79.8042,15.5116],[79.8299,15.4873],[79.8499,15.481],[79.87,15.4578],[79.8873,15.4519],[79.9057,15.4324],[79.9182,15.4522],[79.9126,15.4731],[79.9311,15.4815],[79.9385,15.4976],[79.9656,15.4884],[79.9715,15.4627],[79.9899,15.4782],[79.9884,15.4971],[80.0091,15.5133],[80.0249,15.5426],[80.0268,15.5607],[80.066,15.5819],[80.0812,15.5998],[80.0932,15.597],[80.1034,15.5791],[80.1353,15.5657],[80.1644,15.5796],[80.1815,15.5655],[80.1947,15.5715],[80.2297,15.5646],[80.2401,15.6062],[80.2696,15.666],[80.3021,15.7091],[80.3456,15.7516],[80.4182,15.7979],[80.5365,15.8527],[80.6052,15.8707],[80.6766,15.8807],[80.6806,15.8858],[80.6859,15.8819],[80.7291,15.8789],[80.7819,15.8633],[80.8003,15.8484],[80.8126,15.8315],[80.8157,15.8113],[80.8008,15.8062],[80.7914,15.821],[80.7887,15.8328],[80.7858,15.8311],[80.7796,15.8413],[80.8111,15.7648],[80.8158,15.741],[80.8092,15.7354],[80.8095,15.7226],[80.8157,15.7138],[80.8224,15.7093],[80.8326,15.707],[80.8322,15.7421],[80.8383,15.7633],[80.8727,15.8464],[80.8863,15.8565],[80.9032,15.9174],[80.8949,15.9231],[80.8987,15.9356],[80.8967,15.9653],[80.8902,15.9611],[80.8914,16.0011],[80.877,16.0522],[80.8816,16.0646],[80.8752,16.0703],[80.8677,16.1058],[80.855,16.1044],[80.8635,16.133],[80.8282,16.1992],[80.8412,16.2159],[80.8236,16.2178],[80.8203,16.2183],[80.8173,16.2411],[80.8027,16.2426]]]},"properties":{"state_name":"Andhra Pradesh","pc_name":"BAPATLA (SC)","pc_no":15,"state":"andhra","id":15}},{"type":"Feature","geometry":{"type":"Polygon","coordinates":[[[79.2158,16.2271],[79.1923,16.2164],[79.1592,16.209],[79.1217,16.2328],[79.0995,16.2235],[79.0828,16.2311],[79.0711,16.2278],[79.0509,16.2384],[79.0128,16.2409],[78.9858,16.2111],[78.9603,16.2094],[78.9055,16.1839],[78.9042,16.1768],[78.9148,16.1497],[78.9239,16.1377],[78.9227,16.1269],[78.9311,16.0929],[78.9109,15.9688],[78.837,15.9071],[78.8098,15.8675],[78.7925,15.7721],[78.7715,15.6648],[78.7696,15.6347],[78.7767,15.5337],[78.7693,15.4653],[78.7713,15.4206],[78.7425,15.3539],[78.7366,15.3265],[78.737,15.1992],[78.7421,15.1822],[78.7583,15.185],[78.7775,15.2],[78.8687,15.1977],[78.9194,15.1873],[78.9271,15.2288],[78.9478,15.2288],[78.9477,15.2037],[78.9548,15.1923],[78.9574,15.1763],[78.9814,15.165],[79.0092,15.1686],[79.0172,15.1796],[79.0825,15.1732],[79.0734,15.1652],[79.0761,15.1042],[79.0901,15.0491],[79.095,15.0543],[79.0941,15.066],[79.1013,15.0723],[79.1009,15.0843],[79.1301,15.0864],[79.1291,15.1001],[79.1527,15.0978],[79.1613,15.0912],[79.1814,15.0874],[79.215,15.0857],[79.2487,15.1054],[79.2618,15.1067],[79.2656,15.1051],[79.2658,15.0969],[79.2914,15.0984],[79.309,15.0939],[79.3145,15.0935],[79.3146,15.1017],[79.3287,15.1115],[79.3271,15.1154],[79.3353,15.117],[79.3356,15.0995],[79.3283,15.1004],[79.3273,15.0928],[79.3439,15.0855],[79.3516,15.1169],[79.3598,15.1116],[79.3572,15.1019],[79.3677,15.0855],[79.3908,15.0754],[79.4037,15.0782],[79.4195,15.0737],[79.4172,15.0594],[79.4224,15.0567],[79.4385,15.0555],[79.4515,15.0632],[79.4626,15.0622],[79.4678,15.0678],[79.4761,15.0573],[79.5016,15.057],[79.5057,15.0473],[79.5188,15.0385],[79.5292,15.0381],[79.5436,15.0261],[79.5586,15.0221],[79.5645,15.0439],[79.5797,15.0435],[79.5802,15.0367],[79.6086,15.0411],[79.6207,15.0344],[79.6283,15.0351],[79.6308,15.0821],[79.6426,15.1317],[79.6376,15.1537],[79.6595,15.1742],[79.6527,15.1858],[79.6335,15.1859],[79.6619,15.2605],[79.6739,15.2551],[79.6991,15.229],[79.7335,15.2456],[79.7648,15.2382],[79.7691,15.2149],[79.7967,15.2271],[79.8067,15.2631],[79.8489,15.2623],[79.8574,15.2692],[79.8696,15.2951],[79.886,15.3078],[79.9135,15.3183],[79.9156,15.3258],[79.9069,15.3464],[79.9194,15.3639],[79.9332,15.3615],[79.9319,15.3274],[79.9608,15.3334],[79.9938,15.3151],[79.9927,15.2968],[79.978,15.2707],[79.9719,15.2425],[79.9833,15.2298],[79.9848,15.2216],[80.0119,15.2223],[80.0233,15.2339],[80.044,15.2359],[80.071,15.2136],[80.0802,15.2111],[80.0895,15.2154],[80.0845,15.2699],[80.1064,15.3207],[80.1157,15.3546],[80.1407,15.3927],[80.2048,15.4707],[80.2196,15.5229],[80.2308,15.5416],[80.2297,15.5646],[80.1947,15.5715],[80.1815,15.5655],[80.1644,15.5796],[80.1353,15.5657],[80.1034,15.5791],[80.0932,15.597],[80.0812,15.5998],[80.066,15.5819],[80.0268,15.5607],[80.0249,15.5426],[80.0091,15.5133],[79.9884,15.4971],[79.9899,15.4782],[79.9715,15.4627],[79.9656,15.4884],[79.9385,15.4976],[79.9311,15.4815],[79.9126,15.4731],[79.9182,15.4522],[79.9057,15.4324],[79.8873,15.4519],[79.87,15.4578],[79.8499,15.481],[79.8299,15.4873],[79.8042,15.5116],[79.7961,15.5274],[79.7906,15.564],[79.7646,15.5862],[79.7464,15.5932],[79.7446,15.6116],[79.7704,15.6407],[79.7995,15.6391],[79.8093,15.6591],[79.8268,15.6407],[79.8387,15.6616],[79.858,15.667],[79.8628,15.6842],[79.8814,15.6912],[79.8899,15.7041],[79.8907,15.7145],[79.9087,15.7485],[79.9034,15.7776],[79.9074,15.8158],[79.916,15.8251],[79.9364,15.8309],[79.9359,15.8453],[79.916,15.8535],[79.9139,15.8684],[79.8922,15.8805],[79.8815,15.9096],[79.8699,15.9167],[79.8472,15.9228],[79.8483,15.9284],[79.8433,15.93],[79.7912,15.9411],[79.7834,15.915],[79.7631,15.9007],[79.7554,15.8999],[79.7539,15.8714],[79.7469,15.8596],[79.7542,15.8478],[79.7727,15.8425],[79.7709,15.8255],[79.7456,15.8256],[79.7324,15.8358],[79.7106,15.8376],[79.7171,15.8455],[79.7198,15.8591],[79.7146,15.8676],[79.6886,15.8762],[79.6933,15.8983],[79.6763,15.9037],[79.6553,15.9209],[79.6359,15.9073],[79.6116,15.9224],[79.6155,15.9328],[79.5899,15.9405],[79.5724,15.9372],[79.5592,15.9482],[79.5595,15.9637],[79.5724,16.0048],[79.5629,16.0125],[79.5671,16.018],[79.5638,16.033],[79.5474,16.0678],[79.5465,16.0767],[79.5539,16.09],[79.5543,16.1122],[79.5444,16.1205],[79.5366,16.1429],[79.5381,16.1709],[79.5517,16.1793],[79.5603,16.2002],[79.5563,16.2145],[79.5631,16.2273],[79.5596,16.2416],[79.5666,16.2763],[79.5465,16.2896],[79.5362,16.306],[79.5279,16.2973],[79.5002,16.2908],[79.4733,16.2909],[79.4473,16.3029],[79.3712,16.233],[79.3256,16.2285],[79.2957,16.2147],[79.2593,16.1939],[79.2495,16.18],[79.2219,16.1636],[79.2157,16.1841],[79.2158,16.2271]]]},"properties":{"state_name":"Andhra Pradesh","pc_name":"ONGOLE","pc_no":16,"state":"andhra","id":16}},{"type":"Feature","geometry":{"type":"Polygon","coordinates":[[[78.9227,16.1269],[78.9214,16.1031],[78.8896,16.085],[78.873,16.1436],[78.8548,16.1492],[78.8354,16.1458],[78.8331,16.1377],[78.8425,16.0956],[78.8404,16.0785],[78.8195,16.0486],[78.8013,16.0381],[78.7919,16.0247],[78.7511,16.0161],[78.7356,16.0085],[78.7236,16.0205],[78.6857,16.0332],[78.6504,16.0728],[78.61,16.0874],[78.587,16.0637],[78.5499,16.043],[78.4749,16.0688],[78.408,16.0752],[78.3977,16.0665],[78.3941999867952,16.066075755975177],[78.3655,16.0471],[78.3478,16.0478],[78.3267,16.0371],[78.322,16.0175],[78.3124,16.0119],[78.2995,16.0119],[78.2773,16.0247],[78.261,16.0262],[78.2556,16.0132],[78.2591,15.9926],[78.2511,15.973],[78.2511,15.9351],[78.2322,15.9243],[78.1845,15.9102],[78.1795,15.9023],[78.19,15.8926],[78.1754,15.8584],[78.1589,15.8541],[78.1356,15.855],[78.1302,15.851],[78.1343,15.8369],[78.1462,15.8141],[78.1362,15.8026],[78.1485,15.7851],[78.1794,15.7767],[78.1455,15.7487],[78.1026,15.7431],[78.0918,15.7334],[78.0606,15.7333],[78.0399,15.7255],[78.026,15.7408],[78.0021,15.7456],[77.9779,15.7655],[77.9896,15.7735],[78.0339,15.7868],[78.0286,15.8057],[78.008,15.808],[77.9987,15.8232],[77.9764,15.8264],[77.9427,15.8215],[77.9402,15.7933],[77.9098,15.7858],[77.8632,15.7892],[77.8487,15.7549],[77.8628,15.7355],[77.8737,15.7347],[77.8925,15.7538],[77.9007,15.7355],[77.9181,15.7246],[77.8955,15.7013],[77.9015,15.6283],[77.907,15.6185],[77.9404,15.6116],[77.9657,15.5956],[77.9972,15.6009],[78.0112,15.6349],[78.0217,15.6366],[78.0438,15.6172],[78.0507,15.596],[78.073,15.6154],[78.0849,15.6142],[78.103,15.5802],[78.0625,15.5665],[78.0482,15.5519],[78.0499,15.531],[78.0347,15.5232],[78.0353,15.5017],[78.0271,15.4796],[77.9832,15.4596],[77.9789,15.4364],[77.9711,15.4284],[77.9522,15.4319],[77.9252,15.4236],[77.8988,15.4459],[77.8917,15.4653],[77.8824,15.4722],[77.854,15.4804],[77.8322,15.4656],[77.8251,15.4851],[77.8075,15.4866],[77.7868,15.4697],[77.7895,15.454],[77.7703,15.4064],[77.7485,15.411],[77.72,15.3846],[77.7081,15.3817],[77.6816,15.3945],[77.671,15.3928],[77.6613,15.3616],[77.6508,15.3455],[77.6646,15.3354],[77.6698,15.3214],[77.679,15.3249],[77.6831,15.3186],[77.6772,15.2583],[77.6692,15.2329],[77.6773,15.2287],[77.6801,15.2162],[77.6979,15.2062],[77.6932,15.1844],[77.7027,15.1805],[77.7116,15.1872],[77.7166,15.1728],[77.7333,15.1691],[77.7306,15.1512],[77.7467,15.1414],[77.7497,15.1295],[77.7742,15.1246],[77.7736,15.1125],[77.7849,15.1134],[77.7918,15.1065],[77.7965,15.1193],[77.8113,15.129],[77.8099,15.1356],[77.8158,15.1432],[77.839,15.1453],[77.8545,15.1355],[77.8756,15.1355],[77.8845,15.1785],[77.8965,15.1778],[77.9056,15.1772],[77.9194,15.1744],[77.9237,15.1619],[77.9248,15.1522],[77.9088,15.1388],[77.9151,15.1293],[77.9072,15.131],[77.9064,15.123],[77.9329,15.1128],[77.9614,15.109],[77.9745,15.1393],[77.9934,15.1335],[78.0142,15.1123],[78.0058,15.0822],[77.9952,15.0643],[78.0107,15.0512],[78.0114,15.0274],[78.0267,15.0167],[78.034,14.9999],[78.0656,14.9954],[78.0886,14.9826],[78.0874,14.9726],[78.1339,14.9616],[78.137,14.9481],[78.1534,14.96],[78.1678,14.9643],[78.18,14.9646],[78.2106,14.9524],[78.2204,14.9555],[78.2245,14.9779],[78.2359,15.0036],[78.244,14.9998],[78.2601,15.0269],[78.2838,15.0314],[78.2751,15.0584],[78.2846,15.071],[78.2933,15.0736],[78.3138,15.0691],[78.3253,15.0736],[78.3328,15.0666],[78.3546,15.0622],[78.3637,15.0523],[78.3781,15.0567],[78.3999,15.049],[78.3756,15.0364],[78.3532,15.0313],[78.3428,15.0032],[78.3593,14.9859],[78.3922,14.9684],[78.4097,14.973],[78.4194,15.0318],[78.4362,15.0326],[78.4387,15.0339],[78.4573,15.0311],[78.4617,15.0394],[78.4743,15.0357],[78.4825,15.0433],[78.4853,15.037],[78.4875,15.0504],[78.4813,15.0507],[78.4781,15.0615],[78.4739,15.0631],[78.4813,15.0635],[78.4816,15.0715],[78.4988,15.0704],[78.5061,15.0697],[78.5156,15.0606],[78.5122,15.042],[78.5153,15.0137],[78.5085,15.0052],[78.5166,14.997],[78.5052,14.9557],[78.4983,14.9559],[78.4774,14.9028],[78.4853,14.9008],[78.4904,14.9111],[78.5196,14.9435],[78.5281,14.9605],[78.54,14.9652],[78.5512,14.9616],[78.5466,14.933],[78.5622,14.9312],[78.5818,14.9463],[78.5913,14.9396],[78.6013,14.9547],[78.6097,14.9485],[78.6296,14.9472],[78.63,14.926],[78.6604,14.9302],[78.6659,14.9354],[78.6846,14.939],[78.6917,14.9683],[78.7179,14.9689],[78.7099,15.0224],[78.7486,15.0345],[78.7623,15.0592],[78.7604,15.08],[78.7509,15.1083],[78.753,15.1302],[78.7501,15.1347],[78.7583,15.185],[78.7421,15.1822],[78.737,15.1992],[78.7366,15.3265],[78.7425,15.3539],[78.7713,15.4206],[78.7693,15.4653],[78.7767,15.5337],[78.7696,15.6347],[78.7715,15.6648],[78.7925,15.7721],[78.8098,15.8675],[78.837,15.9071],[78.9109,15.9688],[78.9311,16.0929],[78.9227,16.1269]]]},"properties":{"state_name":"Andhra Pradesh","pc_name":"NANDYAL","pc_no":17,"state":"andhra","id":17}},{"type":"Feature","geometry":{"type":"Polygon","coordinates":[[[78.1343,15.8369],[78.0991,15.8364],[78.0837,15.8413],[78.0715,15.8507],[78.0716,15.8621],[78.056,15.8667],[78.0563,15.875],[78.0469,15.8753],[78.0451,15.9045],[78.032,15.9077],[78.0311,15.9033],[78.0256,15.9027],[78.0065,15.8631],[77.9757,15.8835],[77.9364,15.884],[77.8888,15.9061],[77.8781,15.9051],[77.8598,15.8846],[77.8381,15.8852],[77.8051,15.8747],[77.7827,15.8767],[77.7676,15.8862],[77.7488,15.8856],[77.7242,15.8962],[77.6846,15.8836],[77.6576,15.8863],[77.6372,15.8961],[77.6115,15.9182],[77.5935,15.9123],[77.581,15.9188],[77.5491,15.9195],[77.5136,15.9271],[77.48380556455405,15.933927201003188],[77.4671,15.9344],[77.44824395330826,15.942075912812566],[77.4237,15.9477],[77.4151,15.942],[77.3975,15.9443],[77.3792,15.9396],[77.3614,15.9496],[77.3221,15.9504],[77.3006,15.9579],[77.2844,15.9539],[77.2489,15.9649],[77.2347,15.9574],[77.2051118197428,15.956984935347093],[77.17549323985978,15.95163113956649],[77.146,15.9463],[77.13493325442853,15.937458212017201],[77.0316,15.8549],[77.0253,15.8375],[77.0356,15.8297],[77.0401,15.8328],[77.0435,15.8289],[77.0652,15.8278],[77.0636,15.8032],[77.0669,15.8027],[77.0673,15.7889],[77.0663,15.7851],[77.0608,15.7862],[77.0568,15.7686],[77.0523,15.7698],[77.051,15.7646],[77.0563,15.7627],[77.0542,15.7561],[77.0478,15.7562],[77.0491,15.7303],[77.0797,15.7275],[77.0874,15.7155],[77.08223072937425,15.703438368539922],[77.10927583919869,15.681510817090782],[77.10948002125399,15.68134527098831],[77.1289,15.6656],[77.1215,15.6311],[77.1063,15.6375],[77.1014,15.6485],[77.10052784674001,15.649012749444056],[77.0326,15.6093],[77.04561459831828,15.392801681990093],[77.0463,15.3814],[77.0570088381432,15.350092740947456],[77.0644,15.3452],[77.0646,15.3279],[77.0749,15.3261],[77.1134,15.3341],[77.11826163193021,15.295984805667073],[77.12033945172509,15.29474902471601],[77.1518,15.2923],[77.1522,15.2758],[77.1672,15.2684],[77.1678,15.2581],[77.15288826215715,15.257540809830893],[77.15456915221803,15.212947785274764],[77.162,15.2011],[77.1691,15.172],[77.1629,15.1574],[77.1566501794565,15.157739356771593],[77.1573,15.1405],[77.1605,15.147],[77.1804,15.1433],[77.1881,15.1575],[77.2,15.1601],[77.23,15.1441],[77.2643,15.143],[77.2713,15.1311],[77.292,15.1313],[77.3012,15.1544],[77.3102,15.1547],[77.3165,15.1778],[77.3516,15.1779],[77.3538,15.1983],[77.3632,15.2233],[77.3951,15.2174],[77.4065,15.2195],[77.4091,15.2258],[77.4183,15.2243],[77.4331,15.2208],[77.4343,15.2102],[77.4504,15.2054],[77.4465,15.2139],[77.4513,15.2222],[77.4673,15.2178],[77.4812,15.2083],[77.5018,15.2217],[77.5272,15.2243],[77.5418,15.2093],[77.5756,15.1998],[77.5823,15.1883],[77.6115,15.1839],[77.6105,15.1959],[77.6156,15.2069],[77.6346,15.207],[77.6372,15.2215],[77.6499,15.2254],[77.6517,15.2329],[77.6692,15.2329],[77.6772,15.2583],[77.6831,15.3186],[77.679,15.3249],[77.6698,15.3214],[77.6646,15.3354],[77.6508,15.3455],[77.6613,15.3616],[77.671,15.3928],[77.6816,15.3945],[77.7081,15.3817],[77.72,15.3846],[77.7485,15.411],[77.7703,15.4064],[77.7895,15.454],[77.7868,15.4697],[77.8075,15.4866],[77.8251,15.4851],[77.8322,15.4656],[77.854,15.4804],[77.8824,15.4722],[77.8917,15.4653],[77.8988,15.4459],[77.9252,15.4236],[77.9522,15.4319],[77.9711,15.4284],[77.9789,15.4364],[77.9832,15.4596],[78.0271,15.4796],[78.0353,15.5017],[78.0347,15.5232],[78.0499,15.531],[78.0482,15.5519],[78.0625,15.5665],[78.103,15.5802],[78.0849,15.6142],[78.073,15.6154],[78.0507,15.596],[78.0438,15.6172],[78.0217,15.6366],[78.0112,15.6349],[77.9972,15.6009],[77.9657,15.5956],[77.9404,15.6116],[77.907,15.6185],[77.9015,15.6283],[77.8955,15.7013],[77.9181,15.7246],[77.9007,15.7355],[77.8925,15.7538],[77.8737,15.7347],[77.8628,15.7355],[77.8487,15.7549],[77.8632,15.7892],[77.9098,15.7858],[77.9402,15.7933],[77.9427,15.8215],[77.9764,15.8264],[77.9987,15.8232],[78.008,15.808],[78.0286,15.8057],[78.0339,15.7868],[77.9896,15.7735],[77.9779,15.7655],[78.0021,15.7456],[78.026,15.7408],[78.0399,15.7255],[78.0606,15.7333],[78.0918,15.7334],[78.1026,15.7431],[78.1455,15.7487],[78.1794,15.7767],[78.1485,15.7851],[78.1362,15.8026],[78.1462,15.8141],[78.1343,15.8369]]]},"properties":{"state_name":"Andhra Pradesh","pc_name":"KURNOOL","pc_no":18,"state":"andhra","id":18}},{"type":"Feature","geometry":{"type":"Polygon","coordinates":[[[77.6692,15.2329],[77.6517,15.2329],[77.6499,15.2254],[77.6372,15.2215],[77.6346,15.207],[77.6156,15.2069],[77.6105,15.1959],[77.6115,15.1839],[77.5823,15.1883],[77.5756,15.1998],[77.5418,15.2093],[77.5272,15.2243],[77.5018,15.2217],[77.4812,15.2083],[77.4673,15.2178],[77.4513,15.2222],[77.4465,15.2139],[77.4504,15.2054],[77.4343,15.2102],[77.4331,15.2208],[77.4183,15.2243],[77.4091,15.2258],[77.4065,15.2195],[77.3951,15.2174],[77.3632,15.2233],[77.3538,15.1983],[77.3516,15.1779],[77.3165,15.1778],[77.3102,15.1547],[77.3012,15.1544],[77.292,15.1313],[77.2713,15.1311],[77.2643,15.143],[77.23,15.1441],[77.2,15.1601],[77.1881,15.1575],[77.1804,15.1433],[77.1605,15.147],[77.1573,15.1405],[77.1564,15.123],[77.1502,15.1116],[77.13723386218896,15.104633119982127],[77.1301,15.1008],[77.12942502276637,15.090675341495496],[77.1282,15.0723],[77.113,15.0341],[77.09864702227223,15.035661722965198],[77.0937,15.0362],[77.0848,15.0307],[77.0825,15.0068],[77.069,15.0048],[77.0441,15.0099],[77.0496,15.0331],[77.0041,15.0339],[77.00038815250518,15.032385956942907],[76.9661,15.0184],[76.9497,15.0308],[76.93178605588393,15.031390569586243],[76.9224,15.0317],[76.9185,15.0359],[76.9074,15.0329],[76.8951,15.0375],[76.8773,15.0306],[76.866,15.0601],[76.8362,15.0796],[76.8239,15.0804],[76.7998,15.0959],[76.7862,15.0882],[76.7823,15.0777],[76.7779,15.0799],[76.7799,15.0761],[76.7739,15.0657],[76.78109241538732,15.045887763749018],[76.7902,15.0208],[76.7878,15.0093],[76.7788,15.0046],[76.772,14.9905],[76.76,14.9895],[76.8673,14.9696],[76.8695,14.9377],[76.8638,14.8955],[76.853200096681,14.887526621397209],[76.85285197718684,14.885500271116927],[76.8571,14.8674],[76.8539,14.8429],[76.84471151986429,14.838115915301241],[76.84418188168985,14.835032972572472],[76.8456,14.8341],[76.8461,14.8221],[76.8547,14.8179],[76.8542,14.8098],[76.8400352529692,14.810896081615478],[76.8366,14.7909],[76.78644012947161,14.701135925008748],[76.7864,14.6962],[76.7753,14.6812],[76.765,14.6022],[76.7803,14.5931],[76.78339712777937,14.582385612006526],[76.8325,14.5295],[76.8414492487479,14.517800441912994],[76.8559,14.5093],[76.86238742931117,14.490427478367513],[76.87308170998949,14.476446600025733],[76.9007,14.4892],[76.9748,14.4854],[76.9719,14.4686],[76.9599,14.4506],[76.9448,14.4509],[76.9478,14.4132],[76.9428,14.3998],[76.9158,14.4206],[76.8986,14.398],[76.8858,14.3957],[76.91268750460293,14.320614153812581],[76.9457,14.3132],[76.9566,14.2947],[76.9371,14.2804],[76.9282,14.2793],[76.92775016611296,14.27855027685493],[76.93353724195262,14.262389331732308],[76.9398,14.2449],[76.956127526705,14.242663352506163],[76.9856,14.2474],[77.0055,14.2359],[77.0361,14.2468],[77.0392909817149,14.246356808095154],[77.1102,14.2683],[77.1155935121453,14.282809605222244],[77.1157,14.2925],[77.12160027569443,14.298968976966178],[77.1357,14.3369],[77.1398,14.3403],[77.1668,14.3422],[77.1787,14.3355],[77.1974,14.3212],[77.2287,14.3212],[77.2382,14.3174],[77.2474,14.3178],[77.2586,14.331],[77.2866,14.3401],[77.2888,14.3055],[77.28667339107145,14.296391693834316],[77.3623,14.2761],[77.3653,14.2934],[77.3393,14.3139],[77.3323,14.3349],[77.3405,14.3464],[77.3308,14.3955],[77.3446,14.4456],[77.3713,14.4609],[77.3852,14.4948],[77.364,14.5214],[77.3507,14.5468],[77.355,14.6062],[77.33,14.6137],[77.3007,14.6397],[77.3002,14.6723],[77.338,14.6853],[77.3816,14.6855],[77.4052,14.6935],[77.4271,14.6888],[77.4419,14.6759],[77.4559,14.6977],[77.4832,14.7031],[77.5203,14.6979],[77.5322,14.7059],[77.5413,14.6772],[77.5636,14.6816],[77.5618,14.6193],[77.5859,14.614],[77.6065,14.6601],[77.6306,14.6701],[77.6474,14.6643],[77.6539,14.6337],[77.6725,14.6161],[77.6875,14.6378],[77.7107,14.621],[77.735,14.6166],[77.7352,14.5861],[77.7762,14.5955],[77.7928,14.6105],[77.8275,14.5988],[77.8437,14.5987],[77.8468,14.6051],[77.8409,14.6107],[77.8505,14.6161],[77.8482,14.6332],[77.8651,14.649],[77.9,14.6393],[77.9447,14.636],[77.9529,14.6267],[77.9769,14.6188],[77.9823,14.603],[77.9704,14.5746],[77.983,14.5673],[77.983,14.546],[77.9874,14.5408],[78.0143,14.5382],[78.0332,14.531],[78.0406,14.534],[78.0444,14.5469],[78.0388,14.556],[78.0395,14.5667],[78.0647,14.5728],[78.0743,14.5884],[78.0883,14.6308],[78.1219,14.6241],[78.124,14.6302],[78.1195,14.6345],[78.1296,14.6494],[78.1312,14.6661],[78.1347,14.6957],[78.1094,14.7016],[78.0966,14.7013],[78.0939,14.7139],[78.0635,14.7187],[78.0764,14.7528],[78.0461,14.7724],[78.0735,14.8147],[78.0763,14.8275],[78.1013,14.8174],[78.1136,14.851],[78.0892,14.858],[78.0943,14.8846],[78.1131,14.932],[78.1235,14.9372],[78.1312,14.9345],[78.137,14.9481],[78.1339,14.9616],[78.0874,14.9726],[78.0886,14.9826],[78.0656,14.9954],[78.034,14.9999],[78.0267,15.0167],[78.0114,15.0274],[78.0107,15.0512],[77.9952,15.0643],[78.0058,15.0822],[78.0142,15.1123],[77.9934,15.1335],[77.9745,15.1393],[77.9614,15.109],[77.9329,15.1128],[77.9064,15.123],[77.9072,15.131],[77.9151,15.1293],[77.9088,15.1388],[77.9248,15.1522],[77.9237,15.1619],[77.9194,15.1744],[77.9056,15.1772],[77.8965,15.1778],[77.8845,15.1785],[77.8756,15.1355],[77.8545,15.1355],[77.839,15.1453],[77.8158,15.1432],[77.8099,15.1356],[77.8113,15.129],[77.7965,15.1193],[77.7918,15.1065],[77.7849,15.1134],[77.7736,15.1125],[77.7742,15.1246],[77.7497,15.1295],[77.7467,15.1414],[77.7306,15.1512],[77.7333,15.1691],[77.7166,15.1728],[77.7116,15.1872],[77.7027,15.1805],[77.6932,15.1844],[77.6979,15.2062],[77.6801,15.2162],[77.6773,15.2287],[77.6692,15.2329]]]},"properties":{"state_name":"Andhra Pradesh","pc_name":"ANANTAPUR","pc_no":19,"state":"andhra","id":19}},{"type":"Feature","geometry":{"type":"Polygon","coordinates":[[[77.3623,14.2761],[77.3801809681602,14.298506398373592],[77.3771,14.3048],[77.3784,14.3201],[77.3942,14.3366],[77.4109,14.337],[77.4284,14.3287],[77.4290791656002,14.325023137957514],[77.44229041827595,14.316319253841728],[77.4462,14.3175],[77.44603566649512,14.313851796191452],[77.4789,14.2922],[77.4871,14.2817],[77.4983,14.2789],[77.5034,14.2598],[77.49675590928175,14.241810810979798],[77.5171,14.1844],[77.5035,14.1571],[77.4682,14.1653],[77.4671,14.1721],[77.4303,14.1709],[77.42113733655437,14.17654568151701],[77.3937,14.1743],[77.3789,14.1359],[77.37220168408867,14.134729662275715],[77.3617,14.1154],[77.3906,14.1267],[77.3974,14.1255],[77.4009,14.1188],[77.3888,14.0995],[77.3813,14.0979],[77.3756,14.0794],[77.3637,14.073],[77.36,14.0623],[77.35352084538142,14.061602244887231],[77.3323,14.0307],[77.3902,14.0167],[77.38563921991069,14.005341076004],[77.4259,13.9862],[77.4277,13.9797],[77.437,13.9773],[77.4355,13.948],[77.42041865370595,13.946716481166463],[77.41723885495124,13.92381158932352],[77.4349,13.9197],[77.4351,13.9154],[77.4206,13.8998],[77.4136,13.8976],[77.3989,13.8886],[77.3978,13.9065],[77.3546,13.9045],[77.3529,13.9138],[77.3477,13.916],[77.3715,13.9532],[77.3496,13.9586],[77.361,13.9911],[77.33638577559934,13.9970028291345],[77.2751,14.0117],[77.17239518664047,14.005721660117878],[77.1734,14.0012],[77.1513,14.0007],[77.1411,14.0039],[77.0317,14.0569],[77.0256,14.0662],[77.02943143267444,14.086269409247084],[77.02924905285957,14.088630541473975],[77.0147,14.1],[77.0241,14.1126],[77.0202,14.1313],[77.0204,14.1572],[77.02326844204434,14.166056943856198],[77.0224,14.1773],[76.8907,14.1436],[76.90334586634773,14.13231296157871],[76.9176,14.1289],[76.925,14.1371],[76.9359,14.1289],[76.9526,14.1039],[76.9484,14.0921],[76.9594,14.0917],[76.9735,14.0836],[76.9766,14.0657],[76.9719,14.0584],[76.93808434297739,14.054975629668595],[76.9312,14.0302],[76.935,14.0328],[76.9435,14.0298],[76.95,14.0151],[76.9654,14.0115],[76.9992,13.9904],[76.99591834575004,13.973505557750201],[77.0417,13.9334],[77.0473,13.9066],[77.02450079293088,13.902847044103849],[77.02042661090307,13.895609599766546],[77.0163,13.8844],[77.0185,13.8725],[77.0142,13.8603],[77.0066,13.8521],[76.9944628473334,13.849487140745383],[76.99071264336375,13.84282521638889],[76.9889,13.8353],[76.98461951025311,13.83200127395653],[76.9764,13.8174],[76.9898,13.813],[76.9917,13.8027],[76.98716241870201,13.79439273577752],[77.0127,13.7398],[77.0166,13.7384],[77.01727503144363,13.741894783043596],[77.0245,13.7793],[77.0434,13.7778],[77.05785412423829,13.760474851084249],[77.058,13.7603],[77.0575,13.753],[77.0645,13.7439],[77.0856,13.7424],[77.0838,13.7567],[77.0905,13.7672],[77.106,13.7678],[77.1368,13.7583],[77.1409,13.7651],[77.1511,13.7663],[77.1731,13.7621],[77.1785,13.7827],[77.1575,13.8061],[77.1595,13.8169],[77.16247149660464,13.818458223829264],[77.1677,13.8212],[77.1687,13.8297],[77.16717759674134,13.830156720977598],[77.1537,13.8342],[77.156,13.8444],[77.1322,13.8462],[77.1282,13.8565],[77.1361,13.8565],[77.1477,13.8685],[77.1686,13.8645],[77.1715,13.8715],[77.1689,13.89],[77.162,13.9067],[77.1699,13.9206],[77.1847,13.9252],[77.1909,13.9119],[77.1857,13.8762],[77.1814,13.8699],[77.18294340863447,13.869347622172926],[77.2004,13.8631],[77.20502943873683,13.873445378401694],[77.2102,13.885],[77.2152,13.8863],[77.21527952974002,13.871984646797099],[77.2153,13.8683],[77.2199,13.8678],[77.22092541061026,13.871180057196831],[77.2307,13.9034],[77.2356,13.9042],[77.2365,13.9011],[77.2483,13.9012],[77.2447,13.8819],[77.2489,13.8676],[77.2503075072344,13.866992840016536],[77.2591,13.8632],[77.2567,13.8466],[77.2803,13.8511],[77.2883,13.8475],[77.2949,13.8574],[77.30147025376236,13.85970168125433],[77.3106,13.8629],[77.3113,13.8665],[77.32054469846912,13.85698339863473],[77.3215,13.856],[77.3254,13.8333],[77.3369,13.8328],[77.35936767205949,13.851450770242437],[77.3628,13.8543],[77.3787,13.8494],[77.37893613252335,13.848662085864518],[77.3819,13.8394],[77.4152,13.8396],[77.42277709236187,13.84241434859155],[77.4292,13.8448],[77.443,13.8563],[77.432,13.8411],[77.4161,13.8067],[77.4197,13.8096],[77.4287,13.8068],[77.4226,13.7991],[77.4358,13.7965],[77.4453,13.8111],[77.4515,13.8096],[77.4645,13.8081],[77.4564,13.7889],[77.4614,13.7884],[77.4652,13.7587],[77.4706,13.7581],[77.465,13.7396],[77.4649,13.711],[77.45460795902285,13.711],[77.4499,13.711],[77.4555,13.6827],[77.4911,13.6899],[77.48996645510547,13.695114306514842],[77.4856,13.7152],[77.5143,13.713],[77.5131458632661,13.70346318593566],[77.5124,13.6973],[77.5251,13.691],[77.5283,13.693],[77.5344,13.707],[77.53479727754728,13.71126170459805],[77.5366,13.7306],[77.522,13.7446],[77.5254,13.7533],[77.5409,13.756],[77.5474,13.7529],[77.5493,13.7407],[77.5609,13.7224],[77.5717,13.7382],[77.5868,13.7335],[77.6,13.7508],[77.6193,13.7552],[77.6211,13.7685],[77.6513,13.7841],[77.6801,13.7868],[77.68,13.7728],[77.6715,13.7605],[77.6952,13.7707],[77.7033,13.7698],[77.7085,13.7411],[77.7174,13.7411],[77.7222,13.7689],[77.72001568831452,13.792550823077345],[77.7193,13.8003],[77.7293,13.8022],[77.7407,13.8124],[77.74729047619047,13.810569312169312],[77.7479,13.8104],[77.7635,13.8173],[77.7815,13.8183],[77.7888,13.8232],[77.7891,13.8305],[77.78620975941898,13.836280481162053],[77.7823,13.8441],[77.793,13.849],[77.8054634369287,13.849],[77.812,13.849],[77.81603166854596,13.85598166992106],[77.8202,13.8632],[77.8371,13.8699],[77.8273,13.8745],[77.83319349159379,13.879171670165816],[77.8355,13.881],[77.8326,13.8938],[77.82519163063849,13.898163211403103],[77.8163,13.9034],[77.8138,13.9252],[77.8138,13.9269],[77.8138,13.9271],[77.8266,13.9448],[77.8392,13.9359],[77.8866,13.9391],[77.8873,13.9393],[77.8885,13.9395],[77.8958,13.941],[77.89825150786352,13.932854667421186],[77.8989,13.9307],[77.8958,13.9204],[77.8993,13.9169],[77.9271,13.9054],[77.93053122135541,13.910857102049302],[77.9459,13.9353],[77.9596,13.9399],[77.9619,13.955],[77.9674,13.9602],[77.9756,13.9588],[77.9875,13.9555],[77.9802,13.9279],[77.9831,13.9049],[77.9866,13.903],[77.9844,13.8976],[77.96085109468609,13.890195103428203],[77.9491,13.8865],[77.9562,13.836],[77.953,13.8274],[77.9761,13.8295],[77.9921,13.8689],[78.0003,13.8729],[78.012,13.8717],[78.01646369768305,13.867544143536474],[78.0207,13.8636],[78.0461,13.8621],[78.04728534498128,13.86582889775361],[78.0509,13.8772],[78.0486,13.8967],[78.0784,13.8818],[78.08127545502434,13.863937324848816],[78.0817,13.8613],[78.1089,13.8624],[78.1146,13.8633],[78.1238,13.8448],[78.1255,13.8317],[78.1187662830696,13.817884270435922],[78.1139,13.8079],[78.1226,13.799],[78.1257,13.7866],[78.1479,13.7819],[78.152,13.7865],[78.1641,13.7843],[78.189,13.7893],[78.2085,13.7819],[78.2364,13.7796],[78.2512,13.7917],[78.2615,13.7914],[78.2631,13.7988],[78.2549,13.8069],[78.2566,13.8344],[78.2427,13.8508],[78.2632,13.8643],[78.2783,13.8895],[78.2984,13.8938],[78.2994,13.9063],[78.3182,13.9208],[78.3315,13.918],[78.3469,13.9352],[78.3704,13.9568],[78.3756,13.9523],[78.3724,13.9449],[78.3875,13.9394],[78.3995,13.9531],[78.4206,13.9637],[78.4271,13.9792],[78.4533,13.9842],[78.4661,13.9949],[78.4694,14.0075],[78.4584,14.0085],[78.4404,14.0189],[78.4399,14.0434],[78.4488,14.0525],[78.4425,14.0809],[78.4445,14.0846],[78.4544,14.0847],[78.4614,14.1068],[78.4493,14.1305],[78.4435,14.1381],[78.4389,14.1345],[78.4253,14.1409],[78.4218,14.1489],[78.4199,14.1684],[78.4303,14.1832],[78.4294,14.1968],[78.4144,14.1965],[78.406,14.2014],[78.4086,14.2273],[78.4239,14.2738],[78.3957,14.2772],[78.3572,14.2931],[78.3387,14.2887],[78.3206,14.2939],[78.2851,14.2922],[78.2773,14.3051],[78.2534,14.305],[78.229,14.3157],[78.22,14.3261],[78.1913,14.344],[78.1886,14.3502],[78.171,14.3547],[78.137,14.379],[78.1068,14.3933],[78.0852,14.4218],[78.0637,14.4349],[78.0007,14.489],[77.9988,14.4999],[77.9726,14.5325],[77.9613,14.5604],[77.9442,14.5707],[77.9658,14.5888],[77.9704,14.5746],[77.9823,14.603],[77.9769,14.6188],[77.9529,14.6267],[77.9447,14.636],[77.9,14.6393],[77.8651,14.649],[77.8482,14.6332],[77.8505,14.6161],[77.8409,14.6107],[77.8468,14.6051],[77.8437,14.5987],[77.8275,14.5988],[77.7928,14.6105],[77.7762,14.5955],[77.7352,14.5861],[77.735,14.6166],[77.7107,14.621],[77.6875,14.6378],[77.6725,14.6161],[77.6539,14.6337],[77.6474,14.6643],[77.6306,14.6701],[77.6065,14.6601],[77.5859,14.614],[77.5618,14.6193],[77.5636,14.6816],[77.5413,14.6772],[77.5322,14.7059],[77.5203,14.6979],[77.4832,14.7031],[77.4559,14.6977],[77.4419,14.6759],[77.4271,14.6888],[77.4052,14.6935],[77.3816,14.6855],[77.338,14.6853],[77.3002,14.6723],[77.3007,14.6397],[77.33,14.6137],[77.355,14.6062],[77.3507,14.5468],[77.364,14.5214],[77.3852,14.4948],[77.3713,14.4609],[77.3446,14.4456],[77.3308,14.3955],[77.3405,14.3464],[77.3323,14.3349],[77.3393,14.3139],[77.3653,14.2934],[77.3623,14.2761]],[[77.443,13.8563],[77.4369,13.8805],[77.4442,13.8687],[77.443,13.8563]]]},"properties":{"state_name":"Andhra Pradesh","pc_name":"HINDUPUR","pc_no":20,"state":"andhra","id":20}},{"type":"Feature","geometry":{"type":"Polygon","coordinates":[[[78.7583,15.185],[78.7501,15.1347],[78.753,15.1302],[78.7509,15.1083],[78.7604,15.08],[78.7623,15.0592],[78.7486,15.0345],[78.7099,15.0224],[78.7179,14.9689],[78.6917,14.9683],[78.6846,14.939],[78.6659,14.9354],[78.6604,14.9302],[78.63,14.926],[78.6296,14.9472],[78.6097,14.9485],[78.6013,14.9547],[78.5913,14.9396],[78.5818,14.9463],[78.5622,14.9312],[78.5466,14.933],[78.5512,14.9616],[78.54,14.9652],[78.5281,14.9605],[78.5196,14.9435],[78.4904,14.9111],[78.4853,14.9008],[78.4774,14.9028],[78.4983,14.9559],[78.5052,14.9557],[78.5166,14.997],[78.5085,15.0052],[78.5153,15.0137],[78.5122,15.042],[78.5156,15.0606],[78.5061,15.0697],[78.4988,15.0704],[78.4816,15.0715],[78.4813,15.0635],[78.4739,15.0631],[78.4781,15.0615],[78.4813,15.0507],[78.4875,15.0504],[78.4853,15.037],[78.4825,15.0433],[78.4743,15.0357],[78.4617,15.0394],[78.4573,15.0311],[78.4387,15.0339],[78.4362,15.0326],[78.4194,15.0318],[78.4097,14.973],[78.3922,14.9684],[78.3593,14.9859],[78.3428,15.0032],[78.3532,15.0313],[78.3756,15.0364],[78.3999,15.049],[78.3781,15.0567],[78.3637,15.0523],[78.3546,15.0622],[78.3328,15.0666],[78.3253,15.0736],[78.3138,15.0691],[78.2933,15.0736],[78.2846,15.071],[78.2751,15.0584],[78.2838,15.0314],[78.2601,15.0269],[78.244,14.9998],[78.2359,15.0036],[78.2245,14.9779],[78.2204,14.9555],[78.2106,14.9524],[78.18,14.9646],[78.1678,14.9643],[78.1534,14.96],[78.137,14.9481],[78.1312,14.9345],[78.1235,14.9372],[78.1131,14.932],[78.0943,14.8846],[78.0892,14.858],[78.1136,14.851],[78.1013,14.8174],[78.0763,14.8275],[78.0735,14.8147],[78.0461,14.7724],[78.0764,14.7528],[78.0635,14.7187],[78.0939,14.7139],[78.0966,14.7013],[78.1094,14.7016],[78.1347,14.6957],[78.1312,14.6661],[78.1296,14.6494],[78.1195,14.6345],[78.124,14.6302],[78.1219,14.6241],[78.0883,14.6308],[78.0743,14.5884],[78.0647,14.5728],[78.0395,14.5667],[78.0388,14.556],[78.0444,14.5469],[78.0406,14.534],[78.0332,14.531],[78.0143,14.5382],[77.9874,14.5408],[77.983,14.546],[77.983,14.5673],[77.9704,14.5746],[77.9658,14.5888],[77.9442,14.5707],[77.9613,14.5604],[77.9726,14.5325],[77.9988,14.4999],[78.0007,14.489],[78.0637,14.4349],[78.0852,14.4218],[78.1068,14.3933],[78.137,14.379],[78.171,14.3547],[78.1886,14.3502],[78.1913,14.344],[78.22,14.3261],[78.229,14.3157],[78.2534,14.305],[78.2773,14.3051],[78.2851,14.2922],[78.3206,14.2939],[78.3387,14.2887],[78.3572,14.2931],[78.3957,14.2772],[78.4239,14.2738],[78.4086,14.2273],[78.406,14.2014],[78.4144,14.1965],[78.4294,14.1968],[78.4303,14.1832],[78.4199,14.1684],[78.4218,14.1489],[78.4253,14.1409],[78.4389,14.1345],[78.4435,14.1381],[78.4493,14.1305],[78.4713,14.156],[78.4979,14.1693],[78.5229,14.1677],[78.5403,14.1545],[78.5592,14.1544],[78.5765,14.1458],[78.5768,14.1675],[78.6317,14.2128],[78.6237,14.2299],[78.605,14.2507],[78.6071,14.2747],[78.6289,14.2781],[78.6617,14.2697],[78.6737,14.2746],[78.6734,14.2897],[78.6775,14.2939],[78.7152,14.2859],[78.7354,14.2869],[78.748,14.2995],[78.7702,14.3038],[78.8203,14.2815],[78.8443,14.2891],[78.8637,14.2865],[78.8699,14.2907],[78.8736,14.3073],[78.8809,14.3146],[78.8977,14.3128],[78.8991,14.3293],[78.9067,14.3435],[78.8914,14.392],[78.8916,14.428],[78.8727,14.4545],[78.869,14.4878],[78.8849,14.5089],[78.8867,14.509],[78.9189,14.4898],[78.9484,14.4642],[78.9842,14.4623],[78.9983,14.4514],[79.0214,14.4525],[79.0403,14.4429],[79.0637,14.4429],[79.1009,14.4714],[79.129,14.4463],[79.1457,14.4387],[79.1703,14.4514],[79.1858,14.4521],[79.1948,14.4346],[79.2183,14.4042],[79.2011,14.383],[79.2046,14.3747],[79.2335,14.3531],[79.2384,14.3381],[79.263,14.3372],[79.2761,14.3297],[79.3077,14.3528],[79.3365,14.344],[79.357,14.3442],[79.371,14.3492],[79.365,14.3555],[79.3676,14.3685],[79.3643,14.3788],[79.3591,14.3817],[79.3487,14.4055],[79.33,14.4262],[79.3267,14.4577],[79.3165,14.477],[79.311,14.4787],[79.3053,14.4843],[79.2929,14.4851],[79.2783,14.5326],[79.2677,14.5512],[79.2487,14.571],[79.242,14.5931],[79.2296,14.6025],[79.2202,14.5885],[79.2099,14.6027],[79.2028,14.6047],[79.2003,14.6137],[79.1891,14.6166],[79.1814,14.6441],[79.1866,14.6598],[79.179,14.6644],[79.1791,14.679],[79.184,14.6886],[79.1856,14.711],[79.1687,14.7448],[79.1654,14.7645],[79.1602,14.7815],[79.1506,14.7937],[79.1338,14.8672],[79.1085,14.8951],[79.1118,14.899],[79.1041,14.8989],[79.0929,14.9331],[79.0815,14.983],[79.0901,15.0491],[79.0761,15.1042],[79.0734,15.1652],[79.0825,15.1732],[79.0172,15.1796],[79.0092,15.1686],[78.9814,15.165],[78.9574,15.1763],[78.9548,15.1923],[78.9477,15.2037],[78.9478,15.2288],[78.9271,15.2288],[78.9194,15.1873],[78.8687,15.1977],[78.7775,15.2],[78.7583,15.185]]]},"properties":{"state_name":"Andhra Pradesh","pc_name":"KADAPA","pc_no":21,"state":"andhra","id":21}},{"type":"Feature","geometry":{"type":"Polygon","coordinates":[[[79.0901,15.0491],[79.0815,14.983],[79.0929,14.9331],[79.1041,14.8989],[79.1118,14.899],[79.1085,14.8951],[79.1338,14.8672],[79.1506,14.7937],[79.1602,14.7815],[79.1654,14.7645],[79.1687,14.7448],[79.1856,14.711],[79.184,14.6886],[79.1791,14.679],[79.179,14.6644],[79.1866,14.6598],[79.1814,14.6441],[79.1891,14.6166],[79.2003,14.6137],[79.2028,14.6047],[79.2099,14.6027],[79.2202,14.5885],[79.2296,14.6025],[79.242,14.5931],[79.2487,14.571],[79.2677,14.5512],[79.2783,14.5326],[79.2929,14.4851],[79.3053,14.4843],[79.311,14.4787],[79.3733,14.5149],[79.4677,14.5491],[79.4929,14.5138],[79.4738,14.5011],[79.4572,14.459],[79.4808,14.4641],[79.5015,14.4755],[79.518,14.4447],[79.5442,14.4702],[79.5598,14.4767],[79.5789,14.4667],[79.5811,14.4476],[79.5923,14.4261],[79.5836,14.3988],[79.5988,14.3676],[79.6221,14.3922],[79.649,14.3949],[79.6633,14.4098],[79.6824,14.4502],[79.6607,14.4549],[79.6513,14.4785],[79.6758,14.4993],[79.696,14.5338],[79.71,14.539],[79.7177,14.582],[79.7378,14.5779],[79.7669,14.5626],[79.8031,14.5318],[79.7949,14.5031],[79.8032,14.4746],[79.778,14.4679],[79.7803,14.4338],[79.7862,14.4228],[79.8233,14.4043],[79.8347,14.3748],[79.8681,14.3838],[79.8933,14.3708],[79.9136,14.3833],[79.9241,14.3861],[79.9423,14.3663],[79.987,14.3632],[80.0024,14.3534],[80.02,14.3302],[80.032,14.3281],[80.0384,14.3478],[80.06,14.3698],[80.0417,14.3864],[80.0419,14.4365],[80.0645,14.4506],[80.0684,14.4649],[80.0848,14.4519],[80.1416,14.4638],[80.1547,14.4768],[80.1765,14.4516],[80.1808,14.5151],[80.196,14.5865],[80.1879,14.6051],[80.1708,14.6141],[80.1514,14.6712],[80.138,14.7145],[80.118,14.7358],[80.1097,14.7392],[80.0972,14.7806],[80.0885,14.8252],[80.0849,14.8821],[80.0668,14.9353],[80.0542,15.0055],[80.0471,15.0838],[80.0557,15.1238],[80.0837,15.191],[80.0895,15.2154],[80.0802,15.2111],[80.071,15.2136],[80.044,15.2359],[80.0233,15.2339],[80.0119,15.2223],[79.9848,15.2216],[79.9833,15.2298],[79.9719,15.2425],[79.978,15.2707],[79.9927,15.2968],[79.9938,15.3151],[79.9608,15.3334],[79.9319,15.3274],[79.9332,15.3615],[79.9194,15.3639],[79.9069,15.3464],[79.9156,15.3258],[79.9135,15.3183],[79.886,15.3078],[79.8696,15.2951],[79.8574,15.2692],[79.8489,15.2623],[79.8067,15.2631],[79.7967,15.2271],[79.7691,15.2149],[79.7648,15.2382],[79.7335,15.2456],[79.6991,15.229],[79.6739,15.2551],[79.6619,15.2605],[79.6335,15.1859],[79.6527,15.1858],[79.6595,15.1742],[79.6376,15.1537],[79.6426,15.1317],[79.6308,15.0821],[79.6283,15.0351],[79.6207,15.0344],[79.6086,15.0411],[79.5802,15.0367],[79.5797,15.0435],[79.5645,15.0439],[79.5586,15.0221],[79.5436,15.0261],[79.5292,15.0381],[79.5188,15.0385],[79.5057,15.0473],[79.5016,15.057],[79.4761,15.0573],[79.4678,15.0678],[79.4626,15.0622],[79.4515,15.0632],[79.4385,15.0555],[79.4224,15.0567],[79.4172,15.0594],[79.4195,15.0737],[79.4037,15.0782],[79.3908,15.0754],[79.3677,15.0855],[79.3572,15.1019],[79.3598,15.1116],[79.3516,15.1169],[79.3439,15.0855],[79.3273,15.0928],[79.3283,15.1004],[79.3356,15.0995],[79.3353,15.117],[79.3271,15.1154],[79.3287,15.1115],[79.3146,15.1017],[79.3145,15.0935],[79.309,15.0939],[79.2914,15.0984],[79.2658,15.0969],[79.2656,15.1051],[79.2618,15.1067],[79.2487,15.1054],[79.215,15.0857],[79.1814,15.0874],[79.1613,15.0912],[79.1527,15.0978],[79.1291,15.1001],[79.1301,15.0864],[79.1009,15.0843],[79.1013,15.0723],[79.0941,15.066],[79.095,15.0543],[79.0901,15.0491]]]},"properties":{"state_name":"Andhra Pradesh","pc_name":"NELLORE","pc_no":22,"state":"andhra","id":22}},{"type":"Feature","geometry":{"type":"Polygon","coordinates":[[[79.371,14.3492],[79.3896,14.3411],[79.4224,14.2787],[79.4197,14.2654],[79.4354,14.2435],[79.4248,14.2217],[79.4224,14.2065],[79.4288,14.1937],[79.4284,14.1811],[79.4448,14.1168],[79.4542,14.1013],[79.4521,14.0772],[79.4426,14.0612],[79.4435,14.0405],[79.4368,14.0242],[79.4425,13.9975],[79.4553,13.9877],[79.4501,13.9723],[79.4523,13.9548],[79.4585,13.9465],[79.4551,13.9232],[79.4403,13.9034],[79.4433,13.8908],[79.4342,13.8768],[79.4383,13.857],[79.4555,13.8257],[79.4583,13.8007],[79.4712,13.7983],[79.4492,13.781],[79.4198,13.7863],[79.4172,13.7659],[79.3977,13.7617],[79.3721,13.7554],[79.3058,13.7242],[79.2933,13.7598],[79.2588,13.7609],[79.2421,13.7186],[79.2395,13.6961],[79.2492,13.6418],[79.2735,13.6047],[79.3261,13.6033],[79.3539,13.6092],[79.3732,13.5999],[79.4006,13.5956],[79.4258,13.6063],[79.4348,13.6204],[79.4591,13.6189],[79.4549,13.6025],[79.4385,13.5854],[79.4515,13.5656],[79.4783,13.5723],[79.4987,13.5543],[79.5182,13.5665],[79.5233,13.5889],[79.535,13.5933],[79.5561,13.5707],[79.5415,13.5268],[79.5413,13.5139],[79.5703,13.455],[79.5767,13.3965],[79.6312,13.4074],[79.6439,13.4017],[79.6692,13.4146],[79.6737,13.4375],[79.6847,13.4449],[79.6937,13.4446],[79.7008,13.4417],[79.7002,13.4192],[79.7171,13.4043],[79.7192,13.357],[79.734,13.3506],[79.7442,13.3312],[79.7619,13.3184],[79.7763,13.3062],[79.781,13.3063],[79.7846,13.2975],[79.7915,13.294],[79.7985,13.2988],[79.8092,13.3173],[79.84197159489435,13.316175908354548],[79.8471,13.316],[79.8554,13.3207],[79.8623,13.3172],[79.86564067009105,13.325636607518094],[79.8682,13.3321],[79.87364941986333,13.328837762258692],[79.8829,13.3233],[79.8824025800092,13.332336463166195],[79.8823,13.3342],[79.88911807328319,13.335020694006309],[79.8931,13.3355],[79.89884087361843,13.338906967053921],[79.9145,13.3482],[79.9152,13.3605],[79.9286,13.3564],[79.93112790293354,13.35181232430579],[79.9313,13.3515],[79.9351,13.3534],[79.9457,13.3642],[79.9491,13.377],[79.9579,13.3788],[79.9632,13.3934],[79.9488088560949,13.395886428004546],[79.9441,13.3967],[79.9416,13.4002],[79.9458,13.4073],[79.9345,13.4164],[79.9417,13.4167],[79.9398,13.4243],[79.9549,13.4254],[79.95741017389217,13.422543595226152],[79.9578,13.4221],[79.9732,13.4294],[79.9724,13.469],[79.9823,13.4707],[79.9892,13.4855],[80.0156,13.4999],[80.0463,13.4951],[80.0484,13.5123],[80.0355,13.5183],[80.0272,13.5137],[80.01952276799506,13.519283441458139],[80.0195,13.5193],[80.0176,13.5296],[80.0005,13.5257],[79.9941,13.5455],[80.0005,13.5422],[80.0169,13.5472],[80.0239,13.546],[80.0284,13.5388],[80.038,13.539],[80.0569,13.5367],[80.0627,13.5454],[80.0812,13.5498],[80.0838,13.5448],[80.0886,13.5354],[80.0771,13.5268],[80.07714467284796,13.525671266041362],[80.0786,13.4889],[80.0986,13.488],[80.1131,13.5054],[80.1321,13.5015],[80.1399,13.5041],[80.1452,13.5003],[80.1456,13.4907],[80.163,13.4875],[80.1822,13.4899],[80.2153,13.4857],[80.2265,13.4849],[80.2426,13.4709],[80.2638,13.5625],[80.2683,13.5645],[80.2428,13.6158],[80.2339,13.6571],[80.2376,13.7217],[80.2552,13.7794],[80.2449,13.8076],[80.2181,13.8814],[80.1977,13.919],[80.1438,14.0505],[80.1338,14.0929],[80.1272,14.1502],[80.1291,14.2154],[80.1362,14.2461],[80.1146,14.2474],[80.1076,14.2392],[80.1065,14.2382],[80.0942,14.2295],[80.0712,14.226],[80.0688,14.2116],[80.06689114533205,14.210500962463907],[80.0623,14.211],[80.0591,14.2193],[80.0632,14.2287],[80.0488,14.2089],[80.0482,14.2001],[80.0242,14.1819],[80.0174,14.1839],[80.0167,14.1964],[80.0087,14.1938],[80.0042,14.1848],[79.9987,14.1894],[80.0072,14.1953],[80.0164,14.1977],[80.0212,14.1936],[80.0194,14.1838],[80.0228,14.183],[80.0418,14.1968],[80.0341,14.2054],[80.0456,14.2135],[80.0729,14.2409],[80.0773,14.2532],[80.1013,14.2563],[80.1302,14.2536],[80.131,14.2593],[80.1253,14.2559],[80.1231,14.2587],[80.132,14.2607],[80.1382,14.2496],[80.1436,14.2868],[80.1672,14.3444],[80.1765,14.4516],[80.1547,14.4768],[80.1416,14.4638],[80.0848,14.4519],[80.0684,14.4649],[80.0645,14.4506],[80.0419,14.4365],[80.0417,14.3864],[80.06,14.3698],[80.0384,14.3478],[80.032,14.3281],[80.02,14.3302],[80.0024,14.3534],[79.987,14.3632],[79.9423,14.3663],[79.9241,14.3861],[79.9136,14.3833],[79.8933,14.3708],[79.8681,14.3838],[79.8347,14.3748],[79.8233,14.4043],[79.7862,14.4228],[79.7803,14.4338],[79.778,14.4679],[79.8032,14.4746],[79.7949,14.5031],[79.8031,14.5318],[79.7669,14.5626],[79.7378,14.5779],[79.7177,14.582],[79.71,14.539],[79.696,14.5338],[79.6758,14.4993],[79.6513,14.4785],[79.6607,14.4549],[79.6824,14.4502],[79.6633,14.4098],[79.649,14.3949],[79.6221,14.3922],[79.5988,14.3676],[79.5836,14.3988],[79.5923,14.4261],[79.5811,14.4476],[79.5789,14.4667],[79.5598,14.4767],[79.5442,14.4702],[79.518,14.4447],[79.5015,14.4755],[79.4808,14.4641],[79.4572,14.459],[79.4738,14.5011],[79.4929,14.5138],[79.4677,14.5491],[79.3733,14.5149],[79.311,14.4787],[79.3165,14.477],[79.3267,14.4577],[79.33,14.4262],[79.3487,14.4055],[79.3591,14.3817],[79.3643,14.3788],[79.3676,14.3685],[79.365,14.3555],[79.371,14.3492]],[[80.06688265139115,14.21049607201309],[80.0622,14.2078],[80.0616,14.2093],[80.06688265139115,14.21049607201309]]]},"properties":{"state_name":"Andhra Pradesh","pc_name":"TIRUPATI (SC)","pc_no":23,"state":"andhra","id":23}},{"type":"Feature","geometry":{"type":"Polygon","coordinates":[[[78.1257,13.7866],[78.11575230902127,13.768259467220759],[78.1002,13.759],[78.0917,13.7423],[78.09974430022574,13.738745541760725],[78.1046,13.7366],[78.121,13.7155],[78.1135,13.6925],[78.0737,13.6875],[78.0662,13.6769],[78.0771,13.6735],[78.0777,13.6684],[78.0896,13.6598],[78.0993,13.6433],[78.1141,13.6575],[78.1561,13.6585],[78.1693,13.6538],[78.1684320891523,13.633452312348286],[78.1684,13.6327],[78.2039,13.6284],[78.2029,13.6051],[78.20069593919749,13.602434624145793],[78.19,13.5895],[78.1897,13.5713],[78.1933,13.5644],[78.1984935180345,13.566509866701514],[78.2029,13.5683],[78.2196,13.5927],[78.2327,13.586],[78.2373,13.5987],[78.2488,13.5913],[78.2593,13.5824],[78.2719,13.5882],[78.3262,13.5949],[78.3506,13.5869],[78.3933,13.5914],[78.4021,13.5875],[78.4018,13.5786],[78.4067,13.5769],[78.4014,13.5675],[78.3938,13.5523],[78.39382075858215,13.551106381525866],[78.394,13.5408],[78.3824,13.5251],[78.3841,13.5172],[78.3744,13.5091],[78.37825539866228,13.481249060409807],[78.3708,13.4696],[78.3817,13.397],[78.379,13.3839],[78.3651,13.3618],[78.3696,13.3583],[78.3776,13.3632],[78.3948,13.3544],[78.3932,13.3508],[78.39646508246497,13.349704478909779],[78.4084,13.3457],[78.4035,13.3361],[78.3983937072893,13.335772323462415],[78.3848,13.3349],[78.3877,13.3428],[78.383,13.3436],[78.3782,13.3372],[78.3771,13.332],[78.3874,13.3321],[78.4012,13.3155],[78.4189,13.3206],[78.4279,13.3313],[78.4404,13.3285],[78.44239579400742,13.316701335426705],[78.4438,13.3084],[78.4666,13.3152],[78.46975763758797,13.317499250670851],[78.4769,13.3227],[78.4835,13.3179],[78.4791,13.3017],[78.4988,13.3002],[78.5137,13.2907],[78.5129,13.2854],[78.5193,13.2828],[78.521,13.2736],[78.5308,13.2669],[78.5359,13.2732],[78.5382,13.2884],[78.5541,13.2838],[78.5614,13.289],[78.56324746997883,13.300334477978229],[78.5651,13.3117],[78.5743,13.2979],[78.6011,13.3269],[78.6426,13.3291],[78.6607,13.3143],[78.6705,13.324],[78.6631,13.3389],[78.6867,13.3483],[78.6922,13.3671],[78.7281,13.3547],[78.7541,13.3556],[78.7673,13.3268],[78.7902,13.3281],[78.8203,13.319],[78.8738,13.3137],[78.8855,13.3188],[78.9147,13.3578],[78.927,13.3881],[78.9295,13.4113],[78.9174,13.4372],[78.9455,13.4542],[78.9647,13.481],[78.9762,13.4839],[78.9863,13.4992],[79.0126,13.5097],[79.027,13.5006],[79.04,13.5114],[79.0538,13.509],[79.0886,13.5236],[79.0886,13.5007],[79.1371,13.5033],[79.1506,13.5209],[79.156,13.5884],[79.0401,13.5977],[79.0461,13.6416],[79.0648,13.6699],[79.0731,13.7078],[79.0477,13.7136],[79.0266,13.7311],[79.0252,13.7435],[79.0216,13.7521],[79.0082,13.7735],[79.0196,13.7825],[79.0226,13.7907],[79.0048,13.7982],[78.9995,13.8057],[79.0057,13.8308],[79.0222,13.8315],[79.0272,13.8368],[79.0108,13.8602],[78.9792,13.891],[78.9894,13.9123],[79.0025,13.9103],[79.0236,13.9033],[79.0239,13.8952],[79.0295,13.8894],[79.0827,13.8793],[79.0965,13.8506],[79.126,13.8502],[79.1484,13.8662],[79.1572,13.854],[79.172,13.8477],[79.1782,13.8381],[79.216,13.8126],[79.2112,13.8068],[79.2029,13.8097],[79.1945,13.8037],[79.1913,13.7938],[79.2182,13.7731],[79.2256,13.7571],[79.2412,13.7517],[79.2414,13.761],[79.2588,13.7609],[79.2933,13.7598],[79.3058,13.7242],[79.3721,13.7554],[79.3977,13.7617],[79.4172,13.7659],[79.4198,13.7863],[79.4492,13.781],[79.4712,13.7983],[79.4583,13.8007],[79.4555,13.8257],[79.4383,13.857],[79.4342,13.8768],[79.4433,13.8908],[79.4403,13.9034],[79.4551,13.9232],[79.4585,13.9465],[79.4523,13.9548],[79.4501,13.9723],[79.4553,13.9877],[79.4425,13.9975],[79.4368,14.0242],[79.4435,14.0405],[79.4426,14.0612],[79.4521,14.0772],[79.4542,14.1013],[79.4448,14.1168],[79.4284,14.1811],[79.4288,14.1937],[79.4224,14.2065],[79.4248,14.2217],[79.4354,14.2435],[79.4197,14.2654],[79.4224,14.2787],[79.3896,14.3411],[79.371,14.3492],[79.357,14.3442],[79.3365,14.344],[79.3077,14.3528],[79.2761,14.3297],[79.263,14.3372],[79.2384,14.3381],[79.2335,14.3531],[79.2046,14.3747],[79.2011,14.383],[79.2183,14.4042],[79.1948,14.4346],[79.1858,14.4521],[79.1703,14.4514],[79.1457,14.4387],[79.129,14.4463],[79.1009,14.4714],[79.0637,14.4429],[79.0403,14.4429],[79.0214,14.4525],[78.9983,14.4514],[78.9842,14.4623],[78.9484,14.4642],[78.9189,14.4898],[78.8867,14.509],[78.8849,14.5089],[78.869,14.4878],[78.8727,14.4545],[78.8916,14.428],[78.8914,14.392],[78.9067,14.3435],[78.8991,14.3293],[78.8977,14.3128],[78.8809,14.3146],[78.8736,14.3073],[78.8699,14.2907],[78.8637,14.2865],[78.8443,14.2891],[78.8203,14.2815],[78.7702,14.3038],[78.748,14.2995],[78.7354,14.2869],[78.7152,14.2859],[78.6775,14.2939],[78.6734,14.2897],[78.6737,14.2746],[78.6617,14.2697],[78.6289,14.2781],[78.6071,14.2747],[78.605,14.2507],[78.6237,14.2299],[78.6317,14.2128],[78.5768,14.1675],[78.5765,14.1458],[78.5592,14.1544],[78.5403,14.1545],[78.5229,14.1677],[78.4979,14.1693],[78.4713,14.156],[78.4493,14.1305],[78.4614,14.1068],[78.4544,14.0847],[78.4445,14.0846],[78.4425,14.0809],[78.4488,14.0525],[78.4399,14.0434],[78.4404,14.0189],[78.4584,14.0085],[78.4694,14.0075],[78.4661,13.9949],[78.4533,13.9842],[78.4271,13.9792],[78.4206,13.9637],[78.3995,13.9531],[78.3875,13.9394],[78.3724,13.9449],[78.3756,13.9523],[78.3704,13.9568],[78.3469,13.9352],[78.3315,13.918],[78.3182,13.9208],[78.2994,13.9063],[78.2984,13.8938],[78.2783,13.8895],[78.2632,13.8643],[78.2427,13.8508],[78.2566,13.8344],[78.2549,13.8069],[78.2631,13.7988],[78.2615,13.7914],[78.2512,13.7917],[78.2364,13.7796],[78.2085,13.7819],[78.189,13.7893],[78.1641,13.7843],[78.152,13.7865],[78.1479,13.7819],[78.1257,13.7866]]]},"properties":{"state_name":"Andhra Pradesh","pc_name":"RAJAMPET","pc_no":24,"state":"andhra","id":24}},{"type":"Feature","geometry":{"type":"Polygon","coordinates":[[[79.2588,13.7609],[79.2414,13.761],[79.2412,13.7517],[79.2256,13.7571],[79.2182,13.7731],[79.1913,13.7938],[79.1945,13.8037],[79.2029,13.8097],[79.2112,13.8068],[79.216,13.8126],[79.1782,13.8381],[79.172,13.8477],[79.1572,13.854],[79.1484,13.8662],[79.126,13.8502],[79.0965,13.8506],[79.0827,13.8793],[79.0295,13.8894],[79.0239,13.8952],[79.0236,13.9033],[79.0025,13.9103],[78.9894,13.9123],[78.9792,13.891],[79.0108,13.8602],[79.0272,13.8368],[79.0222,13.8315],[79.0057,13.8308],[78.9995,13.8057],[79.0048,13.7982],[79.0226,13.7907],[79.0196,13.7825],[79.0082,13.7735],[79.0216,13.7521],[79.0252,13.7435],[79.0266,13.7311],[79.0477,13.7136],[79.0731,13.7078],[79.0648,13.6699],[79.0461,13.6416],[79.0401,13.5977],[79.156,13.5884],[79.1506,13.5209],[79.1371,13.5033],[79.0886,13.5007],[79.0886,13.5236],[79.0538,13.509],[79.04,13.5114],[79.027,13.5006],[79.0126,13.5097],[78.9863,13.4992],[78.9762,13.4839],[78.9647,13.481],[78.9455,13.4542],[78.9174,13.4372],[78.9295,13.4113],[78.927,13.3881],[78.9147,13.3578],[78.8855,13.3188],[78.8738,13.3137],[78.8203,13.319],[78.7902,13.3281],[78.7673,13.3268],[78.7541,13.3556],[78.7281,13.3547],[78.6922,13.3671],[78.6867,13.3483],[78.6631,13.3389],[78.6705,13.324],[78.6607,13.3143],[78.6426,13.3291],[78.6011,13.3269],[78.5743,13.2979],[78.5786,13.2809],[78.5871,13.2808],[78.5879,13.2714],[78.5849,13.2615],[78.5711,13.2469],[78.57004546175759,13.241425375933003],[78.5664,13.2225],[78.56855908489455,13.221695250175669],[78.5774,13.2184],[78.5713,13.212],[78.567,13.201],[78.5761,13.187],[78.5801,13.1673],[78.5685,13.1621],[78.5506,13.1645],[78.5409,13.1544],[78.5457,13.1423],[78.5315,13.1418],[78.5194,13.1199],[78.5378,13.1058],[78.5247,13.1012],[78.5238,13.0948],[78.5164,13.0969],[78.5101,13.0924],[78.5088,13.0791],[78.5151,13.0718],[78.5157,13.0627],[78.4977,13.0621],[78.4743,13.044],[78.47115537115845,13.043926297761526],[78.4615,13.0437],[78.46204326490412,13.028993042952626],[78.4629,13.0058],[78.4747,12.9915],[78.4674,12.975],[78.4525352285338,12.977815997078999],[78.4352,12.9811],[78.4326,12.9678],[78.4379,12.964],[78.4291,12.9575],[78.4192,12.9587],[78.4203,12.9478],[78.4111,12.9455],[78.41700833614352,12.927314601740067],[78.4188,12.9218],[78.42265576416429,12.92607036246152],[78.4281,12.9321],[78.4379,12.929],[78.4434,12.9215],[78.4666,12.9054],[78.4694,12.89],[78.4647,12.8668],[78.464,12.8777],[78.4472,12.8922],[78.4455,12.9118],[78.4349,12.9119],[78.4286,12.9021],[78.4122,12.9033],[78.3986,12.9173],[78.3961,12.907],[78.3886,12.9069],[78.3558,12.9408],[78.3497,12.9357],[78.3484280653951,12.926837487914202],[78.3466,12.9141],[78.3397,12.9032],[78.33576854777792,12.902860244869697],[78.3235,12.9018],[78.3203,12.8873],[78.32655168481078,12.885403421461898],[78.3292,12.8846],[78.3345,12.8892],[78.337,12.8824],[78.331,12.8756],[78.32157697667374,12.875981278400484],[78.3137,12.8763],[78.3124,12.8586],[78.28037420563278,12.860445554251669],[78.2684,12.8677],[78.2648,12.8617],[78.2534,12.862],[78.2456,12.788],[78.239,12.7684],[78.2307,12.7609],[78.2408,12.7296],[78.2312,12.7126],[78.2271,12.7149],[78.2181,12.7089],[78.2072,12.7082],[78.2099,12.7006],[78.1998,12.6928],[78.2098,12.6905],[78.2106,12.6861],[78.2377,12.6858],[78.2393,12.7011],[78.2445,12.7064],[78.2711,12.7051],[78.3026,12.6663],[78.3183,12.662],[78.32068251112628,12.659823173287494],[78.3322,12.6493],[78.3436,12.6488],[78.3714,12.6272],[78.4126,12.6269],[78.427,12.6353],[78.4303921803452,12.632821098978514],[78.4348,12.6296],[78.4584,12.6297],[78.4717,12.6321],[78.4705,12.6446],[78.4742,12.6474],[78.4705,12.6506],[78.4679,12.6759],[78.4845,12.6717],[78.5038,12.682],[78.503,12.7168],[78.5118,12.7077],[78.52,12.7121],[78.5202,12.7187],[78.5059,12.7226],[78.5016,12.7312],[78.4927,12.7357],[78.4891,12.742],[78.4931,12.7472],[78.5052,12.743],[78.5138,12.7345],[78.5139,12.7253],[78.518,12.7249],[78.5209,12.7362],[78.5227,12.7193],[78.527,12.7215],[78.525,12.7155],[78.5375,12.717],[78.5369,12.7134],[78.5400501961517,12.712364319073417],[78.5442,12.711],[78.53789523743308,12.71023835083084],[78.5293,12.7092],[78.53103745685812,12.703472827393652],[78.5347,12.6914],[78.5417,12.6911],[78.555,12.6994],[78.5548,12.7076],[78.5616,12.7099],[78.5543,12.7184],[78.5634,12.7354],[78.5553,12.7393],[78.5556,12.7559],[78.57671254742998,12.771233774285184],[78.5925,12.7827],[78.6077,12.822],[78.60326051655039,12.8426937212409],[78.6015,12.8509],[78.61080178036242,12.864612107258404],[78.6131,12.868],[78.61427045143638,12.874697583219316],[78.6167,12.8886],[78.6336,12.9309],[78.6522,12.9292],[78.657,12.9322],[78.638,12.9648],[78.6471,12.9663],[78.6209,12.9913],[78.6554,13.016],[78.6562,13.0312],[78.68934854303954,13.02106366865733],[78.7046,13.0164],[78.70660893258824,13.028569051425336],[78.7133,13.0691],[78.7405,13.0641],[78.7518,13.055],[78.7943,13.0667],[78.7976,13.0749],[78.8137,13.0891],[78.842,13.0787],[78.8611,13.0837],[78.86496409182,13.087343286573146],[78.8751,13.0969],[78.8956,13.0952],[78.89289119705862,13.086386282966838],[78.8889,13.0734],[78.8916,13.0331],[78.9291,13.0365],[78.937,13.0305],[78.9408,13.0365],[78.9291,13.0458],[78.9175,13.0437],[78.9036,13.0477],[78.9126,13.066],[78.9217,13.0661],[78.9239,13.0808],[78.9554,13.0759],[78.97518611731996,13.083566207817695],[78.9825,13.0864],[79.0063,13.0825],[79.0369,13.0706],[79.0387,13.0612],[79.0634,13.0531],[79.06315493003198,13.04264368136435],[79.0631,13.0403],[79.0809,13.0258],[79.08456913065744,13.025863260873404],[79.0983,13.0261],[79.0983231018627,13.026130971728028],[79.1074,13.0383],[79.1144,13.0393],[79.1373,13.0348],[79.16,13.0203],[79.1822,13.0319],[79.1784,13.0598],[79.1921,13.0675],[79.1908,13.0734],[79.184,13.0728],[79.1853,13.0797],[79.18416773063186,13.080808178530516],[79.1806,13.0843],[79.18534577699313,13.0837576254865],[79.1876,13.0835],[79.1907,13.0888],[79.1931,13.0823],[79.1983,13.0814],[79.2008,13.0889],[79.2344,13.1053],[79.2384,13.1186],[79.2304,13.1264],[79.2328,13.1394],[79.21103905788246,13.1480852883013],[79.2144,13.1565],[79.2273,13.1556],[79.2256,13.1589],[79.2339,13.17],[79.2427,13.171],[79.2421,13.1497],[79.2402,13.1444],[79.24073144826507,13.143751633116626],[79.2452,13.1383],[79.24753257214937,13.14045886996803],[79.2546,13.147],[79.2549,13.1607],[79.2613,13.1598],[79.2631,13.1488],[79.2753,13.1563],[79.2812,13.1537],[79.2838,13.1229],[79.3131,13.1257],[79.2994,13.1188],[79.3072,13.1059],[79.3116,13.1159],[79.329,13.1308],[79.3398,13.1305],[79.3453,13.1216],[79.3575,13.1219],[79.3611,13.1387],[79.35771842966298,13.159461269045952],[79.3568,13.1651],[79.36730360815032,13.164202255713649],[79.3802,13.1631],[79.38394657547778,13.172434140629996],[79.3918,13.192],[79.41876808893554,13.189657432952634],[79.439,13.1879],[79.4324,13.1964],[79.4437,13.2077],[79.4356,13.2139],[79.4376,13.2198],[79.4532,13.2168],[79.4528,13.2386],[79.438,13.2432],[79.42054075230466,13.242932766616908],[79.4184,13.2429],[79.41813812966019,13.252360066025394],[79.4176,13.2718],[79.4337,13.275],[79.4347,13.2891],[79.4463,13.2916],[79.4454,13.3013],[79.4187,13.297],[79.4138,13.3002],[79.40616465684005,13.299341023894506],[79.3898,13.2975],[79.3886,13.3098],[79.3818,13.3075],[79.3828,13.3121],[79.3878,13.3181],[79.40155661188963,13.31742185716037],[79.402,13.3174],[79.3983,13.3302],[79.4316,13.3367],[79.4354,13.3517],[79.4562,13.3386],[79.4826,13.3408],[79.4999,13.3482],[79.4975,13.3325],[79.5101,13.3342],[79.5111,13.342],[79.5259,13.3444],[79.5393,13.3346],[79.5393,13.3219],[79.5441,13.3168],[79.5348,13.3014],[79.5412,13.2925],[79.5349,13.2847],[79.5351,13.275],[79.5584,13.2727],[79.5739,13.2591],[79.5825,13.2574],[79.5931,13.2647],[79.59548050616341,13.2837440493073],[79.5956,13.2847],[79.6087,13.2875],[79.61391719248529,13.286413972176533],[79.6332,13.2824],[79.6424,13.2902],[79.6518,13.2919],[79.6578,13.2839],[79.6638,13.2898],[79.6654,13.2787],[79.6742,13.282],[79.6783,13.2975],[79.6829,13.2956],[79.6812,13.288],[79.6939,13.2798],[79.6957,13.2673],[79.6877,13.2667],[79.6783,13.2617],[79.6841,13.2433],[79.6897,13.2377],[79.6964,13.2382],[79.6934,13.2427],[79.7,13.2523],[79.7078,13.2505],[79.7137,13.236],[79.7066,13.2347],[79.7014,13.2252],[79.7129,13.2175],[79.7218,13.2237],[79.7319,13.2226],[79.7321,13.2368],[79.7376,13.2363],[79.7642,13.2191],[79.7847,13.2279],[79.7945,13.2263],[79.7947,13.2421],[79.7612,13.2583],[79.7306,13.2829],[79.734,13.289],[79.7442,13.2886],[79.7563,13.2952],[79.7619,13.3184],[79.7442,13.3312],[79.734,13.3506],[79.7192,13.357],[79.7171,13.4043],[79.7002,13.4192],[79.7008,13.4417],[79.6937,13.4446],[79.6847,13.4449],[79.6737,13.4375],[79.6692,13.4146],[79.6439,13.4017],[79.6312,13.4074],[79.5767,13.3965],[79.5703,13.455],[79.5413,13.5139],[79.5415,13.5268],[79.5561,13.5707],[79.535,13.5933],[79.5233,13.5889],[79.5182,13.5665],[79.4987,13.5543],[79.4783,13.5723],[79.4515,13.5656],[79.4385,13.5854],[79.4549,13.6025],[79.4591,13.6189],[79.4348,13.6204],[79.4258,13.6063],[79.4006,13.5956],[79.3732,13.5999],[79.3539,13.6092],[79.3261,13.6033],[79.2735,13.6047],[79.2492,13.6418],[79.2395,13.6961],[79.2421,13.7186],[79.2588,13.7609]]]},"properties":{"state_name":"Andhra Pradesh","pc_name":"CHITTOOR (SC)","pc_no":25,"state":"andhra","id":25}},{"type":"Feature","geometry":{"type":"Polygon","coordinates":[[[94.1873,29.0388],[93.997,28.8409],[93.9621,28.7124],[93.6221,28.6573],[93.3392,28.6399],[93.183,28.4324],[93.2216,28.335],[93.0255,28.3028],[92.818,28.2012],[92.6629,28.0673],[92.7342,27.9767],[92.5621,27.8205],[92.4685,27.8147],[92.2658,27.8576],[91.9973,27.7682],[91.8806,27.7217],[91.7308,27.8084],[91.6305,27.8008],[91.5641,27.5841],[91.655,27.4828],[91.8211,27.4695],[92.0126,27.4814],[92.1206,27.2796],[92.0285,27.078],[92.1082,26.8931],[92.3649,26.9324],[92.4643,26.9607],[92.6115,26.972],[92.6464,27.0146],[92.7697,27.0332],[92.9791,26.9376],[93.1568,26.9334],[93.3986,26.9572],[93.4862,26.9417],[93.6981,26.9943],[93.8359,27.104],[93.806,27.1516],[94.081,27.3964],[94.2213,27.5036],[94.2677,27.5209],[94.2093,27.6077],[94.4987,27.5724],[94.6491,27.6395],[94.8702,27.7333],[94.8949,27.8083],[94.957,27.9809],[94.9174,28.0607],[94.8989,28.2145],[94.8789,28.4057],[94.7588,28.534],[94.7455,28.6864],[94.5351,28.8107],[94.3427,28.9839],[94.1873,29.0388]]]},"properties":{"state_name":"Arunachal Pradesh","pc_name":"ARUNACHAL WEST","pc_no":1,"state":"arunachal-pradesh","id":26}},{"type":"Feature","geometry":{"type":"Polygon","coordinates":[[[94.8702,27.7333],[95.1024,27.8049],[95.309,27.868],[95.4718,27.8672],[95.5141,27.8794],[95.5673,27.9348],[95.971,27.9613],[95.887,27.8532],[95.7758,27.7535],[95.7738,27.6517],[95.7884,27.6337],[95.8741,27.5469],[95.9929,27.3978],[95.8239,27.2793],[95.6338,27.2305],[95.5956,27.2232],[95.4879,27.2431],[95.368,27.1071],[95.3435,27.0966],[95.1946,27.0317],[95.2285,26.8921],[95.2232,26.7596],[95.2176,26.7559],[95.2099,26.7287],[95.2339,26.6825],[95.431,26.7005],[95.53,26.8263],[95.6493,26.8863],[95.6778,26.8986],[95.8023,27.0151],[95.9457,27.0514],[96.0537,27.1957],[96.3062,27.2941],[96.3987,27.2901],[96.6057,27.3658],[96.7985,27.344],[96.8599,27.1898],[97.062,27.0992],[97.1636,27.1422],[96.9624,27.4016],[96.8965,27.616],[97.2527,27.901],[97.3747,27.9091],[97.3949,28.0255],[97.2791,28.2687],[97.0901,28.3629],[96.994,28.3095],[96.6628,28.4603],[96.3137,28.3835],[96.326,28.5241],[96.5849,28.717],[96.5185,28.9672],[96.3467,29.029],[96.2482,28.9395],[96.1507,29.0503],[96.2442,29.2326],[96.0887,29.46],[95.8823,29.39],[95.5871,29.2164],[95.4111,29.0324],[95.2678,29.0561],[94.8,29.2094],[94.6441,29.3468],[94.5603,29.2286],[94.4337,29.2267],[94.1873,29.0388],[94.3427,28.9839],[94.5351,28.8107],[94.7455,28.6864],[94.7588,28.534],[94.8789,28.4057],[94.8989,28.2145],[94.9174,28.0607],[94.957,27.9809],[94.8949,27.8083],[94.8702,27.7333]]]},"properties":{"state_name":"Arunachal Pradesh","pc_name":"ARUNACHAL EAST","pc_no":2,"state":"arunachal-pradesh","id":27}},{"type":"Feature","geometry":{"type":"Polygon","coordinates":[[[84.7576,27.0028],[84.644,27.047],[84.6893,27.2236],[84.648,27.3005],[84.624,27.3368],[84.2753,27.397],[84.2479,27.4533],[84.0977,27.5167],[84.027,27.4388],[83.8737,27.4358],[83.8638,27.3468],[83.9068,27.2756],[83.9874,27.197],[83.9477,27.1125],[84,27.0695],[84.0493,27.0439],[84.0524,26.9064],[84.0877,26.8818],[84.1619,26.8354],[84.2546,26.856],[84.3078,26.748],[84.3743,26.8283],[84.4342,26.8412],[84.4569,26.9729],[84.5767,26.953],[84.6811,26.8898],[84.7576,27.0028]]]},"properties":{"state_name":"Bihar","pc_name":"VALMIKI NAGAR","pc_no":1,"state":"bihar","id":28}},{"type":"Feature","geometry":{"type":"Polygon","coordinates":[[[84.3078,26.748],[84.3303,26.684],[84.4154,26.6348],[84.4086,26.5873],[84.491,26.6032],[84.5996,26.6947],[84.6806,26.6999],[84.6867,26.6869],[84.7921,26.6963],[84.8984,26.6441],[84.9191,26.7724],[85.0027,26.7447],[85.0816,26.7616],[85.0574,26.8305],[85.1374,26.8701],[85.0577,26.8494],[85.0047,26.8951],[84.9653,26.9583],[84.7576,27.0028],[84.6811,26.8898],[84.5767,26.953],[84.4569,26.9729],[84.4342,26.8412],[84.3743,26.8283],[84.3078,26.748]]]},"properties":{"state_name":"Bihar","pc_name":"PASCHIM CHAMPARAN","pc_no":2,"state":"bihar","id":29}},{"type":"Feature","geometry":{"type":"Polygon","coordinates":[[[84.491,26.6032],[84.5385,26.4845],[84.6026,26.4418],[84.6983,26.4342],[84.768,26.3374],[84.8734,26.2556],[84.9022,26.3236],[84.9996,26.3329],[85.0316,26.3235],[85.0448,26.3418],[85.229,26.3001],[85.2806,26.3487],[85.2062,26.4285],[85.1266,26.3983],[85.0528,26.4571],[85.0419,26.5309],[85.0503,26.5989],[84.9794,26.6952],[85.0027,26.7447],[84.9191,26.7724],[84.8984,26.6441],[84.7921,26.6963],[84.6867,26.6869],[84.6806,26.6999],[84.5996,26.6947],[84.491,26.6032]]]},"properties":{"state_name":"Bihar","pc_name":"PURVI CHAMPARAN","pc_no":3,"state":"bihar","id":30}},{"type":"Feature","geometry":{"type":"Polygon","coordinates":[[[85.0027,26.7447],[84.9794,26.6952],[85.0503,26.5989],[85.0419,26.5309],[85.0528,26.4571],[85.1266,26.3983],[85.2062,26.4285],[85.2806,26.3487],[85.3727,26.3351],[85.3652,26.379],[85.4724,26.4975],[85.4382,26.5483],[85.4688,26.6598],[85.3386,26.7455],[85.2554,26.757],[85.2095,26.7589],[85.1374,26.8701],[85.0574,26.8305],[85.0816,26.7616],[85.0027,26.7447]]]},"properties":{"state_name":"Bihar","pc_name":"SHEOHAR","pc_no":4,"state":"bihar","id":31}},{"type":"Feature","geometry":{"type":"Polygon","coordinates":[[[85.3727,26.3351],[85.4398,26.2725],[85.5044,26.3808],[85.5878,26.3593],[85.7053,26.3054],[85.7055,26.4392],[85.7685,26.4327],[85.8041,26.4604],[85.8174,26.6028],[85.7321,26.656],[85.7345,26.7958],[85.624,26.8739],[85.5233,26.8175],[85.3386,26.7455],[85.4688,26.6598],[85.4382,26.5483],[85.4724,26.4975],[85.3652,26.379],[85.3727,26.3351]]]},"properties":{"state_name":"Bihar","pc_name":"SITAMARHI","pc_no":5,"state":"bihar","id":32}},{"type":"Feature","geometry":{"type":"Polygon","coordinates":[[[85.7053,26.3054],[85.7252,26.1926],[85.7488,26.1505],[85.7132,26.0947],[85.7997,26.1633],[85.8134,26.2105],[85.941,26.2194],[86.0143,26.248],[86.0595,26.2083],[86.1803,26.2223],[86.2027,26.3261],[86.0729,26.3671],[86.0861,26.4155],[86.1096,26.4245],[86.0816,26.5186],[85.9779,26.5097],[86.0106,26.656],[85.8587,26.569],[85.8174,26.6028],[85.8041,26.4604],[85.7685,26.4327],[85.7055,26.4392],[85.7053,26.3054]]]},"properties":{"state_name":"Bihar","pc_name":"MADHUBANI","pc_no":6,"state":"bihar","id":33}},{"type":"Feature","geometry":{"type":"Polygon","coordinates":[[[86.1803,26.2223],[86.2438,26.2045],[86.3253,26.161],[86.3589,26.0766],[86.362,26.0698],[86.3885,26.0335],[86.4408,26.0739],[86.4511,26.2137],[86.5621,26.3059],[86.5665,26.3187],[86.7043,26.3681],[86.7249,26.4266],[86.3955,26.5854],[86.3075,26.6204],[86.1998,26.5951],[86.0694,26.6575],[86.0106,26.656],[85.9779,26.5097],[86.0816,26.5186],[86.1096,26.4245],[86.0861,26.4155],[86.0729,26.3671],[86.2027,26.3261],[86.1803,26.2223]]]},"properties":{"state_name":"Bihar","pc_name":"JHANJHARPUR","pc_no":7,"state":"bihar","id":34}},{"type":"Feature","geometry":{"type":"Polygon","coordinates":[[[86.4408,26.0739],[86.5291,25.9951],[86.6479,26.0203],[86.6923,26.0275],[86.7625,26.1058],[86.8232,25.9524],[86.9423,25.929],[86.9957,25.9264],[87.0784,25.9618],[87.1226,26.0285],[87.091,26.0513],[87.0601,26.1073],[87.1077,26.1898],[87.0437,26.3362],[87.0728,26.377],[87.0374,26.5613],[86.9319,26.517],[86.8331,26.4394],[86.7249,26.4266],[86.7043,26.3681],[86.5665,26.3187],[86.5621,26.3059],[86.4511,26.2137],[86.4408,26.0739]]]},"properties":{"state_name":"Bihar","pc_name":"SUPAUL","pc_no":8,"state":"bihar","id":35}},{"type":"Feature","geometry":{"type":"Polygon","coordinates":[[[87.0784,25.9618],[87.164,25.9428],[87.3003,25.9655],[87.4259,25.9918],[87.5089,25.9892],[87.562,26.0031],[87.6267,26.0847],[87.6468,26.0891],[87.6751,26.1113],[87.6821,26.1786],[87.6921,26.1934],[87.6931,26.1994],[87.6658,26.2499],[87.6194,26.3234],[87.6458,26.3935],[87.4636,26.4401],[87.3314,26.3546],[87.2194,26.4038],[87.0917,26.4503],[87.0374,26.5613],[87.0728,26.377],[87.0437,26.3362],[87.1077,26.1898],[87.0601,26.1073],[87.091,26.0513],[87.1226,26.0285],[87.0784,25.9618]]]},"properties":{"state_name":"Bihar","pc_name":"ARARIA","pc_no":9,"state":"bihar","id":36}},{"type":"Feature","geometry":{"type":"Polygon","coordinates":[[[87.562,26.0031],[87.6092,25.9594],[87.6214,25.9465],[87.6139,25.9086],[87.6201,25.898],[87.637,25.8849],[87.6382,25.8692],[87.5586,25.8186],[87.6204,25.718],[87.6703,25.7007],[87.7105,25.7654],[87.8067,25.7685],[87.8094,25.8691],[87.8116,25.8817],[87.8223,25.8808],[87.8222,25.9123],[87.8074,25.9287],[87.8074,25.9292],[87.8074,25.9293],[87.8196,25.9337],[87.8197,25.9336],[87.8206,25.9333],[87.9143,26.0761],[87.9165,26.0759],[87.9845,26.0789],[87.9836,26.0792],[87.975,26.1434],[87.9765,26.1435],[87.9783,26.1438],[88.0763,26.1783],[88.0912,26.2023],[88.1148,26.2241],[88.1407,26.228],[88.1445,26.2523],[88.1974,26.2719],[88.2107,26.2778],[88.2925,26.3516],[88.2437,26.4539],[88.2257,26.4536],[88.2252,26.4537],[88.1034,26.5398],[88.0966,26.4469],[88.0067,26.3611],[87.7926,26.4689],[87.756,26.4085],[87.6458,26.3935],[87.6194,26.3234],[87.6658,26.2499],[87.6931,26.1994],[87.6921,26.1934],[87.6821,26.1786],[87.6751,26.1113],[87.6468,26.0891],[87.6267,26.0847],[87.562,26.0031]]]},"properties":{"state_name":"Bihar","pc_name":"KISHANGANJ","pc_no":10,"state":"bihar","id":37}},{"type":"Feature","geometry":{"type":"Polygon","coordinates":[[[87.6703,25.7007],[87.6631,25.6875],[87.5701,25.6601],[87.5363,25.523],[87.242,25.541],[87.2286,25.4506],[87.2635,25.3516],[87.3393,25.4169],[87.4871,25.3691],[87.5518,25.3324],[87.6988,25.3039],[87.7733,25.2215],[87.8392,25.2019],[87.8396,25.2018],[87.8593,25.2718],[87.7639,25.4071],[87.7638,25.4071],[87.7638,25.4072],[87.8697,25.4968],[87.9033,25.5054],[87.9094,25.5205],[87.9468,25.5393],[87.9478,25.5395],[88.0733,25.4838],[88.0353,25.548],[88.055,25.637],[88.0465,25.6993],[87.9072,25.7733],[87.8923,25.8652],[87.8223,25.8808],[87.8116,25.8817],[87.8094,25.8691],[87.8067,25.7685],[87.7105,25.7654],[87.6703,25.7007]]]},"properties":{"state_name":"Bihar","pc_name":"KATIHAR","pc_no":11,"state":"bihar","id":38}},{"type":"Feature","geometry":{"type":"Polygon","coordinates":[[[86.9957,25.9264],[87.0421,25.8475],[87.0086,25.7424],[87.0274,25.6603],[87.0979,25.5169],[87.1054,25.4336],[87.2286,25.4506],[87.242,25.541],[87.5363,25.523],[87.5701,25.6601],[87.6631,25.6875],[87.6703,25.7007],[87.6204,25.718],[87.5586,25.8186],[87.6382,25.8692],[87.637,25.8849],[87.6201,25.898],[87.6139,25.9086],[87.6214,25.9465],[87.6092,25.9594],[87.562,26.0031],[87.5089,25.9892],[87.4259,25.9918],[87.3003,25.9655],[87.164,25.9428],[87.0784,25.9618],[86.9957,25.9264]]]},"properties":{"state_name":"Bihar","pc_name":"PURNIA","pc_no":12,"state":"bihar","id":39}},{"type":"Feature","geometry":{"type":"Polygon","coordinates":[[[86.3885,26.0335],[86.3822,25.9515],[86.3145,25.867],[86.3589,25.8559],[86.4921,25.8773],[86.6534,25.7632],[86.6132,25.7218],[86.6493,25.6402],[86.8036,25.6372],[86.8447,25.5281],[86.8221,25.4435],[86.9466,25.4746],[87.0269,25.4647],[87.0979,25.5169],[87.0274,25.6603],[87.0086,25.7424],[87.0421,25.8475],[86.9957,25.9264],[86.9423,25.929],[86.8232,25.9524],[86.7625,26.1058],[86.6923,26.0275],[86.6479,26.0203],[86.5291,25.9951],[86.4408,26.0739],[86.3885,26.0335]]]},"properties":{"state_name":"Bihar","pc_name":"MADHEPURA","pc_no":13,"state":"bihar","id":40}},{"type":"Feature","geometry":{"type":"Polygon","coordinates":[[[85.7132,26.0947],[85.7138,26.0894],[85.7194,26.0489],[85.8622,26.023],[85.9297,26.0915],[86.0077,26.0267],[86.0535,26.09],[86.0906,26.0341],[86.0107,25.9391],[86.0612,25.9213],[86.1596,25.8906],[86.1869,25.8953],[86.2975,25.9239],[86.3145,25.867],[86.3822,25.9515],[86.3885,26.0335],[86.362,26.0698],[86.3589,26.0766],[86.3253,26.161],[86.2438,26.2045],[86.1803,26.2223],[86.0595,26.2083],[86.0143,26.248],[85.941,26.2194],[85.8134,26.2105],[85.7997,26.1633],[85.7132,26.0947]]]},"properties":{"state_name":"Bihar","pc_name":"DARBHANGA","pc_no":14,"state":"bihar","id":41}},{"type":"Feature","geometry":{"type":"Polygon","coordinates":[[[85.4398,26.2725],[85.4894,26.2523],[85.4492,26.1487],[85.3809,26.212],[85.3747,26.1471],[85.3106,26.1075],[85.2593,26.051],[85.2851,26.0121],[85.286,25.95],[85.371,25.9325],[85.4268,25.938],[85.4544,25.9249],[85.6402,25.9221],[85.6336,26.0042],[85.7138,26.0894],[85.7132,26.0947],[85.7488,26.1505],[85.7252,26.1926],[85.7053,26.3054],[85.5878,26.3593],[85.5044,26.3808],[85.4398,26.2725]]]},"properties":{"state_name":"Bihar","pc_name":"MUZAFFARPUR","pc_no":15,"state":"bihar","id":42}},{"type":"Feature","geometry":{"type":"MultiPolygon","coordinates":[[[[84.8734,26.2556],[84.8936,26.2165],[84.9415,26.1194],[84.9425,26.0148],[84.9988,26.0087],[85.0665,25.9743],[85.0962,25.9172],[85.107,25.9023],[85.2963,25.8885],[85.352,25.8363],[85.371,25.9325],[85.286,25.95],[85.2851,26.0121],[85.2593,26.051],[85.3106,26.1075],[85.3747,26.1471],[85.3809,26.212],[85.4492,26.1487],[85.4894,26.2523],[85.4398,26.2725],[85.3727,26.3351],[85.2806,26.3487],[85.229,26.3001],[85.0448,26.3418],[85.0316,26.3235],[84.9996,26.3329],[84.9022,26.3236],[84.8734,26.2556]]],[[[85.3581,25.7681],[85.3532,25.8083],[85.3359,25.7866],[85.3581,25.7681]]]]},"properties":{"state_name":"Bihar","pc_name":"VAISHALI","pc_no":16,"state":"bihar","id":43}},{"type":"Feature","geometry":{"type":"Polygon","coordinates":[[[84.4154,26.6348],[84.2847,26.5996],[84.1567,26.6284],[84.0886,26.6161],[84.0559,26.5481],[83.9314,26.5208],[83.9906,26.4326],[84.1756,26.373],[84.1765,26.3713],[84.177,26.3699],[84.3163,26.3281],[84.3629,26.3684],[84.4267,26.3739],[84.4285,26.3743],[84.5389,26.3039],[84.6342,26.3016],[84.7644,26.2064],[84.8206,26.2118],[84.8936,26.2165],[84.8734,26.2556],[84.768,26.3374],[84.6983,26.4342],[84.6026,26.4418],[84.5385,26.4845],[84.491,26.6032],[84.4086,26.5873],[84.4154,26.6348]]]},"properties":{"state_name":"Bihar","pc_name":"GOPALGANJ (SC)","pc_no":17,"state":"bihar","id":44}},{"type":"Feature","geometry":{"type":"Polygon","coordinates":[[[84.177,26.3699],[84.1766,26.2646],[84.098,26.2333],[84.0133,26.2301],[84.0562,26.1],[84.1825,25.9949],[84.2073,25.9991],[84.3541,25.9588],[84.384,25.9394],[84.4545,25.8878],[84.4093,26.0327],[84.5524,26.0321],[84.4523,26.1511],[84.4975,26.195],[84.5389,26.3039],[84.4285,26.3743],[84.4267,26.3739],[84.3629,26.3684],[84.3163,26.3281],[84.177,26.3699]]]},"properties":{"state_name":"Bihar","pc_name":"SIWAN","pc_no":18,"state":"bihar","id":45}},{"type":"Feature","geometry":{"type":"Polygon","coordinates":[[[84.8936,26.2165],[84.8206,26.2118],[84.7644,26.2064],[84.6342,26.3016],[84.5389,26.3039],[84.4975,26.195],[84.4523,26.1511],[84.5524,26.0321],[84.4093,26.0327],[84.4545,25.8878],[84.4897,25.8882],[84.608,25.805],[84.7394,25.8502],[84.7251,25.937],[84.7804,25.9766],[84.9168,25.9863],[84.9425,26.0148],[84.9415,26.1194],[84.8936,26.2165]]]},"properties":{"state_name":"Bihar","pc_name":"MAHARAJGANJ","pc_no":19,"state":"bihar","id":46}},{"type":"Feature","geometry":{"type":"Polygon","coordinates":[[[84.9425,26.0148],[84.9168,25.9863],[84.7804,25.9766],[84.7251,25.937],[84.7394,25.8502],[84.608,25.805],[84.6005,25.7384],[84.7632,25.706],[84.8499,25.6997],[84.9033,25.719],[84.9812,25.725],[85.0817,25.7111],[85.104,25.6597],[85.1326,25.6271],[85.1881,25.6226],[85.1746,25.773],[85.1771,25.7852],[85.107,25.9023],[85.0962,25.9172],[85.0665,25.9743],[84.9988,26.0087],[84.9425,26.0148]]]},"properties":{"state_name":"Bihar","pc_name":"SARAN","pc_no":20,"state":"bihar","id":47}},{"type":"Feature","geometry":{"type":"Polygon","coordinates":[[[85.371,25.9325],[85.352,25.8363],[85.2963,25.8885],[85.107,25.9023],[85.1771,25.7852],[85.1746,25.773],[85.1881,25.6226],[85.2237,25.6078],[85.2426,25.5993],[85.2543,25.5851],[85.3253,25.5102],[85.4283,25.4954],[85.5054,25.5467],[85.5301,25.5374],[85.5574,25.646],[85.6198,25.7601],[85.4391,25.7686],[85.4832,25.7817],[85.4544,25.9249],[85.4268,25.938],[85.371,25.9325]],[[85.3581,25.7681],[85.3359,25.7866],[85.3532,25.8083],[85.3581,25.7681]]]},"properties":{"state_name":"Bihar","pc_name":"HAJIPUR (SC)","pc_no":21,"state":"bihar","id":48}},{"type":"Feature","geometry":{"type":"Polygon","coordinates":[[[85.4544,25.9249],[85.4832,25.7817],[85.4391,25.7686],[85.6198,25.7601],[85.5574,25.646],[85.5301,25.5374],[85.5451,25.4845],[85.6959,25.4857],[85.7311,25.5224],[85.7352,25.5247],[85.7594,25.5661],[85.8315,25.6207],[85.8486,25.6446],[85.9514,25.6499],[86.014,25.6083],[86.0244,25.7163],[85.9833,25.7727],[85.9359,25.7859],[85.8934,25.8296],[85.7802,25.7936],[85.7006,25.8301],[85.6592,25.8895],[85.6351,25.9066],[85.6402,25.9221],[85.4544,25.9249]]]},"properties":{"state_name":"Bihar","pc_name":"UJIARPUR","pc_no":22,"state":"bihar","id":49}},{"type":"Feature","geometry":{"type":"Polygon","coordinates":[[[86.3145,25.867],[86.2975,25.9239],[86.1869,25.8953],[86.1596,25.8906],[86.0612,25.9213],[86.0107,25.9391],[86.0906,26.0341],[86.0535,26.09],[86.0077,26.0267],[85.9297,26.0915],[85.8622,26.023],[85.7194,26.0489],[85.7138,26.0894],[85.6336,26.0042],[85.6402,25.9221],[85.6351,25.9066],[85.6592,25.8895],[85.7006,25.8301],[85.7802,25.7936],[85.8934,25.8296],[85.9359,25.7859],[85.9833,25.7727],[86.0244,25.7163],[86.0951,25.7435],[86.1761,25.8361],[86.2234,25.8067],[86.3954,25.7212],[86.4078,25.73],[86.3589,25.8559],[86.3145,25.867]]]},"properties":{"state_name":"Bihar","pc_name":"SAMASTIPUR (SC)","pc_no":23,"state":"bihar","id":50}},{"type":"Feature","geometry":{"type":"Polygon","coordinates":[[[85.7352,25.5247],[85.7814,25.5481],[85.8892,25.5],[85.8868,25.4219],[86.0327,25.392],[86.0647,25.3339],[86.1585,25.2651],[86.2635,25.2783],[86.2609,25.2855],[86.3881,25.3799],[86.5051,25.4265],[86.3849,25.4899],[86.3628,25.4806],[86.283,25.543],[86.293,25.6386],[86.1841,25.6623],[86.1404,25.7113],[86.0951,25.7435],[86.0244,25.7163],[86.014,25.6083],[85.9514,25.6499],[85.8486,25.6446],[85.8315,25.6207],[85.7594,25.5661],[85.7352,25.5247]]]},"properties":{"state_name":"Bihar","pc_name":"BEGUSARAI","pc_no":24,"state":"bihar","id":51}},{"type":"Feature","geometry":{"type":"Polygon","coordinates":[[[86.3589,25.8559],[86.4078,25.73],[86.3954,25.7212],[86.2234,25.8067],[86.1761,25.8361],[86.0951,25.7435],[86.1404,25.7113],[86.1841,25.6623],[86.293,25.6386],[86.283,25.543],[86.3628,25.4806],[86.3849,25.4899],[86.5051,25.4265],[86.576,25.4858],[86.6008,25.4274],[86.6437,25.278],[86.726,25.2541],[86.7765,25.2749],[86.8568,25.3635],[86.8197,25.4121],[86.8221,25.4435],[86.8447,25.5281],[86.8036,25.6372],[86.6493,25.6402],[86.6132,25.7218],[86.6534,25.7632],[86.4921,25.8773],[86.3589,25.8559]]]},"properties":{"state_name":"Bihar","pc_name":"KHAGARIA","pc_no":25,"state":"bihar","id":52}},{"type":"Feature","geometry":{"type":"Polygon","coordinates":[[[87.2286,25.4506],[87.1054,25.4336],[87.0979,25.5169],[87.0269,25.4647],[86.9466,25.4746],[86.8221,25.4435],[86.8197,25.4121],[86.8568,25.3635],[86.7765,25.2749],[86.8643,25.2791],[86.8692,25.2155],[86.9425,25.1057],[86.9523,25.1008],[87.013,25.1087],[87.1759,25.0578],[87.3147,25.1606],[87.3346,25.2165],[87.4628,25.195],[87.4632,25.1949],[87.4633,25.1949],[87.4765,25.1945],[87.4826,25.2495],[87.4829,25.2505],[87.4963,25.2701],[87.496,25.2704],[87.4957,25.2708],[87.5518,25.3324],[87.4871,25.3691],[87.3393,25.4169],[87.2635,25.3516],[87.2286,25.4506]]]},"properties":{"state_name":"Bihar","pc_name":"BHAGALPUR","pc_no":26,"state":"bihar","id":53}},{"type":"Feature","geometry":{"type":"Polygon","coordinates":[[[86.726,25.2541],[86.6493,25.218],[86.6908,25.1142],[86.6502,24.9809],[86.5867,24.9452],[86.5064,24.9846],[86.5353,24.8691],[86.527,24.7754],[86.5851,24.6802],[86.6079,24.6082],[86.6696,24.5646],[86.7542,24.621],[86.9148,24.542],[86.928,24.6251],[87.0489,24.6236],[87.0936,24.7962],[87.0936,24.7963],[87.094,24.7979],[87.0739,24.8157],[87.1064,24.8542],[87.1111,24.8577],[87.1206,24.855],[87.1667,25.0439],[87.1659,25.0451],[87.1657,25.0454],[87.1759,25.0578],[87.013,25.1087],[86.9523,25.1008],[86.9425,25.1057],[86.8692,25.2155],[86.8643,25.2791],[86.7765,25.2749],[86.726,25.2541]]]},"properties":{"state_name":"Bihar","pc_name":"BANKA","pc_no":27,"state":"bihar","id":54}},{"type":"Feature","geometry":{"type":"Polygon","coordinates":[[[85.5451,25.4845],[85.6113,25.3803],[85.6453,25.3137],[85.7296,25.3419],[85.8088,25.288],[85.9061,25.291],[85.9254,25.2408],[85.975,24.9977],[86.1185,24.9749],[86.163,25.047],[86.2431,25.0557],[86.3705,25.1443],[86.4194,25.1382],[86.4655,25.1695],[86.619,25.1471],[86.6177,25.1971],[86.6493,25.218],[86.726,25.2541],[86.6437,25.278],[86.6008,25.4274],[86.576,25.4858],[86.5051,25.4265],[86.3881,25.3799],[86.2609,25.2855],[86.2635,25.2783],[86.1585,25.2651],[86.0647,25.3339],[86.0327,25.392],[85.8868,25.4219],[85.8892,25.5],[85.7814,25.5481],[85.7352,25.5247],[85.7311,25.5224],[85.6959,25.4857],[85.5451,25.4845]]]},"properties":{"state_name":"Bihar","pc_name":"MUNGER","pc_no":28,"state":"bihar","id":55}},{"type":"Feature","geometry":{"type":"Polygon","coordinates":[[[85.6113,25.3803],[85.5759,25.4217],[85.413,25.4576],[85.3015,25.3936],[85.2199,25.4152],[85.1789,25.4007],[85.1717,25.3071],[85.1781,25.2889],[85.1562,25.1841],[85.1917,25.0501],[85.2803,25.0266],[85.3608,24.9846],[85.3879,24.9616],[85.4861,25.0044],[85.5443,24.9892],[85.559,25.029],[85.6335,25.0972],[85.6021,25.1034],[85.6332,25.1271],[85.6883,25.1329],[85.6999,25.264],[85.8347,25.2181],[85.9254,25.2408],[85.9061,25.291],[85.8088,25.288],[85.7296,25.3419],[85.6453,25.3137],[85.6113,25.3803]]]},"properties":{"state_name":"Bihar","pc_name":"NALANDA","pc_no":29,"state":"bihar","id":56}},{"type":"Feature","geometry":{"type":"Polygon","coordinates":[[[85.104,25.6597],[85.0699,25.5899],[85.1023,25.5903],[85.1312,25.5751],[85.1176,25.5048],[85.1821,25.4256],[85.1789,25.4007],[85.2199,25.4152],[85.3015,25.3936],[85.413,25.4576],[85.5759,25.4217],[85.6113,25.3803],[85.5451,25.4845],[85.5301,25.5374],[85.5054,25.5467],[85.4283,25.4954],[85.3253,25.5102],[85.2543,25.5851],[85.2426,25.5993],[85.2237,25.6078],[85.1881,25.6226],[85.1326,25.6271],[85.104,25.6597]]]},"properties":{"state_name":"Bihar","pc_name":"PATNA SAHIB","pc_no":30,"state":"bihar","id":57}},{"type":"Feature","geometry":{"type":"Polygon","coordinates":[[[84.8499,25.6997],[84.7997,25.5677],[84.7872,25.5545],[84.7633,25.4172],[84.7293,25.3394],[84.7021,25.3152],[84.7032,25.2565],[84.8574,25.2285],[84.9036,25.2889],[85.0162,25.2644],[85.1717,25.3071],[85.1789,25.4007],[85.1821,25.4256],[85.1176,25.5048],[85.1312,25.5751],[85.1023,25.5903],[85.0699,25.5899],[85.104,25.6597],[85.0817,25.7111],[84.9812,25.725],[84.9033,25.719],[84.8499,25.6997]]]},"properties":{"state_name":"Bihar","pc_name":"PATALIPUTRA","pc_no":31,"state":"bihar","id":58}},{"type":"Feature","geometry":{"type":"Polygon","coordinates":[[[84.6005,25.7384],[84.5166,25.6771],[84.3845,25.7329],[84.3275,25.6599],[84.336,25.5163],[84.3639,25.4673],[84.2732,25.3603],[84.3362,25.2951],[84.3264,25.277],[84.3316,25.2034],[84.4634,25.1611],[84.6299,25.2383],[84.6672,25.2904],[84.7021,25.3152],[84.7293,25.3394],[84.7633,25.4172],[84.7872,25.5545],[84.7997,25.5677],[84.8499,25.6997],[84.7632,25.706],[84.6005,25.7384]]]},"properties":{"state_name":"Bihar","pc_name":"ARRAH","pc_no":32,"state":"bihar","id":59}},{"type":"Feature","geometry":{"type":"Polygon","coordinates":[[[84.3845,25.7329],[84.3736,25.7442],[84.3244,25.6712],[84.2222,25.6628],[84.1051,25.7211],[84.0834,25.6447],[83.9519,25.5675],[83.93,25.5575],[83.8762,25.5178],[83.7827,25.3975],[83.7173,25.3974],[83.6283,25.3286],[83.5397,25.3157],[83.4022,25.2125],[83.5,25.1693],[83.5375,25.1738],[83.6668,25.2759],[83.8318,25.2383],[83.8976,25.2952],[84.018,25.2631],[84.0635,25.1555],[84.1235,25.1296],[84.2134,25.2456],[84.3264,25.277],[84.3362,25.2951],[84.2732,25.3603],[84.3639,25.4673],[84.336,25.5163],[84.3275,25.6599],[84.3845,25.7329]]]},"properties":{"state_name":"Bihar","pc_name":"BUXAR","pc_no":33,"state":"bihar","id":60}},{"type":"Feature","geometry":{"type":"Polygon","coordinates":[[[83.4022,25.2125],[83.3556,25.1964],[83.3548,24.9045],[83.3935,24.7823],[83.5204,24.6773],[83.5222,24.5475],[83.5035,24.5255],[83.7567,24.5101],[83.7576,24.5104],[83.7585,24.5108],[83.8728,24.5318],[84.007,24.6435],[84.057,24.732],[84.1366,24.8227],[84.0888,24.8831],[84.1333,25.0142],[84.0479,25.0212],[84.0189,25.0938],[84.0635,25.1555],[84.018,25.2631],[83.8976,25.2952],[83.8318,25.2383],[83.6668,25.2759],[83.5375,25.1738],[83.5,25.1693],[83.4022,25.2125]]]},"properties":{"state_name":"Bihar","pc_name":"SASARAM (SC)","pc_no":34,"state":"bihar","id":61}},{"type":"Feature","geometry":{"type":"Polygon","coordinates":[[[84.3264,25.277],[84.2134,25.2456],[84.1235,25.1296],[84.0635,25.1555],[84.0189,25.0938],[84.0479,25.0212],[84.1333,25.0142],[84.0888,24.8831],[84.1366,24.8227],[84.057,24.732],[84.007,24.6435],[84.0631,24.5791],[84.133,24.5779],[84.1754,24.6934],[84.3079,24.7039],[84.3207,24.8639],[84.4798,24.8778],[84.5052,24.8899],[84.6428,24.8669],[84.7203,24.9329],[84.7322,25.0453],[84.6545,25.1035],[84.541,25.1049],[84.4453,25.1292],[84.4526,25.1405],[84.4634,25.1611],[84.3316,25.2034],[84.3264,25.277]]]},"properties":{"state_name":"Bihar","pc_name":"KARAKAT","pc_no":35,"state":"bihar","id":62}},{"type":"Feature","geometry":{"type":"Polygon","coordinates":[[[85.1717,25.3071],[85.0162,25.2644],[84.9036,25.2889],[84.8574,25.2285],[84.7032,25.2565],[84.7021,25.3152],[84.6672,25.2904],[84.6299,25.2383],[84.4634,25.1611],[84.4526,25.1405],[84.4453,25.1292],[84.541,25.1049],[84.6545,25.1035],[84.7322,25.0453],[84.8679,25.0632],[84.8862,25.0615],[84.9064,25.0658],[85.0882,24.9919],[85.0408,24.8885],[85.3044,24.8281],[85.3749,24.8947],[85.3879,24.9616],[85.3608,24.9846],[85.2803,25.0266],[85.1917,25.0501],[85.1562,25.1841],[85.1781,25.2889],[85.1717,25.3071]]]},"properties":{"state_name":"Bihar","pc_name":"JAHANABAD","pc_no":36,"state":"bihar","id":63}},{"type":"Feature","geometry":{"type":"Polygon","coordinates":[[[84.0631,24.5791],[84.1084,24.4774],[84.2895,24.5629],[84.3277,24.4873],[84.3317,24.4351],[84.3318,24.4349],[84.439,24.3317],[84.4417,24.3319],[84.4434,24.332],[84.4898,24.2903],[84.4917,24.2867],[84.5682,24.4095],[84.6649,24.3908],[84.7484,24.4964],[84.74869746184866,24.49641565588677],[84.738,24.5624],[84.5966,24.5961],[84.6352,24.6512],[84.7691,24.6034],[84.8697,24.6786],[84.9163,24.7596],[84.9034,24.8646],[84.9345,24.9446],[84.8862,25.0615],[84.8679,25.0632],[84.7322,25.0453],[84.7203,24.9329],[84.6428,24.8669],[84.5052,24.8899],[84.4798,24.8778],[84.3207,24.8639],[84.3079,24.7039],[84.1754,24.6934],[84.133,24.5779],[84.0631,24.5791]]]},"properties":{"state_name":"Bihar","pc_name":"AURANGABAD","pc_no":37,"state":"bihar","id":64}},{"type":"Feature","geometry":{"type":"Polygon","coordinates":[[[84.8862,25.0615],[84.9345,24.9446],[84.9034,24.8646],[84.9163,24.7596],[84.8697,24.6786],[84.7691,24.6034],[84.6352,24.6512],[84.5966,24.5961],[84.738,24.5624],[84.74869746184866,24.49641565588677],[84.7503,24.4965],[84.9042,24.3951],[85.0307,24.4145],[85.0889,24.3726],[85.2287,24.4677],[85.3708,24.5552],[85.323,24.6334],[85.3067,24.6569],[85.2672,24.744],[85.2946,24.7897],[85.3044,24.8281],[85.0408,24.8885],[85.0882,24.9919],[84.9064,25.0658],[84.8862,25.0615]]]},"properties":{"state_name":"Bihar","pc_name":"GAYA (SC)","pc_no":38,"state":"bihar","id":65}},{"type":"Feature","geometry":{"type":"Polygon","coordinates":[[[85.3879,24.9616],[85.3749,24.8947],[85.3044,24.8281],[85.2946,24.7897],[85.2672,24.744],[85.3067,24.6569],[85.323,24.6334],[85.3708,24.5552],[85.442,24.534],[85.444,24.5344],[85.4441,24.5344],[85.5378,24.5274],[85.5809,24.6006],[85.59195917005833,24.599468948516762],[85.6512,24.6783],[85.7354,24.821],[85.8268,24.8082],[85.889,24.7928],[85.9026,24.7666],[86.0552,24.7795],[85.9744,24.8678],[85.8222,24.9221],[85.8334,24.986],[85.7516,25.0027],[85.774,25.0826],[85.8509,25.1395],[85.8347,25.2181],[85.6999,25.264],[85.6883,25.1329],[85.6332,25.1271],[85.6021,25.1034],[85.6335,25.0972],[85.559,25.029],[85.5443,24.9892],[85.4861,25.0044],[85.3879,24.9616]]]},"properties":{"state_name":"Bihar","pc_name":"NAWADA","pc_no":39,"state":"bihar","id":66}},{"type":"Feature","geometry":{"type":"Polygon","coordinates":[[[86.6493,25.218],[86.6177,25.1971],[86.619,25.1471],[86.4655,25.1695],[86.4194,25.1382],[86.3705,25.1443],[86.2431,25.0557],[86.163,25.047],[86.1185,24.9749],[85.975,24.9977],[85.9254,25.2408],[85.8347,25.2181],[85.8509,25.1395],[85.774,25.0826],[85.7516,25.0027],[85.8334,24.986],[85.8222,24.9221],[85.9744,24.8678],[86.0552,24.7795],[86.1233,24.7056],[86.1517,24.6003],[86.1517,24.6002],[86.1515,24.5999],[86.2467,24.5876],[86.2498,24.5869],[86.3006,24.5603],[86.316,24.442],[86.35,24.4473],[86.3775,24.4196],[86.3968,24.4036],[86.4559,24.3719],[86.4914,24.4296],[86.492,24.4325],[86.4921,24.433],[86.5093,24.5224],[86.6079,24.6082],[86.5851,24.6802],[86.527,24.7754],[86.5353,24.8691],[86.5064,24.9846],[86.5867,24.9452],[86.6502,24.9809],[86.6908,25.1142],[86.6493,25.218]]]},"properties":{"state_name":"Bihar","pc_name":"JAMUI (SC)","pc_no":40,"state":"bihar","id":67}},{"type":"Feature","geometry":{"type":"Polygon","coordinates":[[[83.3298,24.1014],[83.2236,23.9865],[83.2004,23.9155],[83.1416,23.885],[82.952,23.8708],[82.8116,23.9611],[82.6973,23.9197],[82.6646,23.8638],[82.496,23.7859],[82.5959,23.6925],[82.5898,23.5329],[82.6419,23.5006],[82.6514,23.4073],[82.7488,23.3542],[82.7666,23.2558],[82.6964,23.2445],[82.6491,23.157],[82.577,23.1278],[82.606,23.0218],[82.5748,22.9654],[82.556,22.8469],[82.7678,22.7899],[82.8329,22.7443],[83.0141,22.6383],[83.1154,22.6712],[83.1174,22.714],[83.1571,22.7686],[83.2181,22.7808],[83.3937,22.7348],[83.4116,22.6385],[83.5522,22.6963],[83.6374,22.6991],[83.6586,22.7766],[83.6227,22.8421],[83.5037,22.9535],[83.55,23.0333],[83.5175,23.0938],[83.5544,23.175],[83.6722,23.2318],[83.8267,23.2433],[83.9438,23.1656],[84.0377,23.1707],[84.0747,23.3336],[83.9671,23.3877],[84.0144,23.5034],[84.016,23.6343],[83.9376,23.5688],[83.7736,23.6101],[83.7418,23.7287],[83.7408,23.7308],[83.6673,23.8422],[83.5699,23.8692],[83.5159,24.0237],[83.5159,24.0242],[83.516,24.0255],[83.4322,24.0859],[83.3298,24.1014]]]},"properties":{"state_name":"Chhattisgarh","pc_name":"SURGUJA (ST)","pc_no":1,"state":"chhattisgarh","id":68}},{"type":"Feature","geometry":{"type":"Polygon","coordinates":[[[83.1154,22.6712],[83.0896,22.4917],[83.1096,22.366],[83.0295,22.2393],[83.0485,22.2026],[82.9372,22.1221],[83.0144,22.0772],[82.9957,21.9839],[83.0918,21.975],[83.1844,21.8606],[83.2644,21.7147],[83.3136,21.698],[83.2354,21.7018],[83.0009,21.7346],[82.9489,21.7242],[82.9858,21.6486],[82.9257,21.5593],[82.9344,21.4958],[83.0592,21.4362],[83.2688,21.3784],[83.3916,21.3426],[83.3989,21.4053],[83.3384,21.4991],[83.3678,21.5885],[83.4866,21.6442],[83.4833,21.794],[83.5788,21.8323],[83.5568,21.9363],[83.5618,22.0987],[83.6092,22.1573],[83.6272,22.2038],[83.8023,22.2898],[83.9065,22.3513],[84.0052,22.3743],[84.0475,22.4699],[84.0181,22.4894],[84.009,22.5257],[84.0842,22.6382],[84.2229,22.6687],[84.2918,22.7734],[84.2914,22.7822],[84.396,22.9392],[84.3735,22.9794],[84.1763,22.9768],[84.1334,23.083],[84.0377,23.1707],[83.9438,23.1656],[83.8267,23.2433],[83.6722,23.2318],[83.5544,23.175],[83.5175,23.0938],[83.55,23.0333],[83.5037,22.9535],[83.6227,22.8421],[83.6586,22.7766],[83.6374,22.6991],[83.5522,22.6963],[83.4116,22.6385],[83.3937,22.7348],[83.2181,22.7808],[83.1571,22.7686],[83.1174,22.714],[83.1154,22.6712]]]},"properties":{"state_name":"Chhattisgarh","pc_name":"RAIGARH (ST)","pc_no":2,"state":"chhattisgarh","id":69}},{"type":"Feature","geometry":{"type":"Polygon","coordinates":[[[82.9372,22.1221],[82.862,22.1721],[82.7303,22.0876],[82.6476,22.1006],[82.6319,22.2454],[82.5215,22.2494],[82.4578,22.2132],[82.3336,22.105],[82.3104,21.9243],[82.3831,21.7607],[82.438,21.7399],[82.3264,21.7143],[82.2475,21.7541],[82.2566,21.6865],[82.1827,21.5704],[82.0796,21.5319],[81.9843,21.5474],[81.9551,21.4864],[82.0065,21.4525],[82.1973,21.383],[82.2552,21.3371],[82.3916,21.2673],[82.4722,21.328],[82.5643,21.3159],[82.7031,21.3736],[82.6911,21.485],[82.7978,21.5101],[82.8758,21.5565],[82.9344,21.4958],[82.9257,21.5593],[82.9858,21.6486],[82.9489,21.7242],[83.0009,21.7346],[83.2354,21.7018],[83.3136,21.698],[83.2644,21.7147],[83.1844,21.8606],[83.0918,21.975],[82.9957,21.9839],[83.0144,22.0772],[82.9372,22.1221]]]},"properties":{"state_name":"Chhattisgarh","pc_name":"JANJGIR-CHAMPA (SC","pc_no":3,"state":"chhattisgarh","id":70}},{"type":"Feature","geometry":{"type":"Polygon","coordinates":[[[82.496,23.7859],[82.3346,23.8026],[82.2117,23.8522],[82.0535,23.8188],[82.0088,23.8612],[81.8152,23.8064],[81.6583,23.9164],[81.6038,23.8845],[81.696,23.7211],[81.5769,23.5854],[81.6271,23.491],[81.7254,23.5571],[81.8202,23.5157],[81.9171,23.5353],[81.9837,23.4182],[82.1041,23.3978],[82.1991,23.3137],[82.1486,23.2201],[82.1224,23.1039],[81.946,23.0746],[81.93,23.0211],[81.9504,22.9828],[81.8616,22.8891],[81.7757,22.8742],[81.7691,22.7418],[81.8896,22.7504],[81.9661,22.7223],[82.007,22.6307],[82.1564,22.5442],[82.138,22.4544],[82.1821,22.41],[82.1507,22.3297],[82.2682,22.3349],[82.3107,22.3005],[82.4099,22.289],[82.4578,22.2132],[82.5215,22.2494],[82.6319,22.2454],[82.6476,22.1006],[82.7303,22.0876],[82.862,22.1721],[82.9372,22.1221],[83.0485,22.2026],[83.0295,22.2393],[83.1096,22.366],[83.0896,22.4917],[83.1154,22.6712],[83.0141,22.6383],[82.8329,22.7443],[82.7678,22.7899],[82.556,22.8469],[82.5748,22.9654],[82.606,23.0218],[82.577,23.1278],[82.6491,23.157],[82.6964,23.2445],[82.7666,23.2558],[82.7488,23.3542],[82.6514,23.4073],[82.6419,23.5006],[82.5898,23.5329],[82.5959,23.6925],[82.496,23.7859]]]},"properties":{"state_name":"Chhattisgarh","pc_name":"KORBA","pc_no":4,"state":"chhattisgarh","id":71}},{"type":"Feature","geometry":{"type":"Polygon","coordinates":[[[82.4578,22.2132],[82.4099,22.289],[82.3107,22.3005],[82.2682,22.3349],[82.1507,22.3297],[82.1821,22.41],[82.138,22.4544],[82.1564,22.5442],[82.007,22.6307],[81.9661,22.7223],[81.8896,22.7504],[81.7691,22.7418],[81.7278,22.6753],[81.7178,22.6521],[81.6486,22.6153],[81.6227,22.5386],[81.5224,22.5391],[81.479,22.4917],[81.5428,22.3391],[81.5382,22.1503],[81.503,22.0112],[81.6477,21.9924],[81.7788,21.9513],[81.8916,21.8877],[81.9279,21.8182],[82.051,21.8818],[82.1869,21.827],[82.2204,21.7573],[82.2475,21.7541],[82.3264,21.7143],[82.438,21.7399],[82.3831,21.7607],[82.3104,21.9243],[82.3336,22.105],[82.4578,22.2132]]]},"properties":{"state_name":"Chhattisgarh","pc_name":"BILASPUR","pc_no":5,"state":"chhattisgarh","id":72}},{"type":"Feature","geometry":{"type":"Polygon","coordinates":[[[81.479,22.4917],[81.4228,22.4702],[81.3313,22.5255],[81.1993,22.4628],[81.1079,22.3988],[81.1184,22.2906],[81.0469,22.2425],[80.9944,22.0493],[80.9079,22.1096],[80.8321,21.9078],[80.8426,21.8337],[80.817,21.7616],[80.7484,21.7562],[80.717,21.6717],[80.7337,21.4835],[80.66,21.3342],[80.6577,21.2816],[80.6157,21.228],[80.464,21.1751],[80.447,21.0793],[80.4634,20.9297],[80.5417,20.9248],[80.5611,20.8228],[80.5521,20.7808],[80.612,20.6006],[80.6257,20.3305],[80.4244,20.2527],[80.4338,20.1353],[80.5521,20.1181],[80.5842,20.1776],[80.6895,20.1908],[80.7497,20.2914],[80.8251,20.3007],[80.8602,20.3877],[80.9919,20.4594],[80.954,20.5407],[80.9527,20.6422],[80.8166,20.6887],[80.821,20.7604],[80.9674,20.8183],[80.9819,20.8988],[80.9419,20.9465],[81.0336,20.9956],[81.1208,21.0047],[81.1484,21.0764],[81.2072,21.1767],[81.1657,21.2642],[81.1882,21.3604],[81.1951,21.5183],[81.1715,21.7049],[81.3372,21.7733],[81.4079,21.889],[81.503,22.0112],[81.5382,22.1503],[81.5428,22.3391],[81.479,22.4917]]]},"properties":{"state_name":"Chhattisgarh","pc_name":"RAJNANDGAON","pc_no":6,"state":"chhattisgarh","id":73}},{"type":"Feature","geometry":{"type":"Polygon","coordinates":[[[81.503,22.0112],[81.4079,21.889],[81.3372,21.7733],[81.1715,21.7049],[81.1951,21.5183],[81.1882,21.3604],[81.1657,21.2642],[81.2072,21.1767],[81.1484,21.0764],[81.2679,21.0332],[81.3908,21.0558],[81.402,20.8497],[81.4742,20.8656],[81.5891,20.9406],[81.6109,21.0272],[81.5816,21.1237],[81.6016,21.2073],[81.5375,21.2879],[81.5558,21.3349],[81.5937,21.3515],[81.6279,21.4718],[81.6981,21.6113],[81.6709,21.6618],[81.7006,21.7614],[81.8357,21.7622],[81.9279,21.8182],[81.8916,21.8877],[81.7788,21.9513],[81.6477,21.9924],[81.503,22.0112]]]},"properties":{"state_name":"Chhattisgarh","pc_name":"DURG","pc_no":7,"state":"chhattisgarh","id":74}},{"type":"Feature","geometry":{"type":"Polygon","coordinates":[[[82.2475,21.7541],[82.2204,21.7573],[82.1869,21.827],[82.051,21.8818],[81.9279,21.8182],[81.8357,21.7622],[81.7006,21.7614],[81.6709,21.6618],[81.6981,21.6113],[81.6279,21.4718],[81.5937,21.3515],[81.5558,21.3349],[81.5375,21.2879],[81.6016,21.2073],[81.5816,21.1237],[81.6109,21.0272],[81.7487,21.0115],[81.8737,20.9647],[81.9912,21.1054],[82.017,21.1746],[82.0651,21.2672],[82.1973,21.383],[82.0065,21.4525],[81.9551,21.4864],[81.9843,21.5474],[82.0796,21.5319],[82.1827,21.5704],[82.2566,21.6865],[82.2475,21.7541]]]},"properties":{"state_name":"Chhattisgarh","pc_name":"RAIPUR","pc_no":8,"state":"chhattisgarh","id":75}},{"type":"Feature","geometry":{"type":"Polygon","coordinates":[[[82.9344,21.4958],[82.8758,21.5565],[82.7978,21.5101],[82.6911,21.485],[82.7031,21.3736],[82.5643,21.3159],[82.4722,21.328],[82.3916,21.2673],[82.2552,21.3371],[82.1973,21.383],[82.0651,21.2672],[82.017,21.1746],[81.9912,21.1054],[81.8737,20.9647],[81.7487,21.0115],[81.6109,21.0272],[81.5891,20.9406],[81.4742,20.8656],[81.4989,20.8469],[81.5131,20.6141],[81.4103,20.5526],[81.538,20.5006],[81.639,20.5058],[81.5996,20.6251],[81.7516,20.742],[81.9046,20.8339],[81.9361,20.7393],[82.0122,20.6738],[81.9969,20.6277],[82.0206,20.5282],[82.0853,20.411],[82.1088,20.2906],[82.1805,20.2572],[82.0927,20.1013],[82.0175,20.0483],[82.0649,20.0567],[82.2688,19.9764],[82.344,19.8359],[82.446,19.9092],[82.6034,19.8669],[82.5945,19.7755],[82.7244,19.8758],[82.7185,19.9506],[82.7122,19.9974],[82.5953,19.9918],[82.3983,20.0582],[82.39,20.1637],[82.4225,20.2208],[82.432,20.4169],[82.3896,20.5177],[82.3322,20.5619],[82.3765,20.6324],[82.3478,20.7511],[82.3461,20.874],[82.4811,20.8513],[82.5595,20.9484],[82.6364,21.0923],[82.641,21.1549],[82.8973,21.1621],[83.0779,21.112],[83.1769,21.1356],[83.2173,21.2547],[83.2762,21.3021],[83.2688,21.3784],[83.0592,21.4362],[82.9344,21.4958]]]},"properties":{"state_name":"Chhattisgarh","pc_name":"MAHASAMUND","pc_no":9,"state":"chhattisgarh","id":76}},{"type":"Feature","geometry":{"type":"Polygon","coordinates":[[[80.6732,19.6929],[80.7754,19.5625],[80.8949,19.5196],[80.8811,19.4509],[80.8118,19.4328],[80.8328,19.3494],[80.7559,19.2892],[80.6804,19.3301],[80.6123,19.3097],[80.5805,19.3983],[80.4862,19.3411],[80.3919,19.2429],[80.3867,19.1799],[80.2735,18.9932],[80.2703,18.9399],[80.3502,18.8149],[80.2717,18.7233],[80.33304827059148,18.617181798057803],[80.3446,18.5972],[80.3576894023104,18.597050577599198],[80.3884,18.5967],[80.5147,18.6194],[80.5998,18.5531],[80.6230063275676,18.526400435529272],[80.63895240311466,18.508054005191084],[80.6784753337257,18.46258170756672],[80.68706846158574,18.45269506045997],[80.69247076778144,18.4464795478097],[80.69974729489478,18.438107688702754],[80.72131010541366,18.413299039081558],[80.732,18.401],[80.73340050402896,18.351872515533024],[80.7371,18.2221],[80.80748629021812,18.175881841839796],[80.8667,18.137],[80.92135893690272,18.14550684706715],[80.9785,18.1544],[80.9493,18.0829],[80.9853208742246,17.961558806583554],[80.9984,17.9175],[81.0083,17.7981],[81.0733,17.7865],[81.1661,17.8577],[81.24598352148072,17.81919614264629],[81.2661,17.8095],[81.3918,17.8155],[81.4075,17.8961],[81.4831,17.9772],[81.5358,18.2686],[81.6593,18.3465],[81.7503,18.3526],[81.7691,18.4182],[81.9495,18.5721],[81.9677,18.6964],[82.0909,18.7411],[82.1608,18.7893],[82.1762,18.9027],[82.246,18.9192],[82.2056,19.0602],[82.2087,19.12],[82.1789,19.1919],[82.1766,19.2142],[82.1678,19.2141],[82.1684,19.4369],[82.0999,19.5168],[82.0315,19.5078],[82.0528,19.6761],[82.0647,19.79],[81.8886,19.8927],[81.8466,19.8592],[81.7158,19.8688],[81.6549,19.6525],[81.5649,19.6883],[81.5101,19.6601],[81.4483,19.7235],[81.3513,19.7413],[81.3958,19.8365],[81.3,19.799],[81.1361,19.7861],[81.0841,19.692],[81.0032,19.8093],[80.9462,19.8033],[80.8967,19.9162],[80.7556,19.8655],[80.6732,19.6929]]]},"properties":{"state_name":"Chhattisgarh","pc_name":"BASTAR (ST)","pc_no":10,"state":"chhattisgarh","id":77}},{"type":"Feature","geometry":{"type":"Polygon","coordinates":[[[80.5521,20.1181],[80.5433,20.0122],[80.4688,19.8265],[80.6732,19.6929],[80.7556,19.8655],[80.8967,19.9162],[80.9462,19.8033],[81.0032,19.8093],[81.0841,19.692],[81.1361,19.7861],[81.3,19.799],[81.3958,19.8365],[81.3513,19.7413],[81.4483,19.7235],[81.5101,19.6601],[81.5649,19.6883],[81.6549,19.6525],[81.7158,19.8688],[81.8466,19.8592],[81.8886,19.8927],[81.8536,19.9183],[81.8794,20.0508],[81.9471,20.1071],[82.0175,20.0483],[82.0927,20.1013],[82.1805,20.2572],[82.1088,20.2906],[82.0853,20.411],[82.0206,20.5282],[81.9969,20.6277],[82.0122,20.6738],[81.9361,20.7393],[81.9046,20.8339],[81.7516,20.742],[81.5996,20.6251],[81.639,20.5058],[81.538,20.5006],[81.4103,20.5526],[81.5131,20.6141],[81.4989,20.8469],[81.4742,20.8656],[81.402,20.8497],[81.3908,21.0558],[81.2679,21.0332],[81.1484,21.0764],[81.1208,21.0047],[81.0336,20.9956],[80.9419,20.9465],[80.9819,20.8988],[80.9674,20.8183],[80.821,20.7604],[80.8166,20.6887],[80.9527,20.6422],[80.954,20.5407],[80.9919,20.4594],[80.8602,20.3877],[80.8251,20.3007],[80.7497,20.2914],[80.6895,20.1908],[80.5842,20.1776],[80.5521,20.1181]]]},"properties":{"state_name":"Chhattisgarh","pc_name":"KANKER (ST)","pc_no":11,"state":"chhattisgarh","id":78}},{"type":"Feature","geometry":{"type":"Polygon","coordinates":[[[77.1648,28.7305],[77.1413,28.7329],[77.1367,28.73],[77.1212,28.7067],[77.1176,28.704],[77.1091,28.7007],[77.0951,28.6816],[77.0921,28.6536],[77.1016,28.6595],[77.1119,28.66],[77.1285,28.6745],[77.1592,28.6735],[77.1625,28.6719],[77.1729,28.6647],[77.1855,28.6625],[77.2046,28.6574],[77.2195,28.64],[77.2211,28.6399],[77.2446,28.6231],[77.2407,28.6399],[77.256,28.6526],[77.2467,28.66],[77.2349,28.6757],[77.2357,28.7003],[77.2105,28.6658],[77.2029,28.67],[77.1849,28.7094],[77.2048,28.719],[77.1648,28.7305]]]},"properties":{"state_name":"Delhi","pc_name":"CHANDNI CHOWK","pc_no":1,"state":"delhi","id":79}},{"type":"Feature","geometry":{"type":"Polygon","coordinates":[[[77.2467,28.66],[77.2731,28.668],[77.2805,28.6672],[77.304,28.6721],[77.3322,28.6858],[77.3263,28.6948],[77.3239,28.6977],[77.2866,28.7138],[77.2865,28.7246],[77.2141,28.7854],[77.2139,28.7855],[77.1284,28.7682],[77.1648,28.7305],[77.2048,28.719],[77.1849,28.7094],[77.2029,28.67],[77.2105,28.6658],[77.2357,28.7003],[77.2349,28.6757],[77.2467,28.66]]]},"properties":{"state_name":"Delhi","pc_name":"NORTH EAST DELHI","pc_no":2,"state":"delhi","id":80}},{"type":"Feature","geometry":{"type":"Polygon","coordinates":[[[77.2446,28.6231],[77.245,28.5912],[77.2547,28.5639],[77.2633,28.5714],[77.2767,28.5402],[77.2819,28.5273],[77.3358,28.5261],[77.3004,28.5631],[77.3126,28.5955],[77.334,28.6282],[77.3204,28.6583],[77.3214,28.6644],[77.3322,28.6858],[77.304,28.6721],[77.2805,28.6672],[77.2731,28.668],[77.2467,28.66],[77.256,28.6526],[77.2407,28.6399],[77.2446,28.6231]]]},"properties":{"state_name":"Delhi","pc_name":"EAST DELHI","pc_no":3,"state":"delhi","id":81}},{"type":"Feature","geometry":{"type":"Polygon","coordinates":[[[77.1285,28.6745],[77.1294,28.6506],[77.1353,28.6403],[77.1344,28.6308],[77.111,28.6025],[77.1037,28.5939],[77.0845,28.5724],[77.1313,28.5494],[77.153,28.5562],[77.1832,28.5504],[77.2161,28.525],[77.2181,28.5258],[77.2313,28.5261],[77.2461,28.5137],[77.256,28.5225],[77.2472,28.5534],[77.2547,28.5639],[77.245,28.5912],[77.2446,28.6231],[77.2211,28.6399],[77.2195,28.64],[77.2046,28.6574],[77.1855,28.6625],[77.1729,28.6647],[77.1625,28.6719],[77.1592,28.6735],[77.1285,28.6745]]]},"properties":{"state_name":"Delhi","pc_name":"NEW DELHI","pc_no":4,"state":"delhi","id":82}},{"type":"Feature","geometry":{"type":"Polygon","coordinates":[[[77.1648,28.7305],[77.1284,28.7682],[77.2139,28.7855],[77.2226,28.8334],[77.2089,28.8585],[77.0513,28.8549],[77.0397,28.8321],[76.9512,28.8177],[76.9497,28.7625],[76.9567,28.6726],[76.9952,28.6534],[77.0746,28.6474],[77.0846,28.6547],[77.0921,28.6536],[77.0951,28.6816],[77.1091,28.7007],[77.1176,28.704],[77.1212,28.7067],[77.1367,28.73],[77.1413,28.7329],[77.1648,28.7305]]]},"properties":{"state_name":"Delhi","pc_name":"NORTH WEST DELHI (SC)","pc_no":5,"state":"delhi","id":83}},{"type":"Feature","geometry":{"type":"Polygon","coordinates":[[[77.0921,28.6536],[77.0846,28.6547],[77.0746,28.6474],[76.9952,28.6534],[76.9567,28.6726],[76.9246,28.6496],[76.8839,28.6248],[76.8726,28.5328],[76.8855,28.501],[77.0137,28.5394],[77.0943,28.5059],[77.1313,28.5494],[77.0845,28.5724],[77.1037,28.5939],[77.111,28.6025],[77.1344,28.6308],[77.1353,28.6403],[77.1294,28.6506],[77.1285,28.6745],[77.1119,28.66],[77.1016,28.6595],[77.0921,28.6536]]]},"properties":{"state_name":"Delhi","pc_name":"WEST DELHI","pc_no":6,"state":"delhi","id":84}},{"type":"Feature","geometry":{"type":"Polygon","coordinates":[[[77.2547,28.5639],[77.2472,28.5534],[77.256,28.5225],[77.2461,28.5137],[77.2313,28.5261],[77.2181,28.5258],[77.2161,28.525],[77.1832,28.5504],[77.153,28.5562],[77.1313,28.5494],[77.0943,28.5059],[77.1169,28.4904],[77.1114,28.4746],[77.1221,28.445],[77.1736,28.4055],[77.2059,28.4094],[77.231,28.4602],[77.2383,28.4757],[77.2766,28.4931],[77.2958,28.4956],[77.3017,28.4895],[77.3433,28.5105],[77.3358,28.5261],[77.2819,28.5273],[77.2767,28.5402],[77.2633,28.5714],[77.2547,28.5639]]]},"properties":{"state_name":"Delhi","pc_name":"SOUTH DELHI","pc_no":7,"state":"delhi","id":85}},{"type":"Feature","geometry":{"type":"Polygon","coordinates":[[[74.1176,15.6517],[74.0172,15.6076],[73.9726,15.628],[73.945,15.6994],[73.8757,15.7511],[73.7319,15.7228],[73.6754,15.727],[73.7304,15.6225],[73.7412,15.5653],[73.7828,15.498],[73.8059,15.4958],[73.8281,15.5086],[73.8599,15.5261],[73.9194,15.5415],[73.8938,15.5026],[73.8348,15.5003],[73.8143,15.492],[73.8081,15.475],[73.832,15.4526],[73.8399,15.4491],[73.9349,15.4372],[73.9365,15.4348],[73.9558,15.4685],[73.9999,15.4152],[74.0365,15.45],[74.0536,15.4109],[74.0719,15.4124],[74.2509,15.4933],[74.2786,15.5228],[74.2505,15.6578],[74.2026,15.6542],[74.1176,15.6517]]]},"properties":{"state_name":"Goa","pc_name":"NORTH GOA","pc_no":1,"state":"goa","id":86}},{"type":"Feature","geometry":{"type":"Polygon","coordinates":[[[73.9365,15.4348],[73.9228,15.4054],[73.8629,15.4014],[73.8292,15.4071],[73.8067,15.3994],[73.7949,15.4144],[73.7839,15.4137],[73.7915,15.3943],[73.8061,15.3937],[73.8243,15.3708],[73.8544,15.3663],[73.8974,15.3237],[73.9091,15.2882],[73.9424,15.1703],[73.9493,15.1434],[73.9818,15.055],[74.0857,14.9006],[74.2535,14.9974],[74.2954,15.0456],[74.3167,15.1869],[74.2514,15.2579],[74.3261,15.2837],[74.2509,15.4933],[74.0719,15.4124],[74.0536,15.4109],[74.0365,15.45],[73.9999,15.4152],[73.9558,15.4685],[73.9365,15.4348]]]},"properties":{"state_name":"Goa","pc_name":"SOUTH GOA","pc_no":2,"state":"goa","id":87}},{"type":"Feature","geometry":{"type":"MultiPolygon","coordinates":[[[[69.1458,23.7298],[69.0454,23.7142],[68.9762,23.7822],[68.8444,23.8342],[68.72,23.839],[68.6257,23.7434],[68.5509,23.7234],[68.4797,23.547],[68.5151,23.4508],[68.6094,23.4086],[68.7214,23.2589],[68.6469,23.2145],[68.8033,23.0636],[69.0195,22.9503],[69.1222,22.8806],[69.268,22.825],[69.4321,22.803],[69.6094,22.816],[69.7108,22.7812],[69.8007,22.8509],[69.9789,22.9024],[70.09,22.9305],[70.1134,22.9846],[70.2243,23.1608],[70.3022,23.2085],[70.4244,23.2165],[70.579,23.1775],[70.7004,23.2161],[70.8685,23.381],[71.0971,23.4841],[71.001,23.6124],[70.9882,23.6767],[70.8424,23.7736],[70.9204,23.8351],[70.8539,23.8965],[70.6174,23.9574],[70.5394,23.905],[70.6286,23.761],[70.484,23.7672],[70.4948,23.7028],[70.4361,23.643],[70.2907,23.562],[70.2618,23.5044],[70.2282,23.4088],[70.2159,23.4084],[70.1677,23.4216],[69.9983,23.4728],[70.0235,23.5603],[69.9018,23.685],[69.9542,23.7506],[69.8925,23.871],[69.8466,23.8762],[69.7353,23.9782],[69.6911,23.9387],[69.6843,23.7767],[69.6213,23.7532],[69.5295,23.8217],[69.3501,23.7723],[69.2523,23.8207],[69.141,23.7834],[69.1458,23.7298]],[[69.5867,23.4631],[69.5796,23.5817],[69.4581,23.5153],[69.3373,23.5258],[69.2742,23.5934],[69.1816,23.63],[69.4212,23.6118],[69.6308,23.6333],[69.6337,23.5692],[69.7978,23.5497],[69.8049,23.475],[69.6604,23.5026],[69.5867,23.4631]]],[[[70.1777,23.899],[70.2015,23.853],[70.3532,23.7853],[70.4573,23.8947],[70.4252,23.9327],[70.1777,23.899]]],[[[70.9968,22.9225],[70.9542,23.0011],[71.0452,23.1693],[70.8362,23.1121],[70.7486,23.146],[70.5608,23.0288],[70.5458,22.9237],[70.6185,22.8791],[70.7022,22.9585],[70.7629,22.9647],[70.8221,22.8043],[70.9968,22.9225]]]]},"properties":{"state_name":"Gujarat","pc_name":"KACHCHH (SC)","pc_no":1,"state":"gujarat","id":88}},{"type":"Feature","geometry":{"type":"Polygon","coordinates":[[[72.4575,24.4155],[72.3537,24.5634],[72.2954,24.5465],[72.24137336099407,24.6263506928704],[72.16493153235581,24.621009191045413],[72.1648924502263,24.621006460115638],[72.1648,24.621],[72.0581360816579,24.712269126004056],[72.05758143759874,24.712001220456585],[71.9255,24.6359],[71.91504292066166,24.643151912897306],[71.8491,24.6113],[71.84895230495746,24.611493287860032],[71.8489,24.6113],[71.80301434560408,24.671481185068288],[71.6556,24.6391],[71.65551206097643,24.639124598750925],[71.6554,24.6391],[71.574,24.66192556701031],[71.5101,24.6798],[71.3776,24.6255],[71.2791,24.5249],[71.3341,24.4799],[71.3831,24.3501],[71.2744,24.2576],[71.3272,24.1663],[71.319,23.9837],[71.4458,23.9422],[71.488,23.9743],[71.6335,23.9541],[71.6837,24.0654],[71.812,24.0629],[71.8557,24.1418],[72.0417,24.1893],[72.2035,24.1764],[72.2038,24.1488],[72.2535,24.0818],[72.3107,24.1398],[72.439,24.1272],[72.5719,24.2383],[72.6881,24.161],[72.6501,24.08],[72.7824,24.1018],[72.8661,24.0248],[72.8997,24.0259],[73.028,24.2737],[72.9595,24.361],[72.95950073186837,24.36100265783778],[72.72442999804284,24.36729651938942],[72.7243,24.3673],[72.6554,24.4622],[72.5984,24.49021030927835],[72.5392,24.5192],[72.4575,24.4155]]]},"properties":{"state_name":"Gujarat","pc_name":"BANASKANTHA","pc_no":2,"state":"gujarat","id":89}},{"type":"Feature","geometry":{"type":"Polygon","coordinates":[[[71.319,23.9837],[71.0973,23.9019],[71.056,23.7867],[71.0814,23.5984],[71.2219,23.6562],[71.3758,23.6496],[71.4482,23.5359],[71.5198,23.5279],[71.5341,23.4791],[71.6134,23.5013],[71.8637,23.4721],[71.9686,23.5268],[72.0125,23.6319],[72.1132,23.6019],[72.1927,23.6325],[72.2833,23.613],[72.28,23.7133],[72.2835,23.7113],[72.2888,23.8527],[72.4129,23.9041],[72.4699,23.8937],[72.5883,23.8647],[72.6821,23.7372],[72.808,23.7892],[72.8195,23.9502],[72.8661,24.0248],[72.7824,24.1018],[72.6501,24.08],[72.6881,24.161],[72.5719,24.2383],[72.439,24.1272],[72.3107,24.1398],[72.2535,24.0818],[72.2038,24.1488],[72.2035,24.1764],[72.0417,24.1893],[71.8557,24.1418],[71.812,24.0629],[71.6837,24.0654],[71.6335,23.9541],[71.488,23.9743],[71.4458,23.9422],[71.319,23.9837]]]},"properties":{"state_name":"Gujarat","pc_name":"PATAN","pc_no":3,"state":"gujarat","id":90}},{"type":"Feature","geometry":{"type":"Polygon","coordinates":[[[71.9686,23.5268],[71.9984,23.4989],[72.0876,23.4592],[72.2981,23.4166],[72.2089,23.3136],[72.168,23.1974],[72.1892,23.1069],[72.3343,23.1082],[72.4149,23.131],[72.4103,23.2803],[72.5231,23.3611],[72.596,23.3352],[72.7071,23.3282],[72.7234,23.3884],[72.8074,23.4407],[72.7987,23.504],[72.8312,23.5459],[72.8047,23.7306],[72.808,23.7892],[72.6821,23.7372],[72.5883,23.8647],[72.4699,23.8937],[72.4129,23.9041],[72.2888,23.8527],[72.2835,23.7113],[72.28,23.7133],[72.2833,23.613],[72.1927,23.6325],[72.1132,23.6019],[72.0125,23.6319],[71.9686,23.5268]]]},"properties":{"state_name":"Gujarat","pc_name":"MAHESANA","pc_no":4,"state":"gujarat","id":91}},{"type":"Feature","geometry":{"type":"Polygon","coordinates":[[[72.8661,24.0248],[72.8195,23.9502],[72.808,23.7892],[72.8047,23.7306],[72.8312,23.5459],[72.7987,23.504],[72.8074,23.4407],[72.7234,23.3884],[72.81,23.3187],[72.9156,23.3228],[73.0147,23.2778],[73.0167,23.1604],[73.155,23.1598],[73.2413,23.0705],[73.3261,23.0819],[73.4143,23.2655],[73.5258,23.2856],[73.5943,23.3788],[73.6274,23.4485],[73.65538506498294,23.620907989627014],[73.65396952942984,23.621665243605825],[73.48140177269842,23.701918273015874],[73.4736,23.7054],[73.3626,23.8126],[73.37820213378087,23.90313212658835],[73.3783,23.9037],[73.37834606197377,23.904002012251706],[73.3969019614871,24.025666555366207],[73.3615,24.104],[73.24828337988826,24.006820810055867],[73.2429,24.0021],[73.15065390946502,24.101738271604937],[73.06583123045912,24.193358253330274],[73.0657,24.1935],[73.13621470660446,24.324642646697765],[73.1519,24.3539],[73.15163358549916,24.354314837809937],[73.02245729950802,24.465308204291972],[72.9984631561441,24.475476321307358],[72.98176090553382,24.441842235885975],[72.95992857142858,24.362556390977442],[72.9596,24.361],[72.95950073186837,24.36100265783778],[72.9595,24.361],[73.028,24.2737],[72.8997,24.0259],[72.8661,24.0248]]]},"properties":{"state_name":"Gujarat","pc_name":"SABARKANTHA","pc_no":5,"state":"gujarat","id":92}},{"type":"Feature","geometry":{"type":"Polygon","coordinates":[[[72.1892,23.1069],[72.191,23.0109],[72.1391,22.9856],[72.1499,22.8795],[72.0529,22.7975],[72.0646,22.6044],[72.1636,22.5736],[72.2775,22.7635],[72.4392,22.8588],[72.4752,22.9708],[72.5304,22.9523],[72.5392,22.976],[72.5379,22.978],[72.5275,23.0414],[72.5293,23.0613],[72.5777,23.0537],[72.5898,23.0629],[72.6037,23.0884],[72.5611,23.109],[72.5373,23.166],[72.5351,23.2591],[72.6214,23.1834],[72.689,23.2145],[72.7071,23.3282],[72.596,23.3352],[72.5231,23.3611],[72.4103,23.2803],[72.4149,23.131],[72.3343,23.1082],[72.1892,23.1069]]]},"properties":{"state_name":"Gujarat","pc_name":"GANDHINAGAR","pc_no":6,"state":"gujarat","id":93}},{"type":"Feature","geometry":{"type":"Polygon","coordinates":[[[72.7071,23.3282],[72.689,23.2145],[72.6214,23.1834],[72.5351,23.2591],[72.5373,23.166],[72.5611,23.109],[72.6037,23.0884],[72.5898,23.0629],[72.5925,23.0619],[72.6225,23.049],[72.6188,23.0455],[72.6115,23.0389],[72.6172,23.0288],[72.6519,23.0292],[72.6729,23.0247],[72.6665,22.9978],[72.5909,22.9422],[72.7462,22.9422],[72.6852,23.027],[72.6819,23.0483],[72.687,23.1024],[72.744,23.0995],[72.8407,22.9967],[73.0167,23.1604],[73.0147,23.2778],[72.9156,23.3228],[72.81,23.3187],[72.7234,23.3884],[72.7071,23.3282]]]},"properties":{"state_name":"Gujarat","pc_name":"AHMEDABAD EAST","pc_no":7,"state":"gujarat","id":94}},{"type":"Feature","geometry":{"type":"Polygon","coordinates":[[[72.5304,22.9523],[72.5684,22.9523],[72.5909,22.9422],[72.6665,22.9978],[72.6729,23.0247],[72.6519,23.0292],[72.6172,23.0288],[72.6115,23.0389],[72.6188,23.0455],[72.6225,23.049],[72.5925,23.0619],[72.5898,23.0629],[72.5777,23.0537],[72.5293,23.0613],[72.5275,23.0414],[72.5379,22.978],[72.5392,22.976],[72.5304,22.9523]]]},"properties":{"state_name":"Gujarat","pc_name":"AHMEDABAD WEST(SC)","pc_no":8,"state":"gujarat","id":95}},{"type":"Feature","geometry":{"type":"Polygon","coordinates":[[[70.9968,22.9225],[70.997,22.789],[71.1196,22.7572],[71.1622,22.6827],[71.0966,22.6184],[71.1642,22.4841],[71.0127,22.3579],[71.0796,22.2631],[71.1589,22.165],[71.3106,22.2795],[71.4376,22.2612],[71.5306,22.3433],[71.6143,22.3398],[71.63,22.2279],[71.8628,22.0994],[71.899,22.1047],[72.0196,22.1047],[72.1234,22.0572],[72.1753,21.9908],[72.2751,22.1522],[72.2583,22.2733],[72.2928,22.3889],[72.3422,22.3858],[72.3564,22.4405],[72.2839,22.4232],[72.164,22.4794],[72.1636,22.5736],[72.0646,22.6044],[72.0529,22.7975],[72.1499,22.8795],[72.1391,22.9856],[72.191,23.0109],[72.1892,23.1069],[72.168,23.1974],[72.2089,23.3136],[72.2981,23.4166],[72.0876,23.4592],[71.9984,23.4989],[71.9686,23.5268],[71.8637,23.4721],[71.6134,23.5013],[71.5341,23.4791],[71.564,23.3736],[71.641,23.3387],[71.7627,23.1555],[71.7069,23.1164],[71.6262,23.1427],[71.4672,23.1396],[71.3502,23.1744],[71.2221,23.147],[71.1094,23.2221],[71.0452,23.1693],[70.9542,23.0011],[70.9968,22.9225]]]},"properties":{"state_name":"Gujarat","pc_name":"SURENDRANAGAR","pc_no":9,"state":"gujarat","id":96}},{"type":"Feature","geometry":{"type":"Polygon","coordinates":[[[70.6185,22.8791],[70.6635,22.8312],[70.6139,22.7633],[70.645,22.7039],[70.5502,22.5666],[70.5862,22.4895],[70.4924,22.4113],[70.5081,22.2721],[70.5876,22.1668],[70.5639,22.0381],[70.7934,22.1062],[70.838,22.0069],[70.9431,21.9001],[71.0514,21.8243],[71.0818,21.8243],[71.0304,21.8742],[71.3049,22.042],[71.3928,21.9801],[71.475,22.0381],[71.5127,22.057],[71.4862,22.1862],[71.4376,22.2612],[71.3106,22.2795],[71.1589,22.165],[71.0796,22.2631],[71.0127,22.3579],[71.1642,22.4841],[71.0966,22.6184],[71.1622,22.6827],[71.1196,22.7572],[70.997,22.789],[70.9968,22.9225],[70.8221,22.8043],[70.7629,22.9647],[70.7022,22.9585],[70.6185,22.8791]]]},"properties":{"state_name":"Gujarat","pc_name":"RAJKOT","pc_no":10,"state":"gujarat","id":97}},{"type":"Feature","geometry":{"type":"Polygon","coordinates":[[[70.5639,22.0381],[70.5264,22.0013],[70.4908,22.0554],[70.3504,22.0515],[70.3016,21.9984],[70.2576,21.9947],[70.2172,21.9059],[70.1408,21.8903],[70.0511,21.7745],[70.0787,21.7326],[69.9921,21.807],[69.863,21.7694],[69.8133,21.8241],[69.7,21.8008],[69.6726,21.9038],[69.6103,21.9476],[69.372,21.8298],[69.643,21.597],[69.9811,21.2284],[70.0677,21.1377],[70.1123,21.172],[70.4029,21.2458],[70.5006,21.1916],[70.5584,21.288],[70.4559,21.4556],[70.412,21.5469],[70.3009,21.5814],[70.4568,21.6493],[70.5363,21.6731],[70.7011,21.6044],[70.7938,21.6663],[70.8314,21.7434],[71.0474,21.7558],[71.0514,21.8243],[70.9431,21.9001],[70.838,22.0069],[70.7934,22.1062],[70.5639,22.0381]]]},"properties":{"state_name":"Gujarat","pc_name":"PORBANDAR","pc_no":11,"state":"gujarat","id":98}},{"type":"Feature","geometry":{"type":"Polygon","coordinates":[[[70.5458,22.9237],[70.4637,22.8326],[70.3762,22.7866],[70.2616,22.7087],[70.2565,22.656],[70.1388,22.5495],[69.9767,22.5429],[69.8064,22.3846],[69.7408,22.4179],[69.6693,22.342],[69.4999,22.3636],[69.4506,22.2824],[69.3875,22.2754],[69.338,22.2992],[69.2417,22.2168],[69.131,22.1969],[69.1693,22.354],[69.0065,22.4395],[68.9365,22.3114],[68.9661,22.2341],[69.2821,21.8956],[69.372,21.8298],[69.6103,21.9476],[69.6726,21.9038],[69.7,21.8008],[69.8133,21.8241],[69.863,21.7694],[69.9921,21.807],[70.0787,21.7326],[70.0511,21.7745],[70.1408,21.8903],[70.2172,21.9059],[70.2576,21.9947],[70.3016,21.9984],[70.3504,22.0515],[70.4908,22.0554],[70.5264,22.0013],[70.5639,22.0381],[70.5876,22.1668],[70.5081,22.2721],[70.4924,22.4113],[70.5862,22.4895],[70.5502,22.5666],[70.645,22.7039],[70.6139,22.7633],[70.6635,22.8312],[70.6185,22.8791],[70.5458,22.9237]]]},"properties":{"state_name":"Gujarat","pc_name":"JAMNAGAR","pc_no":12,"state":"gujarat","id":99}},{"type":"Feature","geometry":{"type":"Polygon","coordinates":[[[70.0677,21.1377],[70.2254,21.0005],[70.4056,20.8835],[70.5858,20.7824],[70.6578,20.7848],[70.7428,20.7199],[70.8736,20.7042],[70.9688,20.7291],[71.0801,20.7384],[71.2042,20.7951],[71.1934,20.902],[71.1214,20.9656],[71.1265,21.0746],[71.0052,21.1661],[70.8533,21.1683],[70.8042,21.2331],[70.8904,21.2682],[70.8318,21.4564],[70.876,21.5771],[70.7938,21.6663],[70.7011,21.6044],[70.5363,21.6731],[70.4568,21.6493],[70.3009,21.5814],[70.412,21.5469],[70.4559,21.4556],[70.5584,21.288],[70.5006,21.1916],[70.4029,21.2458],[70.1123,21.172],[70.0677,21.1377]]]},"properties":{"state_name":"Gujarat","pc_name":"JUNAGADH","pc_no":13,"state":"gujarat","id":100}},{"type":"Feature","geometry":{"type":"Polygon","coordinates":[[[71.0514,21.8243],[71.0474,21.7558],[70.8314,21.7434],[70.7938,21.6663],[70.876,21.5771],[70.8318,21.4564],[70.8904,21.2682],[70.8042,21.2331],[70.8533,21.1683],[71.0052,21.1661],[71.1265,21.0746],[71.1214,20.9656],[71.1934,20.902],[71.2042,20.7951],[71.4374,20.8693],[71.5114,20.9444],[71.6775,20.9962],[71.9401,21.1146],[71.9789,21.1541],[71.9319,21.2253],[71.8619,21.3238],[71.8652,21.4159],[71.6799,21.3363],[71.7038,21.4381],[71.6713,21.7044],[71.5927,21.6984],[71.4568,21.8249],[71.4604,21.9082],[71.3928,21.9801],[71.3049,22.042],[71.0304,21.8742],[71.0818,21.8243],[71.0514,21.8243]]]},"properties":{"state_name":"Gujarat","pc_name":"AMRELI","pc_no":14,"state":"gujarat","id":101}},{"type":"Feature","geometry":{"type":"Polygon","coordinates":[[[71.4376,22.2612],[71.4862,22.1862],[71.5127,22.057],[71.475,22.0381],[71.3928,21.9801],[71.4604,21.9082],[71.4568,21.8249],[71.5927,21.6984],[71.6713,21.7044],[71.7038,21.4381],[71.6799,21.3363],[71.8652,21.4159],[71.8619,21.3238],[71.9319,21.2253],[71.9789,21.1541],[72.1174,21.2029],[72.1214,21.2948],[72.2555,21.4983],[72.2998,21.6168],[72.2183,21.7356],[72.1748,21.8049],[72.0737,21.7926],[72.0808,21.8134],[72.1819,21.8442],[72.1753,21.9908],[72.1234,22.0572],[72.0196,22.1047],[71.899,22.1047],[71.8628,22.0994],[71.63,22.2279],[71.6143,22.3398],[71.5306,22.3433],[71.4376,22.2612]]]},"properties":{"state_name":"Gujarat","pc_name":"BHAVNAGAR","pc_no":15,"state":"gujarat","id":102}},{"type":"Feature","geometry":{"type":"Polygon","coordinates":[[[72.3422,22.3858],[72.4014,22.3591],[72.3345,22.1923],[72.3933,22.1053],[72.5746,22.2324],[72.6605,22.2238],[72.8016,22.2489],[72.8495,22.2748],[72.9478,22.2958],[73.0527,22.3416],[73.0677,22.4117],[73.092,22.5104],[73.1462,22.5419],[73.2201,22.6262],[73.1367,22.7173],[73.0481,22.7167],[72.9288,22.6268],[72.9185,22.5951],[72.8677,22.5824],[72.8222,22.6069],[72.7703,22.6363],[72.6837,22.6285],[72.6514,22.5008],[72.5752,22.5041],[72.5057,22.6134],[72.4273,22.4917],[72.3564,22.4405],[72.3422,22.3858]]]},"properties":{"state_name":"Gujarat","pc_name":"ANAND","pc_no":16,"state":"gujarat","id":103}},{"type":"Feature","geometry":{"type":"Polygon","coordinates":[[[73.0167,23.1604],[72.8407,22.9967],[72.744,23.0995],[72.687,23.1024],[72.6819,23.0483],[72.6852,23.027],[72.7462,22.9422],[72.5909,22.9422],[72.5684,22.9523],[72.5304,22.9523],[72.4752,22.9708],[72.4392,22.8588],[72.2775,22.7635],[72.1636,22.5736],[72.164,22.4794],[72.2839,22.4232],[72.3564,22.4405],[72.4273,22.4917],[72.5057,22.6134],[72.5752,22.5041],[72.6514,22.5008],[72.6837,22.6285],[72.7703,22.6363],[72.8222,22.6069],[72.8677,22.5824],[72.9185,22.5951],[72.9288,22.6268],[73.0481,22.7167],[73.0947,22.8865],[73.0916,22.8865],[73.1046,23.1115],[73.155,23.1598],[73.0167,23.1604]]]},"properties":{"state_name":"Gujarat","pc_name":"KHEDA","pc_no":17,"state":"gujarat","id":104}},{"type":"Feature","geometry":{"type":"Polygon","coordinates":[[[73.155,23.1598],[73.1046,23.1115],[73.0916,22.8865],[73.0947,22.8865],[73.0481,22.7167],[73.1367,22.7173],[73.2201,22.6262],[73.2694,22.6673],[73.255,22.7605],[73.3502,22.7923],[73.4169,22.7845],[73.3889,22.6988],[73.3721,22.5561],[73.4196,22.5472],[73.6146,22.5949],[73.7495,22.5419],[73.8092,22.5489],[73.8683,22.5701],[73.8052,22.6943],[73.8705,22.8468],[73.9077,23.0093],[73.9448,23.1069],[73.7171,23.1662],[73.7508,23.2355],[73.6881,23.3329],[73.7206,23.4104],[73.6274,23.4485],[73.5943,23.3788],[73.5258,23.2856],[73.4143,23.2655],[73.3261,23.0819],[73.2413,23.0705],[73.155,23.1598]]]},"properties":{"state_name":"Gujarat","pc_name":"PANCHMAHAL","pc_no":18,"state":"gujarat","id":105}},{"type":"Feature","geometry":{"type":"Polygon","coordinates":[[[73.8092,22.5489],[73.9063,22.5076],[74.0176,22.574],[74.06117902434285,22.549822596083768],[74.0613,22.5499],[74.0933,22.5407],[74.18927981512417,22.553483992024862],[74.2771,22.6459],[74.2771045971881,22.645899490203874],[74.2772,22.646],[74.3233437751004,22.6407718875502],[74.37890445081742,22.634610595738597],[74.3791268213664,22.63513997719559],[74.4015,22.7304],[74.44551036871212,22.79317447940335],[74.4522,22.8091],[74.466,22.8224],[74.46384059284088,22.8592421303065],[74.40431264658304,22.907150637673524],[74.3772,22.9077],[74.34271306887173,22.956726408519113],[74.3379,22.9606],[74.33839299863388,22.96286779371586],[74.3383,22.963],[74.28292753950865,23.11552808933652],[74.25483252413692,23.159911654476304],[74.1208,23.1771],[74.1325,23.2661],[73.9991,23.3356],[73.8935,23.3331],[73.8301,23.4261],[73.7364,23.412665388127852],[73.7207,23.4104],[73.72067401326294,23.410410611947288],[73.7206,23.4104],[73.6881,23.3329],[73.7508,23.2355],[73.7171,23.1662],[73.9448,23.1069],[73.9077,23.0093],[73.8705,22.8468],[73.8052,22.6943],[73.8683,22.5701],[73.8092,22.5489]]]},"properties":{"state_name":"Gujarat","pc_name":"DAHOD (ST)","pc_no":19,"state":"gujarat","id":106}},{"type":"Feature","geometry":{"type":"Polygon","coordinates":[[[73.0527,22.3416],[73.1234,22.3215],[73.134,22.2966],[73.1709,22.2559],[73.2636,22.2838],[73.2608,22.3106],[73.2594,22.3124],[73.2966,22.277],[73.3456,22.2692],[73.4348,22.2092],[73.49,22.2339],[73.5664,22.3284],[73.4646,22.3603],[73.4065,22.5063],[73.4196,22.5472],[73.3721,22.5561],[73.3889,22.6988],[73.4169,22.7845],[73.3502,22.7923],[73.255,22.7605],[73.2694,22.6673],[73.2201,22.6262],[73.1462,22.5419],[73.092,22.5104],[73.0677,22.4117],[73.0527,22.3416]]]},"properties":{"state_name":"Gujarat","pc_name":"VADODARA","pc_no":20,"state":"gujarat","id":107}},{"type":"Feature","geometry":{"type":"Polygon","coordinates":[[[72.8495,22.2748],[72.905,22.0677],[72.9849,22.0472],[72.9849,22.1195],[73.0876,22.1204],[73.1532,22.1823],[73.2811,22.0519],[73.4295,22.0309],[73.4397,21.9628],[73.4026,21.9106],[73.3041,21.8872],[73.4105,21.7383],[73.4871,21.6974],[73.5417,21.7472],[73.6581,21.7809],[73.82935840724858,21.783797604323343],[73.81209938650306,21.824298773006134],[73.80693838348186,21.836409926762553],[73.8069,21.8365],[73.9403,21.8709],[74.0179,21.9069],[74.1,21.999],[74.100000148426,21.999000494925767],[74.0999,21.9991],[74.1287,22.0947],[74.12220024751534,22.212195525684464],[74.12122282157677,22.21313153526971],[74.0751,22.2571],[74.0751,22.2572],[74.0684,22.3604],[74.06840663621766,22.360397782438433],[74.15894383137012,22.33014383137012],[74.18921580016494,22.320028136255882],[74.2526,22.4329],[74.1049,22.4294],[74.08991746540798,22.470834457733805],[74.0292,22.5073],[74.0377,22.5348],[74.06117902434285,22.549822596083768],[74.0176,22.574],[73.9063,22.5076],[73.8092,22.5489],[73.7495,22.5419],[73.6146,22.5949],[73.4196,22.5472],[73.4065,22.5063],[73.4646,22.3603],[73.5664,22.3284],[73.49,22.2339],[73.4348,22.2092],[73.3456,22.2692],[73.2966,22.277],[73.2594,22.3124],[73.2608,22.3106],[73.2636,22.2838],[73.1709,22.2559],[73.134,22.2966],[73.1234,22.3215],[73.0527,22.3416],[72.9478,22.2958],[72.8495,22.2748]]]},"properties":{"state_name":"Gujarat","pc_name":"CHHOTA UDAIPUR(ST)","pc_no":21,"state":"gujarat","id":108}},{"type":"Feature","geometry":{"type":"MultiPolygon","coordinates":[[[[72.6605,22.2238],[72.5887,22.2055],[72.5392,22.0634],[72.5646,21.9277],[72.7033,21.918],[72.6132,21.8419],[72.6,21.6637],[72.7338,21.6719],[72.8208,21.6474],[72.9657,21.6709],[72.9745,21.6698],[72.8577,21.6201],[72.7243,21.5006],[72.7866,21.4221],[72.9103,21.4325],[72.9414,21.5121],[73.0552,21.5689],[73.0783,21.5049],[73.399,21.5086],[73.4527,21.5277],[73.5549,21.4745],[73.6758,21.4728],[73.6992,21.3964],[73.8195,21.4019],[73.9715,21.4617],[73.9823,21.5222],[73.8779,21.502241176470587],[73.8532,21.4975],[73.85319327425645,21.497517831843144],[73.8142,21.6009],[73.8947973611354,21.676004356349218],[73.86215,21.7299],[73.8294,21.7837],[73.82935840724858,21.783797604323343],[73.6581,21.7809],[73.5417,21.7472],[73.4871,21.6974],[73.4105,21.7383],[73.3041,21.8872],[73.4026,21.9106],[73.4397,21.9628],[73.4295,22.0309],[73.2811,22.0519],[73.1532,22.1823],[73.0876,22.1204],[72.9849,22.1195],[72.9849,22.0472],[72.905,22.0677],[72.8495,22.2748],[72.8016,22.2489],[72.6605,22.2238]]],[[[72.5936,21.5783],[72.6254,21.5206],[72.7954,21.6423],[72.6161,21.626],[72.5936,21.5783]]]]},"properties":{"state_name":"Gujarat","pc_name":"BHARUCH","pc_no":22,"state":"gujarat","id":109}},{"type":"Feature","geometry":{"type":"Polygon","coordinates":[[[72.9103,21.4325],[72.948,21.3503],[72.8968,21.2409],[72.8677,21.2111],[72.8666,21.2024],[72.8659,21.1885],[72.8798,21.1876],[72.9178,21.1142],[72.8891,21.0497],[73.0187,21.0497],[73.0518,20.9907],[73.0909,20.9395],[73.1256,20.8985],[73.1618,20.9022],[73.2539,20.8198],[73.3171,20.88],[73.3816,20.8239],[73.4964,20.8196],[73.4896,20.9138],[73.5768,21.0075],[73.7526,21.0059],[73.8882,20.9335],[73.8507,20.9981],[73.7374,21.0801],[73.6442,21.1399],[73.67266637512148,21.145533624878524],[73.816,21.174],[73.81716842105263,21.18383157894737],[73.827,21.2674],[73.93454411202715,21.29758293299553],[73.9424,21.3258],[73.9441,21.4],[74.1252,21.4665],[74.1385015609915,21.461526372846656],[74.1605,21.4685],[74.3209,21.4985],[74.29089423755458,21.54167571247803],[74.196,21.5319],[74.09610480864353,21.54952020444979],[73.9823,21.5222],[73.9715,21.4617],[73.8195,21.4019],[73.6992,21.3964],[73.6758,21.4728],[73.5549,21.4745],[73.4527,21.5277],[73.399,21.5086],[73.0783,21.5049],[73.0552,21.5689],[72.9414,21.5121],[72.9103,21.4325]]]},"properties":{"state_name":"Gujarat","pc_name":"BARDOLI (ST)","pc_no":23,"state":"gujarat","id":110}},{"type":"Feature","geometry":{"type":"Polygon","coordinates":[[[72.7866,21.4221],[72.71,21.4107],[72.6508,21.2561],[72.6877,21.1881],[72.7848,21.2066],[72.7897,21.1841],[72.7901,21.1805],[72.8215,21.1621],[72.869,21.1469],[72.8659,21.1885],[72.8666,21.2024],[72.8677,21.2111],[72.8968,21.2409],[72.948,21.3503],[72.9103,21.4325],[72.7866,21.4221]]]},"properties":{"state_name":"Gujarat","pc_name":"SURAT","pc_no":24,"state":"gujarat","id":111}},{"type":"Feature","geometry":{"type":"Polygon","coordinates":[[[72.8659,21.1885],[72.869,21.1469],[72.8215,21.1621],[72.7901,21.1805],[72.7897,21.1841],[72.7036,21.1344],[72.6969,21.0622],[72.8398,20.8037],[72.8425,20.7778],[72.8493,20.7486],[73.0192,20.7108],[73.155,20.6059],[73.117,20.681],[73.1079,20.8039],[73.1618,20.9022],[73.1256,20.8985],[73.0909,20.9395],[73.0518,20.9907],[73.0187,21.0497],[72.8891,21.0497],[72.9178,21.1142],[72.8798,21.1876],[72.8659,21.1885]]]},"properties":{"state_name":"Gujarat","pc_name":"NAVSARI","pc_no":25,"state":"gujarat","id":112}},{"type":"Feature","geometry":{"type":"Polygon","coordinates":[[[73.1618,20.9022],[73.1079,20.8039],[73.117,20.681],[73.155,20.6059],[73.0192,20.7108],[72.8493,20.7486],[72.8997,20.5823],[72.8844,20.5319],[72.8818,20.3717],[72.7775,20.3368],[72.7402,20.2432],[72.76763550586267,20.15612548851562],[72.7753,20.1318],[72.86672353477745,20.223393572349877],[72.9366,20.2934],[72.9801,20.2885],[73.0958,20.3614],[73.1651,20.2839],[73.0488,20.2006],[73.2029,20.1198],[73.2833,20.1986],[73.41274588390502,20.206502219656993],[73.41328170403729,20.312795538397236],[73.3803,20.3869],[73.42884476093592,20.44805523906409],[73.4673,20.4966],[73.46748447613824,20.499357761930884],[73.473,20.5848],[73.42383764258555,20.61423764258555],[73.4073,20.6241],[73.40731779451313,20.624129466507334],[73.45467512794268,20.70255],[73.4663,20.7218],[73.46632843914978,20.721781900421174],[73.59962944710648,20.6369449021039],[73.5997,20.6369],[73.60493512123439,20.627017560617194],[73.6283,20.5833],[73.761,20.5739],[73.8308,20.675],[73.85911951236534,20.698969141288412],[73.8823,20.7329],[73.9317,20.7604],[73.9403,20.8395],[73.94028411537731,20.83955352900247],[73.94017256918849,20.839929424378475],[73.8882,20.9335],[73.7526,21.0059],[73.5768,21.0075],[73.4896,20.9138],[73.4964,20.8196],[73.3816,20.8239],[73.3171,20.88],[73.2539,20.8198],[73.1618,20.9022]]]},"properties":{"state_name":"Gujarat","pc_name":"VALSAD (ST)","pc_no":26,"state":"gujarat","id":113}},{"type":"Feature","geometry":{"type":"MultiPolygon","coordinates":[[[[76.7741,30.9071],[76.8474,30.7801],[76.8381,30.7542],[76.8288,30.6807],[76.9256,30.6114],[76.9279,30.5241],[76.8994,30.36],[76.7981,30.4173],[76.7481,30.4288],[76.7266,30.3614],[76.6357,30.2895],[76.6429,30.15],[76.7015,30.1936],[76.8169,30.2179],[76.987,30.1678],[77.0673,30.1299],[77.1328,30.2313],[77.1624,30.1636],[77.2748,30.1889],[77.2935,30.1764],[77.3711,30.0852],[77.4269,30.1594],[77.459,30.1659],[77.5844,30.3095],[77.5872,30.3788],[77.5227,30.443],[77.4443,30.3963],[77.2119,30.4977],[77.1345,30.5698],[77.1664,30.6846],[77.02,30.749],[76.9231,30.9015],[76.7741,30.9071]]],[[[76.5743,30.1009],[76.64,30.0979],[76.637,30.1474],[76.5743,30.1009]]]]},"properties":{"state_name":"Haryana","pc_name":"AMBALA (SC)","pc_no":1,"state":"haryana","id":114}},{"type":"Feature","geometry":{"type":"Polygon","coordinates":[[[76.6429,30.15],[76.637,30.1474],[76.64,30.0979],[76.5743,30.1009],[76.4675,30.0989],[76.4291,30.1507],[76.334,30.1386],[76.1961,30.1227],[76.2422,30.1006],[76.1713,29.9287],[76.2435,29.8633],[76.2151,29.8418],[76.21438595915933,29.84225438962588],[76.1673,29.6893],[76.2415,29.6001],[76.4953,29.5164],[76.5218,29.6149],[76.6781,29.6711],[76.7242,29.881],[76.8798,29.8804],[76.9568,29.9147],[76.9502,29.9287],[77.096,29.9506],[77.1141,29.9917],[77.226,29.9391],[77.2849,30.0425],[77.3711,30.0852],[77.2935,30.1764],[77.2748,30.1889],[77.1624,30.1636],[77.1328,30.2313],[77.0673,30.1299],[76.987,30.1678],[76.8169,30.2179],[76.7015,30.1936],[76.6429,30.15]]]},"properties":{"state_name":"Haryana","pc_name":"KURUKSHETRA","pc_no":2,"state":"haryana","id":115}},{"type":"Feature","geometry":{"type":"Polygon","coordinates":[[[76.21438595915933,29.84225438962588],[76.2144,29.8423],[76.214,29.8425],[76.1049,29.8121],[75.9465,29.7299],[75.8372,29.7942],[75.7375,29.8147],[75.6982,29.7533],[75.4578,29.7943],[75.4297,29.7739],[75.3465,29.6951],[75.3026,29.5601],[75.1825,29.6307],[75.2096,29.7384],[75.1913,29.8409],[75.135,29.8074],[75.0701,29.8774],[74.9519,29.9029],[74.9265,29.9505],[74.8115,29.9921],[74.7062,29.9766],[74.6305,29.9051],[74.5267,29.9428],[74.5612,29.8706],[74.4773,29.7452],[74.6156,29.7515],[74.5969,29.6833],[74.6133,29.537],[74.6033,29.3274],[74.6511,29.3328],[74.7941,29.3691],[74.8505,29.4036],[74.9383,29.362],[74.9606,29.281],[75.0495,29.2856],[75.1201,29.2229],[75.2455,29.2506],[75.2857,29.2708],[75.3968,29.3196],[75.4159,29.4134],[75.516,29.3981],[75.5994,29.3386],[75.6302,29.4165],[75.7026,29.4243],[75.8032,29.5215],[75.9587,29.5664],[75.9605,29.5913],[76.0546,29.5802],[76.2415,29.6001],[76.1673,29.6893],[76.21438595915933,29.84225438962588]]]},"properties":{"state_name":"Haryana","pc_name":"SIRSA (SC)","pc_no":3,"state":"haryana","id":116}},{"type":"Feature","geometry":{"type":"Polygon","coordinates":[[[76.2415,29.6001],[76.0546,29.5802],[75.9605,29.5913],[75.9587,29.5664],[75.8032,29.5215],[75.7026,29.4243],[75.6302,29.4165],[75.5994,29.3386],[75.516,29.3981],[75.4159,29.4134],[75.3968,29.3196],[75.2857,29.2708],[75.3882,29.2608],[75.3914,29.063],[75.5071,29.0112],[75.5275,28.9755],[75.6012,28.9953],[75.7314,28.9051],[75.8341,28.9121],[75.9347,28.9265],[75.9888,28.8507],[76.1738,28.8074],[76.2949,28.7813],[76.3843,28.7827],[76.2917,28.807],[76.2887,28.8732],[76.2262,28.9867],[76.3019,29.0858],[76.2816,29.2082],[76.226,29.2192],[76.2066,29.3168],[76.2503,29.3837],[76.3342,29.4283],[76.4268,29.4135],[76.5215,29.4807],[76.4953,29.5164],[76.2415,29.6001]]]},"properties":{"state_name":"Haryana","pc_name":"HISAR","pc_no":4,"state":"haryana","id":117}},{"type":"Feature","geometry":{"type":"Polygon","coordinates":[[[76.4953,29.5164],[76.5215,29.4807],[76.6547,29.4913],[76.7627,29.4666],[76.7347,29.3889],[76.6519,29.3703],[76.6815,29.2692],[76.7697,29.2798],[76.8102,29.2222],[76.8599,29.1997],[76.9318,29.2135],[77.1434,29.1672],[77.1524,29.2975],[77.1311,29.4862],[77.0954,29.594],[77.1357,29.6661],[77.1417,29.6923],[77.1273,29.7709],[77.1844,29.8501],[77.226,29.9391],[77.1141,29.9917],[77.096,29.9506],[76.9502,29.9287],[76.9568,29.9147],[76.8798,29.8804],[76.7242,29.881],[76.6781,29.6711],[76.5218,29.6149],[76.4953,29.5164]]]},"properties":{"state_name":"Haryana","pc_name":"KARNAL","pc_no":5,"state":"haryana","id":118}},{"type":"Feature","geometry":{"type":"Polygon","coordinates":[[[77.2089,28.8585],[77.1993,28.9352],[77.1521,29.0797],[77.1361,29.1478],[77.1434,29.1672],[76.9318,29.2135],[76.8599,29.1997],[76.8102,29.2222],[76.7697,29.2798],[76.6815,29.2692],[76.6519,29.3703],[76.7347,29.3889],[76.7627,29.4666],[76.6547,29.4913],[76.5215,29.4807],[76.4268,29.4135],[76.3342,29.4283],[76.2503,29.3837],[76.2066,29.3168],[76.226,29.2192],[76.2816,29.2082],[76.3019,29.0858],[76.4631,29.0697],[76.4981,29.1481],[76.5668,29.0592],[76.6644,28.9877],[76.7746,28.9492],[76.8112,28.8661],[76.9007,28.8632],[76.9512,28.8177],[77.0397,28.8321],[77.0513,28.8549],[77.2089,28.8585]]]},"properties":{"state_name":"Haryana","pc_name":"SONIPAT","pc_no":6,"state":"haryana","id":119}},{"type":"Feature","geometry":{"type":"Polygon","coordinates":[[[76.9512,28.8177],[76.9007,28.8632],[76.8112,28.8661],[76.7746,28.9492],[76.6644,28.9877],[76.5668,29.0592],[76.4981,29.1481],[76.4631,29.0697],[76.3019,29.0858],[76.2262,28.9867],[76.2887,28.8732],[76.2917,28.807],[76.3843,28.7827],[76.4063,28.6826],[76.4645,28.6154],[76.346,28.602],[76.2853,28.4754],[76.2852,28.4329],[76.2877,28.4283],[76.2838,28.4151],[76.3516,28.3671],[76.344,28.2293],[76.5396,28.1959],[76.5701,28.2674],[76.6653,28.3032],[76.6691,28.3793],[76.7932,28.4666],[76.8855,28.501],[76.8726,28.5328],[76.8839,28.6248],[76.9246,28.6496],[76.9567,28.6726],[76.9497,28.7625],[76.9512,28.8177]]]},"properties":{"state_name":"Haryana","pc_name":"ROHTAK","pc_no":7,"state":"haryana","id":120}},{"type":"Feature","geometry":{"type":"Polygon","coordinates":[[[75.5275,28.9755],[75.4767,28.932],[75.5615,28.6132],[75.6222,28.6017],[75.6708,28.5181],[75.7881,28.4538],[75.7885,28.4007],[75.8955,28.3895],[76.095,28.1463],[75.9873,28.125],[75.9432,28.1003],[75.9831,28.0812],[75.9314,27.9304],[75.9709,27.8522],[76.0749,27.8439],[76.2255,27.8331],[76.1692,27.9034],[76.1602,27.9946],[76.1897,28.0548],[76.3576,28.0705],[76.3111,28.1786],[76.344,28.2293],[76.3516,28.3671],[76.2838,28.4151],[76.2877,28.4283],[76.2852,28.4329],[76.2853,28.4754],[76.346,28.602],[76.4645,28.6154],[76.4063,28.6826],[76.3843,28.7827],[76.2949,28.7813],[76.1738,28.8074],[75.9888,28.8507],[75.9347,28.9265],[75.8341,28.9121],[75.7314,28.9051],[75.6012,28.9953],[75.5275,28.9755]]]},"properties":{"state_name":"Haryana","pc_name":"BHIWANI-MAHENDRAGARH","pc_no":8,"state":"haryana","id":121}},{"type":"Feature","geometry":{"type":"Polygon","coordinates":[[[76.8855,28.501],[76.7932,28.4666],[76.6691,28.3793],[76.6653,28.3032],[76.5701,28.2674],[76.5396,28.1959],[76.344,28.2293],[76.3111,28.1786],[76.4527,28.0932],[76.5893,27.9973],[76.6587,28.0085],[76.657,28.0884],[76.7395,28.1223],[76.7954,28.1769],[76.853,28.2206],[76.9684,28.1387],[76.9362,27.9766],[76.9414,27.8417],[76.9117,27.7956],[76.9011,27.7664],[76.9795,27.6537],[77.0453,27.8129],[77.1203,27.7906],[77.2834,27.8019],[77.3353,27.848],[77.296,27.8913],[77.1133,27.9692],[77.0751,27.989],[77.1099,28.0105],[77.183,28.1831],[77.2245,28.2667],[77.1978,28.2918],[77.1736,28.4055],[77.1221,28.445],[77.1114,28.4746],[77.1169,28.4904],[77.0943,28.5059],[77.0137,28.5394],[76.8855,28.501]]]},"properties":{"state_name":"Haryana","pc_name":"GURGAON","pc_no":9,"state":"haryana","id":122}},{"type":"Feature","geometry":{"type":"Polygon","coordinates":[[[77.1736,28.4055],[77.1978,28.2918],[77.2245,28.2667],[77.183,28.1831],[77.1099,28.0105],[77.0751,27.989],[77.1133,27.9692],[77.296,27.8913],[77.3353,27.848],[77.4717,27.8836],[77.5262,27.9273],[77.5206,28.014],[77.4748,28.0852],[77.535,28.2075],[77.5044,28.2525],[77.4723,28.3294],[77.4775,28.4188],[77.4111,28.4529],[77.3552,28.4993],[77.3433,28.5105],[77.3017,28.4895],[77.2958,28.4956],[77.2766,28.4931],[77.2383,28.4757],[77.231,28.4602],[77.2059,28.4094],[77.1736,28.4055]]]},"properties":{"state_name":"Haryana","pc_name":"FARIDABAD","pc_no":10,"state":"haryana","id":123}},{"type":"Feature","geometry":{"type":"Polygon","coordinates":[[[76.7466,33.1783],[76.6395,33.1617],[76.5613,33.2095],[76.404,33.1859],[76.2858,33.1025],[76.2207,33.023],[75.9497,32.8728],[75.8326,32.9239],[75.7967,32.8843],[75.9205,32.7477],[75.8967,32.6812],[75.8968,32.6809],[75.8968,32.6808],[75.9162,32.6147],[75.9161,32.6144],[75.832,32.5101],[75.936,32.3977],[75.8713,32.3946],[75.7526,32.2799],[75.704,32.2673],[75.6726,32.1589],[75.6025,32.0867],[75.5963,32.086],[75.7429,32.0395],[75.8999,31.9559],[75.9009,31.9549],[75.9472,31.9673],[75.967,31.985],[75.9518,31.9995],[75.9582,32.009],[75.9579,32.0117],[75.9638,32.1244],[76.0866,32.0384],[76.1149,32.0914],[76.179,32.0587],[76.2415,31.9709],[76.2626,31.9351],[76.2485,31.8386],[76.2978,31.7845],[76.4477,31.8018],[76.4678,31.8299],[76.557,31.8863],[76.6376,31.8741],[76.6806,31.8718],[76.6744,31.9064],[76.6598,32.0292],[76.7789,32.0644],[76.9357,32.0622],[76.9844,32.1101],[77.0753,32.3999],[76.9473,32.4032],[76.8643,32.4634],[76.7849,32.3731],[76.7701,32.2225],[76.6535,32.1855],[76.4627,32.247],[76.359,32.3213],[76.2193,32.3944],[76.1259,32.4461],[76.2373,32.4675],[76.3815,32.6115],[76.4396,32.6589],[76.3751,32.8195],[76.4503,32.8479],[76.5107,32.8034],[76.6415,32.854],[76.7803,32.9521],[76.7347,33.0827],[76.7466,33.1783]]]},"properties":{"state_name":"Himachal Pradesh","pc_name":"KANGRA","pc_no":1,"state":"himachal-pradesh","id":124}},{"type":"Feature","geometry":{"type":"Polygon","coordinates":[[[76.6806,31.8718],[76.8138,31.8181],[76.8302,31.731],[76.7488,31.7442],[76.7219,31.6669],[76.7279,31.5824],[76.7294,31.571],[76.7853,31.5001],[76.8015,31.4212],[76.8772,31.3503],[77.003,31.2963],[77.0618,31.2601],[77.1235,31.2306],[77.3155,31.2818],[77.3836,31.3605],[77.5222,31.35],[77.5008,31.2427],[77.6262,31.2633],[77.963,31.4048],[78.0872,31.4215],[78.2114,31.3234],[78.3111,31.283],[78.3701,31.2863],[78.4844,31.1991],[78.6477,31.2141],[78.8044,31.1984],[78.8906,31.097],[79.0104,31.1108],[78.9208,31.2539],[78.8431,31.325],[78.8097,31.4477],[78.7356,31.536],[78.8387,31.6254],[78.7491,31.6871],[78.7062,31.7886],[78.7863,31.9952],[78.6665,32.0889],[78.5902,32.1533],[78.6085,32.2143],[78.4819,32.2798],[78.5348,32.4144],[78.3986,32.5257],[78.3877,32.7569],[78.2195,32.6647],[78.1427,32.6818],[78.0158,32.6198],[77.919,32.69],[77.9259,32.7719],[77.7854,32.8605],[77.8109,32.9068],[77.7131,32.9826],[77.6023,32.9428],[77.469,32.8584],[77.4053,32.8832],[77.3386,32.8169],[77.2739,32.8738],[77.1642,32.9189],[77.1497,32.9781],[77.0126,32.9889],[76.9287,33.032],[76.8344,33.2049],[76.7712,33.2496],[76.7466,33.1783],[76.7347,33.0827],[76.7803,32.9521],[76.6415,32.854],[76.5107,32.8034],[76.4503,32.8479],[76.3751,32.8195],[76.4396,32.6589],[76.3815,32.6115],[76.2373,32.4675],[76.1259,32.4461],[76.2193,32.3944],[76.359,32.3213],[76.4627,32.247],[76.6535,32.1855],[76.7701,32.2225],[76.7849,32.3731],[76.8643,32.4634],[76.9473,32.4032],[77.0753,32.3999],[76.9844,32.1101],[76.9357,32.0622],[76.7789,32.0644],[76.6598,32.0292],[76.6744,31.9064],[76.6806,31.8718]]]},"properties":{"state_name":"Himachal Pradesh","pc_name":"MANDI","pc_no":2,"state":"himachal-pradesh","id":125}},{"type":"Feature","geometry":{"type":"Polygon","coordinates":[[[75.9009,31.9549],[75.9148,31.9325],[75.9151,31.9319],[75.9154,31.9314],[75.9593,31.8575],[75.9354,31.8157],[76.0005,31.6838],[76.0762,31.5609],[76.1042,31.517],[76.1046,31.5161],[76.1688,31.3973],[76.1566,31.3475],[76.1886,31.2999],[76.2888,31.3064],[76.3145,31.3428],[76.3738,31.4376],[76.3947,31.4083],[76.4317,31.3268],[76.645,31.2073],[76.7817,31.2162],[76.875,31.3308],[76.8772,31.3503],[76.8015,31.4212],[76.7853,31.5001],[76.7294,31.571],[76.7279,31.5824],[76.7219,31.6669],[76.7488,31.7442],[76.8302,31.731],[76.8138,31.8181],[76.6806,31.8718],[76.6376,31.8741],[76.557,31.8863],[76.4678,31.8299],[76.4477,31.8018],[76.2978,31.7845],[76.2485,31.8386],[76.2626,31.9351],[76.2415,31.9709],[76.179,32.0587],[76.1149,32.0914],[76.0866,32.0384],[75.9638,32.1244],[75.9579,32.0117],[75.9582,32.009],[75.9518,31.9995],[75.967,31.985],[75.9472,31.9673],[75.9009,31.9549]]]},"properties":{"state_name":"Himachal Pradesh","pc_name":"HAMIRPUR","pc_no":3,"state":"himachal-pradesh","id":126}},{"type":"Feature","geometry":{"type":"Polygon","coordinates":[[[77.5872,30.3788],[77.5773,30.3977],[77.6411,30.4318],[77.8178,30.5067],[77.7429,30.6012],[77.7904,30.6341],[77.7038,30.7651],[77.7986,30.8699],[77.8042,30.9219],[77.7716,30.9703],[77.8992,31.1505],[78.1042,31.1856],[78.2459,31.23],[78.3111,31.283],[78.2114,31.3234],[78.0872,31.4215],[77.963,31.4048],[77.6262,31.2633],[77.5008,31.2427],[77.5222,31.35],[77.3836,31.3605],[77.3155,31.2818],[77.1235,31.2306],[77.0618,31.2601],[77.003,31.2963],[76.8772,31.3503],[76.875,31.3308],[76.7817,31.2162],[76.645,31.2073],[76.6115,31.046],[76.7002,30.9701],[76.7371,30.9389],[76.7741,30.9071],[76.9231,30.9015],[77.02,30.749],[77.1664,30.6846],[77.1345,30.5698],[77.2119,30.4977],[77.4443,30.3963],[77.5227,30.443],[77.5872,30.3788]]]},"properties":{"state_name":"Himachal Pradesh","pc_name":"SHIMLA (SC)","pc_no":4,"state":"himachal-pradesh","id":127}},{"type":"Feature","geometry":{"type":"Polygon","coordinates":[[[87.4632,25.1949],[87.4743,25.1385],[87.4023,25.1183],[87.3268,25.0921],[87.3267,25.003],[87.3166,24.9567],[87.3167,24.9401],[87.3313,24.7677],[87.3836,24.5838],[87.3703,24.507],[87.3721,24.505],[87.3653,24.4639],[87.588,24.3211],[87.6394,24.2547],[87.6852,24.2467],[87.8011,24.3839],[87.8152,24.5017],[87.7717,24.5826],[87.7719,24.5837],[87.8908,24.5653],[87.911,24.6044],[87.9112,24.6079],[87.9117,24.6555],[87.8355,24.7476],[87.8969,24.8568],[87.9469,24.9031],[87.9476,24.9038],[87.9479,24.9041],[87.9234,25.0002],[87.9055,25.0006],[87.896,25.0109],[87.7949,25.0879],[87.7733,25.2215],[87.6988,25.3039],[87.5518,25.3324],[87.4957,25.2708],[87.496,25.2704],[87.4963,25.2701],[87.4829,25.2505],[87.4826,25.2495],[87.4765,25.1945],[87.4633,25.1949],[87.4632,25.1949]]]},"properties":{"state_name":"Jharkhand","pc_name":"RAJMAHAL (ST)","pc_no":1,"state":"jharkhand","id":128}},{"type":"Feature","geometry":{"type":"Polygon","coordinates":[[[87.3703,24.507],[87.3086,24.5918],[87.0958,24.6323],[87.114,24.5217],[87.1337,24.3933],[87.0722,24.3144],[86.9873,24.306],[86.7551,24.2937],[86.7616,24.268],[86.7759,24.2427],[86.7157,24.1549],[86.6807,24.1292],[86.6429,24.1345],[86.5706,24.1431],[86.4664,24.0194],[86.6701,23.9215],[86.80035720853859,23.833728834154353],[86.8004,23.8337],[86.8004,23.8339],[86.8912,23.8733],[86.8914,23.8738],[86.9122,23.8819],[86.9126,23.8817],[87.055,23.8226],[87.0866,23.8089],[87.2909,23.8943],[87.233,24.024],[87.2553,24.0417],[87.2566,24.0406],[87.2568,24.0404],[87.4601,23.9851],[87.5119,24.0382],[87.5095,24.0485],[87.4934,24.0542],[87.4976,24.0627],[87.5816,24.1545],[87.6943,24.1504],[87.7001,24.1764],[87.6949,24.1865],[87.6394,24.2547],[87.588,24.3211],[87.3653,24.4639],[87.3721,24.505],[87.3703,24.507]],[[86.9801,24.1245],[86.976,24.1075],[86.9622,24.1151],[86.9801,24.1245]]]},"properties":{"state_name":"Jharkhand","pc_name":"DUMKA (ST)","pc_no":2,"state":"jharkhand","id":129}},{"type":"Feature","geometry":{"type":"Polygon","coordinates":[[[87.1759,25.0578],[87.1657,25.0454],[87.1659,25.0451],[87.1667,25.0439],[87.1206,24.855],[87.1111,24.8577],[87.1064,24.8542],[87.0739,24.8157],[87.094,24.7979],[87.0936,24.7963],[87.0936,24.7962],[87.0489,24.6236],[86.928,24.6251],[86.9148,24.542],[86.7542,24.621],[86.6696,24.5646],[86.6079,24.6082],[86.5093,24.5224],[86.4921,24.433],[86.492,24.4325],[86.4914,24.4296],[86.4559,24.3719],[86.5283,24.155],[86.5706,24.1431],[86.6429,24.1345],[86.6807,24.1292],[86.7157,24.1549],[86.7759,24.2427],[86.7616,24.268],[86.7551,24.2937],[86.9873,24.306],[87.0722,24.3144],[87.1337,24.3933],[87.114,24.5217],[87.0958,24.6323],[87.3086,24.5918],[87.3703,24.507],[87.3836,24.5838],[87.3313,24.7677],[87.3167,24.9401],[87.3166,24.9567],[87.3267,25.003],[87.3268,25.0921],[87.4023,25.1183],[87.4743,25.1385],[87.4632,25.1949],[87.4628,25.195],[87.3346,25.2165],[87.3147,25.1606],[87.1759,25.0578]]]},"properties":{"state_name":"Jharkhand","pc_name":"GODDA","pc_no":3,"state":"jharkhand","id":130}},{"type":"Feature","geometry":{"type":"Polygon","coordinates":[[[84.74869746184866,24.49641565588677],[84.7484,24.4964],[84.6649,24.3908],[84.5682,24.4095],[84.4917,24.2867],[84.4898,24.2903],[84.4434,24.332],[84.4417,24.3319],[84.44167986191025,24.331882717857518],[84.3592,24.2611],[84.3255,24.1444],[84.2237,24.0368],[84.3115,23.9076],[84.1546,23.9412],[84.0255,23.8029],[83.9839,23.7241],[84.016,23.6343],[84.0144,23.5034],[83.9671,23.3877],[84.0747,23.3336],[84.1918,23.3254],[84.2443,23.4433],[84.328,23.4935],[84.3836,23.607],[84.5342,23.6704],[84.6414,23.6685],[84.6856,23.6051],[84.8578,23.5331],[84.885,23.5592],[84.9445,23.5962],[84.966,23.7156],[85.0528,23.7131],[85.021,23.8976],[85.0533,23.9867],[85.2032,23.9637],[85.2308,24.0465],[85.1704,24.1],[85.1608,24.2301],[85.2873,24.2076],[85.2998,24.3402],[85.2064,24.3394],[85.1855,24.3305],[85.1074,24.3318],[85.0889,24.3726],[85.0307,24.4145],[84.9042,24.3951],[84.7503,24.4965],[84.74869746184866,24.49641565588677]]]},"properties":{"state_name":"Jharkhand","pc_name":"CHATRA","pc_no":4,"state":"jharkhand","id":131}},{"type":"Feature","geometry":{"type":"Polygon","coordinates":[[[86.0552,24.7795],[85.9026,24.7666],[85.889,24.7928],[85.8268,24.8082],[85.7354,24.821],[85.6512,24.6783],[85.59195917005833,24.599468948516762],[85.5378,24.5274],[85.4441,24.5344],[85.444,24.5344],[85.4868,24.438],[85.5486,24.3484],[85.6422,24.325],[85.6231,24.2817],[85.6077,24.263],[85.499,24.1712],[85.348,24.1558],[85.3252,24.147],[85.3169,24.0838],[85.4459,24.0349],[85.574,24.023],[85.6424,24.12],[85.7106,24.1016],[85.8242,24.0734],[85.93,23.98],[86.0174,24.0586],[86.0822,24.1862],[86.1265,24.2575],[86.2748,24.2731],[86.2486,24.1198],[86.3406,24.0544],[86.4358,24.0328],[86.4664,24.0194],[86.5706,24.1431],[86.5283,24.155],[86.4559,24.3719],[86.3968,24.4036],[86.3775,24.4196],[86.35,24.4473],[86.316,24.442],[86.3006,24.5603],[86.2498,24.5869],[86.2467,24.5876],[86.1515,24.5999],[86.1517,24.6002],[86.1517,24.6003],[86.1233,24.7056],[86.0552,24.7795]]]},"properties":{"state_name":"Jharkhand","pc_name":"KODARMA","pc_no":5,"state":"jharkhand","id":132}},{"type":"Feature","geometry":{"type":"Polygon","coordinates":[[[86.4664,24.0194],[86.4358,24.0328],[86.3406,24.0544],[86.2486,24.1198],[86.2748,24.2731],[86.1265,24.2575],[86.0822,24.1862],[86.0174,24.0586],[85.93,23.98],[85.9113,23.9482],[85.8354,23.8423],[85.7117,23.9354],[85.6842,23.9625],[85.6107,23.9017],[85.6105,23.888],[85.6182,23.8811],[85.6212,23.6314],[85.7692,23.676],[85.8868,23.4848],[85.8871,23.4846],[85.9488,23.4708],[85.9506,23.4708],[85.9518,23.4708],[85.9524,23.4709],[86.0242,23.4866],[86.0466,23.5857],[86.0471,23.5857],[86.0515,23.736],[86.1707,23.7277],[86.2286,23.7077],[86.3076,23.7045],[86.3518,23.7866],[86.3891,23.8287],[86.45,23.8833],[86.639,23.897],[86.6701,23.9215],[86.4664,24.0194]]]},"properties":{"state_name":"Jharkhand","pc_name":"GIRIDIH","pc_no":6,"state":"jharkhand","id":133}},{"type":"Feature","geometry":{"type":"Polygon","coordinates":[[[86.6701,23.9215],[86.639,23.897],[86.45,23.8833],[86.3891,23.8287],[86.3518,23.7866],[86.3076,23.7045],[86.2286,23.7077],[86.1707,23.7277],[86.0515,23.736],[86.0471,23.5857],[86.0476,23.5856],[86.1439,23.5636],[86.1529,23.4793],[86.1545,23.4771],[86.229,23.4444],[86.233,23.4623],[86.2336,23.4624],[86.3024,23.413],[86.3574,23.4619],[86.3675,23.5405],[86.447,23.6189],[86.4476,23.6194],[86.4756,23.6335],[86.4769,23.6342],[86.5962,23.6729],[86.5967,23.6731],[86.613,23.6753],[86.6131,23.6753],[86.6144,23.6751],[86.692,23.6917],[86.6972,23.6937],[86.805,23.6966],[86.8213,23.7829],[86.8003,23.8335],[86.8004,23.8337],[86.80035720853859,23.833728834154353],[86.6701,23.9215]]]},"properties":{"state_name":"Jharkhand","pc_name":"DHANBAD","pc_no":7,"state":"jharkhand","id":134}},{"type":"Feature","geometry":{"type":"Polygon","coordinates":[[[84.9445,23.5962],[85.0453,23.6085],[85.17,23.4893],[85.1547,23.2849],[85.2248,23.2689],[85.2497,23.201],[85.431,23.1756],[85.5308,23.2519],[85.6774,23.1593],[85.7678,23.1356],[85.811,23.0646],[85.8689,22.9088],[85.9023,22.8662],[86.1154,22.8896],[86.1585,22.831],[86.179,22.829],[86.201,22.8589],[86.2194,22.9743],[86.2474,22.9839],[86.2377,22.9952],[86.2376,22.9948],[86.2242,22.9937],[86.1674,23.029],[86.1174,23.0855],[86.0898,23.0894],[86.0755,23.0943],[86.0375,23.1472],[85.8939,23.1558],[85.8198,23.2682],[85.8677,23.3297],[85.8631,23.4316],[85.6657,23.4614],[85.6063,23.4901],[85.5889,23.5043],[85.4887,23.5612],[85.3181,23.5704],[85.242,23.5938],[85.2241,23.7005],[85.1137,23.6622],[85.0528,23.7131],[84.966,23.7156],[84.9445,23.5962]]]},"properties":{"state_name":"Jharkhand","pc_name":"RANCHI","pc_no":8,"state":"jharkhand","id":135}},{"type":"Feature","geometry":{"type":"Polygon","coordinates":[[[86.1585,22.831],[86.1645,22.7604],[86.1465,22.6261],[86.0634,22.555],[86.116,22.4871],[86.2687,22.4421],[86.3287,22.3775],[86.4446,22.3124],[86.4872,22.3476],[86.4874,22.3477],[86.541,22.3083],[86.5427,22.3078],[86.7248,22.2184],[86.7818,22.237],[86.788,22.2317],[86.8241,22.2667],[86.851,22.2657],[86.8578,22.2592],[86.8874,22.2976],[86.7657,22.5755],[86.6527,22.5927],[86.6513,22.5931],[86.6508,22.5933],[86.6331,22.6114],[86.6334,22.6122],[86.5584,22.7109],[86.4472,22.764],[86.4464,22.7647],[86.4165,22.7893],[86.4166,22.7902],[86.4354,22.9252],[86.5012,22.9948],[86.2381,22.9962],[86.2377,22.9952],[86.2474,22.9839],[86.2194,22.9743],[86.201,22.8589],[86.179,22.829],[86.1585,22.831]]]},"properties":{"state_name":"Jharkhand","pc_name":"JAMSHEDPUR","pc_no":9,"state":"jharkhand","id":136}},{"type":"Feature","geometry":{"type":"Polygon","coordinates":[[[85.9023,22.8662],[85.9928,22.8512],[86.0708,22.7665],[86.0465,22.709],[85.8983,22.7544],[85.8549,22.721],[85.8682,22.6235],[85.7552,22.5918],[85.6776,22.6462],[85.7042,22.6948],[85.7017,22.8067],[85.6463,22.8511],[85.5163,22.8073],[85.4538,22.8021],[85.3559,22.8775],[85.1976,22.8143],[85.1475,22.8094],[85.0919,22.5884],[85.0791,22.5724],[85.0669,22.4834],[85.1031,22.2951],[85.0322,22.1651],[84.9841,22.095],[85.099,22.106],[85.2036,22.0524],[85.2047,22.0515],[85.2391,22.0096],[85.2815,22.0908],[85.4211,22.159],[85.6764,22.0569],[85.7577,22.0853],[85.7598,22.0867],[85.7601,22.0131],[85.9095,21.9878],[86.0312,22.1914],[85.9739,22.2469],[86.0269,22.3863],[85.9626,22.485],[86.0634,22.555],[86.1465,22.6261],[86.1645,22.7604],[86.1585,22.831],[86.1154,22.8896],[85.9023,22.8662]]]},"properties":{"state_name":"Jharkhand","pc_name":"SINGHBHUM (ST)","pc_no":10,"state":"jharkhand","id":137}},{"type":"Feature","geometry":{"type":"Polygon","coordinates":[[[84.009,22.5257],[84.1415,22.4737],[84.1571,22.4071],[84.158,22.4065],[84.159,22.4058],[84.2944,22.3416],[84.3591,22.3478],[84.4565,22.3812],[84.6288,22.4346],[84.7498,22.4193],[84.7593,22.4468],[84.7955,22.4459],[84.95729410513567,22.45679960287997],[84.95729432357612,22.45679591198974],[84.9573,22.4568],[84.9574,22.4565],[85.0669,22.4834],[85.0791,22.5724],[85.0919,22.5884],[85.1475,22.8094],[85.1976,22.8143],[85.3559,22.8775],[85.4538,22.8021],[85.5163,22.8073],[85.6463,22.8511],[85.7017,22.8067],[85.7042,22.6948],[85.6776,22.6462],[85.7552,22.5918],[85.8682,22.6235],[85.8549,22.721],[85.8983,22.7544],[86.0465,22.709],[86.0708,22.7665],[85.9928,22.8512],[85.9023,22.8662],[85.8689,22.9088],[85.811,23.0646],[85.7678,23.1356],[85.6774,23.1593],[85.5308,23.2519],[85.431,23.1756],[85.2497,23.201],[85.2248,23.2689],[85.1547,23.2849],[85.0678,23.2236],[85.0568,23.128],[84.9467,23.009],[85.0079,22.9456],[84.9801,22.7857],[84.8584,22.7226],[84.7737,22.7931],[84.7211,22.9731],[84.6106,22.9807],[84.5461,22.9558],[84.4637,22.8366],[84.4208,22.7804],[84.2918,22.7734],[84.2229,22.6687],[84.0842,22.6382],[84.009,22.5257]]]},"properties":{"state_name":"Jharkhand","pc_name":"KHUNTI (ST)","pc_no":11,"state":"jharkhand","id":138}},{"type":"Feature","geometry":{"type":"Polygon","coordinates":[[[84.0377,23.1707],[84.1334,23.083],[84.1763,22.9768],[84.3735,22.9794],[84.396,22.9392],[84.2914,22.7822],[84.2918,22.7734],[84.4208,22.7804],[84.4637,22.8366],[84.5461,22.9558],[84.6106,22.9807],[84.7211,22.9731],[84.7737,22.7931],[84.8584,22.7226],[84.9801,22.7857],[85.0079,22.9456],[84.9467,23.009],[85.0568,23.128],[85.0678,23.2236],[85.1547,23.2849],[85.17,23.4893],[85.0453,23.6085],[84.9445,23.5962],[84.885,23.5592],[84.8578,23.5331],[84.6856,23.6051],[84.6414,23.6685],[84.5342,23.6704],[84.3836,23.607],[84.328,23.4935],[84.2443,23.4433],[84.1918,23.3254],[84.0747,23.3336],[84.0377,23.1707]]]},"properties":{"state_name":"Jharkhand","pc_name":"LOHARDAGA (ST)","pc_no":12,"state":"jharkhand","id":139}},{"type":"Feature","geometry":{"type":"Polygon","coordinates":[[[84.007,24.6435],[83.8728,24.5318],[83.7585,24.5108],[83.7576,24.5104],[83.7567,24.5101],[83.5035,24.5255],[83.385,24.4548],[83.4496,24.377],[83.3798,24.3115],[83.4081,24.2623],[83.3298,24.1014],[83.4322,24.0859],[83.516,24.0255],[83.5159,24.0242],[83.5159,24.0237],[83.5699,23.8692],[83.6673,23.8422],[83.7408,23.7308],[83.7418,23.7287],[83.7736,23.6101],[83.9376,23.5688],[84.016,23.6343],[83.9839,23.7241],[84.0255,23.8029],[84.1546,23.9412],[84.3115,23.9076],[84.2237,24.0368],[84.3255,24.1444],[84.3592,24.2611],[84.44167986191025,24.331882717857518],[84.4417,24.3319],[84.439,24.3317],[84.3318,24.4349],[84.3317,24.4351],[84.3277,24.4873],[84.2895,24.5629],[84.1084,24.4774],[84.0631,24.5791],[84.007,24.6435]]]},"properties":{"state_name":"Jharkhand","pc_name":"PALAMU (SC)","pc_no":13,"state":"jharkhand","id":140}},{"type":"Feature","geometry":{"type":"Polygon","coordinates":[[[85.0889,24.3726],[85.1074,24.3318],[85.1855,24.3305],[85.2064,24.3394],[85.2998,24.3402],[85.2873,24.2076],[85.1608,24.2301],[85.1704,24.1],[85.2308,24.0465],[85.2032,23.9637],[85.0533,23.9867],[85.021,23.8976],[85.0528,23.7131],[85.1137,23.6622],[85.2241,23.7005],[85.242,23.5938],[85.3181,23.5704],[85.4887,23.5612],[85.5889,23.5043],[85.6063,23.4901],[85.6657,23.4614],[85.8631,23.4316],[85.8868,23.4848],[85.7692,23.676],[85.6212,23.6314],[85.6182,23.8811],[85.6105,23.888],[85.6107,23.9017],[85.6842,23.9625],[85.7117,23.9354],[85.8354,23.8423],[85.9113,23.9482],[85.93,23.98],[85.8242,24.0734],[85.7106,24.1016],[85.6424,24.12],[85.574,24.023],[85.4459,24.0349],[85.3169,24.0838],[85.3252,24.147],[85.348,24.1558],[85.499,24.1712],[85.6077,24.263],[85.6231,24.2817],[85.6422,24.325],[85.5486,24.3484],[85.4868,24.438],[85.444,24.5344],[85.442,24.534],[85.3708,24.5552],[85.2287,24.4677],[85.0889,24.3726]]]},"properties":{"state_name":"Jharkhand","pc_name":"HAZARIBAGH","pc_no":14,"state":"jharkhand","id":141}},{"type":"Feature","geometry":{"type":"Polygon","coordinates":[[[74.6914,16.7163],[74.6854,16.6067],[74.5721,16.5534],[74.5432,16.5951],[74.4718,16.6638],[74.459,16.6567],[74.3953,16.5772],[74.2643,16.5401],[74.3327,16.4555],[74.329,16.3245],[74.3518,16.2794],[74.4966,16.2335],[74.4845,16.1426],[74.3721,16.0782],[74.4623,16.0372],[74.4305,15.9582],[74.52,15.9107],[74.5718,15.8801],[74.6742,15.9593],[74.6742,16.0937],[74.7085,16.1518],[74.6904,16.2257],[74.7536,16.284],[74.8031,16.3208],[74.9282,16.3667],[75.0343,16.3679],[74.9882,16.4531],[75.0078,16.5381],[75.1044,16.5118],[75.1611,16.591],[75.2589,16.6074],[75.2651,16.6929],[75.3627,16.7144],[75.3839,16.7626],[75.3921,16.8642],[75.3417,16.9581],[75.2802,16.8783],[75.1817,16.8446],[75.09,16.9518],[75.0258,16.9441],[74.9554,16.907],[74.9197,16.7726],[74.6914,16.7163]]]},"properties":{"state_name":"Karnataka","pc_name":"CHIKKODI","pc_no":1,"state":"karnataka","id":142}},{"type":"Feature","geometry":{"type":"Polygon","coordinates":[[[74.4305,15.9582],[74.3867,15.9044],[74.3405,15.7648],[74.5272,15.7324],[74.5294,15.7333],[74.6507,15.7087],[74.6996,15.8678],[74.6873,15.9443],[74.7654,15.9897],[74.8446,15.9864],[74.8017,15.8831],[74.7982,15.7073],[74.8621,15.716],[74.8587,15.613],[75.0191,15.6445],[75.0502,15.6828],[75.0907,15.6091],[75.1004,15.6619],[75.2785,15.6899],[75.3036,15.8096],[75.4535,15.8843],[75.4359,15.9967],[75.4114,16.1297],[75.2758,16.1204],[75.2325,16.2096],[75.2161,16.2694],[75.1296,16.3301],[75.0343,16.3679],[74.9282,16.3667],[74.8031,16.3208],[74.7536,16.284],[74.6904,16.2257],[74.7085,16.1518],[74.6742,16.0937],[74.6742,15.9593],[74.5718,15.8801],[74.52,15.9107],[74.4305,15.9582]]]},"properties":{"state_name":"Karnataka","pc_name":"BELGAUM","pc_no":2,"state":"karnataka","id":143}},{"type":"Feature","geometry":{"type":"Polygon","coordinates":[[[75.0343,16.3679],[75.1296,16.3301],[75.2161,16.2694],[75.2325,16.2096],[75.2758,16.1204],[75.4114,16.1297],[75.4359,15.9967],[75.4535,15.8843],[75.3036,15.8096],[75.2785,15.6899],[75.4109,15.6551],[75.4723,15.6864],[75.5543,15.6467],[75.4975,15.4193],[75.532,15.4866],[75.6565,15.4677],[75.6521,15.3312],[75.7588,15.3565],[75.7018,15.4472],[75.7405,15.5531],[75.6548,15.6186],[75.7198,15.7661],[75.6951,15.8239],[75.8453,15.8381],[75.8566,15.9347],[75.9744,15.8609],[75.975,15.9888],[76.0855,15.994],[76.0581,15.906],[76.145,15.8931],[76.2053,15.9421],[76.2855,15.9026],[76.3029,16.0738],[76.2386,16.1666],[76.0666,16.2077],[76.0443,16.2794],[75.912,16.3208],[75.8389,16.3505],[75.6428,16.4404],[75.4899,16.419],[75.4558,16.506],[75.4937,16.5928],[75.3839,16.7626],[75.3627,16.7144],[75.2651,16.6929],[75.2589,16.6074],[75.1611,16.591],[75.1044,16.5118],[75.0078,16.5381],[74.9882,16.4531],[75.0343,16.3679]]]},"properties":{"state_name":"Karnataka","pc_name":"BAGALKOT","pc_no":3,"state":"karnataka","id":144}},{"type":"Feature","geometry":{"type":"Polygon","coordinates":[[[75.3839,16.7626],[75.4937,16.5928],[75.4558,16.506],[75.4899,16.419],[75.6428,16.4404],[75.8389,16.3505],[75.912,16.3208],[76.0443,16.2794],[76.0666,16.2077],[76.2386,16.1666],[76.3295,16.1944],[76.2998,16.283],[76.3339,16.4273],[76.4351,16.4365],[76.419,16.5818],[76.4049,16.6535],[76.4607,16.7115],[76.4391,16.7527],[76.4476,16.9409],[76.4295,17.0994],[76.3571,17.1886],[76.2409,17.1518],[76.1938,17.1848],[76.0726,17.3349],[75.9283,17.3227],[75.8966,17.3503],[75.8942,17.3792],[75.8066,17.368],[75.683,17.4181],[75.6342,17.478],[75.6038,17.3063],[75.6546,17.2727],[75.6282,17.162],[75.6725,17.1153],[75.6766,16.9694],[75.4644,16.9909],[75.3417,16.9581],[75.3921,16.8642],[75.3839,16.7626]]]},"properties":{"state_name":"Karnataka","pc_name":"BIJAPUR (SC)","pc_no":4,"state":"karnataka","id":145}},{"type":"Feature","geometry":{"type":"Polygon","coordinates":[[[76.4607,16.7115],[76.5171,16.751],[76.6795,16.7848],[76.8165,16.8735],[76.9204,16.8695],[76.9068,16.8217],[76.995,16.8345],[77.1337,16.7845],[77.2729,16.8228],[77.2943,16.754],[77.1334,16.6658],[77.1685,16.5639],[77.2365,16.4733],[77.25494695151225,16.475444023043686],[77.29483801694998,16.480080418573806],[77.369,16.4887],[77.39368493966508,16.51895654041944],[77.41799268377657,16.548750749041933],[77.44876156522089,16.58646442862601],[77.4678,16.6098],[77.4739,16.7153],[77.4670207151073,16.78078771763778],[77.46257177426419,16.82313964611072],[77.46072144727721,16.840753932065017],[77.456,16.8857],[77.4669,16.916],[77.4697387255321,16.923484639712818],[77.5024,17.0096],[77.49684452915184,17.023847803863866],[77.4951259134412,17.02825544098983],[77.4645,17.1068],[77.43996953116987,17.116215162603016],[77.40498585947856,17.1296424215643],[77.378,17.14],[77.3802,17.2225],[77.42621588623712,17.25579557118813],[77.4587,17.2793],[77.45597419042484,17.330926833353374],[77.45486883116882,17.35186233766234],[77.4537,17.374],[77.3468,17.4322],[77.2632,17.3504],[77.2561,17.2488],[77.1499,17.2157],[77.0968,17.2586],[77.1278,17.3406],[77.0064,17.4337],[77.1498,17.6328],[76.9858,17.6935],[76.9292,17.636],[76.7326,17.6658],[76.7019,17.6418],[76.6764,17.4961],[76.7577,17.4513],[76.6607,17.3609],[76.4741,17.3344],[76.4089,17.3712],[76.3822,17.3144],[76.2719,17.3609],[76.1197,17.3706],[76.0726,17.3349],[76.1938,17.1848],[76.2409,17.1518],[76.3571,17.1886],[76.4295,17.0994],[76.4476,16.9409],[76.4391,16.7527],[76.4607,16.7115]]]},"properties":{"state_name":"Karnataka","pc_name":"GULBARGA (SC)","pc_no":5,"state":"karnataka","id":146}},{"type":"Feature","geometry":{"type":"Polygon","coordinates":[[[77.0316,15.8549],[77.13493325442853,15.937458212017201],[77.146,15.9463],[77.17549323985978,15.95163113956649],[77.2051118197428,15.956984935347093],[77.2489,15.9649],[77.4237,15.9477],[77.44824395330826,15.942075912812566],[77.48380556455405,15.933927201003188],[77.5136,15.9271],[77.51153664020235,15.974630966767364],[77.5105,15.9756],[77.5108,15.9916],[77.4938,16.0366],[77.4995,16.0538],[77.4963,16.0546],[77.49941199575372,16.06101259731069],[77.4898,16.1196],[77.49978798914941,16.222919463916412],[77.4924,16.2293],[77.4901,16.2552],[77.5024,16.2631],[77.5049,16.2758],[77.5883,16.3328],[77.5728088296543,16.34100120783007],[77.53748630136985,16.35970136986302],[77.4897,16.385],[77.4195,16.3663],[77.39897637181868,16.37294321551947],[77.36329228156477,16.38449366362146],[77.33670469139022,16.393099700045052],[77.32686503067485,16.396284662576686],[77.2882,16.4088],[77.26777481254572,16.43428210040234],[77.2365,16.4733],[77.1685,16.5639],[77.1334,16.6658],[77.2943,16.754],[77.2729,16.8228],[77.1337,16.7845],[76.995,16.8345],[76.9068,16.8217],[76.9204,16.8695],[76.8165,16.8735],[76.6795,16.7848],[76.5171,16.751],[76.4607,16.7115],[76.4049,16.6535],[76.419,16.5818],[76.4351,16.4365],[76.3339,16.4273],[76.2998,16.283],[76.3295,16.1944],[76.2386,16.1666],[76.3029,16.0738],[76.2855,15.9026],[76.4035,15.902],[76.4485,15.8538],[76.4397,15.9322],[76.533,16.0727],[76.6293,16.076],[76.7194,16.1559],[76.7699,16.1416],[76.8048,16.05],[76.8123,15.9335],[77.0316,15.8549]]]},"properties":{"state_name":"Karnataka","pc_name":"RAICHUR (ST)","pc_no":6,"state":"karnataka","id":147}},{"type":"Feature","geometry":{"type":"Polygon","coordinates":[[[77.4537,17.374],[77.47849120974077,17.369495948153965],[77.5192,17.3621],[77.6145,17.4475],[77.65444020801385,17.482584089826375],[77.6877,17.5118],[77.66455649491824,17.518631402562974],[77.64942681415852,17.52309731814291],[77.59644460973601,17.53873638257179],[77.55156133326507,17.551984839485947],[77.55022443354221,17.55237945992744],[77.51936397286228,17.56148872101122],[77.46594633578839,17.577256314620108],[77.4431,17.584],[77.44525585252626,17.609388603686845],[77.4487111572098,17.650080330119696],[77.4525,17.6947],[77.47226849715842,17.70395478696573],[77.4971340947768,17.71559582406074],[77.49805633167024,17.716027576960936],[77.5687,17.7491],[77.55180447944868,17.76684501599803],[77.515,17.8055],[77.5864,17.9086],[77.62133494809689,17.931595155709342],[77.6496,17.9502],[77.64918663518104,17.97895838097606],[77.64912491520198,17.983252328091254],[77.6489,17.9989],[77.60689641458639,18.015232268722468],[77.60112942891789,18.017474647765333],[77.5834495831579,18.02434910834008],[77.554,18.0358],[77.5968,18.0865],[77.58501685509005,18.16117390629686],[77.57807702312138,18.20515404624278],[77.5719,18.2443],[77.58873625706856,18.262849420068516],[77.6004,18.2757],[77.5654035726188,18.287461094447778],[77.5516,18.2921],[77.4651,18.2633],[77.4099,18.3018],[77.4132,18.3914],[77.3352,18.4507],[77.2653,18.4224],[77.2297,18.3481],[77.2119,18.316],[77.1621,18.2572],[77.1335,18.2063],[77.0636,18.1508],[76.9516,18.1883],[76.9219,18.1147],[76.9528,18.0409],[76.919,17.9167],[76.7746,17.8782],[76.7398,17.9001],[76.7808,17.8034],[76.6913,17.6814],[76.6319,17.7549],[76.4278,17.6446],[76.3308,17.5958],[76.3635,17.3774],[76.4089,17.3712],[76.4741,17.3344],[76.6607,17.3609],[76.7577,17.4513],[76.6764,17.4961],[76.7019,17.6418],[76.7326,17.6658],[76.9292,17.636],[76.9858,17.6935],[77.1498,17.6328],[77.0064,17.4337],[77.1278,17.3406],[77.0968,17.2586],[77.1499,17.2157],[77.2561,17.2488],[77.2632,17.3504],[77.3468,17.4322],[77.4537,17.374]]]},"properties":{"state_name":"Karnataka","pc_name":"BIDAR","pc_no":7,"state":"karnataka","id":148}},{"type":"Feature","geometry":{"type":"Polygon","coordinates":[[[77.1289,15.6656],[77.10948002125399,15.68134527098831],[77.10927583919869,15.681510817090782],[77.08223072937425,15.703438368539922],[77.0491,15.7303],[77.0253,15.8375],[77.0316,15.8549],[76.8123,15.9335],[76.8048,16.05],[76.7699,16.1416],[76.7194,16.1559],[76.6293,16.076],[76.533,16.0727],[76.4397,15.9322],[76.4485,15.8538],[76.4035,15.902],[76.2855,15.9026],[76.2053,15.9421],[76.145,15.8931],[76.0581,15.906],[76.0855,15.994],[75.975,15.9888],[75.9744,15.8609],[75.8566,15.9347],[75.8453,15.8381],[75.9296,15.79],[75.9883,15.8014],[76.0434,15.737],[75.9679,15.6654],[75.8706,15.6733],[75.8597,15.514],[75.8189,15.4554],[75.9028,15.3596],[75.9034,15.2397],[75.9519,15.1367],[76.0915,15.162],[76.1846,15.234],[76.249,15.1905],[76.3132,15.2376],[76.3574,15.3223],[76.4304,15.3352],[76.5413,15.3796],[76.5785,15.4033],[76.6932,15.479],[76.7585,15.4172],[76.9356,15.3579],[77.0463,15.3814],[77.04561459831828,15.392801681990093],[77.0326,15.6093],[77.10052784674001,15.649012749444056],[77.1289,15.6656]]]},"properties":{"state_name":"Karnataka","pc_name":"KOPPAL","pc_no":8,"state":"karnataka","id":149}},{"type":"Feature","geometry":{"type":"Polygon","coordinates":[[[77.1573,15.1405],[77.1566501794565,15.157739356771593],[77.15456915221803,15.212947785274764],[77.15288826215715,15.257540809830893],[77.1522,15.2758],[77.12033945172509,15.29474902471601],[77.11826163193021,15.295984805667073],[77.0646,15.3279],[77.0570088381432,15.350092740947456],[77.0463,15.3814],[76.9356,15.3579],[76.7585,15.4172],[76.6932,15.479],[76.5785,15.4033],[76.5413,15.3796],[76.4304,15.3352],[76.3574,15.3223],[76.3132,15.2376],[76.249,15.1905],[76.1846,15.234],[76.0915,15.162],[75.9519,15.1367],[75.9094,15.0788],[75.701,14.9487],[75.6656,14.7999],[75.7556,14.7385],[75.7729,14.7921],[75.8873,14.8686],[76.0327,14.9245],[76.1206,14.8693],[76.1925,14.7682],[76.1843,14.7005],[76.3166,14.6925],[76.5103,14.56],[76.5706,14.5908],[76.7043,14.8179],[76.6774,14.8947],[76.76,14.9895],[76.78109241538732,15.045887763749018],[76.7739,15.0657],[76.7799,15.0761],[76.7779,15.0799],[76.7823,15.0777],[76.7862,15.0882],[76.7998,15.0959],[76.8239,15.0804],[76.8362,15.0796],[76.866,15.0601],[76.8773,15.0306],[76.8951,15.0375],[76.9074,15.0329],[76.9185,15.0359],[76.9224,15.0317],[76.93178605588393,15.031390569586243],[77.00038815250518,15.032385956942907],[77.0041,15.0339],[77.0496,15.0331],[77.0825,15.0068],[77.0848,15.0307],[77.0937,15.0362],[77.09864702227223,15.035661722965198],[77.12942502276637,15.090675341495496],[77.1301,15.1008],[77.13723386218896,15.104633119982127],[77.1573,15.1405]]]},"properties":{"state_name":"Karnataka","pc_name":"BELLARY (ST)","pc_no":9,"state":"karnataka","id":150}},{"type":"Feature","geometry":{"type":"Polygon","coordinates":[[[75.4975,15.4193],[75.4416,15.3016],[75.4117,15.2978],[75.4322,15.1991],[75.417,15.0611],[75.3674,15.0504],[75.4022,14.9449],[75.3795,14.8882],[75.3026,14.8502],[75.0683,14.9136],[75.0323,14.7076],[75.0505,14.649],[75.0992,14.6525],[75.2231,14.5849],[75.2676,14.5151],[75.3458,14.4817],[75.3478,14.387],[75.5355,14.2778],[75.6239,14.3598],[75.6384,14.4053],[75.6896,14.4914],[75.7991,14.5101],[75.8123,14.6362],[75.7556,14.7385],[75.6656,14.7999],[75.701,14.9487],[75.9094,15.0788],[75.9519,15.1367],[75.9034,15.2397],[75.9028,15.3596],[75.8189,15.4554],[75.8597,15.514],[75.8706,15.6733],[75.9679,15.6654],[76.0434,15.737],[75.9883,15.8014],[75.9296,15.79],[75.8453,15.8381],[75.6951,15.8239],[75.7198,15.7661],[75.6548,15.6186],[75.7405,15.5531],[75.7018,15.4472],[75.7588,15.3565],[75.6521,15.3312],[75.6565,15.4677],[75.532,15.4866],[75.4975,15.4193]]]},"properties":{"state_name":"Karnataka","pc_name":"HAVERI","pc_no":10,"state":"karnataka","id":151}},{"type":"Feature","geometry":{"type":"Polygon","coordinates":[[[74.8587,15.613],[74.8108,15.5208],[74.7447,15.4939],[74.7415,15.4118],[74.897,15.3016],[74.908,15.2488],[74.8291,15.1395],[74.9413,15.0659],[75.0818,15.0743],[75.0683,14.9136],[75.3026,14.8502],[75.3795,14.8882],[75.4022,14.9449],[75.3674,15.0504],[75.417,15.0611],[75.4322,15.1991],[75.4117,15.2978],[75.4416,15.3016],[75.4975,15.4193],[75.5543,15.6467],[75.4723,15.6864],[75.4109,15.6551],[75.2785,15.6899],[75.1004,15.6619],[75.0907,15.6091],[75.0502,15.6828],[75.0191,15.6445],[74.8587,15.613]]]},"properties":{"state_name":"Karnataka","pc_name":"DHARWAD","pc_no":11,"state":"karnataka","id":152}},{"type":"Feature","geometry":{"type":"Polygon","coordinates":[[[74.2509,15.4933],[74.3261,15.2837],[74.2514,15.2579],[74.3167,15.1869],[74.2954,15.0456],[74.2535,14.9974],[74.0857,14.9006],[74.1181,14.7859],[74.25,14.7395],[74.2932,14.5969],[74.398,14.4074],[74.4312,14.2652],[74.4695,14.1882],[74.5012,14.0233],[74.5828,13.9254],[74.6651,13.9814],[74.6375,14.0941],[74.6653,14.1843],[74.7296,14.2639],[74.8549,14.21],[74.9208,14.2274],[74.9018,14.5291],[74.9803,14.5243],[75.0505,14.649],[75.0323,14.7076],[75.0683,14.9136],[75.0818,15.0743],[74.9413,15.0659],[74.8291,15.1395],[74.908,15.2488],[74.897,15.3016],[74.7415,15.4118],[74.7447,15.4939],[74.8108,15.5208],[74.8587,15.613],[74.8621,15.716],[74.7982,15.7073],[74.8017,15.8831],[74.8446,15.9864],[74.7654,15.9897],[74.6873,15.9443],[74.6996,15.8678],[74.6507,15.7087],[74.5294,15.7333],[74.5272,15.7324],[74.3405,15.7648],[74.2416,15.7431],[74.2091,15.7812],[74.1217,15.7205],[74.1176,15.6517],[74.2026,15.6542],[74.2505,15.6578],[74.2786,15.5228],[74.2509,15.4933]]]},"properties":{"state_name":"Karnataka","pc_name":"UTTARA KANNADA","pc_no":12,"state":"karnataka","id":153}},{"type":"Feature","geometry":{"type":"Polygon","coordinates":[[[75.7556,14.7385],[75.8123,14.6362],[75.7991,14.5101],[75.6896,14.4914],[75.6384,14.4053],[75.6239,14.3598],[75.5355,14.2778],[75.5065,14.2192],[75.4015,14.1261],[75.5315,14.0976],[75.5853,14.0578],[75.814,14.1045],[75.8483,13.9352],[75.8788,13.8099],[75.9201,13.8072],[76.0335,13.8978],[76.0567,14.0712],[76.0326,14.134],[76.0609,14.2224],[76.1349,14.2563],[76.1361,14.427],[76.2065,14.458],[76.2744,14.4087],[76.3796,14.4195],[76.4599,14.4516],[76.5103,14.56],[76.3166,14.6925],[76.1843,14.7005],[76.1925,14.7682],[76.1206,14.8693],[76.0327,14.9245],[75.8873,14.8686],[75.7729,14.7921],[75.7556,14.7385]]]},"properties":{"state_name":"Karnataka","pc_name":"DAVANAGERE","pc_no":13,"state":"karnataka","id":154}},{"type":"Feature","geometry":{"type":"Polygon","coordinates":[[[75.0505,14.649],[74.9803,14.5243],[74.9018,14.5291],[74.9208,14.2274],[74.8549,14.21],[74.7296,14.2639],[74.6653,14.1843],[74.6375,14.0941],[74.6651,13.9814],[74.5828,13.9254],[74.6689,13.6369],[74.9194,13.6118],[75.023,13.6386],[75.0766,13.5146],[75.1409,13.461],[75.2211,13.5347],[75.2222,13.6037],[75.3442,13.5805],[75.414,13.6541],[75.3942,13.7001],[75.4877,13.7584],[75.6075,13.7608],[75.6213,13.7131],[75.6703,13.7642],[75.8256,13.8187],[75.8788,13.8099],[75.8483,13.9352],[75.814,14.1045],[75.5853,14.0578],[75.5315,14.0976],[75.4015,14.1261],[75.5065,14.2192],[75.5355,14.2778],[75.3478,14.387],[75.3458,14.4817],[75.2676,14.5151],[75.2231,14.5849],[75.0992,14.6525],[75.0505,14.649]]]},"properties":{"state_name":"Karnataka","pc_name":"SHIMOGA","pc_no":14,"state":"karnataka","id":155}},{"type":"Feature","geometry":{"type":"Polygon","coordinates":[[[75.8788,13.8099],[75.8256,13.8187],[75.6703,13.7642],[75.6213,13.7131],[75.6075,13.7608],[75.4877,13.7584],[75.3942,13.7001],[75.414,13.6541],[75.3442,13.5805],[75.2222,13.6037],[75.2211,13.5347],[75.1409,13.461],[75.0766,13.5146],[75.023,13.6386],[74.9194,13.6118],[74.6689,13.6369],[74.6945,13.4559],[74.7013,13.3447],[74.7763,13.0717],[74.8269,13.1296],[74.878,13.0952],[74.9942,13.1557],[75.1273,13.131],[75.2058,13.177],[75.2525,13.1287],[75.3828,13.1786],[75.5254,13.0505],[75.5139,12.979],[75.5567,12.9126],[75.6391,13.0236],[75.728,13.0237],[75.7539,13.1367],[75.7281,13.1827],[75.8952,13.2661],[76.0367,13.2487],[76.0287,13.3454],[76.1001,13.3928],[76.1375,13.4424],[76.0478,13.435],[75.8346,13.5096],[75.9207,13.6414],[76.1438,13.7607],[76.1001,13.8598],[76.0335,13.8978],[75.9201,13.8072],[75.8788,13.8099]]]},"properties":{"state_name":"Karnataka","pc_name":"UDUPI CHIKMAGALUR","pc_no":15,"state":"karnataka","id":156}},{"type":"Feature","geometry":{"type":"Polygon","coordinates":[[[75.5567,12.9126],[75.565,12.8659],[75.6882,12.7014],[75.7607,12.6742],[75.854,12.7244],[75.8806,12.8345],[75.9692,12.8049],[75.9378,12.6432],[76.0181,12.5706],[76.1338,12.5287],[76.2179,12.6433],[76.3419,12.6548],[76.3371,12.7863],[76.3698,12.829],[76.5774,12.8472],[76.6326,13.0045],[76.5529,13.0766],[76.4723,13.0933],[76.4291,13.1727],[76.3705,13.2004],[76.3472,13.3601],[76.4095,13.436],[76.3637,13.5473],[76.3528,13.5793],[76.2199,13.7132],[76.1438,13.7607],[75.9207,13.6414],[75.8346,13.5096],[76.0478,13.435],[76.1375,13.4424],[76.1001,13.3928],[76.0287,13.3454],[76.0367,13.2487],[75.8952,13.2661],[75.7281,13.1827],[75.7539,13.1367],[75.728,13.0237],[75.6391,13.0236],[75.5567,12.9126]]]},"properties":{"state_name":"Karnataka","pc_name":"HASSAN","pc_no":16,"state":"karnataka","id":157}},{"type":"Feature","geometry":{"type":"Polygon","coordinates":[[[74.7763,13.0717],[74.7847,13.0317],[74.831,12.8337],[74.8697,12.7608],[75.0014,12.7919],[75.0521,12.7133],[75.1477,12.6344],[75.2238,12.5704],[75.2789,12.6166],[75.3146,12.4985],[75.4162,12.501],[75.4639,12.4726],[75.5778,12.5124],[75.6879,12.5413],[75.6633,12.6318],[75.6882,12.7014],[75.565,12.8659],[75.5567,12.9126],[75.5139,12.979],[75.5254,13.0505],[75.3828,13.1786],[75.2525,13.1287],[75.2058,13.177],[75.1273,13.131],[74.9942,13.1557],[74.878,13.0952],[74.8269,13.1296],[74.7763,13.0717]]]},"properties":{"state_name":"Karnataka","pc_name":"DAKSHINA KANNADA","pc_no":17,"state":"karnataka","id":158}},{"type":"Feature","geometry":{"type":"Polygon","coordinates":[[[77.3801809681602,14.298506398373592],[77.3623,14.2761],[77.28667339107145,14.296391693834316],[77.1357,14.3369],[77.12160027569443,14.298968976966178],[77.1155935121453,14.282809605222244],[77.1102,14.2683],[77.0392909817149,14.246356808095154],[77.0055,14.2359],[76.956127526705,14.242663352506163],[76.9398,14.2449],[76.93353724195262,14.262389331732308],[76.92775016611296,14.27855027685493],[76.91268750460293,14.320614153812581],[76.8858,14.3957],[76.9158,14.4206],[76.87308170998949,14.476446600025733],[76.86238742931117,14.490427478367513],[76.8414492487479,14.517800441912994],[76.8325,14.5295],[76.78339712777937,14.582385612006526],[76.765,14.6022],[76.7753,14.6812],[76.78644012947161,14.701135925008748],[76.8366,14.7909],[76.8400352529692,14.810896081615478],[76.84418188168985,14.835032972572472],[76.84471151986429,14.838115915301241],[76.85285197718684,14.885500271116927],[76.853200096681,14.887526621397209],[76.8673,14.9696],[76.76,14.9895],[76.6774,14.8947],[76.7043,14.8179],[76.5706,14.5908],[76.5103,14.56],[76.4599,14.4516],[76.3796,14.4195],[76.2744,14.4087],[76.2065,14.458],[76.1361,14.427],[76.1349,14.2563],[76.0609,14.2224],[76.0326,14.134],[76.0567,14.0712],[76.0335,13.8978],[76.1001,13.8598],[76.1438,13.7607],[76.2199,13.7132],[76.3528,13.5793],[76.4552,13.5909],[76.5608,13.6839],[76.7648,13.7828],[76.8176,13.6802],[76.8961,13.6543],[76.9208,13.5537],[76.9639,13.4903],[77.01,13.5367],[77.0282,13.5887],[77.0127,13.7398],[76.98716241870201,13.79439273577752],[76.9764,13.8174],[76.98461951025311,13.83200127395653],[76.99071264336375,13.84282521638889],[76.9944628473334,13.849487140745383],[77.02042661090307,13.895609599766546],[77.02450079293088,13.902847044103849],[77.0417,13.9334],[76.99591834575004,13.973505557750201],[76.9312,14.0302],[76.93808434297739,14.054975629668595],[76.9484,14.0921],[76.90334586634773,14.13231296157871],[76.8907,14.1436],[77.0224,14.1773],[77.02326844204434,14.166056943856198],[77.02924905285957,14.088630541473975],[77.02943143267444,14.086269409247084],[77.0317,14.0569],[77.1411,14.0039],[77.17239518664047,14.005721660117878],[77.2751,14.0117],[77.33638577559934,13.9970028291345],[77.361,13.9911],[77.4136,13.8976],[77.41723885495124,13.92381158932352],[77.42041865370595,13.946716481166463],[77.4259,13.9862],[77.38563921991069,14.005341076004],[77.3323,14.0307],[77.35352084538142,14.061602244887231],[77.3974,14.1255],[77.3617,14.1154],[77.37220168408867,14.134729662275715],[77.3937,14.1743],[77.42113733655437,14.17654568151701],[77.5171,14.1844],[77.49675590928175,14.241810810979798],[77.4789,14.2922],[77.44603566649512,14.313851796191452],[77.44229041827595,14.316319253841728],[77.4290791656002,14.325023137957514],[77.4109,14.337],[77.3801809681602,14.298506398373592]]]},"properties":{"state_name":"Karnataka","pc_name":"CHITRADURGA (SC)","pc_no":18,"state":"karnataka","id":159}},{"type":"Feature","geometry":{"type":"Polygon","coordinates":[[[77.45460795902285,13.711],[77.4515,13.8096],[77.4453,13.8111],[77.4358,13.7965],[77.4226,13.7991],[77.4287,13.8068],[77.4197,13.8096],[77.4161,13.8067],[77.432,13.8411],[77.42277709236187,13.84241434859155],[77.4152,13.8396],[77.3819,13.8394],[77.37893613252335,13.848662085864518],[77.35936767205949,13.851450770242437],[77.3369,13.8328],[77.3254,13.8333],[77.3215,13.856],[77.32054469846912,13.85698339863473],[77.30147025376236,13.85970168125433],[77.2949,13.8574],[77.2883,13.8475],[77.2803,13.8511],[77.2567,13.8466],[77.2591,13.8632],[77.2503075072344,13.866992840016536],[77.22092541061026,13.871180057196831],[77.2199,13.8678],[77.2153,13.8683],[77.21527952974002,13.871984646797099],[77.20502943873683,13.873445378401694],[77.2004,13.8631],[77.18294340863447,13.869347622172926],[77.16717759674134,13.830156720977598],[77.1687,13.8297],[77.1677,13.8212],[77.16247149660464,13.818458223829264],[77.1575,13.8061],[77.1785,13.7827],[77.1731,13.7621],[77.1511,13.7663],[77.1409,13.7651],[77.1368,13.7583],[77.106,13.7678],[77.0905,13.7672],[77.0838,13.7567],[77.0856,13.7424],[77.0645,13.7439],[77.0575,13.753],[77.058,13.7603],[77.05785412423829,13.760474851084249],[77.01727503144363,13.741894783043596],[77.0166,13.7384],[77.0127,13.7398],[77.0282,13.5887],[77.01,13.5367],[76.9639,13.4903],[76.9208,13.5537],[76.8961,13.6543],[76.8176,13.6802],[76.7648,13.7828],[76.5608,13.6839],[76.4552,13.5909],[76.3528,13.5793],[76.3637,13.5473],[76.4095,13.436],[76.3472,13.3601],[76.3705,13.2004],[76.4291,13.1727],[76.4723,13.0933],[76.5529,13.0766],[76.6326,13.0045],[76.6939,13.0372],[76.8298,13.0021],[76.9063,13.0873],[76.984,13.1291],[77.0799,13.1335],[77.2033,13.1841],[77.2291,13.3131],[77.3385,13.3291],[77.339,13.3308],[77.3847,13.499],[77.3693,13.636],[77.4555,13.6827],[77.4499,13.711],[77.45460795902285,13.711]]]},"properties":{"state_name":"Karnataka","pc_name":"TUMKUR","pc_no":19,"state":"karnataka","id":160}},{"type":"Feature","geometry":{"type":"Polygon","coordinates":[[[76.1338,12.5287],[76.2292,12.5013],[76.2377,12.4273],[76.3081,12.3994],[76.4665,12.4105],[76.5023,12.4517],[76.513,12.4527],[76.5679,12.426],[76.655,12.3961],[76.7313,12.3167],[76.8029,12.3554],[76.9217,12.4419],[76.9767,12.353],[76.9886,12.26],[77.1238,12.2425],[77.1668,12.31],[77.3251,12.3082],[77.2378,12.4994],[77.1354,12.47],[77.1277,12.553],[77.0736,12.6803],[77.0806,12.746],[76.9993,12.7755],[76.9333,12.7997],[76.8298,13.0021],[76.6939,13.0372],[76.6326,13.0045],[76.5774,12.8472],[76.3698,12.829],[76.3371,12.7863],[76.3419,12.6548],[76.2179,12.6433],[76.1338,12.5287]]]},"properties":{"state_name":"Karnataka","pc_name":"MANDYA","pc_no":20,"state":"karnataka","id":161}},{"type":"Feature","geometry":{"type":"Polygon","coordinates":[[[75.6882,12.7014],[75.6633,12.6318],[75.6879,12.5413],[75.5778,12.5124],[75.4639,12.4726],[75.4162,12.501],[75.3713,12.4379],[75.4105,12.3467],[75.4144,12.2928],[75.4931,12.2742],[75.577,12.1578],[75.6358,12.1492],[75.7148,12.0705],[75.8009,12.0365],[75.8707,11.9523],[75.9403,11.9436],[76.003,11.9314],[76.1124,11.9791],[76.1829,12.0318],[76.1664,12.1244],[76.2664,12.2077],[76.3662,12.1598],[76.4869,12.2824],[76.54,12.1502],[76.6269,12.1514],[76.6808,12.202],[76.6726,12.2685],[76.7313,12.3167],[76.655,12.3961],[76.5679,12.426],[76.513,12.4527],[76.5023,12.4517],[76.4665,12.4105],[76.3081,12.3994],[76.2377,12.4273],[76.2292,12.5013],[76.1338,12.5287],[76.0181,12.5706],[75.9378,12.6432],[75.9692,12.8049],[75.8806,12.8345],[75.854,12.7244],[75.7607,12.6742],[75.6882,12.7014]]]},"properties":{"state_name":"Karnataka","pc_name":"MYSORE","pc_no":21,"state":"karnataka","id":162}},{"type":"Feature","geometry":{"type":"Polygon","coordinates":[[[76.7313,12.3167],[76.6726,12.2685],[76.6808,12.202],[76.6269,12.1514],[76.54,12.1502],[76.4869,12.2824],[76.3662,12.1598],[76.2664,12.2077],[76.1664,12.1244],[76.1829,12.0318],[76.1124,11.9791],[76.1212,11.851],[76.2075,11.8617],[76.3393,11.7391],[76.414,11.7589],[76.4309,11.6665],[76.5116,11.7051],[76.6139,11.6081],[76.7491,11.6153],[76.8468,11.5951],[76.8455,11.6741],[76.907,11.7954],[77.0128,11.8148],[77.0823,11.74],[77.1888,11.7922],[77.2938,11.8091],[77.4272,11.761],[77.4616,11.9001],[77.6755,11.952],[77.6756,11.952],[77.7738,12.1206],[77.7461,12.1574],[77.6093,12.2062],[77.5187,12.1946],[77.4734,12.2431],[77.431,12.2869],[77.3251,12.3082],[77.1668,12.31],[77.1238,12.2425],[76.9886,12.26],[76.9767,12.353],[76.9217,12.4419],[76.8029,12.3554],[76.7313,12.3167]]]},"properties":{"state_name":"Karnataka","pc_name":"CHAMARAJANAGAR(SC)","pc_no":22,"state":"karnataka","id":163}},{"type":"Feature","geometry":{"type":"Polygon","coordinates":[[[76.8298,13.0021],[76.9333,12.7997],[76.9993,12.7755],[77.0806,12.746],[77.0736,12.6803],[77.1277,12.553],[77.1354,12.47],[77.2378,12.4994],[77.3251,12.3082],[77.431,12.2869],[77.4734,12.2431],[77.6168,12.3683],[77.6348,12.4869],[77.5813,12.5509],[77.597,12.6581],[77.7592,12.6971],[77.8356,12.8714],[77.7677,12.9408],[77.7335,12.8741],[77.6568,12.8948],[77.6545,12.881],[77.5793,12.9017],[77.5729,12.9055],[77.54,12.9193],[77.5395,12.9336],[77.5392,12.9429],[77.529,12.9438],[77.5216,12.9866],[77.5551,13.0183],[77.5634,13.0425],[77.5308,13.0545],[77.5019,12.9943],[77.5183,12.8956],[77.5426,12.7951],[77.4756,12.7553],[77.4119,12.877],[77.3479,12.8688],[77.3295,12.9752],[77.2642,12.9799],[77.221,13.0478],[77.2033,13.1841],[77.0799,13.1335],[76.984,13.1291],[76.9063,13.0873],[76.8298,13.0021]]]},"properties":{"state_name":"Karnataka","pc_name":"BANGALORE RURAL","pc_no":23,"state":"karnataka","id":164}},{"type":"Feature","geometry":{"type":"Polygon","coordinates":[[[77.5216,12.9866],[77.5307,12.9839],[77.5541,12.9974],[77.569,12.9871],[77.5821,12.9968],[77.5963,13.0092],[77.5967,13.0098],[77.6191,12.9864],[77.6212,12.9987],[77.6113,13.0349],[77.6072,13.0389],[77.6368,13.042],[77.6623,13.0083],[77.6782,12.9809],[77.6464,13.0852],[77.7334,13.1156],[77.7281,13.189],[77.5855,13.196],[77.6065,13.1018],[77.538,13.0925],[77.4913,13.0523],[77.4666,12.9848],[77.3791,12.9952],[77.3295,12.9752],[77.3479,12.8688],[77.4119,12.877],[77.4756,12.7553],[77.5426,12.7951],[77.5183,12.8956],[77.5019,12.9943],[77.5308,13.0545],[77.5634,13.0425],[77.5551,13.0183],[77.5216,12.9866]]]},"properties":{"state_name":"Karnataka","pc_name":"BANGALORE NORTH","pc_no":24,"state":"karnataka","id":165}},{"type":"Feature","geometry":{"type":"Polygon","coordinates":[[[77.7677,12.9408],[77.7606,13.1135],[77.7334,13.1156],[77.6464,13.0852],[77.6782,12.9809],[77.6623,13.0083],[77.6368,13.042],[77.6072,13.0389],[77.6113,13.0349],[77.6212,12.9987],[77.6191,12.9864],[77.5967,13.0098],[77.5963,13.0092],[77.5821,12.9968],[77.569,12.9871],[77.5541,12.9974],[77.5307,12.9839],[77.5555,12.9768],[77.5565,12.9767],[77.5557,12.9676],[77.5502,12.9544],[77.5591,12.9535],[77.5796,12.9668],[77.5867,12.9639],[77.5948,12.9616],[77.6029,12.9481],[77.6255,12.949],[77.6411,12.955],[77.6579,12.9402],[77.663,12.9277],[77.6623,12.9179],[77.661,12.9157],[77.6568,12.8948],[77.7335,12.8741],[77.7677,12.9408]]]},"properties":{"state_name":"Karnataka","pc_name":"BANGALORE CENTRAL","pc_no":25,"state":"karnataka","id":166}},{"type":"Feature","geometry":{"type":"Polygon","coordinates":[[[77.6568,12.8948],[77.661,12.9157],[77.6484,12.9266],[77.6255,12.949],[77.6029,12.9481],[77.5948,12.9616],[77.5867,12.9639],[77.5796,12.9668],[77.5591,12.9535],[77.5502,12.9544],[77.5557,12.9676],[77.5565,12.9767],[77.5555,12.9768],[77.5307,12.9839],[77.5216,12.9866],[77.529,12.9438],[77.5392,12.9429],[77.5395,12.9336],[77.54,12.9193],[77.5729,12.9055],[77.5793,12.9017],[77.6545,12.881],[77.6568,12.8948]]]},"properties":{"state_name":"Karnataka","pc_name":"BANGALORE SOUTH","pc_no":26,"state":"karnataka","id":167}},{"type":"Feature","geometry":{"type":"Polygon","coordinates":[[[78.1187662830696,13.817884270435922],[78.1089,13.8624],[78.0817,13.8613],[78.08127545502434,13.863937324848816],[78.04728534498128,13.86582889775361],[78.0461,13.8621],[78.0207,13.8636],[78.01646369768305,13.867544143536474],[77.9921,13.8689],[77.9761,13.8295],[77.953,13.8274],[77.9562,13.836],[77.9491,13.8865],[77.96085109468609,13.890195103428203],[77.93053122135541,13.910857102049302],[77.9271,13.9054],[77.8993,13.9169],[77.8958,13.9204],[77.8989,13.9307],[77.89825150786352,13.932854667421186],[77.8885,13.9395],[77.8873,13.9393],[77.8866,13.9391],[77.8138,13.9271],[77.8138,13.9269],[77.8138,13.9252],[77.82519163063849,13.898163211403103],[77.8326,13.8938],[77.8355,13.881],[77.83319349159379,13.879171670165816],[77.8371,13.8699],[77.81603166854596,13.85598166992106],[77.812,13.849],[77.8054634369287,13.849],[77.78620975941898,13.836280481162053],[77.7891,13.8305],[77.7888,13.8232],[77.7815,13.8183],[77.7635,13.8173],[77.7479,13.8104],[77.74729047619047,13.810569312169312],[77.72001568831452,13.792550823077345],[77.7222,13.7689],[77.7174,13.7411],[77.7085,13.7411],[77.7033,13.7698],[77.6952,13.7707],[77.6715,13.7605],[77.53479727754728,13.71126170459805],[77.5344,13.707],[77.5283,13.693],[77.5251,13.691],[77.5124,13.6973],[77.5131458632661,13.70346318593566],[77.48996645510547,13.695114306514842],[77.4911,13.6899],[77.4555,13.6827],[77.3693,13.636],[77.3847,13.499],[77.339,13.3308],[77.3385,13.3291],[77.2291,13.3131],[77.2033,13.1841],[77.221,13.0478],[77.2642,12.9799],[77.3295,12.9752],[77.3791,12.9952],[77.4666,12.9848],[77.4913,13.0523],[77.538,13.0925],[77.6065,13.1018],[77.5855,13.196],[77.7281,13.189],[77.7334,13.1156],[77.7606,13.1135],[77.7677,12.9408],[77.8356,12.8714],[77.8667,12.8677],[77.8731,12.9956],[77.9374,13.1086],[77.9281,13.2372],[77.834,13.2462],[77.791,13.3491],[77.8378,13.3774],[77.8152,13.5146],[77.8319,13.6114],[77.9938,13.6317],[78.0662,13.6769],[78.09974430022574,13.738745541760725],[78.0917,13.7423],[78.1002,13.759],[78.11575230902127,13.768259467220759],[78.1257,13.7866],[78.1226,13.799],[78.1139,13.8079],[78.1187662830696,13.817884270435922]]]},"properties":{"state_name":"Karnataka","pc_name":"CHIKKBALLAPUR","pc_no":27,"state":"karnataka","id":168}},{"type":"Feature","geometry":{"type":"MultiPolygon","coordinates":[[[[78.4835,13.3179],[78.46975763758797,13.317499250670851],[78.4666,13.3152],[78.4438,13.3084],[78.44239579400742,13.316701335426705],[78.4012,13.3155],[78.3874,13.3321],[78.3771,13.332],[78.3782,13.3372],[78.383,13.3436],[78.3877,13.3428],[78.3848,13.3349],[78.3983937072893,13.335772323462415],[78.39646508246497,13.349704478909779],[78.3932,13.3508],[78.3948,13.3544],[78.3776,13.3632],[78.3696,13.3583],[78.3651,13.3618],[78.379,13.3839],[78.3817,13.397],[78.3708,13.4696],[78.37825539866228,13.481249060409807],[78.3744,13.5091],[78.39382075858215,13.551106381525866],[78.3938,13.5523],[78.4014,13.5675],[78.3262,13.5949],[78.1984935180345,13.566509866701514],[78.1933,13.5644],[78.1897,13.5713],[78.19,13.5895],[78.20069593919749,13.602434624145793],[78.2039,13.6284],[78.1684,13.6327],[78.1684320891523,13.633452312348286],[78.0993,13.6433],[78.0662,13.6769],[77.9938,13.6317],[77.8319,13.6114],[77.8152,13.5146],[77.8378,13.3774],[77.791,13.3491],[77.834,13.2462],[77.9281,13.2372],[77.9374,13.1086],[77.8731,12.9956],[77.8667,12.8677],[77.9219,12.8842],[78.0085,12.8067],[78.0859,12.8321],[78.1342,12.782],[78.2307,12.7609],[78.2534,12.862],[78.2648,12.8617],[78.2684,12.8677],[78.28037420563278,12.860445554251669],[78.3124,12.8586],[78.3137,12.8763],[78.32157697667374,12.875981278400484],[78.32655168481078,12.885403421461898],[78.3203,12.8873],[78.3235,12.9018],[78.33576854777792,12.902860244869697],[78.3484280653951,12.926837487914202],[78.3497,12.9357],[78.3558,12.9408],[78.41700833614352,12.927314601740067],[78.4111,12.9455],[78.4203,12.9478],[78.4192,12.9587],[78.4291,12.9575],[78.4379,12.964],[78.4326,12.9678],[78.4352,12.9811],[78.4525352285338,12.977815997078999],[78.4604,13.0263],[78.46204326490412,13.028993042952626],[78.4615,13.0437],[78.47115537115845,13.043926297761526],[78.567,13.201],[78.56855908489455,13.221695250175669],[78.5664,13.2225],[78.57004546175759,13.241425375933003],[78.5743,13.2979],[78.56324746997883,13.300334477978229],[78.5614,13.289],[78.5541,13.2838],[78.5382,13.2884],[78.5359,13.2732],[78.5308,13.2669],[78.521,13.2736],[78.5193,13.2828],[78.5129,13.2854],[78.5137,13.2907],[78.4988,13.3002],[78.4791,13.3017],[78.4835,13.3179]]],[[[78.42265576416429,12.92607036246152],[78.4434,12.9215],[78.4379,12.929],[78.4281,12.9321],[78.42265576416429,12.92607036246152]]]]},"properties":{"state_name":"Karnataka","pc_name":"KOLAR (SC)","pc_no":28,"state":"karnataka","id":169}},{"type":"Feature","geometry":{"type":"Polygon","coordinates":[[[75.0521,12.7133],[74.9874,12.7423],[75.0014,12.7919],[74.8697,12.7608],[74.9538,12.5584],[74.9756,12.5708],[74.9919,12.4669],[75.0519,12.365],[75.104,12.2424],[75.1647,12.0914],[75.228,12.023],[75.3047,11.9492],[75.3764,11.9747],[75.3143,12.0936],[75.3941,12.1504],[75.3948,12.153],[75.3722,12.2002],[75.4931,12.2742],[75.4144,12.2928],[75.4105,12.3467],[75.3713,12.4379],[75.4162,12.501],[75.3456,12.4628],[75.3146,12.4985],[75.2794,12.5258],[75.2789,12.6166],[75.2238,12.5704],[75.1477,12.6344],[75.0521,12.7133]]]},"properties":{"state_name":"Kerala","pc_name":"KASARAGOD","pc_no":1,"state":"kerala","id":170}},{"type":"Feature","geometry":{"type":"Polygon","coordinates":[[[75.4931,12.2742],[75.3722,12.2002],[75.3948,12.153],[75.3941,12.1504],[75.3143,12.0936],[75.3764,11.9747],[75.3047,11.9492],[75.3534,11.8709],[75.433,11.8094],[75.4715,11.7704],[75.5318,11.8008],[75.5331,11.8397],[75.6007,11.8224],[75.7499,11.8532],[75.8053,11.8503],[75.9179,11.8449],[75.9403,11.9436],[75.8707,11.9523],[75.8009,12.0365],[75.7148,12.0705],[75.6358,12.1492],[75.577,12.1578],[75.4931,12.2742]]]},"properties":{"state_name":"Kerala","pc_name":"KANNUR","pc_no":2,"state":"kerala","id":171}},{"type":"Feature","geometry":{"type":"Polygon","coordinates":[[[75.4715,11.7704],[75.5306,11.704],[75.5443,11.7046],[75.5366,11.6939],[75.5906,11.5618],[75.6186,11.4875],[75.6807,11.4509],[75.732,11.3562],[75.7472,11.3682],[75.7294,11.4458],[75.7363,11.507],[75.8213,11.5609],[75.8636,11.5547],[75.9012,11.617],[75.9027,11.6789],[75.9151,11.6907],[75.8506,11.7029],[75.7729,11.8027],[75.8053,11.8503],[75.7499,11.8532],[75.6007,11.8224],[75.5331,11.8397],[75.5318,11.8008],[75.4715,11.7704]]]},"properties":{"state_name":"Kerala","pc_name":"VADAKARA","pc_no":3,"state":"kerala","id":172}},{"type":"Feature","geometry":{"type":"Polygon","coordinates":[[[75.9403,11.9436],[75.9179,11.8449],[75.8053,11.8503],[75.7729,11.8027],[75.8506,11.7029],[75.9151,11.6907],[75.9027,11.6789],[75.9012,11.617],[75.9804,11.541],[75.9284,11.4529],[75.9723,11.427],[75.9603,11.3488],[75.977,11.2678],[75.9958,11.2544],[76.0188,11.1966],[75.9879,11.1513],[76.0436,11.1801],[76.0979,11.1646],[76.1543,11.1837],[76.3105,11.0762],[76.3463,11.0887],[76.4121,11.1158],[76.4426,11.2039],[76.45,11.2129],[76.5219,11.272],[76.5172,11.3695],[76.462,11.3875],[76.3712,11.4544],[76.2644,11.4809],[76.2378,11.5275],[76.234,11.5686],[76.2649,11.5938],[76.3776,11.6019],[76.4309,11.6665],[76.414,11.7589],[76.3393,11.7391],[76.2075,11.8617],[76.1212,11.851],[76.1124,11.9791],[76.003,11.9314],[75.9403,11.9436]]]},"properties":{"state_name":"Kerala","pc_name":"WAYANAD","pc_no":4,"state":"kerala","id":173}},{"type":"Feature","geometry":{"type":"Polygon","coordinates":[[[75.732,11.3562],[75.7517,11.3091],[75.7715,11.2501],[75.7857,11.2095],[75.8261,11.1245],[75.8882,11.1787],[75.8577,11.2079],[75.977,11.2678],[75.9603,11.3488],[75.9723,11.427],[75.9284,11.4529],[75.9804,11.541],[75.9012,11.617],[75.8636,11.5547],[75.8213,11.5609],[75.7363,11.507],[75.7294,11.4458],[75.7472,11.3682],[75.732,11.3562]]]},"properties":{"state_name":"Kerala","pc_name":"KOZHIKODE","pc_no":5,"state":"kerala","id":174}},{"type":"Feature","geometry":{"type":"Polygon","coordinates":[[[75.977,11.2678],[75.8577,11.2079],[75.8882,11.1787],[75.8261,11.1245],[75.8413,11.0825],[75.9079,11.0523],[75.987,11.0016],[76.0414,11.0402],[76.0917,10.9986],[76.0713,10.9677],[76.1317,10.8966],[76.1616,10.9122],[76.2535,10.8876],[76.3352,10.9061],[76.3632,10.9757],[76.2949,11.0505],[76.3463,11.0887],[76.3105,11.0762],[76.1543,11.1837],[76.0979,11.1646],[76.0436,11.1801],[75.9879,11.1513],[76.0188,11.1966],[75.9958,11.2544],[75.977,11.2678]]]},"properties":{"state_name":"Kerala","pc_name":"MALAPPURAM","pc_no":6,"state":"kerala","id":175}},{"type":"Feature","geometry":{"type":"Polygon","coordinates":[[[75.8413,11.0825],[75.8582,11.0186],[75.8839,10.9127],[75.8938,10.8676],[75.9129,10.786],[75.9566,10.6866],[76.0071,10.6897],[76.0693,10.7304],[76.1613,10.707],[76.1889,10.7825],[76.1029,10.8597],[76.1317,10.8966],[76.0713,10.9677],[76.0917,10.9986],[76.0414,11.0402],[75.987,11.0016],[75.9079,11.0523],[75.8413,11.0825]]]},"properties":{"state_name":"Kerala","pc_name":"PONNANI","pc_no":7,"state":"kerala","id":176}},{"type":"Feature","geometry":{"type":"Polygon","coordinates":[[[76.3463,11.0887],[76.2949,11.0505],[76.3632,10.9757],[76.3352,10.9061],[76.2535,10.8876],[76.1616,10.9122],[76.1317,10.8966],[76.1029,10.8597],[76.1889,10.7825],[76.2402,10.7735],[76.3548,10.7431],[76.3657,10.7638],[76.4725,10.7495],[76.4892,10.7641],[76.5639,10.7794],[76.5689,10.7281],[76.6515,10.7261],[76.6956,10.7201],[76.8018,10.7552],[76.8505,10.8189],[76.8125,10.8769],[76.7412,10.8903],[76.6593,10.9306],[76.7109,11.039],[76.8001,11.0551],[76.7475,11.1177],[76.6928,11.1723],[76.7067,11.2381],[76.6292,11.194],[76.4426,11.2039],[76.4121,11.1158],[76.3463,11.0887]]]},"properties":{"state_name":"Kerala","pc_name":"PALAKKAD","pc_no":8,"state":"kerala","id":177}},{"type":"Feature","geometry":{"type":"Polygon","coordinates":[[[76.0071,10.6897],[76.0593,10.6078],[76.1444,10.6215],[76.1124,10.5908],[76.1482,10.5146],[76.2652,10.5848],[76.2967,10.5982],[76.3598,10.6208],[76.4028,10.591],[76.4391,10.5572],[76.479,10.4865],[76.5825,10.4372],[76.587,10.4364],[76.6232,10.3798],[76.7489,10.367],[76.8376,10.338],[76.8162,10.4237],[76.8388,10.5971],[76.8145,10.6358],[76.8785,10.6717],[76.9042,10.7725],[76.8505,10.8189],[76.8018,10.7552],[76.6956,10.7201],[76.6515,10.7261],[76.5689,10.7281],[76.5639,10.7794],[76.4892,10.7641],[76.4725,10.7495],[76.3657,10.7638],[76.3548,10.7431],[76.2402,10.7735],[76.1889,10.7825],[76.1613,10.707],[76.0693,10.7304],[76.0071,10.6897]]]},"properties":{"state_name":"Kerala","pc_name":"ALATHUR (SC)","pc_no":9,"state":"kerala","id":178}},{"type":"Feature","geometry":{"type":"Polygon","coordinates":[[[75.9566,10.6866],[76.0531,10.4826],[76.0671,10.456],[76.1102,10.3505],[76.149,10.3947],[76.1765,10.2885],[76.2314,10.312],[76.3026,10.2913],[76.2882,10.3724],[76.4182,10.3634],[76.501,10.3832],[76.587,10.4364],[76.5825,10.4372],[76.479,10.4865],[76.4391,10.5572],[76.4028,10.591],[76.3598,10.6208],[76.2967,10.5982],[76.2652,10.5848],[76.1482,10.5146],[76.1124,10.5908],[76.1444,10.6215],[76.0593,10.6078],[76.0071,10.6897],[75.9566,10.6866]]]},"properties":{"state_name":"Kerala","pc_name":"THRISSUR","pc_no":10,"state":"kerala","id":179}},{"type":"Feature","geometry":{"type":"Polygon","coordinates":[[[76.587,10.4364],[76.501,10.3832],[76.4182,10.3634],[76.2882,10.3724],[76.3026,10.2913],[76.2314,10.312],[76.1765,10.2885],[76.149,10.3947],[76.1102,10.3505],[76.1671,10.1823],[76.1752,10.1865],[76.1794,10.1884],[76.2198,10.2071],[76.3121,10.1829],[76.3118,10.1815],[76.3279,10.1655],[76.3465,10.0783],[76.3809,10.037],[76.3608,9.9916],[76.379,9.9425],[76.4414,9.9199],[76.5063,9.9733],[76.5446,10.0492],[76.5568,10.0545],[76.5791,10.1375],[76.6416,10.1614],[76.6415,10.1616],[76.6877,10.2673],[76.8096,10.2864],[76.9011,10.2519],[76.83,10.3039],[76.8376,10.338],[76.7489,10.367],[76.6232,10.3798],[76.587,10.4364]]]},"properties":{"state_name":"Kerala","pc_name":"CHALAKUDY","pc_no":11,"state":"kerala","id":180}},{"type":"Feature","geometry":{"type":"Polygon","coordinates":[[[76.1671,10.1823],[76.2207,9.9989],[76.2402,9.9746],[76.2773,9.7891],[76.2794,9.789],[76.303,9.8899],[76.3531,9.8838],[76.3726,9.8368],[76.3881,9.8442],[76.3431,9.9804],[76.3501,9.9921],[76.3608,9.9916],[76.3809,10.037],[76.3465,10.0783],[76.3279,10.1655],[76.3118,10.1815],[76.3121,10.1829],[76.2198,10.2071],[76.1794,10.1884],[76.1752,10.1865],[76.1671,10.1823]]]},"properties":{"state_name":"Kerala","pc_name":"ERNAKULAM","pc_no":12,"state":"kerala","id":181}},{"type":"Feature","geometry":{"type":"Polygon","coordinates":[[[76.5063,9.9733],[76.5825,9.9119],[76.6096,9.8514],[76.6294,9.8559],[76.6328,9.8468],[76.768,9.8112],[76.8666,9.7353],[76.8817,9.7211],[76.9268,9.6536],[76.8935,9.6314],[76.8888,9.546],[76.9701,9.4648],[77.0178,9.4073],[77.1307,9.4932],[77.2067,9.4506],[77.2481,9.3778],[77.2246,9.2961],[77.2819,9.2731],[77.3251,9.3371],[77.3392,9.4202],[77.3923,9.4592],[77.4114,9.5075],[77.4024,9.5252],[77.3252,9.5806],[77.2346,9.5815],[77.1806,9.6582],[77.2226,9.7356],[77.2325,9.7695],[77.2188,9.9047],[77.261,9.9526],[77.2619,10.0219],[77.2013,10.1065],[77.2665,10.1218],[77.2881,10.2317],[77.2277,10.3164],[77.1765,10.3581],[77.0931,10.3115],[77.0509,10.2627],[76.9826,10.2204],[76.9011,10.2519],[76.8096,10.2864],[76.6877,10.2673],[76.6415,10.1616],[76.6416,10.1614],[76.5791,10.1375],[76.5568,10.0545],[76.5446,10.0492],[76.5063,9.9733]]]},"properties":{"state_name":"Kerala","pc_name":"IDUKKI","pc_no":13,"state":"kerala","id":182}},{"type":"Feature","geometry":{"type":"Polygon","coordinates":[[[76.3608,9.9916],[76.3501,9.9921],[76.3431,9.9804],[76.3881,9.8442],[76.3726,9.8368],[76.3761,9.6968],[76.3975,9.649],[76.3955,9.5893],[76.3924,9.5487],[76.4637,9.5605],[76.4895,9.5069],[76.5539,9.4942],[76.6153,9.5071],[76.6744,9.5383],[76.7088,9.6052],[76.7632,9.6216],[76.7442,9.6964],[76.8817,9.7211],[76.8666,9.7353],[76.768,9.8112],[76.6328,9.8468],[76.6294,9.8559],[76.6096,9.8514],[76.5825,9.9119],[76.5063,9.9733],[76.4414,9.9199],[76.379,9.9425],[76.3608,9.9916]]]},"properties":{"state_name":"Kerala","pc_name":"KOTTAYAM","pc_no":14,"state":"kerala","id":183}},{"type":"Feature","geometry":{"type":"Polygon","coordinates":[[[76.2773,9.7891],[76.2954,9.6374],[76.3183,9.4939],[76.3846,9.3075],[76.4663,9.129],[76.485,9.0901],[76.5167,9.0178],[76.5645,9.034],[76.6031,9.1307],[76.5422,9.1359],[76.5253,9.258],[76.5045,9.2651],[76.489,9.303],[76.461,9.3489],[76.4115,9.344],[76.3609,9.4553],[76.3642,9.4894],[76.3924,9.5487],[76.3955,9.5893],[76.3975,9.649],[76.3761,9.6968],[76.3726,9.8368],[76.3531,9.8838],[76.303,9.8899],[76.2794,9.789],[76.2773,9.7891]]]},"properties":{"state_name":"Kerala","pc_name":"ALAPPUZHA","pc_no":15,"state":"kerala","id":184}},{"type":"Feature","geometry":{"type":"Polygon","coordinates":[[[76.3924,9.5487],[76.3642,9.4894],[76.3609,9.4553],[76.4115,9.344],[76.461,9.3489],[76.489,9.303],[76.5045,9.2651],[76.5253,9.258],[76.5422,9.1359],[76.6031,9.1307],[76.5645,9.034],[76.5853,8.977],[76.6176,8.9794],[76.6843,8.997],[76.7299,8.9091],[76.7871,8.906],[76.8561,8.9032],[76.8435,8.959],[76.8819,8.9754],[76.9436,9.055],[77.0135,9.0722],[77.0472,9.1234],[76.9623,9.1525],[76.8515,9.1126],[76.7882,9.1132],[76.7711,9.0752],[76.7114,9.0864],[76.6349,9.1422],[76.6854,9.1743],[76.6392,9.2338],[76.6577,9.2422],[76.6416,9.3411],[76.6114,9.3432],[76.4928,9.3254],[76.5136,9.4008],[76.6154,9.4615],[76.6153,9.5071],[76.5539,9.4942],[76.4895,9.5069],[76.4637,9.5605],[76.3924,9.5487]]]},"properties":{"state_name":"Kerala","pc_name":"MAVELIKKARA (SC)","pc_no":16,"state":"kerala","id":185}},{"type":"Feature","geometry":{"type":"Polygon","coordinates":[[[76.8817,9.7211],[76.7442,9.6964],[76.7632,9.6216],[76.7088,9.6052],[76.6744,9.5383],[76.6153,9.5071],[76.6154,9.4615],[76.5136,9.4008],[76.4928,9.3254],[76.6114,9.3432],[76.6416,9.3411],[76.6577,9.2422],[76.6392,9.2338],[76.6854,9.1743],[76.6349,9.1422],[76.7114,9.0864],[76.7711,9.0752],[76.7882,9.1132],[76.8515,9.1126],[76.9623,9.1525],[77.0472,9.1234],[77.2077,9.0722],[77.2708,9.2023],[77.2819,9.2731],[77.2246,9.2961],[77.2481,9.3778],[77.2067,9.4506],[77.1307,9.4932],[77.0178,9.4073],[76.9701,9.4648],[76.8888,9.546],[76.8935,9.6314],[76.9268,9.6536],[76.8817,9.7211]]]},"properties":{"state_name":"Kerala","pc_name":"PATHANAMTHITTA","pc_no":17,"state":"kerala","id":186}},{"type":"Feature","geometry":{"type":"Polygon","coordinates":[[[76.5167,9.0178],[76.5545,8.8942],[76.5911,8.8753],[76.6456,8.8183],[76.6731,8.7818],[76.7925,8.8137],[76.7809,8.8605],[76.8529,8.8177],[76.9002,8.8115],[76.9333,8.7618],[76.9936,8.7867],[77.0479,8.8464],[77.107,8.8306],[77.1998,8.77],[77.2563,8.8783],[77.2183,8.9182],[77.2183,8.9183],[77.2183,8.9184],[77.1932,8.9259],[77.1467,9.022],[77.2077,9.0722],[77.0472,9.1234],[77.0135,9.0722],[76.9436,9.055],[76.8819,8.9754],[76.8435,8.959],[76.8561,8.9032],[76.7871,8.906],[76.7299,8.9091],[76.6843,8.997],[76.6176,8.9794],[76.5853,8.977],[76.5645,9.034],[76.5167,9.0178]]]},"properties":{"state_name":"Kerala","pc_name":"KOLLAM","pc_no":18,"state":"kerala","id":187}},{"type":"Feature","geometry":{"type":"Polygon","coordinates":[[[76.6731,8.7818],[76.7355,8.6966],[76.8554,8.5485],[76.8562,8.5797],[76.927,8.605],[76.9529,8.5642],[76.9946,8.5519],[77.0128,8.5479],[77.0035,8.507],[77.0032,8.4699],[77.0102,8.45],[77.0441,8.4264],[77.0966,8.4575],[77.1181,8.502],[77.1298,8.5564],[77.1997,8.5768],[77.2458,8.6164],[77.1832,8.7169],[77.1998,8.77],[77.107,8.8306],[77.0479,8.8464],[76.9936,8.7867],[76.9333,8.7618],[76.9002,8.8115],[76.8529,8.8177],[76.7809,8.8605],[76.7925,8.8137],[76.6731,8.7818]]]},"properties":{"state_name":"Kerala","pc_name":"ATTINGAL","pc_no":19,"state":"kerala","id":188}},{"type":"Feature","geometry":{"type":"Polygon","coordinates":[[[76.8554,8.5485],[76.9086,8.4822],[76.9322,8.4554],[76.9708,8.4023],[77.0814,8.3045],[77.0978,8.2925],[77.1484,8.3322],[77.1771,8.3261],[77.1607,8.3741],[77.2135,8.4707],[77.2619,8.5065],[77.269,8.5789],[77.2458,8.6164],[77.1997,8.5768],[77.1298,8.5564],[77.1181,8.502],[77.0966,8.4575],[77.0441,8.4264],[77.0102,8.45],[77.0032,8.4699],[77.0035,8.507],[77.0128,8.5479],[76.9946,8.5519],[76.9529,8.5642],[76.927,8.605],[76.8562,8.5797],[76.8554,8.5485]]]},"properties":{"state_name":"Kerala","pc_name":"THIRUVANANTHAPURA","pc_no":20,"state":"kerala","id":189}},{"type":"Feature","geometry":{"type":"Polygon","coordinates":[[[78.0957,26.6803],[78.002,26.6947],[77.9427,26.6581],[77.8328,26.5997],[77.7398,26.5377],[77.5363,26.4112],[77.5046,26.4084],[77.376,26.3653],[77.2708,26.2672],[77.1146,26.2175],[76.9988,26.1299],[76.97191943754851,26.122996582824957],[76.9108,26.1073],[76.8525,26.0439],[76.8364,26.0071],[76.7117,25.8998],[76.5665,25.8489],[76.5153,25.7737],[76.517,25.5268],[76.5697,25.4393],[76.6143,25.3836],[76.6492,25.3692],[76.81388893035549,25.32375568102058],[76.8532,25.3324],[76.9576,25.2841],[77.0827,25.3358],[77.1787,25.5118],[77.2949,25.5304],[77.2767,25.7197],[77.3394,25.7843],[77.4179,25.7833],[77.4435,25.8904],[77.5577,25.8115],[77.6798,25.9141],[77.6691,25.9718],[77.728,26.0461],[77.7438,26.1618],[77.816,26.2547],[77.8991,26.2281],[77.9878,26.2472],[78.005,26.3256],[78.2644,26.3367],[78.291,26.4388],[78.2229,26.5062],[78.2389,26.5454],[78.3839,26.5845],[78.3823,26.6039],[78.5232,26.6864],[78.5455,26.7636],[78.3989,26.8185],[78.3626,26.8692],[78.223,26.8307],[78.1857,26.7856],[78.1064,26.7903],[78.0957,26.6803]]]},"properties":{"state_name":"Madhya Pradesh","pc_name":"MORENA","pc_no":1,"state":"madhya-pradesh","id":190}},{"type":"Feature","geometry":{"type":"Polygon","coordinates":[[[78.2644,26.3367],[78.4211,26.3309],[78.4402,26.2603],[78.6271,26.2036],[78.6265,26.1573],[78.6119,26.1108],[78.6034,26.0466],[78.3885,25.8374],[78.2768,25.7822],[78.2473,25.722],[78.449,25.5641],[78.5316,25.571],[78.6578,25.5596],[78.819,25.6449],[78.763,25.7204],[78.8574,25.7916],[78.8832,25.9089],[78.9363,25.9523],[78.9583,26.1279],[79.1155,26.3205],[79.0982,26.4124],[79.135,26.4399],[79.0105,26.5544],[79.004,26.6287],[78.7797,26.7587],[78.5455,26.7636],[78.5232,26.6864],[78.3823,26.6039],[78.3839,26.5845],[78.2389,26.5454],[78.2229,26.5062],[78.291,26.4388],[78.2644,26.3367]]]},"properties":{"state_name":"Madhya Pradesh","pc_name":"BHIND (SC)","pc_no":2,"state":"madhya-pradesh","id":191}},{"type":"Feature","geometry":{"type":"Polygon","coordinates":[[[77.0827,25.3358],[77.2091,25.3062],[77.234,25.3783],[77.3149,25.4315],[77.3669,25.4012],[77.4779,25.3709],[77.452,25.4416],[77.5443,25.4704],[77.7065,25.4649],[77.8586,25.5243],[77.8707,25.4315],[77.9398,25.3639],[78.1925,25.3718],[78.3199,25.3836],[78.4308,25.4736],[78.449,25.5641],[78.2473,25.722],[78.2768,25.7822],[78.3885,25.8374],[78.6034,26.0466],[78.6119,26.1108],[78.6265,26.1573],[78.6271,26.2036],[78.4402,26.2603],[78.4211,26.3309],[78.2644,26.3367],[78.005,26.3256],[77.9878,26.2472],[77.8991,26.2281],[77.816,26.2547],[77.7438,26.1618],[77.728,26.0461],[77.6691,25.9718],[77.6798,25.9141],[77.5577,25.8115],[77.4435,25.8904],[77.4179,25.7833],[77.3394,25.7843],[77.2767,25.7197],[77.2949,25.5304],[77.1787,25.5118],[77.0827,25.3358]]]},"properties":{"state_name":"Madhya Pradesh","pc_name":"GWALIOR","pc_no":3,"state":"madhya-pradesh","id":192}},{"type":"Feature","geometry":{"type":"Polygon","coordinates":[[[77.3669,25.4012],[77.4115,25.2236],[77.3941,25.1198],[77.3108,25.0799],[77.1742,25.1117],[77.0845,25.0542],[76.9999,25.0747],[76.8762,25.0411],[76.8624,24.9608],[76.9275,24.8472],[76.8166,24.829],[76.8665,24.7456],[76.9619,24.7571],[77.0654,24.6414],[77.2177,24.5685],[77.3113,24.48],[77.3527,24.4012],[77.5042,24.413],[77.665,24.3643],[77.6484,24.3144],[77.7839,24.3144],[77.8003,24.3062],[78.0149,24.2364],[78.0837,24.2567],[78.0913,24.3206],[78.2652,24.4521],[78.2259,24.5301],[78.2765,24.6633],[78.1751,24.8456],[78.1732,24.8787],[78.3326,24.9942],[78.3385,25.0858],[78.4468,25.1218],[78.3722,25.2595],[78.3117,25.3031],[78.3199,25.3836],[78.1925,25.3718],[77.9398,25.3639],[77.8707,25.4315],[77.8586,25.5243],[77.7065,25.4649],[77.5443,25.4704],[77.452,25.4416],[77.4779,25.3709],[77.3669,25.4012]]]},"properties":{"state_name":"Madhya Pradesh","pc_name":"GUNA","pc_no":4,"state":"madhya-pradesh","id":193}},{"type":"Feature","geometry":{"type":"Polygon","coordinates":[[[77.6484,24.3144],[77.5545,24.2463],[77.4335,24.2405],[77.408,24.3291],[77.3213,24.2877],[77.3529,24.2136],[77.3006,24.127],[77.316,23.8915],[77.3981,23.8513],[77.4337,23.7808],[77.5549,23.7551],[77.6483,23.6926],[77.5064,23.5694],[77.5177,23.5074],[77.6503,23.485],[77.72,23.5315],[77.7323,23.5876],[77.8302,23.6278],[77.801,23.7424],[77.8461,23.8739],[77.9594,23.8904],[78.1501,23.8568],[78.2919,23.9073],[78.2507,23.7466],[78.2938,23.6744],[78.3975,23.6325],[78.447,23.6917],[78.5184,23.5528],[78.6412,23.5466],[78.7394,23.5764],[78.9012,23.6],[78.9537,23.665],[78.8547,23.734],[78.8577,23.7775],[78.9901,23.8817],[78.8867,23.9598],[78.7746,23.9596],[78.6792,23.9982],[78.6744,24.1877],[78.7026,24.2269],[78.5959,24.3353],[78.5007,24.3894],[78.3878,24.2688],[78.3291,24.3273],[78.3204,24.4099],[78.2652,24.4521],[78.0913,24.3206],[78.0837,24.2567],[78.0149,24.2364],[77.8003,24.3062],[77.7839,24.3144],[77.6484,24.3144]]]},"properties":{"state_name":"Madhya Pradesh","pc_name":"SAGAR","pc_no":5,"state":"madhya-pradesh","id":194}},{"type":"Feature","geometry":{"type":"Polygon","coordinates":[[[79.2789,25.324],[79.2837,25.1928],[79.3233,25.1498],[79.1732,25.1077],[78.9707,25.2163],[78.8841,25.1587],[78.8706,25.1869],[78.961,25.345],[78.863,25.3144],[78.8265,25.255],[78.8195,25.3068],[78.9441,25.4827],[78.904,25.5515],[78.8665,25.4658],[78.7965,25.483],[78.7141,25.3725],[78.662,25.4409],[78.5652,25.3855],[78.5312,25.3001],[78.5563,25.2106],[78.5802,25.1912],[78.6024,25.0944],[78.6526,25.0502],[78.6365,24.9592],[78.715,24.8795],[78.774,24.8511],[78.7811,24.7073],[78.7519,24.6001],[78.8831,24.6411],[78.9528,24.5468],[78.9142,24.4595],[78.9858,24.4413],[79.023,24.5458],[79.1375,24.6256],[79.1757,24.61],[79.2984,24.68],[79.3193,24.7357],[79.4588,24.5263],[79.4619,24.4011],[79.629,24.399],[79.795,24.3737],[79.8677,24.4445],[79.8817,24.5174],[79.8413,24.5952],[79.8722,24.6551],[79.8166,24.688],[79.817,24.7825],[79.7076,24.775],[79.7311,24.8826],[79.6909,24.9574],[79.7847,24.9762],[79.7731,25.0383],[79.8418,25.0955],[79.7493,25.1394],[79.6065,25.1502],[79.5252,25.0974],[79.3929,25.1168],[79.4462,25.2442],[79.3522,25.3299],[79.2789,25.324]]]},"properties":{"state_name":"Madhya Pradesh","pc_name":"TIKAMGARH(SC)","pc_no":6,"state":"madhya-pradesh","id":195}},{"type":"Feature","geometry":{"type":"Polygon","coordinates":[[[78.7394,23.5764],[78.7371,23.53],[78.6288,23.4515],[78.6315,23.3617],[78.7076,23.3537],[78.7615,23.247],[78.8099,23.2352],[79.0542,23.1981],[79.1388,23.1743],[79.1899,23.223],[79.23,23.2512],[79.3708,23.1675],[79.5581,23.2733],[79.7028,23.3611],[79.8022,23.466],[79.9294,23.5949],[79.9502,23.6681],[79.8178,23.7374],[79.8632,23.829],[79.8322,23.942],[79.8441,24.0227],[79.7533,24.035],[79.8118,24.1598],[79.8419,24.3147],[79.795,24.3737],[79.629,24.399],[79.4619,24.4011],[79.4588,24.5263],[79.3193,24.7357],[79.2984,24.68],[79.1757,24.61],[79.1375,24.6256],[79.023,24.5458],[78.9858,24.4413],[78.9917,24.4177],[78.9166,24.2689],[78.7898,24.1771],[78.7026,24.2269],[78.6744,24.1877],[78.6792,23.9982],[78.7746,23.9596],[78.8867,23.9598],[78.9901,23.8817],[78.8577,23.7775],[78.8547,23.734],[78.9537,23.665],[78.9012,23.6],[78.7394,23.5764]]]},"properties":{"state_name":"Madhya Pradesh","pc_name":"DAMOH","pc_no":7,"state":"madhya-pradesh","id":196}},{"type":"Feature","geometry":{"type":"Polygon","coordinates":[[[79.795,24.3737],[79.8419,24.3147],[79.8118,24.1598],[79.7533,24.035],[79.8441,24.0227],[79.8322,23.942],[79.8632,23.829],[79.8178,23.7374],[79.9502,23.6681],[79.9294,23.5949],[79.8022,23.466],[79.8704,23.3652],[80.0658,23.3482],[80.168,23.2989],[80.2933,23.3586],[80.3116,23.41],[80.1982,23.5243],[80.2698,23.642],[80.3285,23.6842],[80.4964,23.8941],[80.6721,23.867],[80.7251,23.7482],[80.8313,23.6702],[80.9053,23.6779],[80.9001,23.8628],[80.8468,23.9662],[80.955,24.0662],[80.8642,24.0581],[80.7207,24.0912],[80.636,24.0854],[80.4882,23.9999],[80.3549,23.9696],[80.3933,24.0257],[80.5967,24.1356],[80.5875,24.2563],[80.4692,24.3876],[80.4227,24.4441],[80.4681,24.6114],[80.4019,24.718],[80.5605,24.8149],[80.4774,24.9763],[80.4523,25.0748],[80.3346,25.0003],[80.2735,25.0261],[80.3555,25.0556],[80.3548,25.1385],[80.4306,25.1732],[80.3742,25.2439],[80.3111,25.2862],[80.2944,25.4106],[80.1045,25.3496],[80.0336,25.3423],[79.9742,25.2647],[79.853,25.2248],[79.8418,25.0955],[79.7731,25.0383],[79.7847,24.9762],[79.6909,24.9574],[79.7311,24.8826],[79.7076,24.775],[79.817,24.7825],[79.8166,24.688],[79.8722,24.6551],[79.8413,24.5952],[79.8817,24.5174],[79.8677,24.4445],[79.795,24.3737]]]},"properties":{"state_name":"Madhya Pradesh","pc_name":"KHAJURAHO","pc_no":8,"state":"madhya-pradesh","id":197}},{"type":"Feature","geometry":{"type":"Polygon","coordinates":[[[80.955,24.0662],[80.9598,24.0655],[81.0086,24.0903],[81.1119,24.1302],[81.1851,24.1111],[81.2809,24.1911],[81.3613,24.196],[81.3886,24.2627],[81.3056,24.3226],[81.2917,24.3967],[81.2126,24.4453],[81.1583,24.4147],[81.1553,24.5013],[81.1563,24.708],[81.055,24.7839],[81.1229,24.8993],[81.0845,24.9499],[80.861,24.9288],[80.8099,24.9526],[80.9076,25.1591],[80.735,25.1395],[80.7189,25.0638],[80.5924,25.1033],[80.5308,25.0014],[80.4774,24.9763],[80.5605,24.8149],[80.4019,24.718],[80.4681,24.6114],[80.4227,24.4441],[80.4692,24.3876],[80.5875,24.2563],[80.5967,24.1356],[80.3933,24.0257],[80.3549,23.9696],[80.4882,23.9999],[80.636,24.0854],[80.7207,24.0912],[80.8642,24.0581],[80.955,24.0662]]]},"properties":{"state_name":"Madhya Pradesh","pc_name":"SATNA","pc_no":9,"state":"madhya-pradesh","id":198}},{"type":"Feature","geometry":{"type":"Polygon","coordinates":[[[81.3056,24.3226],[81.5033,24.4234],[81.6907,24.4957],[81.8883,24.5305],[81.9284,24.5701],[81.9514,24.5465],[82.0903,24.5947],[82.2521,24.6109],[82.305,24.5917],[82.2989,24.6051],[82.3034,24.6539],[82.2095,24.7714],[82.1067,24.8043],[81.9529,24.8414],[81.9031,24.8919],[81.8911,24.9958],[81.7424,25.0388],[81.7076,25.0351],[81.5402,25.1859],[81.4287,25.1047],[81.3575,25.17],[81.2896,25.1687],[81.2211,24.9976],[81.2153,24.9329],[81.1229,24.8993],[81.055,24.7839],[81.1563,24.708],[81.1553,24.5013],[81.1583,24.4147],[81.2126,24.4453],[81.2917,24.3967],[81.3056,24.3226]]]},"properties":{"state_name":"Madhya Pradesh","pc_name":"REWA","pc_no":10,"state":"madhya-pradesh","id":199}},{"type":"Feature","geometry":{"type":"Polygon","coordinates":[[[82.8116,23.9611],[82.7116,24.0896],[82.741,24.1912],[82.735,24.2187],[82.7713,24.3283],[82.713,24.3803],[82.7434,24.4964],[82.806,24.5633],[82.7739,24.6417],[82.6711,24.697],[82.5234,24.6761],[82.429,24.7026],[82.4161,24.5912],[82.2989,24.6051],[82.305,24.5917],[82.2521,24.6109],[82.0903,24.5947],[81.9514,24.5465],[81.9284,24.5701],[81.8883,24.5305],[81.6907,24.4957],[81.5033,24.4234],[81.3056,24.3226],[81.3886,24.2627],[81.3613,24.196],[81.2809,24.1911],[81.1851,24.1111],[81.1119,24.1302],[81.0086,24.0903],[81.0006,24.0687],[81.181,23.8779],[81.1805,23.793],[81.2393,23.6927],[81.351,23.6948],[81.48,23.7549],[81.5296,23.7225],[81.4867,23.6421],[81.5769,23.5854],[81.696,23.7211],[81.6038,23.8845],[81.6583,23.9164],[81.8152,23.8064],[82.0088,23.8612],[82.0535,23.8188],[82.2117,23.8522],[82.3346,23.8026],[82.496,23.7859],[82.6646,23.8638],[82.6973,23.9197],[82.8116,23.9611]]]},"properties":{"state_name":"Madhya Pradesh","pc_name":"SIDHI","pc_no":11,"state":"madhya-pradesh","id":200}},{"type":"Feature","geometry":{"type":"Polygon","coordinates":[[[81.5769,23.5854],[81.4867,23.6421],[81.5296,23.7225],[81.48,23.7549],[81.351,23.6948],[81.2393,23.6927],[81.1805,23.793],[81.181,23.8779],[81.0006,24.0687],[81.0086,24.0903],[80.9598,24.0655],[80.955,24.0662],[80.8468,23.9662],[80.9001,23.8628],[80.9053,23.6779],[80.8313,23.6702],[80.7251,23.7482],[80.6721,23.867],[80.4964,23.8941],[80.3285,23.6842],[80.2698,23.642],[80.1982,23.5243],[80.3116,23.41],[80.2933,23.3586],[80.3265,23.3057],[80.4845,23.3923],[80.5441,23.3917],[80.576,23.3519],[80.6992,23.3746],[80.7167,23.2833],[80.8648,23.2328],[80.9233,23.2854],[81.0679,23.1944],[81.1145,23.215],[81.1241,23.2165],[81.2552,23.0824],[81.2264,23.0449],[81.1865,22.9522],[81.3513,22.8521],[81.4293,22.8355],[81.4531,22.7705],[81.5286,22.7524],[81.6853,22.7834],[81.7278,22.6753],[81.7691,22.7418],[81.7757,22.8742],[81.8616,22.8891],[81.9504,22.9828],[81.93,23.0211],[81.946,23.0746],[82.1224,23.1039],[82.1486,23.2201],[82.1991,23.3137],[82.1041,23.3978],[81.9837,23.4182],[81.9171,23.5353],[81.8202,23.5157],[81.7254,23.5571],[81.6271,23.491],[81.5769,23.5854]]]},"properties":{"state_name":"Madhya Pradesh","pc_name":"SHAHDOL (ST)","pc_no":12,"state":"madhya-pradesh","id":201}},{"type":"Feature","geometry":{"type":"Polygon","coordinates":[[[79.3708,23.1675],[79.3474,23.1074],[79.4584,23.0979],[79.5157,23.1435],[79.6077,23.0982],[79.6225,22.9555],[79.7504,22.899],[79.8395,22.8311],[79.9638,22.8521],[79.9512,22.9462],[79.9933,23.0253],[80.1842,23.1265],[80.2484,23.1513],[80.3053,23.097],[80.4241,23.1422],[80.5285,23.0839],[80.5031,23.2023],[80.5825,23.2822],[80.576,23.3519],[80.5441,23.3917],[80.4845,23.3923],[80.3265,23.3057],[80.2933,23.3586],[80.168,23.2989],[80.0658,23.3482],[79.8704,23.3652],[79.8022,23.466],[79.7028,23.3611],[79.5581,23.2733],[79.3708,23.1675]]]},"properties":{"state_name":"Madhya Pradesh","pc_name":"JABALPUR","pc_no":13,"state":"madhya-pradesh","id":202}},{"type":"Feature","geometry":{"type":"Polygon","coordinates":[[[81.7278,22.6753],[81.6853,22.7834],[81.5286,22.7524],[81.4531,22.7705],[81.4293,22.8355],[81.3513,22.8521],[81.1865,22.9522],[81.2264,23.0449],[81.2552,23.0824],[81.1241,23.2165],[81.1145,23.215],[81.0679,23.1944],[80.9233,23.2854],[80.8648,23.2328],[80.7167,23.2833],[80.6992,23.3746],[80.576,23.3519],[80.5825,23.2822],[80.5031,23.2023],[80.5285,23.0839],[80.4241,23.1422],[80.3053,23.097],[80.2484,23.1513],[80.1842,23.1265],[79.9933,23.0253],[79.9512,22.9462],[79.9638,22.8521],[79.8395,22.8311],[79.7504,22.899],[79.6225,22.9555],[79.6077,23.0982],[79.5157,23.1435],[79.4584,23.0979],[79.3474,23.1074],[79.3311,23.059],[79.2248,22.9887],[79.2272,22.8132],[79.325,22.6164],[79.3467,22.4864],[79.5562,22.5263],[79.5445,22.4323],[79.5047,22.3152],[79.6827,22.346],[79.6554,22.2048],[79.6849,22.1242],[79.8083,22.1594],[79.9292,22.1219],[79.9332,22.0675],[80.0654,22.0764],[80.0336,22.1826],[80.0988,22.2458],[80.098,22.3385],[80.3346,22.3002],[80.3968,22.3056],[80.5143,22.2646],[80.7063,22.2021],[80.7039,22.2706],[80.8657,22.3791],[80.9147,22.279],[81.0469,22.2425],[81.1184,22.2906],[81.1079,22.3988],[81.1993,22.4628],[81.3313,22.5255],[81.4228,22.4702],[81.479,22.4917],[81.5224,22.5391],[81.6227,22.5386],[81.6486,22.6153],[81.7178,22.6521],[81.7278,22.6753]]]},"properties":{"state_name":"Madhya Pradesh","pc_name":"MANDLA (ST)","pc_no":14,"state":"madhya-pradesh","id":203}},{"type":"Feature","geometry":{"type":"Polygon","coordinates":[[[81.0469,22.2425],[80.9147,22.279],[80.8657,22.3791],[80.7039,22.2706],[80.7063,22.2021],[80.5143,22.2646],[80.3968,22.3056],[80.3346,22.3002],[80.098,22.3385],[80.0988,22.2458],[80.0336,22.1826],[80.0654,22.0764],[79.9332,22.0675],[79.9292,22.1219],[79.8083,22.1594],[79.6849,22.1242],[79.6554,22.2048],[79.6827,22.346],[79.5047,22.3152],[79.5445,22.4323],[79.5562,22.5263],[79.3467,22.4864],[79.3051,22.4409],[79.3511,22.3514],[79.2954,22.2945],[79.3254,22.2283],[79.4064,22.0414],[79.3962,21.9959],[79.3394,21.9541],[79.2733,21.7744],[79.2309,21.7188],[79.3928,21.674],[79.4962,21.6744],[79.51,21.596],[79.5392,21.543],[79.6563,21.5594],[79.7362,21.6041],[79.9191,21.5244],[79.9636,21.5582],[80.0755,21.5599],[80.1859,21.6275],[80.2726,21.6127],[80.3372,21.544],[80.4221,21.4406],[80.6214,21.3205],[80.66,21.3342],[80.7337,21.4835],[80.717,21.6717],[80.7484,21.7562],[80.817,21.7616],[80.8426,21.8337],[80.8321,21.9078],[80.9079,22.1096],[80.9944,22.0493],[81.0469,22.2425]]]},"properties":{"state_name":"Madhya Pradesh","pc_name":"BALAGHAT","pc_no":15,"state":"madhya-pradesh","id":204}},{"type":"Feature","geometry":{"type":"Polygon","coordinates":[[[79.2272,22.8132],[79.0225,22.7423],[78.996,22.6347],[78.8815,22.6783],[78.7789,22.6217],[78.6805,22.6994],[78.6118,22.649],[78.5252,22.6662],[78.4964,22.5902],[78.5479,22.5367],[78.5274,22.4203],[78.4831,22.3796],[78.3484,22.4175],[78.2702,22.4021],[78.2492,22.3272],[78.2721,22.1153],[78.3304,22.1074],[78.4004,21.9854],[78.5145,21.9363],[78.5392,21.9058],[78.467,21.8133],[78.4593,21.7176],[78.3427,21.589],[78.3903,21.6147],[78.4361,21.4998],[78.5117,21.5288],[78.5861,21.4875],[78.7077,21.4705],[78.7559,21.4906],[78.9367,21.4859],[78.9141,21.5888],[78.9737,21.6124],[79.0138,21.5998],[79.2229,21.6489],[79.2309,21.7188],[79.2733,21.7744],[79.3394,21.9541],[79.3962,21.9959],[79.4064,22.0414],[79.3254,22.2283],[79.2954,22.2945],[79.3511,22.3514],[79.3051,22.4409],[79.3467,22.4864],[79.325,22.6164],[79.2272,22.8132]]]},"properties":{"state_name":"Madhya Pradesh","pc_name":"CHHINDWARA","pc_no":16,"state":"madhya-pradesh","id":205}},{"type":"Feature","geometry":{"type":"Polygon","coordinates":[[[78.7615,23.247],[78.6165,23.1621],[78.4309,23.201],[78.1889,23.1367],[78.2026,22.9922],[78.1459,22.9434],[78.0275,22.9618],[77.9998,22.9259],[78.0271,22.8028],[77.944,22.7898],[77.862,22.8399],[77.7692,22.7832],[77.6241,22.7445],[77.5889,22.6848],[77.466,22.6475],[77.3437,22.5696],[77.2122,22.5655],[77.257,22.5537],[77.3601,22.3099],[77.3627,22.2465],[77.4308,22.2132],[77.544,22.3405],[77.6555,22.3064],[77.8649,22.3634],[77.9447,22.3393],[78.0305,22.3308],[78.1753,22.3994],[78.2702,22.4021],[78.3484,22.4175],[78.4831,22.3796],[78.5274,22.4203],[78.5479,22.5367],[78.4964,22.5902],[78.5252,22.6662],[78.6118,22.649],[78.6805,22.6994],[78.7789,22.6217],[78.8815,22.6783],[78.996,22.6347],[79.0225,22.7423],[79.2272,22.8132],[79.2248,22.9887],[79.3311,23.059],[79.3474,23.1074],[79.3708,23.1675],[79.23,23.2512],[79.1899,23.223],[79.1388,23.1743],[79.0542,23.1981],[78.8099,23.2352],[78.7615,23.247]]]},"properties":{"state_name":"Madhya Pradesh","pc_name":"HOSHANGABAD","pc_no":17,"state":"madhya-pradesh","id":206}},{"type":"Feature","geometry":{"type":"Polygon","coordinates":[[[77.5177,23.5074],[77.5,23.4138],[77.623,23.3449],[77.5872,23.2504],[77.5375,23.1344],[77.3792,23.0726],[77.2759,23.104],[77.1762,23.2291],[77.1748,23.3021],[77.1146,23.1839],[77.055,23.2011],[76.9825,23.3266],[76.9065,23.2315],[76.8857,23.1258],[76.8414,22.865],[76.7105,22.7925],[76.5757,22.7715],[76.5274,22.8063],[76.5095,22.7451],[76.7043,22.5616],[76.7809,22.5376],[76.7954,22.4292],[76.93,22.4904],[77.1008,22.5275],[77.1297,22.5554],[77.2122,22.5655],[77.3437,22.5696],[77.466,22.6475],[77.5889,22.6848],[77.6241,22.7445],[77.7692,22.7832],[77.862,22.8399],[77.944,22.7898],[78.0271,22.8028],[77.9998,22.9259],[78.0275,22.9618],[78.1459,22.9434],[78.2026,22.9922],[78.1889,23.1367],[78.4309,23.201],[78.6165,23.1621],[78.7615,23.247],[78.7076,23.3537],[78.6315,23.3617],[78.6288,23.4515],[78.7371,23.53],[78.7394,23.5764],[78.6412,23.5466],[78.5184,23.5528],[78.447,23.6917],[78.3975,23.6325],[78.2938,23.6744],[78.2507,23.7466],[78.2919,23.9073],[78.1501,23.8568],[77.9594,23.8904],[77.8461,23.8739],[77.801,23.7424],[77.8302,23.6278],[77.7323,23.5876],[77.72,23.5315],[77.6503,23.485],[77.5177,23.5074]]]},"properties":{"state_name":"Madhya Pradesh","pc_name":"VIDISHA","pc_no":18,"state":"madhya-pradesh","id":207}},{"type":"Feature","geometry":{"type":"Polygon","coordinates":[[[77.316,23.8915],[77.2265,23.8927],[77.1894,23.7338],[77.1668,23.6746],[77.139,23.5479],[77.0498,23.4673],[76.9885,23.3971],[76.9825,23.3266],[77.055,23.2011],[77.1146,23.1839],[77.1748,23.3021],[77.1762,23.2291],[77.2759,23.104],[77.3792,23.0726],[77.5375,23.1344],[77.5872,23.2504],[77.623,23.3449],[77.5,23.4138],[77.5177,23.5074],[77.5064,23.5694],[77.6483,23.6926],[77.5549,23.7551],[77.4337,23.7808],[77.3981,23.8513],[77.316,23.8915]]]},"properties":{"state_name":"Madhya Pradesh","pc_name":"BHOPAL","pc_no":19,"state":"madhya-pradesh","id":208}},{"type":"Feature","geometry":{"type":"Polygon","coordinates":[[[77.0654,24.6414],[77.0574,24.537],[76.9774,24.4615],[76.8449,24.4363],[76.8631,24.2734],[76.9456,24.2058],[76.8789,24.1306],[76.7901,24.1227],[76.6759,24.1908],[76.5229,24.1568],[76.4569,24.214],[76.3634,24.2327],[76.212,24.2113],[76.2028,24.3048],[76.1429,24.2827],[76.1267,24.0886],[75.9715,24.0201],[75.9819,23.9296],[76.1095,23.8357],[76.1343,23.7151],[76.1997,23.6921],[76.2313,23.5929],[76.2823,23.62],[76.4497,23.6237],[76.4769,23.5241],[76.5262,23.5765],[76.5996,23.5632],[76.7082,23.4897],[76.8022,23.4601],[76.888,23.5232],[77.0498,23.4673],[77.139,23.5479],[77.1668,23.6746],[77.1894,23.7338],[77.2265,23.8927],[77.316,23.8915],[77.3006,24.127],[77.3529,24.2136],[77.3213,24.2877],[77.408,24.3291],[77.4335,24.2405],[77.5545,24.2463],[77.6484,24.3144],[77.665,24.3643],[77.5042,24.413],[77.3527,24.4012],[77.3113,24.48],[77.2177,24.5685],[77.0654,24.6414]]]},"properties":{"state_name":"Madhya Pradesh","pc_name":"RAJGARH","pc_no":20,"state":"madhya-pradesh","id":209}},{"type":"Feature","geometry":{"type":"Polygon","coordinates":[[[76.9825,23.3266],[76.9885,23.3971],[77.0498,23.4673],[76.888,23.5232],[76.8022,23.4601],[76.7082,23.4897],[76.5996,23.5632],[76.5262,23.5765],[76.4769,23.5241],[76.4497,23.6237],[76.2823,23.62],[76.2313,23.5929],[76.1997,23.6921],[76.1343,23.7151],[76.1095,23.8357],[75.9819,23.9296],[75.7938,23.867],[75.6866,23.7558],[75.6899,23.7475],[75.8236,23.6971],[75.8782,23.5585],[75.9993,23.5736],[76.1213,23.5384],[76.1594,23.5704],[76.209,23.4883],[76.2126,23.3847],[76.1819,23.2693],[76.1204,23.2431],[76.0595,23.1851],[76.1139,23.0546],[76.0823,23.0476],[76.0413,23.1808],[75.962,23.3198],[75.927,23.2743],[75.9795,23.1031],[75.9701,23.0328],[75.8971,23.0019],[75.9795,22.8802],[76.0603,22.807],[76.1037,22.7016],[76.1878,22.6911],[76.3617,22.7644],[76.5095,22.7451],[76.5274,22.8063],[76.5757,22.7715],[76.7105,22.7925],[76.8414,22.865],[76.8857,23.1258],[76.9065,23.2315],[76.9825,23.3266]]]},"properties":{"state_name":"Madhya Pradesh","pc_name":"DEWAS (SC)","pc_no":21,"state":"madhya-pradesh","id":210}},{"type":"Feature","geometry":{"type":"Polygon","coordinates":[[[75.6866,23.7558],[75.5839,23.7948],[75.4594,23.9194],[75.3342,23.8406],[75.2785,23.8457],[75.2738,23.8275],[75.2089,23.6204],[75.1136,23.6293],[75.1071,23.5003],[75.1767,23.4987],[75.1566,23.417],[75.1943,23.3272],[75.3256,23.2899],[75.2258,23.21],[75.2421,23.135],[75.3005,23.127],[75.3347,23.0394],[75.3069,22.9312],[75.3716,22.8684],[75.4372,22.8677],[75.4737,22.9862],[75.5538,23.0646],[75.6462,23.0069],[75.8048,23.0346],[75.885,23.0249],[75.8971,23.0019],[75.9701,23.0328],[75.9795,23.1031],[75.927,23.2743],[75.962,23.3198],[76.0413,23.1808],[76.0823,23.0476],[76.1139,23.0546],[76.0595,23.1851],[76.1204,23.2431],[76.1819,23.2693],[76.2126,23.3847],[76.209,23.4883],[76.1594,23.5704],[76.1213,23.5384],[75.9993,23.5736],[75.8782,23.5585],[75.8236,23.6971],[75.6899,23.7475],[75.6866,23.7558]]]},"properties":{"state_name":"Madhya Pradesh","pc_name":"UJJAIN (SC)","pc_no":22,"state":"madhya-pradesh","id":211}},{"type":"Feature","geometry":{"type":"Polygon","coordinates":[[[75.4594,23.9194],[75.5213,24.0246],[75.5817,23.9912],[75.6713,24.0179],[75.67563533345441,24.015353457426496],[75.7816,24.0426],[75.7647,24.1754],[75.83,24.2336],[75.7399,24.3321],[75.7494,24.4245],[75.8999,24.442],[75.9178,24.5396],[75.7848,24.7617],[75.6463,24.6851],[75.5484,24.7034],[75.3715,24.6921],[75.3705,24.6922],[75.2198,24.7029],[75.2194,24.7028],[75.1929,24.7733],[75.3513,25.019],[75.1924,25.0335],[75.1137,24.9666],[75.1168,24.8778],[74.9587,24.858],[74.8409,24.967],[74.838,24.7973],[74.838,24.7972],[74.8379,24.7971],[74.9729,24.7634],[74.9929,24.6926],[74.8768,24.6427],[74.8097,24.777],[74.8088,24.7802],[74.8087,24.7807],[74.7804,24.7304],[74.771,24.5787],[74.7168,24.507],[74.8551,24.4243],[74.7568,24.2642],[74.8896,24.2286],[74.9099,24.2098],[74.9059,24.1155],[74.9739,24.0396],[74.9032,23.853],[74.94,23.7644],[74.9365,23.6283],[74.8239,23.5424],[74.9301,23.5039],[75.0361,23.5391],[75.1071,23.5003],[75.1136,23.6293],[75.2089,23.6204],[75.2738,23.8275],[75.2785,23.8457],[75.3342,23.8406],[75.4594,23.9194]]]},"properties":{"state_name":"Madhya Pradesh","pc_name":"MANDSOUR","pc_no":23,"state":"madhya-pradesh","id":212}},{"type":"Feature","geometry":{"type":"Polygon","coordinates":[[[74.33839299863388,22.96286779371586],[74.3379,22.9606],[74.34271306887173,22.956726408519113],[74.40431264658304,22.907150637673524],[74.46384059284088,22.8592421303065],[74.4752,22.8501],[74.4745,22.8487],[74.4739,22.8475],[74.466,22.8224],[74.4522,22.8091],[74.44551036871212,22.79317447940335],[74.3791268213664,22.63513997719559],[74.37890445081742,22.634610595738597],[74.3233437751004,22.6407718875502],[74.2772,22.646],[74.2771045971881,22.645899490203874],[74.2771,22.6459],[74.18927981512417,22.553483992024862],[74.0933,22.5407],[74.0613,22.5499],[74.06117902434285,22.549822596083768],[74.0377,22.5348],[74.0292,22.5073],[74.08991746540798,22.470834457733805],[74.1331,22.4449],[74.2526,22.433],[74.2535,22.3851],[74.2532,22.385],[74.253,22.3852],[74.2528,22.3852],[74.2526,22.3851],[74.1893,22.32],[74.18921580016494,22.320028136255882],[74.15894383137012,22.33014383137012],[74.06840663621766,22.360397782438433],[74.0684,22.3604],[74.0751,22.2572],[74.0751,22.2571],[74.12122282157677,22.21313153526971],[74.12220024751534,22.212195525684464],[74.1287,22.0947],[74.0999,21.9991],[74.100000148426,21.999000494925767],[74.1466,21.9527],[74.2815,21.9329],[74.4318,22.0302],[74.5022,22.0446],[74.5402,22.1231],[74.5253,22.1471],[74.5265,22.2364],[74.5993,22.268],[74.6297,22.3222],[74.6318,22.3664],[74.7368,22.4525],[74.7118,22.4962],[74.7499,22.5603],[74.7742,22.5715],[74.796,22.6584],[74.7623,22.7505],[74.8517,22.7459],[74.939,22.7935],[75.0031,22.913],[75.0088,22.9936],[75.005,23.1104],[75.1675,23.1059],[75.2421,23.135],[75.2258,23.21],[75.3256,23.2899],[75.1943,23.3272],[75.1566,23.417],[75.1767,23.4987],[75.1071,23.5003],[75.0361,23.5391],[74.9301,23.5039],[74.8239,23.5424],[74.7711,23.5425],[74.7284,23.4962],[74.613,23.462],[74.5301,23.3307],[74.5635,23.2931],[74.5733,23.2896],[74.6268,23.2587],[74.6473,23.2553],[74.7412,23.2264],[74.5281,23.0977],[74.3862,23.1114],[74.3189,23.0586],[74.3187,23.0575],[74.3384,22.9629],[74.33839299863388,22.96286779371586]]]},"properties":{"state_name":"Madhya Pradesh","pc_name":"RATLAM (ST)","pc_no":24,"state":"madhya-pradesh","id":213}},{"type":"Feature","geometry":{"type":"Polygon","coordinates":[[[75.2421,23.135],[75.1675,23.1059],[75.005,23.1104],[75.0088,22.9936],[75.0031,22.913],[74.939,22.7935],[74.8517,22.7459],[74.7623,22.7505],[74.796,22.6584],[74.7742,22.5715],[74.7499,22.5603],[74.7118,22.4962],[74.7368,22.4525],[74.6318,22.3664],[74.6297,22.3222],[74.5993,22.268],[74.5265,22.2364],[74.5253,22.1471],[74.5402,22.1231],[74.5022,22.0446],[74.5612,22.0238],[74.7778,22.0787],[74.95,22.0832],[74.9946,22.087],[75.2756,22.1243],[75.3158,22.1342],[75.4982,22.1558],[75.5644,22.3757],[75.6445,22.3356],[75.7523,22.3579],[75.8343,22.4086],[76.0527,22.4537],[76.0283,22.5301],[75.9538,22.5886],[75.7376,22.6476],[75.7138,22.6279],[75.5284,22.6307],[75.4845,22.7492],[75.4372,22.8677],[75.3716,22.8684],[75.3069,22.9312],[75.3347,23.0394],[75.3005,23.127],[75.2421,23.135]]]},"properties":{"state_name":"Madhya Pradesh","pc_name":"DHAR (ST)","pc_no":25,"state":"madhya-pradesh","id":214}},{"type":"Feature","geometry":{"type":"Polygon","coordinates":[[[75.8971,23.0019],[75.885,23.0249],[75.8048,23.0346],[75.6462,23.0069],[75.5538,23.0646],[75.4737,22.9862],[75.4372,22.8677],[75.4845,22.7492],[75.5284,22.6307],[75.7138,22.6279],[75.7376,22.6476],[75.9538,22.5886],[76.0283,22.5301],[76.0875,22.5404],[76.1175,22.5956],[76.2467,22.6451],[76.1878,22.6911],[76.1037,22.7016],[76.0603,22.807],[75.9795,22.8802],[75.8971,23.0019]]]},"properties":{"state_name":"Madhya Pradesh","pc_name":"INDORE","pc_no":26,"state":"madhya-pradesh","id":215}},{"type":"Feature","geometry":{"type":"Polygon","coordinates":[[[74.4318,22.0302],[74.5091,21.9369],[74.5136,21.8589],[74.5016,21.7825],[74.5823,21.6649],[74.7709,21.6157],[74.8714,21.6316],[74.9726,21.5962],[75.0537,21.5641],[75.1074,21.4628],[75.207,21.4131],[75.3829,21.3796],[75.6166,21.3884],[75.7595,21.38],[75.7931,21.3845],[75.7293,21.5105],[75.8561,21.5921],[75.8188,21.7365],[75.8441,21.8148],[75.9319,21.9115],[75.9634,21.9951],[75.8101,22.0795],[75.7942,22.1856],[75.9528,22.2007],[75.9581,22.2786],[76.0684,22.4007],[76.0527,22.4537],[75.8343,22.4086],[75.7523,22.3579],[75.6445,22.3356],[75.5644,22.3757],[75.4982,22.1558],[75.3158,22.1342],[75.2756,22.1243],[74.9946,22.087],[74.95,22.0832],[74.7778,22.0787],[74.5612,22.0238],[74.5022,22.0446],[74.4318,22.0302]]]},"properties":{"state_name":"Madhya Pradesh","pc_name":"KHARGONE(ST)","pc_no":27,"state":"madhya-pradesh","id":216}},{"type":"Feature","geometry":{"type":"Polygon","coordinates":[[[76.5095,22.7451],[76.3617,22.7644],[76.1878,22.6911],[76.2467,22.6451],[76.1175,22.5956],[76.0875,22.5404],[76.0283,22.5301],[76.0527,22.4537],[76.0684,22.4007],[75.9581,22.2786],[75.9528,22.2007],[75.7942,22.1856],[75.8101,22.0795],[75.9634,21.9951],[75.9319,21.9115],[75.8441,21.8148],[75.8188,21.7365],[75.8561,21.5921],[75.7293,21.5105],[75.7931,21.3845],[75.9866,21.3689],[76.0968,21.3719],[76.1511,21.2438],[76.1737,21.0895],[76.3843,21.0765],[76.456,21.1081],[76.4984,21.1935],[76.6239,21.1854],[76.6628,21.2806],[76.6216,21.3326],[76.7395,21.4107],[76.7956,21.4896],[76.7811,21.5608],[76.648,21.5648],[76.6512,21.6668],[76.5607,21.8236],[76.5575,22.0101],[76.6026,22.0266],[76.6518,22.1609],[76.8365,22.1283],[76.852,22.3312],[76.7808,22.3442],[76.7954,22.4292],[76.7809,22.5376],[76.7043,22.5616],[76.5095,22.7451]]]},"properties":{"state_name":"Madhya Pradesh","pc_name":"KHANDWA","pc_no":28,"state":"madhya-pradesh","id":217}},{"type":"Feature","geometry":{"type":"Polygon","coordinates":[[[78.2702,22.4021],[78.1753,22.3994],[78.0305,22.3308],[77.9447,22.3393],[77.8649,22.3634],[77.6555,22.3064],[77.544,22.3405],[77.4308,22.2132],[77.3627,22.2465],[77.3601,22.3099],[77.257,22.5537],[77.2122,22.5655],[77.1297,22.5554],[77.1008,22.5275],[76.93,22.4904],[76.7954,22.4292],[76.7808,22.3442],[76.852,22.3312],[76.8365,22.1283],[76.6518,22.1609],[76.6026,22.0266],[76.5575,22.0101],[76.5607,21.8236],[76.6512,21.6668],[76.648,21.5648],[76.7811,21.5608],[76.902,21.5971],[77.0658,21.7124],[77.2102,21.6898],[77.28,21.7584],[77.5019,21.7462],[77.5726,21.6168],[77.5751,21.5263],[77.4551,21.5535],[77.4882,21.3743],[77.5633,21.3696],[77.7098,21.3572],[77.8366,21.4004],[77.9037,21.3774],[78.0168,21.4188],[78.1762,21.5005],[78.2648,21.5915],[78.3427,21.589],[78.4593,21.7176],[78.467,21.8133],[78.5392,21.9058],[78.5145,21.9363],[78.4004,21.9854],[78.3304,22.1074],[78.2721,22.1153],[78.2492,22.3272],[78.2702,22.4021]]]},"properties":{"state_name":"Madhya Pradesh","pc_name":"BETUL (ST)","pc_no":29,"state":"madhya-pradesh","id":218}},{"type":"Feature","geometry":{"type":"Polygon","coordinates":[[[73.82935840724858,21.783797604323343],[73.8294,21.7837],[73.86215,21.7299],[73.8947973611354,21.676004356349218],[73.8142,21.6009],[73.85319327425645,21.497517831843144],[73.8532,21.4975],[73.8779,21.502241176470587],[73.9824,21.5223],[73.9932,21.5433],[74.0024,21.5414],[74.0537,21.5553],[74.0538,21.5559],[74.0542,21.5577],[74.0549,21.5578],[74.0554,21.5567],[74.09610480864353,21.54952020444979],[74.196,21.5319],[74.29089423755458,21.54167571247803],[74.3319,21.5459],[74.3319,21.5458],[74.332,21.5451],[74.3322,21.5435],[74.3292,21.5429],[74.3281,21.541],[74.3279,21.5395],[74.3209,21.4985],[74.1953,21.4604],[74.1944,21.4601],[74.1929,21.4597],[74.1482,21.4579],[74.1385015609915,21.461526372846656],[74.1252,21.4665],[73.9441,21.4],[73.9424,21.3258],[73.93454411202715,21.29758293299553],[73.9326,21.2906],[73.8271,21.2674],[73.81716842105263,21.18383157894737],[73.816,21.174],[73.67266637512148,21.145533624878524],[73.6443,21.1399],[73.7373,21.0802],[73.8507,20.9983],[73.8513,20.9976],[73.8883,20.9336],[73.9257,20.8887],[73.94017256918849,20.839929424378475],[73.94028411537731,20.83955352900247],[73.9403,20.8395],[73.9666,20.8523],[74.0013,20.8345],[74.1578,20.8621],[74.35,20.852],[74.4006,20.825],[74.4764,20.8296],[74.4386,20.8713],[74.4825,21.0054],[74.5465,21.0953],[74.4334,21.1034],[74.3536,21.2314],[74.4073,21.2659],[74.4099,21.2571],[74.491,21.2401],[74.502,21.4156],[74.6853,21.4045],[74.7691,21.3629],[74.8355,21.2797],[74.9447,21.2256],[75.0109,21.187],[75.1061,21.238],[75.1302,21.35],[75.207,21.4131],[75.1074,21.4628],[75.0537,21.5641],[74.9726,21.5962],[74.8714,21.6316],[74.7709,21.6157],[74.5823,21.6649],[74.5016,21.7825],[74.5136,21.8589],[74.5091,21.9369],[74.4318,22.0302],[74.2815,21.9329],[74.1466,21.9527],[74.0179,21.9069],[73.9403,21.8709],[73.8069,21.8365],[73.80693838348186,21.836409926762553],[73.81209938650306,21.824298773006134],[73.82935840724858,21.783797604323343]]]},"properties":{"state_name":"Maharashtra","pc_name":"NANDURBAR (ST)","pc_no":1,"state":"maharashtra","id":219}},{"type":"Feature","geometry":{"type":"Polygon","coordinates":[[[73.85911951236534,20.698969141288412],[73.8547,20.6925],[73.8546,20.6927],[73.8526,20.6715],[73.8847,20.6762],[73.9077,20.6948],[73.9192,20.6685],[73.9485,20.6425],[74.0523,20.5876],[74.1123,20.5685],[74.1977,20.5145],[74.3619,20.5284],[74.4023,20.4351],[74.4998,20.5098],[74.6063,20.5233],[74.7885,20.6609],[74.8124,20.6323],[74.9328,20.6564],[74.9869,20.7348],[74.9839,20.8291],[74.9133,20.9274],[74.9186,21.0135],[74.867,21.0734],[74.9447,21.2256],[74.8355,21.2797],[74.7691,21.3629],[74.6853,21.4045],[74.502,21.4156],[74.491,21.2401],[74.4099,21.2571],[74.4073,21.2659],[74.3536,21.2314],[74.4334,21.1034],[74.5465,21.0953],[74.4825,21.0054],[74.4386,20.8713],[74.4764,20.8296],[74.4006,20.825],[74.35,20.852],[74.1578,20.8621],[74.0013,20.8345],[73.9666,20.8523],[73.9403,20.8395],[73.9317,20.7604],[73.8823,20.7329],[73.85911951236534,20.698969141288412]]]},"properties":{"state_name":"Maharashtra","pc_name":"DHULE","pc_no":2,"state":"maharashtra","id":220}},{"type":"Feature","geometry":{"type":"Polygon","coordinates":[[[74.9447,21.2256],[74.867,21.0734],[74.9186,21.0135],[74.9133,20.9274],[74.9839,20.8291],[74.9869,20.7348],[74.9328,20.6564],[74.8124,20.6323],[74.7834,20.5],[74.8367,20.4168],[74.8565,20.294],[74.9345,20.2702],[74.9992,20.3369],[75.126,20.3503],[75.1592,20.4756],[75.227,20.4941],[75.2403,20.551],[75.389,20.5774],[75.3961,20.5208],[75.5269,20.5553],[75.5363,20.6067],[75.5148,20.7856],[75.6021,20.8874],[75.7383,20.9093],[75.6905,21.0047],[75.6939,21.0979],[75.6809,21.1092],[75.5746,21.124],[75.4354,21.181],[75.3293,21.1413],[75.231,21.1506],[75.0109,21.187],[74.9447,21.2256]]]},"properties":{"state_name":"Maharashtra","pc_name":"JALGAON","pc_no":3,"state":"maharashtra","id":221}},{"type":"Feature","geometry":{"type":"Polygon","coordinates":[[[75.207,21.4131],[75.1302,21.35],[75.1061,21.238],[75.0109,21.187],[75.231,21.1506],[75.3293,21.1413],[75.4354,21.181],[75.5746,21.124],[75.6809,21.1092],[75.6939,21.0979],[75.6905,21.0047],[75.7383,20.9093],[75.6021,20.8874],[75.5148,20.7856],[75.5363,20.6067],[75.66,20.6245],[75.7589,20.5749],[75.8849,20.5601],[76.0077,20.6458],[75.9998,20.7786],[76.0636,20.8283],[76.2205,20.7885],[76.3156,20.673],[76.3509,20.7303],[76.4609,20.7538],[76.5201,20.8594],[76.4099,20.9405],[76.3452,20.9507],[76.3843,21.0765],[76.1737,21.0895],[76.1511,21.2438],[76.0968,21.3719],[75.9866,21.3689],[75.7931,21.3845],[75.7595,21.38],[75.6166,21.3884],[75.3829,21.3796],[75.207,21.4131]]]},"properties":{"state_name":"Maharashtra","pc_name":"RAVER","pc_no":4,"state":"maharashtra","id":222}},{"type":"Feature","geometry":{"type":"Polygon","coordinates":[[[76.3843,21.0765],[76.3452,20.9507],[76.4099,20.9405],[76.5201,20.8594],[76.4609,20.7538],[76.3509,20.7303],[76.3156,20.673],[76.2205,20.7885],[76.0636,20.8283],[75.9998,20.7786],[76.0077,20.6458],[76.0358,20.5553],[75.9557,20.4648],[75.9296,20.3014],[76.1083,20.3541],[76.1784,20.2651],[76.0694,20.0724],[75.9659,19.9952],[76.0403,19.9516],[76.0976,19.8574],[76.1755,19.8512],[76.296,19.8692],[76.4206,19.92],[76.4934,19.9197],[76.535,19.8508],[76.647,19.8679],[76.6583,20.1131],[76.7566,20.1278],[76.7468,20.207],[76.8196,20.281],[76.6992,20.3518],[76.6984,20.4565],[76.7695,20.5165],[76.7884,20.587],[76.735,20.7113],[76.7731,20.7779],[76.7886,20.9147],[76.7818,21.1885],[76.7242,21.2891],[76.6628,21.2806],[76.6239,21.1854],[76.4984,21.1935],[76.456,21.1081],[76.3843,21.0765]]]},"properties":{"state_name":"Maharashtra","pc_name":"BULDHANA","pc_no":5,"state":"maharashtra","id":223}},{"type":"Feature","geometry":{"type":"Polygon","coordinates":[[[76.647,19.8679],[76.6787,19.8474],[76.7723,19.9361],[77.0009,20.0124],[77.055,20.1862],[77.1407,20.2049],[77.2192,20.3375],[77.1433,20.3809],[77.186,20.4476],[77.3209,20.4503],[77.3654,20.5182],[77.3398,20.5752],[77.4657,20.6108],[77.454,20.6619],[77.5235,20.7322],[77.6147,20.7605],[77.5793,20.808],[77.4721,20.8765],[77.4352,20.8429],[77.2126,20.8496],[77.1297,20.863],[77.1676,20.9892],[77.1503,21.0345],[77.1739,21.2432],[76.9982,21.1958],[76.7818,21.1885],[76.7886,20.9147],[76.7731,20.7779],[76.735,20.7113],[76.7884,20.587],[76.7695,20.5165],[76.6984,20.4565],[76.6992,20.3518],[76.8196,20.281],[76.7468,20.207],[76.7566,20.1278],[76.6583,20.1131],[76.647,19.8679]]]},"properties":{"state_name":"Maharashtra","pc_name":"AKOLA","pc_no":6,"state":"maharashtra","id":224}},{"type":"Feature","geometry":{"type":"Polygon","coordinates":[[[76.6628,21.2806],[76.7242,21.2891],[76.7818,21.1885],[76.9982,21.1958],[77.1739,21.2432],[77.1503,21.0345],[77.1676,20.9892],[77.1297,20.863],[77.2126,20.8496],[77.4352,20.8429],[77.4721,20.8765],[77.5793,20.808],[77.7071,20.8581],[77.8544,20.8138],[77.926,20.9074],[78.0258,20.8921],[78.1603,20.9455],[78.1353,21.0018],[78.1446,21.1393],[78.0572,21.239],[77.8357,21.2657],[77.8474,21.2061],[77.7665,21.1538],[77.8341,21.322],[77.8366,21.4004],[77.7098,21.3572],[77.5633,21.3696],[77.4882,21.3743],[77.4551,21.5535],[77.5751,21.5263],[77.5726,21.6168],[77.5019,21.7462],[77.28,21.7584],[77.2102,21.6898],[77.0658,21.7124],[76.902,21.5971],[76.7811,21.5608],[76.7956,21.4896],[76.7395,21.4107],[76.6216,21.3326],[76.6628,21.2806]]]},"properties":{"state_name":"Maharashtra","pc_name":"AMRAVATI (SC)","pc_no":7,"state":"maharashtra","id":225}},{"type":"Feature","geometry":{"type":"Polygon","coordinates":[[[78.3427,21.589],[78.2648,21.5915],[78.1762,21.5005],[78.0168,21.4188],[77.9037,21.3774],[77.8366,21.4004],[77.8341,21.322],[77.7665,21.1538],[77.8474,21.2061],[77.8357,21.2657],[78.0572,21.239],[78.1446,21.1393],[78.1353,21.0018],[78.1603,20.9455],[78.0258,20.8921],[77.926,20.9074],[77.8544,20.8138],[77.7071,20.8581],[77.5793,20.808],[77.6147,20.7605],[77.6501,20.5641],[77.7789,20.54],[77.8111,20.5844],[77.9772,20.6044],[78.0658,20.6722],[78.1261,20.6619],[78.2775,20.6946],[78.2787,20.5613],[78.4098,20.512],[78.5088,20.5244],[78.5625,20.4404],[78.6471,20.4294],[78.7832,20.2984],[78.7996,20.2994],[78.8176,20.3975],[78.9539,20.4284],[79.0234,20.4828],[79.118,20.4503],[79.1652,20.4909],[79.2207,20.5834],[79.1429,20.6788],[78.9718,20.7568],[78.8779,20.83],[78.7866,20.8899],[78.683,21.0289],[78.6491,21.0367],[78.5558,21.1159],[78.4774,21.2196],[78.3301,21.2504],[78.2494,21.3313],[78.4482,21.4031],[78.4361,21.4998],[78.3903,21.6147],[78.3427,21.589]]]},"properties":{"state_name":"Maharashtra","pc_name":"WARDHA","pc_no":8,"state":"maharashtra","id":226}},{"type":"Feature","geometry":{"type":"Polygon","coordinates":[[[79.2309,21.7188],[79.2229,21.6489],[79.0138,21.5998],[78.9737,21.6124],[78.9141,21.5888],[78.9367,21.4859],[78.7559,21.4906],[78.7077,21.4705],[78.5861,21.4875],[78.5117,21.5288],[78.4361,21.4998],[78.4482,21.4031],[78.2494,21.3313],[78.3301,21.2504],[78.4774,21.2196],[78.5558,21.1159],[78.6491,21.0367],[78.683,21.0289],[78.7866,20.8899],[78.8779,20.83],[78.9718,20.7568],[79.1429,20.6788],[79.2207,20.5834],[79.3215,20.584],[79.3488,20.6762],[79.4363,20.662],[79.507,20.71],[79.5314,20.775],[79.6565,20.9635],[79.5944,21.0759],[79.5203,21.089],[79.5613,21.2262],[79.5756,21.2758],[79.504,21.389],[79.4488,21.4356],[79.5392,21.543],[79.51,21.596],[79.4962,21.6744],[79.3928,21.674],[79.2309,21.7188]],[[79.0117,21.076],[79.0168,21.1555],[79.0736,21.204],[79.0879,21.2262],[79.1668,21.1861],[79.1392,21.1197],[79.0898,21.0967],[79.0117,21.076]]]},"properties":{"state_name":"Maharashtra","pc_name":"RAMTEK (SC)","pc_no":9,"state":"maharashtra","id":227}},{"type":"Feature","geometry":{"type":"Polygon","coordinates":[[[79.0117,21.076],[79.0898,21.0967],[79.1392,21.1197],[79.1668,21.1861],[79.0879,21.2262],[79.0736,21.204],[79.0168,21.1555],[79.0117,21.076]]]},"properties":{"state_name":"Maharashtra","pc_name":"NAGPUR","pc_no":10,"state":"maharashtra","id":228}},{"type":"Feature","geometry":{"type":"Polygon","coordinates":[[[79.5392,21.543],[79.4488,21.4356],[79.504,21.389],[79.5756,21.2758],[79.5613,21.2262],[79.5203,21.089],[79.5944,21.0759],[79.6565,20.9635],[79.5314,20.775],[79.507,20.71],[79.6595,20.6674],[79.7564,20.731],[79.9311,20.6688],[79.964,20.6928],[80.0577,20.7127],[80.2422,20.6548],[80.3168,20.7714],[80.1777,20.8061],[80.2871,20.9496],[80.2919,21.1424],[80.3506,21.2099],[80.2885,21.3243],[80.2709,21.3743],[80.3372,21.544],[80.2726,21.6127],[80.1859,21.6275],[80.0755,21.5599],[79.9636,21.5582],[79.9191,21.5244],[79.7362,21.6041],[79.6563,21.5594],[79.5392,21.543]]]},"properties":{"state_name":"Maharashtra","pc_name":"BHANDARA-GONDIYA","pc_no":11,"state":"maharashtra","id":229}},{"type":"Feature","geometry":{"type":"Polygon","coordinates":[[[80.66,21.3342],[80.6214,21.3205],[80.4221,21.4406],[80.3372,21.544],[80.2709,21.3743],[80.2885,21.3243],[80.3506,21.2099],[80.2919,21.1424],[80.2871,20.9496],[80.1777,20.8061],[80.3168,20.7714],[80.2422,20.6548],[80.0577,20.7127],[79.964,20.6928],[79.9311,20.6688],[79.7564,20.731],[79.6595,20.6674],[79.507,20.71],[79.4363,20.662],[79.3488,20.6762],[79.3215,20.584],[79.2207,20.5834],[79.1652,20.4909],[79.2998,20.3822],[79.2937,20.3251],[79.4537,20.3168],[79.4671,20.2135],[79.5342,20.1573],[79.617,20.1524],[79.708,20.2013],[79.7606,20.1514],[79.7389,20.0454],[79.7835,20.0081],[79.803,19.8926],[79.7458,19.7828],[79.7824,19.7275],[79.8065,19.579],[79.8312,19.5403],[79.84839942711336,19.52965634043953],[79.89180677246515,19.502794224433973],[79.9448,19.47],[79.96090548673601,19.342682692532424],[79.9659,19.3032],[79.93228736379949,19.200138687447442],[79.9145,19.1456],[79.8691,19.0434],[79.9051978612094,19.04313457454993],[79.9371,19.0429],[79.94176892545983,19.01113334946757],[79.94603067415886,18.982137066973003],[79.9631,18.866],[79.94076737775391,18.846991520687816],[79.9154,18.8254],[79.99768919679074,18.766235420543573],[80.05072594541095,18.72810287033982],[80.07549575806914,18.71029378231502],[80.1161,18.6811],[80.1254955170382,18.68364814151036],[80.2717,18.7233],[80.3502,18.8149],[80.2703,18.9399],[80.2735,18.9932],[80.3867,19.1799],[80.3919,19.2429],[80.4862,19.3411],[80.5805,19.3983],[80.6123,19.3097],[80.6804,19.3301],[80.7559,19.2892],[80.8328,19.3494],[80.8118,19.4328],[80.8811,19.4509],[80.8949,19.5196],[80.7754,19.5625],[80.6732,19.6929],[80.4688,19.8265],[80.5433,20.0122],[80.5521,20.1181],[80.4338,20.1353],[80.4244,20.2527],[80.6257,20.3305],[80.612,20.6006],[80.5521,20.7808],[80.5611,20.8228],[80.5417,20.9248],[80.4634,20.9297],[80.447,21.0793],[80.464,21.1751],[80.6157,21.228],[80.6577,21.2816],[80.66,21.3342]]]},"properties":{"state_name":"Maharashtra","pc_name":"GADCHIROLI-CHIMUR","pc_no":12,"state":"maharashtra","id":230}},{"type":"Feature","geometry":{"type":"Polygon","coordinates":[[[78.7832,20.2984],[78.734,20.1868],[78.6467,20.1156],[78.5442,20.0518],[78.4595,20.0822],[78.4663,20.1863],[78.3866,20.1914],[78.2366,20.1495],[78.0873,20.1424],[77.9561,20.2159],[77.8855,20.1921],[77.8721,19.9671],[77.9244,19.8904],[78.0526,19.9246],[78.0804,19.8942],[78.3065,19.9143],[78.3307,19.9149],[78.3342,19.9058],[78.32846292982764,19.899828763698164],[78.35436680935322,19.88276086043158],[78.3816,19.8799],[78.3838011732387,19.863366743229385],[78.4582952267151,19.81428308001147],[78.4723,19.8176],[78.4909,19.7928],[78.5073,19.7977],[78.509,19.8122],[78.5153,19.8192],[78.5318,19.8188],[78.5496,19.8244],[78.5724,19.816],[78.5955,19.8177],[78.6099,19.8172],[78.61805100024452,19.812579369288137],[78.63783709650065,19.808086562270336],[78.6428,19.808],[78.64546200802259,19.80635518203482],[78.77185775650302,19.77765463906556],[78.7793,19.7804],[78.7878,19.7756],[78.78856271298334,19.773861463052704],[78.8408,19.762],[78.848,19.7357],[78.8495,19.7221],[78.86,19.6897],[78.85535540710364,19.67198173821021],[78.8576,19.6581],[78.89027548773889,19.65823714790237],[78.9024,19.6702],[78.9198,19.6622],[78.9529,19.6585],[78.9619,19.6376],[78.9554,19.6193],[78.9557,19.6004],[78.9718,19.5902],[78.9729,19.5826],[78.9526,19.5652],[78.94176395159414,19.562945520130324],[78.9405,19.5521],[79.0461,19.5485],[79.2039,19.4943],[79.2075,19.5063],[79.2212,19.5212],[79.22163091506282,19.52116580039184],[79.2385834901922,19.54685226372102],[79.2372,19.5573],[79.2511,19.5777],[79.2532,19.5935],[79.2445,19.5951],[79.2387,19.6064],[79.2436,19.6169],[79.2511,19.6161],[79.273,19.599],[79.32023126893662,19.576885359247893],[79.3658,19.5765],[79.3728,19.5612],[79.3857,19.5585],[79.401678588445,19.538750067698423],[79.4146,19.5327],[79.4334,19.5375],[79.44516889623877,19.528342740847922],[79.51566628477696,19.518294115310187],[79.5186,19.5204],[79.5186,19.5433],[79.5417,19.5548],[79.553,19.5244],[79.5942,19.5071],[79.60665629927864,19.529455779231657],[79.6142,19.5599],[79.6322,19.5753],[79.7441,19.6089],[79.7786,19.5999],[79.8065,19.579],[79.7824,19.7275],[79.7458,19.7828],[79.803,19.8926],[79.7835,20.0081],[79.7389,20.0454],[79.7606,20.1514],[79.708,20.2013],[79.617,20.1524],[79.5342,20.1573],[79.4671,20.2135],[79.4537,20.3168],[79.2937,20.3251],[79.2998,20.3822],[79.1652,20.4909],[79.118,20.4503],[79.0234,20.4828],[78.9539,20.4284],[78.8176,20.3975],[78.7996,20.2994],[78.7832,20.2984]]]},"properties":{"state_name":"Maharashtra","pc_name":"CHANDRAPUR","pc_no":13,"state":"maharashtra","id":231}},{"type":"Feature","geometry":{"type":"Polygon","coordinates":[[[77.0009,20.0124],[77.1034,19.932],[77.2025,19.9905],[77.2395,19.8908],[77.2837,19.9145],[77.389,19.8202],[77.4583,19.6825],[77.5011,19.6786],[77.5191,19.7602],[77.6295,19.7263],[77.6826,19.8913],[77.8074,19.8644],[77.8616,19.9538],[77.8721,19.9671],[77.8855,20.1921],[77.9561,20.2159],[78.0873,20.1424],[78.2366,20.1495],[78.3866,20.1914],[78.4663,20.1863],[78.4595,20.0822],[78.5442,20.0518],[78.6467,20.1156],[78.734,20.1868],[78.7832,20.2984],[78.6471,20.4294],[78.5625,20.4404],[78.5088,20.5244],[78.4098,20.512],[78.2787,20.5613],[78.2775,20.6946],[78.1261,20.6619],[78.0658,20.6722],[77.9772,20.6044],[77.8111,20.5844],[77.7789,20.54],[77.6501,20.5641],[77.6147,20.7605],[77.5235,20.7322],[77.454,20.6619],[77.4657,20.6108],[77.3398,20.5752],[77.3654,20.5182],[77.3209,20.4503],[77.186,20.4476],[77.1433,20.3809],[77.2192,20.3375],[77.1407,20.2049],[77.055,20.1862],[77.0009,20.0124]]]},"properties":{"state_name":"Maharashtra","pc_name":"YAVATMAL-WASHIM","pc_no":14,"state":"maharashtra","id":232}},{"type":"Feature","geometry":{"type":"Polygon","coordinates":[[[76.6787,19.8474],[76.7614,19.6858],[76.8498,19.707],[76.8926,19.6409],[76.97,19.5466],[76.922,19.4413],[76.8884,19.3538],[76.9261,19.25],[77.012,19.2528],[77.098,19.1735],[77.1006,19.1085],[77.1419,19.0722],[77.1919,19.1474],[77.1793,19.2287],[77.2304,19.2758],[77.3123,19.3556],[77.385,19.3417],[77.4213,19.3048],[77.5664,19.2734],[77.8635,19.3037],[77.92484723471556,19.329226570454203],[77.9281,19.3324],[77.93595703559379,19.333849356080407],[77.93876271802326,19.335016799903098],[77.9426,19.3426],[77.9517,19.3404],[77.9538,19.3397],[77.962,19.3358],[77.9669,19.3268],[77.9777,19.3229],[77.9851,19.3099],[78.0139,19.2943],[78.0149,19.2791],[78.0418,19.271],[78.03750366547148,19.25550250759358],[78.0555,19.2374],[78.0644,19.2479],[78.0793,19.2547],[78.0824,19.243],[78.117,19.2486],[78.12633954823758,19.242065737313638],[78.18,19.2456],[78.1769,19.2787],[78.18900107867,19.304034422010883],[78.1924,19.3261],[78.1721,19.3596],[78.203,19.4196],[78.2202,19.4328],[78.22965663673867,19.429238409539987],[78.2543485744358,19.4381664303625],[78.2628,19.4432],[78.2705,19.4563],[78.28550302762527,19.44943114397879],[78.3045,19.4563],[78.2744,19.5542],[78.2753,19.5626],[78.27896121928218,19.56192347035003],[78.3057,19.6072],[78.2906,19.6462],[78.2627,19.6652],[78.2763,19.6926],[78.3648,19.7814],[78.301,19.8407],[78.286,19.8476],[78.2851,19.8567],[78.2988,19.8751],[78.3065,19.9143],[78.0804,19.8942],[78.0526,19.9246],[77.9244,19.8904],[77.8721,19.9671],[77.8616,19.9538],[77.8074,19.8644],[77.6826,19.8913],[77.6295,19.7263],[77.5191,19.7602],[77.5011,19.6786],[77.4583,19.6825],[77.389,19.8202],[77.2837,19.9145],[77.2395,19.8908],[77.2025,19.9905],[77.1034,19.932],[77.0009,20.0124],[76.7723,19.9361],[76.6787,19.8474]]]},"properties":{"state_name":"Maharashtra","pc_name":"HINGOLI","pc_no":15,"state":"maharashtra","id":233}},{"type":"Feature","geometry":{"type":"Polygon","coordinates":[[[77.5516,18.2921],[77.5259,18.3422],[77.5205,18.3573],[77.5257,18.3728],[77.53915687212194,18.381069299281034],[77.55266504210002,18.420675406723852],[77.5285,18.4289],[77.5279,18.4421],[77.5415,18.4446],[77.55891394243145,18.438997253304667],[77.56554851173844,18.45844988569203],[77.5511,18.4603],[77.5489,18.4685],[77.56932016063477,18.46950840299431],[77.5965,18.5492],[77.6397,18.5552],[77.63993238956166,18.555140508272213],[77.7398,18.5688],[77.7311,18.6443],[77.7874,18.6828],[77.80434580866908,18.719813213671944],[77.8444,18.8073],[77.86574844925612,18.814977230790184],[77.87704882362229,18.819041019264173],[77.9484,18.8447],[77.9183921345939,18.863280368703492],[77.9029,18.8674],[77.89934186461137,18.875075977467606],[77.8431,18.9099],[77.81827987875694,18.947588681641243],[77.8158,18.9484],[77.81621564584597,18.950723163389075],[77.79492505630631,18.983052346766407],[77.7906,18.9836],[77.7747,19.0008],[77.77054478394155,19.020073129803055],[77.7619,19.0332],[77.7649,19.0629],[77.7754,19.0562],[77.77659766781441,19.055935454900432],[77.8067,19.1025],[77.83438344507205,19.13410375864435],[77.8342,19.1345],[77.8526,19.1549],[77.85478477076386,19.184725127491895],[77.8478,19.1898],[77.85642738380305,19.20714905595368],[77.8635,19.3037],[77.5664,19.2734],[77.4213,19.3048],[77.385,19.3417],[77.3123,19.3556],[77.2304,19.2758],[77.1793,19.2287],[77.1919,19.1474],[77.1419,19.0722],[77.2468,19.0326],[77.3018,19.0709],[77.4044,19.0748],[77.4675,19.0308],[77.4302,18.9849],[77.4005,18.7937],[77.276,18.8543],[77.2298,18.768],[77.1222,18.7965],[77.0561,18.7542],[77.0542,18.682],[77.2679,18.6122],[77.2754,18.4776],[77.2673,18.4546],[77.2653,18.4224],[77.3352,18.4507],[77.4132,18.3914],[77.4099,18.3018],[77.4651,18.2633],[77.5516,18.2921]]]},"properties":{"state_name":"Maharashtra","pc_name":"NANDED","pc_no":16,"state":"maharashtra","id":234}},{"type":"Feature","geometry":{"type":"Polygon","coordinates":[[[76.1755,19.8512],[76.1659,19.7857],[76.0962,19.7671],[75.9524,19.8047],[75.8952,19.7103],[75.9288,19.6389],[75.8656,19.5104],[75.8029,19.5338],[75.6436,19.5369],[75.6064,19.3847],[75.7514,19.3578],[75.7876,19.3996],[75.9435,19.2916],[76.1166,19.2968],[76.1394,19.2901],[76.208,19.2751],[76.3631,19.237],[76.3389,19.0985],[76.3904,19.125],[76.4525,19.0499],[76.4736,18.9633],[76.5818,18.9435],[76.6255,18.8515],[76.7217,18.7499],[76.8817,18.8353],[76.9907,18.829],[77.0606,19.0629],[77.1006,19.1085],[77.098,19.1735],[77.012,19.2528],[76.9261,19.25],[76.8884,19.3538],[76.922,19.4413],[76.97,19.5466],[76.8926,19.6409],[76.8498,19.707],[76.7614,19.6858],[76.6787,19.8474],[76.647,19.8679],[76.535,19.8508],[76.4934,19.9197],[76.4206,19.92],[76.296,19.8692],[76.1755,19.8512]]]},"properties":{"state_name":"Maharashtra","pc_name":"PARBHANI","pc_no":17,"state":"maharashtra","id":235}},{"type":"Feature","geometry":{"type":"Polygon","coordinates":[[[75.227,20.4941],[75.3406,20.4394],[75.4369,20.4902],[75.5262,20.4292],[75.5245,20.2724],[75.3887,20.2568],[75.3411,20.2052],[75.3543,20.1396],[75.3266,20.009],[75.2457,19.9602],[75.2937,19.9066],[75.3875,19.9155],[75.3756,19.852],[75.3942,19.775],[75.2597,19.8045],[75.2076,19.7038],[75.2056,19.579],[75.2125,19.5591],[75.3013,19.511],[75.3643,19.3983],[75.4744,19.4241],[75.6064,19.3847],[75.6436,19.5369],[75.8029,19.5338],[75.8656,19.5104],[75.9288,19.6389],[75.8952,19.7103],[75.9524,19.8047],[76.0962,19.7671],[76.1659,19.7857],[76.1755,19.8512],[76.0976,19.8574],[76.0403,19.9516],[75.9659,19.9952],[76.0694,20.0724],[76.1784,20.2651],[76.1083,20.3541],[75.9296,20.3014],[75.9557,20.4648],[76.0358,20.5553],[76.0077,20.6458],[75.8849,20.5601],[75.7589,20.5749],[75.66,20.6245],[75.5363,20.6067],[75.5269,20.5553],[75.3961,20.5208],[75.389,20.5774],[75.2403,20.551],[75.227,20.4941]]]},"properties":{"state_name":"Maharashtra","pc_name":"JALNA","pc_no":18,"state":"maharashtra","id":236}},{"type":"Feature","geometry":{"type":"Polygon","coordinates":[[[74.9345,20.2702],[74.923,20.1551],[74.8544,20.1793],[74.8173,20.2502],[74.7149,20.1807],[74.7365,20.0812],[74.6707,19.9471],[74.6519,19.778],[74.7446,19.6904],[74.8296,19.6662],[74.9917,19.6288],[75.2056,19.579],[75.2076,19.7038],[75.2597,19.8045],[75.3942,19.775],[75.3756,19.852],[75.3875,19.9155],[75.2937,19.9066],[75.2457,19.9602],[75.3266,20.009],[75.3543,20.1396],[75.3411,20.2052],[75.3887,20.2568],[75.5245,20.2724],[75.5262,20.4292],[75.4369,20.4902],[75.3406,20.4394],[75.227,20.4941],[75.1592,20.4756],[75.126,20.3503],[74.9992,20.3369],[74.9345,20.2702]]]},"properties":{"state_name":"Maharashtra","pc_name":"AURANGABAD","pc_no":19,"state":"maharashtra","id":237}},{"type":"Feature","geometry":{"type":"Polygon","coordinates":[[[73.60493512123439,20.627017560617194],[73.5997,20.6369],[73.59962944710648,20.6369449021039],[73.46632843914978,20.721781900421174],[73.4663,20.7218],[73.45467512794268,20.70255],[73.40731779451313,20.624129466507334],[73.4073,20.6241],[73.42383764258555,20.61423764258555],[73.473,20.5848],[73.46748447613824,20.499357761930884],[73.4673,20.4966],[73.42884476093592,20.44805523906409],[73.3804,20.3869],[73.4136,20.3563],[73.4135,20.3562],[73.4135,20.3561],[73.41328170403729,20.312795538397236],[73.41274588390502,20.206502219656993],[73.4127,20.1974],[73.412,20.1971],[73.4576,20.1335],[73.588,20.1179],[73.7167,20.0949],[73.7487,20.0927],[73.766,20.0779],[73.9039,20.0608],[73.9137,20.063],[73.9385,19.9757],[74.0363,19.9276],[74.0886,19.9675],[74.2323,19.9685],[74.2478,19.9631],[74.3186,19.9853],[74.6707,19.9471],[74.7365,20.0812],[74.7149,20.1807],[74.8173,20.2502],[74.8544,20.1793],[74.923,20.1551],[74.9345,20.2702],[74.8565,20.294],[74.8367,20.4168],[74.7834,20.5],[74.8124,20.6323],[74.7885,20.6609],[74.6063,20.5233],[74.4998,20.5098],[74.4023,20.4351],[74.3619,20.5284],[74.1977,20.5145],[74.1123,20.5685],[74.0523,20.5876],[73.9485,20.6425],[73.9192,20.6685],[73.9077,20.6948],[73.8847,20.6762],[73.8526,20.6715],[73.8546,20.6927],[73.8543,20.6929],[73.8384,20.6211],[73.7612,20.5738],[73.6282,20.5831],[73.60493512123439,20.627017560617194]]]},"properties":{"state_name":"Maharashtra","pc_name":"DINDORI (ST)","pc_no":20,"state":"maharashtra","id":238}},{"type":"Feature","geometry":{"type":"Polygon","coordinates":[[[73.412,20.1971],[73.4113,20.1969],[73.2834,20.1986],[73.2494,20.1225],[73.261,20.0636],[73.4154,20.012],[73.449,19.7668],[73.4943,19.7199],[73.616,19.5854],[73.7291,19.619],[73.837,19.7403],[73.9259,19.6724],[74.1207,19.6437],[74.1672,19.7304],[74.3094,19.7677],[74.3631,19.8712],[74.2747,19.9063],[74.2478,19.9631],[74.2323,19.9685],[74.0886,19.9675],[74.0363,19.9276],[73.9385,19.9757],[73.9137,20.063],[73.9039,20.0608],[73.766,20.0779],[73.7487,20.0927],[73.7167,20.0949],[73.588,20.1179],[73.4576,20.1335],[73.412,20.1971]]]},"properties":{"state_name":"Maharashtra","pc_name":"NASHIK","pc_no":21,"state":"maharashtra","id":239}},{"type":"Feature","geometry":{"type":"Polygon","coordinates":[[[72.76763550586267,20.15612548851562],[72.7391,20.1347],[72.7381,20.1348],[72.7375,20.1348],[72.7081,20.0711],[72.7729,19.9083],[72.6637,19.9342],[72.6547,19.8353],[72.7294,19.6016],[72.7854,19.6045],[72.7678,19.5074],[72.8795,19.5265],[72.8128,19.4857],[72.7729,19.4862],[72.7577,19.3759],[72.799,19.3305],[72.8928,19.2999],[72.9515,19.3033],[72.9914,19.4185],[73.0241,19.4605],[73.003,19.5779],[73.0582,19.5867],[73.0619,19.7102],[73.1716,19.7458],[73.233,19.8026],[73.3576,19.6815],[73.4943,19.7199],[73.449,19.7668],[73.4154,20.012],[73.261,20.0636],[73.2494,20.1225],[73.2106,20.1207],[73.179,20.0476],[73.0983,20.0894],[72.961,20.1344],[72.9624,20.2102],[72.86672353477745,20.223393572349877],[72.7753,20.1318],[72.76763550586267,20.15612548851562]]]},"properties":{"state_name":"Maharashtra","pc_name":"PALGHAR (ST)","pc_no":22,"state":"maharashtra","id":240}},{"type":"Feature","geometry":{"type":"Polygon","coordinates":[[[73.4943,19.7199],[73.3576,19.6815],[73.233,19.8026],[73.1716,19.7458],[73.0619,19.7102],[73.0582,19.5867],[73.003,19.5779],[73.0241,19.4605],[72.9914,19.4185],[72.9515,19.3033],[72.9703,19.291],[73.0008,19.2435],[73.0202,19.2098],[73.0664,19.2236],[73.0827,19.2429],[73.1061,19.2338],[73.1183,19.2483],[73.123,19.2488],[73.1673,19.2663],[73.2109,19.2661],[73.2095,19.234],[73.2075,19.1819],[73.198,19.1229],[73.2632,19.0659],[73.3544,19.1307],[73.5258,19.1296],[73.5352,19.178],[73.6435,19.2185],[73.7068,19.3243],[73.7795,19.3868],[73.6855,19.444],[73.7061,19.4973],[73.616,19.5854],[73.4943,19.7199]]]},"properties":{"state_name":"Maharashtra","pc_name":"BHIWANDI","pc_no":23,"state":"maharashtra","id":241}},{"type":"Feature","geometry":{"type":"Polygon","coordinates":[[[73.0008,19.2435],[72.9781,19.2129],[72.9805,19.1853],[72.9864,19.187],[73.0039,19.1713],[73.0539,19.1005],[73.1092,19.1099],[73.198,19.1229],[73.2075,19.1819],[73.2095,19.234],[73.2109,19.2661],[73.1673,19.2663],[73.123,19.2488],[73.1183,19.2483],[73.1061,19.2338],[73.0827,19.2429],[73.0664,19.2236],[73.0202,19.2098],[73.0008,19.2435]]]},"properties":{"state_name":"Maharashtra","pc_name":"KALYAN","pc_no":24,"state":"maharashtra","id":242}},{"type":"Feature","geometry":{"type":"MultiPolygon","coordinates":[[[[72.8928,19.2999],[72.8681,19.3077],[72.786,19.3056],[72.7842,19.2637],[72.8247,19.2455],[72.872,19.2602],[72.8922,19.2505],[72.9157,19.2311],[72.9232,19.2151],[72.9678,19.1705],[72.9805,19.1853],[72.9781,19.2129],[73.0008,19.2435],[72.9703,19.291],[72.9515,19.3033],[72.8928,19.2999]]],[[[72.9864,19.187],[72.998,19.1115],[73.0414,19.0065],[73.0468,19.016],[73.0466,19.085],[73.0539,19.1005],[73.0039,19.1713],[72.9864,19.187]]]]},"properties":{"state_name":"Maharashtra","pc_name":"THANE","pc_no":25,"state":"maharashtra","id":243}},{"type":"Feature","geometry":{"type":"Polygon","coordinates":[[[72.7842,19.2637],[72.793,19.1938],[72.7963,19.1924],[72.8024,19.139],[72.8111,19.1522],[72.848,19.1721],[72.8592,19.1702],[72.8765,19.1876],[72.9023,19.1794],[72.9232,19.2151],[72.9157,19.2311],[72.8922,19.2505],[72.872,19.2602],[72.8247,19.2455],[72.7842,19.2637]]]},"properties":{"state_name":"Maharashtra","pc_name":"MUMBAI NORTH","pc_no":26,"state":"maharashtra","id":244}},{"type":"Feature","geometry":{"type":"Polygon","coordinates":[[[72.8024,19.139],[72.8217,19.1227],[72.8217,19.073],[72.8394,19.0847],[72.8473,19.1098],[72.8843,19.0877],[72.8903,19.1185],[72.8925,19.1253],[72.8986,19.1356],[72.8934,19.1564],[72.9023,19.1794],[72.8765,19.1876],[72.8592,19.1702],[72.848,19.1721],[72.8111,19.1522],[72.8024,19.139]]]},"properties":{"state_name":"Maharashtra","pc_name":"MUMBAI NORTH-WEST","pc_no":27,"state":"maharashtra","id":245}},{"type":"Feature","geometry":{"type":"MultiPolygon","coordinates":[[[[72.9232,19.2151],[72.9023,19.1794],[72.8934,19.1564],[72.8986,19.1356],[72.8925,19.1253],[72.8903,19.1185],[72.9042,19.1116],[72.9146,19.0985],[72.899,19.0692],[72.9058,19.0608],[72.9252,19.0887],[72.9344,19.0993],[72.9375,19.1154],[72.9533,19.1503],[72.9678,19.1705],[72.9232,19.2151]]],[[[72.9129,19.0591],[72.9186,19.0542],[72.9199,19.0541],[72.9504,19.0388],[72.9348,19.0617],[72.9113,19.0605],[72.9129,19.0591]]]]},"properties":{"state_name":"Maharashtra","pc_name":"MUMBAI NORTH-EAST","pc_no":28,"state":"maharashtra","id":246}},{"type":"Feature","geometry":{"type":"Polygon","coordinates":[[[72.8217,19.073],[72.8391,19.048],[72.8437,19.0505],[72.8627,19.0526],[72.8754,19.0498],[72.8808,19.0417],[72.9129,19.0591],[72.9113,19.0605],[72.9058,19.0608],[72.899,19.0692],[72.9146,19.0985],[72.9042,19.1116],[72.8903,19.1185],[72.8843,19.0877],[72.8473,19.1098],[72.8394,19.0847],[72.8217,19.073]]]},"properties":{"state_name":"Maharashtra","pc_name":"MUMBAI NORTH-CENTRAL","pc_no":29,"state":"maharashtra","id":247}},{"type":"Feature","geometry":{"type":"Polygon","coordinates":[[[72.9129,19.0591],[72.8808,19.0417],[72.8754,19.0498],[72.8627,19.0526],[72.8437,19.0505],[72.8391,19.048],[72.8393,19.0439],[72.8195,19.0188],[72.8273,19.0091],[72.8286,19.0106],[72.8563,18.9983],[72.8758,19.0184],[72.8788,19.0212],[72.9063,18.9963],[72.9504,19.0388],[72.9199,19.0541],[72.9186,19.0542],[72.9129,19.0591]]]},"properties":{"state_name":"Maharashtra","pc_name":"MUMBAI SOUTH -CENTRA","pc_no":30,"state":"maharashtra","id":248}},{"type":"Feature","geometry":{"type":"Polygon","coordinates":[[[72.8195,19.0188],[72.8058,18.9775],[72.818,18.9508],[72.8093,18.8947],[72.8456,18.9458],[72.8489,18.9635],[72.8496,18.9799],[72.8563,18.9983],[72.8286,19.0106],[72.8273,19.0091],[72.8195,19.0188]]]},"properties":{"state_name":"Maharashtra","pc_name":"MUMBAI SOUTH","pc_no":31,"state":"maharashtra","id":249}},{"type":"Feature","geometry":{"type":"Polygon","coordinates":[[[73.3863,18.6784],[73.3324,18.7016],[73.2373,18.7264],[73.2196,18.8127],[73.0948,18.8399],[72.9994,18.8076],[72.9938,18.7757],[72.8684,18.7996],[72.8557,18.6993],[72.9237,18.5457],[72.895,18.4633],[72.912,18.3683],[72.9701,18.3],[73.0399,18.2917],[72.9455,18.223],[73.0394,17.9803],[73.1755,17.5842],[73.1944,17.4648],[73.1764,17.3891],[73.2494,17.2956],[73.4226,17.2123],[73.4774,17.3239],[73.5621,17.3299],[73.5009,17.4358],[73.5153,17.4964],[73.6906,17.6292],[73.6876,17.6868],[73.5805,17.7094],[73.5922,17.8453],[73.5701,17.8791],[73.6584,18.0296],[73.5942,18.1089],[73.665,18.1629],[73.5411,18.2079],[73.419,18.3061],[73.4438,18.3596],[73.3644,18.4704],[73.3233,18.5582],[73.3863,18.6784]]]},"properties":{"state_name":"Maharashtra","pc_name":"RAIGAD","pc_no":32,"state":"maharashtra","id":250}},{"type":"Feature","geometry":{"type":"MultiPolygon","coordinates":[[[[73.198,19.1229],[73.1092,19.1099],[73.0539,19.1005],[73.0466,19.085],[73.0468,19.016],[73.0414,19.0065],[73.034,19.0015],[72.9572,18.8796],[72.9994,18.8076],[73.0948,18.8399],[73.2196,18.8127],[73.2373,18.7264],[73.3324,18.7016],[73.3863,18.6784],[73.4502,18.6026],[73.5234,18.638],[73.6604,18.5966],[73.7173,18.6556],[73.7542,18.6314],[73.8438,18.6872],[73.7248,18.7075],[73.7429,18.8089],[73.6739,18.8305],[73.5224,18.9783],[73.5213,19.0706],[73.5258,19.1296],[73.3544,19.1307],[73.2632,19.0659],[73.198,19.1229]]],[[[73.7709,18.59],[73.8072,18.57],[73.8726,18.5788],[73.9109,18.6207],[73.7857,18.6183],[73.7709,18.59]]]]},"properties":{"state_name":"Maharashtra","pc_name":"MAVAL","pc_no":33,"state":"maharashtra","id":251}},{"type":"Feature","geometry":{"type":"Polygon","coordinates":[[[73.7709,18.59],[73.7805,18.493],[73.8308,18.4952],[73.8371,18.4723],[73.8796,18.4821],[73.9443,18.4744],[73.9889,18.4914],[73.9625,18.5482],[73.9655,18.6224],[73.9275,18.6524],[73.9109,18.6207],[73.8726,18.5788],[73.8072,18.57],[73.7709,18.59]]]},"properties":{"state_name":"Maharashtra","pc_name":"PUNE","pc_no":34,"state":"maharashtra","id":252}},{"type":"Feature","geometry":{"type":"Polygon","coordinates":[[[73.6584,18.0296],[73.7924,18.0205],[73.87,18.0475],[73.9432,18.1807],[74.0507,18.1402],[74.2187,18.0965],[74.32,18.0729],[74.6411,18.0441],[74.6646,18.0701],[74.7113,18.0291],[74.863,17.9918],[74.8943,17.9371],[75.0182,17.9091],[75.136,17.9712],[75.0483,18.0198],[75.1604,18.1053],[75.0923,18.1231],[74.9493,18.2663],[74.8394,18.2449],[74.8033,18.3017],[74.8342,18.3347],[74.7196,18.4923],[74.6421,18.4503],[74.5471,18.509],[74.3207,18.582],[74.2789,18.6733],[74.1679,18.5809],[74.1774,18.4894],[74.1428,18.4181],[74.0428,18.4136],[73.9889,18.4914],[73.9443,18.4744],[73.8507,18.4446],[73.8371,18.4723],[73.8308,18.4952],[73.7805,18.493],[73.7709,18.59],[73.7857,18.6183],[73.7542,18.6314],[73.7173,18.6556],[73.6604,18.5966],[73.5234,18.638],[73.4502,18.6026],[73.3863,18.6784],[73.3233,18.5582],[73.3644,18.4704],[73.4438,18.3596],[73.419,18.3061],[73.5411,18.2079],[73.665,18.1629],[73.5942,18.1089],[73.6584,18.0296]]]},"properties":{"state_name":"Maharashtra","pc_name":"BARAMATI","pc_no":35,"state":"maharashtra","id":253}},{"type":"Feature","geometry":{"type":"MultiPolygon","coordinates":[[[[73.5258,19.1296],[73.5213,19.0706],[73.5224,18.9783],[73.6739,18.8305],[73.7429,18.8089],[73.7248,18.7075],[73.8438,18.6872],[73.7542,18.6314],[73.7857,18.6183],[73.9109,18.6207],[73.9275,18.6524],[73.9655,18.6224],[73.9625,18.5482],[73.9889,18.4914],[74.0428,18.4136],[74.1428,18.4181],[74.1774,18.4894],[74.1679,18.5809],[74.2789,18.6733],[74.3207,18.582],[74.5471,18.509],[74.5513,18.6097],[74.4738,18.6923],[74.3896,18.8325],[74.3412,18.8384],[74.3069,18.8545],[74.1892,19.0189],[74.2104,19.1285],[74.172,19.2219],[74.0511,19.2435],[73.9954,19.3528],[73.9275,19.3385],[73.7795,19.3868],[73.7068,19.3243],[73.6435,19.2185],[73.5352,19.178],[73.5258,19.1296]]],[[[73.8371,18.4723],[73.8507,18.4446],[73.9443,18.4744],[73.8796,18.4821],[73.8371,18.4723]]]]},"properties":{"state_name":"Maharashtra","pc_name":"SHIRUR","pc_no":36,"state":"maharashtra","id":254}},{"type":"Feature","geometry":{"type":"Polygon","coordinates":[[[75.2125,19.5591],[75.1439,19.5218],[75.1388,19.455],[75.0425,19.2932],[74.9099,19.3272],[74.7921,19.298],[74.782,19.453],[74.5896,19.4453],[74.5033,19.5272],[74.4328,19.4873],[74.4391,19.3906],[74.3886,19.3324],[74.2832,19.3131],[74.2597,19.2548],[74.172,19.2219],[74.2104,19.1285],[74.1892,19.0189],[74.3069,18.8545],[74.3412,18.8384],[74.3896,18.8325],[74.4738,18.6923],[74.5513,18.6097],[74.5471,18.509],[74.6421,18.4503],[74.7196,18.4923],[74.8342,18.3347],[74.9144,18.3785],[75.0908,18.4312],[75.1344,18.5264],[75.3133,18.5204],[75.4146,18.5313],[75.4615,18.6055],[75.5836,18.6982],[75.3447,18.7833],[75.2539,18.7204],[75.1719,18.7366],[75.1168,18.6797],[75.0314,18.7695],[74.9375,18.8277],[74.8281,18.9623],[74.9146,19.0377],[74.946,19.1308],[75.0582,19.0978],[75.0916,19.126],[75.1362,19.036],[75.4078,19.0801],[75.4855,19.1061],[75.4369,19.2206],[75.5392,19.3074],[75.4744,19.4241],[75.3643,19.3983],[75.3013,19.511],[75.2125,19.5591]]]},"properties":{"state_name":"Maharashtra","pc_name":"AHMEDNAGAR","pc_no":37,"state":"maharashtra","id":255}},{"type":"Feature","geometry":{"type":"Polygon","coordinates":[[[75.2056,19.579],[74.9917,19.6288],[74.8296,19.6662],[74.7446,19.6904],[74.6519,19.778],[74.6707,19.9471],[74.3186,19.9853],[74.2478,19.9631],[74.2747,19.9063],[74.3631,19.8712],[74.3094,19.7677],[74.1672,19.7304],[74.1207,19.6437],[73.9259,19.6724],[73.837,19.7403],[73.7291,19.619],[73.616,19.5854],[73.7061,19.4973],[73.6855,19.444],[73.7795,19.3868],[73.9275,19.3385],[73.9954,19.3528],[74.0511,19.2435],[74.172,19.2219],[74.2597,19.2548],[74.2832,19.3131],[74.3886,19.3324],[74.4391,19.3906],[74.4328,19.4873],[74.5033,19.5272],[74.5896,19.4453],[74.782,19.453],[74.7921,19.298],[74.9099,19.3272],[75.0425,19.2932],[75.1388,19.455],[75.1439,19.5218],[75.2125,19.5591],[75.2056,19.579]]]},"properties":{"state_name":"Maharashtra","pc_name":"SHIRDI (SC)","pc_no":38,"state":"maharashtra","id":256}},{"type":"Feature","geometry":{"type":"Polygon","coordinates":[[[75.6064,19.3847],[75.4744,19.4241],[75.5392,19.3074],[75.4369,19.2206],[75.4855,19.1061],[75.4078,19.0801],[75.1362,19.036],[75.0916,19.126],[75.0582,19.0978],[74.946,19.1308],[74.9146,19.0377],[74.8281,18.9623],[74.9375,18.8277],[75.0314,18.7695],[75.1168,18.6797],[75.1719,18.7366],[75.2539,18.7204],[75.3447,18.7833],[75.5836,18.6982],[75.6064,18.6845],[75.6687,18.6921],[75.9236,18.6437],[76.055,18.5726],[76.1021,18.5884],[76.2759,18.5584],[76.3509,18.5632],[76.4681,18.633],[76.5766,18.622],[76.7321,18.7],[76.7217,18.7499],[76.6255,18.8515],[76.5818,18.9435],[76.4736,18.9633],[76.4525,19.0499],[76.3904,19.125],[76.3389,19.0985],[76.3631,19.237],[76.208,19.2751],[76.1394,19.2901],[76.1166,19.2968],[75.9435,19.2916],[75.7876,19.3996],[75.7514,19.3578],[75.6064,19.3847]]]},"properties":{"state_name":"Maharashtra","pc_name":"BEED","pc_no":39,"state":"maharashtra","id":257}},{"type":"Feature","geometry":{"type":"Polygon","coordinates":[[[76.7398,17.9001],[76.7368,17.9063],[76.7867,17.9435],[76.826,18.2025],[76.7146,18.2819],[76.6577,18.3545],[76.5056,18.3159],[76.3688,18.1647],[76.2915,18.1955],[76.3171,18.3303],[76.2573,18.3641],[76.2535,18.5211],[76.2759,18.5584],[76.1021,18.5884],[76.055,18.5726],[75.9236,18.6437],[75.6687,18.6921],[75.6064,18.6845],[75.5836,18.6982],[75.4615,18.6055],[75.4146,18.5313],[75.3133,18.5204],[75.2853,18.4058],[75.3824,18.3431],[75.4249,18.1824],[75.5379,18.1446],[75.6003,18.1029],[75.7082,18.0109],[75.8054,17.9842],[75.8384,17.9318],[75.857,17.8655],[75.9661,17.8191],[76.028,17.7661],[76.1288,17.7676],[76.1862,17.6832],[76.2692,17.729],[76.4038,17.6565],[76.4278,17.6446],[76.6319,17.7549],[76.6913,17.6814],[76.7808,17.8034],[76.7398,17.9001]]]},"properties":{"state_name":"Maharashtra","pc_name":"OSMANABAD","pc_no":40,"state":"maharashtra","id":258}},{"type":"Feature","geometry":{"type":"Polygon","coordinates":[[[77.2653,18.4224],[77.2673,18.4546],[77.2754,18.4776],[77.2679,18.6122],[77.0542,18.682],[77.0561,18.7542],[77.1222,18.7965],[77.2298,18.768],[77.276,18.8543],[77.4005,18.7937],[77.4302,18.9849],[77.4675,19.0308],[77.4044,19.0748],[77.3018,19.0709],[77.2468,19.0326],[77.1419,19.0722],[77.1006,19.1085],[77.0606,19.0629],[76.9907,18.829],[76.8817,18.8353],[76.7217,18.7499],[76.7321,18.7],[76.5766,18.622],[76.4681,18.633],[76.3509,18.5632],[76.2759,18.5584],[76.2535,18.5211],[76.2573,18.3641],[76.3171,18.3303],[76.2915,18.1955],[76.3688,18.1647],[76.5056,18.3159],[76.6577,18.3545],[76.7146,18.2819],[76.826,18.2025],[76.7867,17.9435],[76.7368,17.9063],[76.7398,17.9001],[76.7746,17.8782],[76.919,17.9167],[76.9528,18.0409],[76.9219,18.1147],[76.9516,18.1883],[77.0636,18.1508],[77.1335,18.2063],[77.1621,18.2572],[77.2119,18.316],[77.2297,18.3481],[77.2653,18.4224]],[[76.9393,18.4212],[76.9289,18.391],[76.9306,18.416],[76.9393,18.4212]]]},"properties":{"state_name":"Maharashtra","pc_name":"LATUR (SC)","pc_no":41,"state":"maharashtra","id":259}},{"type":"Feature","geometry":{"type":"Polygon","coordinates":[[[76.0726,17.3349],[76.1197,17.3706],[76.2719,17.3609],[76.3822,17.3144],[76.4089,17.3712],[76.3635,17.3774],[76.3308,17.5958],[76.4278,17.6446],[76.4038,17.6565],[76.2692,17.729],[76.1862,17.6832],[76.1288,17.7676],[76.028,17.7661],[75.9661,17.8191],[75.857,17.8655],[75.8384,17.9318],[75.8054,17.9842],[75.7082,18.0109],[75.6703,17.9482],[75.4669,17.9139],[75.4132,17.9304],[75.3843,17.816],[75.4657,17.7703],[75.417,17.6834],[75.318,17.692],[75.2734,17.7614],[75.2186,17.6413],[75.2881,17.5441],[75.3348,17.3457],[75.3331,17.2333],[75.4213,17.2656],[75.5173,17.2407],[75.6038,17.3063],[75.6342,17.478],[75.683,17.4181],[75.8066,17.368],[75.8942,17.3792],[75.8966,17.3503],[75.9283,17.3227],[76.0726,17.3349]]]},"properties":{"state_name":"Maharashtra","pc_name":"SOLAPUR (SC)","pc_no":42,"state":"maharashtra","id":260}},{"type":"Feature","geometry":{"type":"Polygon","coordinates":[[[74.2187,18.0965],[74.1604,17.9451],[74.0287,18.0104],[74.0027,17.9324],[74.0476,17.8619],[74.1679,17.8486],[74.2357,17.8916],[74.3639,17.8187],[74.428,17.7284],[74.392,17.6337],[74.2804,17.6106],[74.2805,17.4763],[74.393,17.493],[74.4725,17.3909],[74.5032,17.3891],[74.5315,17.4202],[74.6895,17.4036],[74.7008,17.4883],[74.808,17.4538],[74.8602,17.5113],[74.9059,17.629],[74.9235,17.6175],[74.9361,17.5123],[75.0354,17.4181],[74.849,17.2044],[74.9161,17.1636],[75.0084,17.2086],[75.0795,17.2469],[75.3331,17.2333],[75.3348,17.3457],[75.2881,17.5441],[75.2186,17.6413],[75.2734,17.7614],[75.318,17.692],[75.417,17.6834],[75.4657,17.7703],[75.3843,17.816],[75.4132,17.9304],[75.4669,17.9139],[75.6703,17.9482],[75.7082,18.0109],[75.6003,18.1029],[75.5379,18.1446],[75.4249,18.1824],[75.3824,18.3431],[75.2853,18.4058],[75.3133,18.5204],[75.1344,18.5264],[75.0908,18.4312],[74.9144,18.3785],[74.8342,18.3347],[74.8033,18.3017],[74.8394,18.2449],[74.9493,18.2663],[75.0923,18.1231],[75.1604,18.1053],[75.0483,18.0198],[75.136,17.9712],[75.0182,17.9091],[74.8943,17.9371],[74.863,17.9918],[74.7113,18.0291],[74.6646,18.0701],[74.6411,18.0441],[74.32,18.0729],[74.2187,18.0965]]]},"properties":{"state_name":"Maharashtra","pc_name":"MADHA","pc_no":43,"state":"maharashtra","id":261}},{"type":"Feature","geometry":{"type":"Polygon","coordinates":[[[75.3417,16.9581],[75.4644,16.9909],[75.6766,16.9694],[75.6725,17.1153],[75.6282,17.162],[75.6546,17.2727],[75.6038,17.3063],[75.5173,17.2407],[75.4213,17.2656],[75.3331,17.2333],[75.0795,17.2469],[75.0084,17.2086],[74.9161,17.1636],[74.849,17.2044],[75.0354,17.4181],[74.9361,17.5123],[74.9235,17.6175],[74.9059,17.629],[74.8602,17.5113],[74.808,17.4538],[74.7008,17.4883],[74.6895,17.4036],[74.5315,17.4202],[74.5032,17.3891],[74.4725,17.3909],[74.2966,17.4256],[74.2575,17.3561],[74.2649,17.2608],[74.2816,17.1839],[74.3527,17.1567],[74.393,16.9954],[74.482,16.9386],[74.5395,16.9636],[74.5437,16.9622],[74.5237,16.8503],[74.5864,16.8018],[74.6914,16.7163],[74.9197,16.7726],[74.9554,16.907],[75.0258,16.9441],[75.09,16.9518],[75.1817,16.8446],[75.2802,16.8783],[75.3417,16.9581]]]},"properties":{"state_name":"Maharashtra","pc_name":"SANGLI","pc_no":44,"state":"maharashtra","id":262}},{"type":"Feature","geometry":{"type":"Polygon","coordinates":[[[73.6906,17.6292],[73.7449,17.557],[73.6668,17.3913],[73.6948,17.2619],[73.8339,17.2264],[73.8825,17.1688],[74.0315,17.0909],[74.1189,17.1218],[74.2383,17.1409],[74.2816,17.1839],[74.2649,17.2608],[74.2575,17.3561],[74.2966,17.4256],[74.4725,17.3909],[74.393,17.493],[74.2805,17.4763],[74.2804,17.6106],[74.392,17.6337],[74.428,17.7284],[74.3639,17.8187],[74.2357,17.8916],[74.1679,17.8486],[74.0476,17.8619],[74.0027,17.9324],[74.0287,18.0104],[74.1604,17.9451],[74.2187,18.0965],[74.0507,18.1402],[73.9432,18.1807],[73.87,18.0475],[73.7924,18.0205],[73.6584,18.0296],[73.5701,17.8791],[73.5922,17.8453],[73.5805,17.7094],[73.6876,17.6868],[73.6906,17.6292]]]},"properties":{"state_name":"Maharashtra","pc_name":"SATARA","pc_no":45,"state":"maharashtra","id":263}},{"type":"Feature","geometry":{"type":"Polygon","coordinates":[[[74.1176,15.6517],[74.1217,15.7205],[74.2091,15.7812],[74.0946,15.8986],[74.0908,16.0074],[73.9955,16.0593],[73.875,16.0977],[73.9465,16.178],[73.8374,16.3429],[73.8842,16.4743],[73.8295,16.5343],[73.8509,16.6494],[73.835,16.7421],[73.7374,16.8223],[73.796,16.9288],[73.7849,16.9898],[73.8334,17.0552],[73.7073,17.1704],[73.6948,17.2619],[73.6668,17.3913],[73.7449,17.557],[73.6906,17.6292],[73.5153,17.4964],[73.5009,17.4358],[73.5621,17.3299],[73.4774,17.3239],[73.4226,17.2123],[73.2494,17.2956],[73.2448,17.2225],[73.2911,17.0783],[73.2768,16.892],[73.3176,16.8063],[73.3055,16.7302],[73.3511,16.6127],[73.3322,16.565],[73.3144,16.541],[73.4363,16.1998],[73.4905,16.0062],[73.5104,15.9373],[73.5887,15.9098],[73.6754,15.727],[73.7319,15.7228],[73.8757,15.7511],[73.945,15.6994],[73.9726,15.628],[74.0172,15.6076],[74.1176,15.6517]]]},"properties":{"state_name":"Maharashtra","pc_name":"RATNAGIRI ?SINDHUDUR","pc_no":46,"state":"maharashtra","id":264}},{"type":"Feature","geometry":{"type":"Polygon","coordinates":[[[74.3953,16.5772],[74.3407,16.6124],[74.3511,16.6833],[74.2734,16.7166],[74.2679,16.761],[74.2188,16.8032],[74.0356,16.7586],[73.9175,16.7684],[73.835,16.7421],[73.8509,16.6494],[73.8295,16.5343],[73.8842,16.4743],[73.8374,16.3429],[73.9465,16.178],[73.875,16.0977],[73.9955,16.0593],[74.0908,16.0074],[74.0946,15.8986],[74.2091,15.7812],[74.2416,15.7431],[74.3405,15.7648],[74.3867,15.9044],[74.4305,15.9582],[74.4623,16.0372],[74.3721,16.0782],[74.4845,16.1426],[74.4966,16.2335],[74.3518,16.2794],[74.329,16.3245],[74.3327,16.4555],[74.2643,16.5401],[74.3953,16.5772]]]},"properties":{"state_name":"Maharashtra","pc_name":"KOLHAPUR","pc_no":47,"state":"maharashtra","id":265}},{"type":"Feature","geometry":{"type":"Polygon","coordinates":[[[74.6914,16.7163],[74.5864,16.8018],[74.5237,16.8503],[74.5437,16.9622],[74.5395,16.9636],[74.482,16.9386],[74.393,16.9954],[74.3527,17.1567],[74.2816,17.1839],[74.2383,17.1409],[74.1189,17.1218],[74.0315,17.0909],[73.8825,17.1688],[73.8339,17.2264],[73.6948,17.2619],[73.7073,17.1704],[73.8334,17.0552],[73.7849,16.9898],[73.796,16.9288],[73.7374,16.8223],[73.835,16.7421],[73.9175,16.7684],[74.0356,16.7586],[74.2188,16.8032],[74.2679,16.761],[74.2734,16.7166],[74.3511,16.6833],[74.3407,16.6124],[74.3953,16.5772],[74.459,16.6567],[74.4718,16.6638],[74.5432,16.5951],[74.5721,16.5534],[74.6854,16.6067],[74.6914,16.7163]]]},"properties":{"state_name":"Maharashtra","pc_name":"HATKANANGLE","pc_no":48,"state":"maharashtra","id":266}},{"type":"Feature","geometry":{"type":"Polygon","coordinates":[[[93.9466,24.9044],[93.9311,24.8962],[93.8904,24.9376],[93.8865,24.9392],[93.901,24.9814],[93.8476,24.9548],[93.8077,24.8669],[93.7714,24.7374],[93.7449,24.6356],[93.7347,24.621],[93.7349,24.6175],[93.7307,24.5101],[93.7108,24.439],[93.702,24.4228],[93.794,24.3936],[93.8468,24.3135],[93.8739,24.2863],[93.8462,24.3964],[93.8517,24.4405],[93.8733,24.5517],[93.9093,24.57],[93.892,24.6122],[93.9221,24.648],[93.9519,24.6414],[93.964,24.6407],[94.0153,24.6612],[94.0622,24.6576],[94.089,24.6935],[94.1265,24.7176],[94.0558,24.7274],[94.0812,24.8052],[94.0545,24.912],[93.9466,24.9044]]]},"properties":{"state_name":"Manipur","pc_name":"INNER MANIPUR","pc_no":1,"state":"manipur","id":267}},{"type":"Feature","geometry":{"type":"Polygon","coordinates":[[[94.6755,25.4456],[94.5539,25.5026],[94.5847,25.6846],[94.4917,25.6087],[94.4268,25.5871],[94.4166,25.5366],[94.3009,25.5063],[94.2186,25.4916],[94.1921,25.5486],[94.1357,25.5184],[94.1073,25.5242],[94.0891,25.5477],[94.0481,25.5756],[93.9349,25.559],[93.7703,25.5337],[93.805,25.4634],[93.6887,25.3601],[93.6052,25.199],[93.5015,25.2421],[93.4706,25.3051],[93.381,25.2399],[93.3322,25.0935],[93.2638,25.0493],[93.2502,24.9736],[93.2486,24.9148],[93.1755,24.7939],[93.1113,24.8002],[93.0959,24.663],[93.0878,24.5725],[93.0087,24.4118],[93.0403,24.3414],[93.024,24.2338],[92.9715,24.1163],[93.0994,24.0432],[93.1505,24.0841],[93.2045,24.0496],[93.3262,24.0485],[93.3597,24.0915],[93.4166,24.0719],[93.5055,23.9424],[93.6238,24.0114],[93.7441,24.0026],[93.8196,23.9236],[93.8937,23.953],[94.0165,23.927],[94.1566,23.8482],[94.1697,23.9284],[94.2545,24.0825],[94.2597,24.1653],[94.4083,24.4399],[94.4057,24.4821],[94.4545,24.566],[94.605,24.7159],[94.6316,24.839],[94.6876,24.8893],[94.7346,25.0197],[94.7369,25.1346],[94.5875,25.2044],[94.5851,25.2668],[94.6755,25.4456]],[[93.9466,24.9044],[94.0545,24.912],[94.0812,24.8052],[94.0558,24.7274],[94.1265,24.7176],[94.089,24.6935],[94.0622,24.6576],[94.0153,24.6612],[93.964,24.6407],[93.9519,24.6414],[93.9221,24.648],[93.892,24.6122],[93.9093,24.57],[93.8733,24.5517],[93.8517,24.4405],[93.8462,24.3964],[93.8739,24.2863],[93.8468,24.3135],[93.794,24.3936],[93.702,24.4228],[93.7108,24.439],[93.7307,24.5101],[93.7349,24.6175],[93.7347,24.621],[93.7449,24.6356],[93.7714,24.7374],[93.8077,24.8669],[93.8476,24.9548],[93.901,24.9814],[93.8865,24.9392],[93.8904,24.9376],[93.9311,24.8962],[93.9466,24.9044]]]},"properties":{"state_name":"Manipur","pc_name":"OUTER MANIPUR","pc_no":2,"state":"manipur","id":268}},{"type":"Feature","geometry":{"type":"Polygon","coordinates":[[[90.9696,25.1726],[91.0815,25.2019],[91.2521,25.1975],[91.3881,25.1703],[91.4931,25.1347],[91.6029,25.1737],[91.6608,25.1294],[91.8218,25.1742],[92.0161,25.1877],[92.1918,25.1347],[92.2293,25.0972],[92.4222,25.0301],[92.4817,25.1065],[92.5393,25.0988],[92.7428,25.2067],[92.7818,25.3331],[92.5724,25.4657],[92.6615,25.5725],[92.5838,25.5507],[92.4855,25.6466],[92.4308,25.7324],[92.3686,25.747],[92.1562,25.6723],[92.1539,25.7074],[92.1774,25.8729],[92.1647,25.9709],[92.2735,26.0659],[92.1755,26.0778],[92.1279,26.0456],[91.8983,26.0234],[91.8198,26.116],[91.7314,26.0596],[91.7203,25.9539],[91.5709,26.0256],[91.5177,25.9497],[91.4779,25.8581],[91.3819,25.8456],[91.3422,25.8366],[91.2572,25.748],[91.178,25.778],[91.204,25.8436],[91.0013,25.8249],[90.9686,25.7263],[90.9594,25.7144],[90.8717,25.6041],[90.7694,25.568],[90.7632,25.5534],[90.7897,25.4858],[90.7637,25.3675],[90.8604,25.2936],[90.9536,25.2556],[90.9696,25.1726]]]},"properties":{"state_name":"Meghalaya","pc_name":"SHILLONG (ST)","pc_no":1,"state":"meghalaya","id":269}},{"type":"Feature","geometry":{"type":"Polygon","coordinates":[[[91.0013,25.8249],[91.0303,25.886],[90.9567,25.9363],[90.795,25.9392],[90.7177,25.9551],[90.6238,25.898],[90.6006,25.9516],[90.5137,25.8973],[90.5337,25.9596],[90.4772,26.013],[90.3328,25.987],[90.2129,25.9527],[90.1191,25.9581],[90.1128,25.9541],[90.0625,25.9109],[90.0235,25.8687],[89.9592,25.7833],[89.9515,25.763],[89.8959,25.7302],[90.0283,25.6052],[89.9746,25.5752],[89.8815,25.5529],[89.8702,25.4844],[89.8533,25.4772],[89.814,25.3699],[89.8839,25.291],[89.9081,25.3078],[90.0874,25.2389],[90.2336,25.2038],[90.4446,25.1438],[90.6369,25.1783],[90.6935,25.1598],[90.9696,25.1726],[90.9536,25.2556],[90.8604,25.2936],[90.7637,25.3675],[90.7897,25.4858],[90.7632,25.5534],[90.7694,25.568],[90.8717,25.6041],[90.9594,25.7144],[90.9686,25.7263],[91.0013,25.8249]]]},"properties":{"state_name":"Meghalaya","pc_name":"TURA (ST)","pc_no":2,"state":"meghalaya","id":270}},{"type":"Feature","geometry":{"type":"Polygon","coordinates":[[[93.0087,24.4118],[92.8883,24.3983],[92.8229,24.3868],[92.7635,24.5212],[92.6846,24.3467],[92.612,24.2537],[92.5296,24.1788],[92.4654,24.1361],[92.4227,24.2549],[92.3462,24.2534],[92.2996,24.2525],[92.3319,24.1827],[92.3167,24.0719],[92.3311,23.9207],[92.2603,23.8131],[92.267,23.7359],[92.2664,23.7241],[92.2915,23.6276],[92.327,23.4492],[92.3934,23.2664],[92.364,23.1566],[92.3918,23.0574],[92.3762,22.9291],[92.4612,22.8613],[92.5079,22.737],[92.5524,22.4097],[92.6105,22.1382],[92.5976,22.0093],[92.6809,22.0154],[92.6992,22.1551],[92.8511,22.0654],[92.9214,21.9929],[92.9941,22.0422],[93.0627,22.2078],[93.1993,22.256],[93.1786,22.4325],[93.1131,22.5594],[93.1402,22.5927],[93.0909,22.7048],[93.0959,22.7865],[93.1497,22.9084],[93.1218,23.0061],[93.1936,23.054],[93.2944,23.007],[93.343,23.0588],[93.3804,23.1869],[93.3688,23.3182],[93.4014,23.3842],[93.3952,23.4918],[93.4355,23.6782],[93.369,23.933],[93.3262,24.0485],[93.2045,24.0496],[93.1505,24.0841],[93.0994,24.0432],[92.9715,24.1163],[93.024,24.2338],[93.0403,24.3414],[93.0087,24.4118]]]},"properties":{"state_name":"Mizoram","pc_name":"MIZORAM (ST)","pc_no":1,"state":"mizoram","id":271}},{"type":"Feature","geometry":{"type":"Polygon","coordinates":[[[95.2232,26.7596],[95.1809,26.856],[95.2285,26.8921],[95.1946,27.0317],[95.0923,26.9558],[94.9458,26.9352],[94.879,26.922],[94.8185,26.8485],[94.7888,26.796],[94.7386,26.7687],[94.6994,26.7378],[94.5941,26.7253],[94.561,26.6857],[94.4084,26.613],[94.3959,26.5276],[94.3157,26.4582],[94.2808,26.535],[94.2066,26.4863],[94.1614,26.3471],[94.0474,26.2492],[93.9964,26.1536],[93.9549,25.969],[93.9783,25.9277],[93.9561,25.9021],[93.8756,25.8416],[93.778,25.8508],[93.7773,25.969],[93.7326,25.9233],[93.6836,25.8984],[93.6389,25.8107],[93.5113,25.6752],[93.3303,25.5423],[93.4579,25.4314],[93.4706,25.3051],[93.5015,25.2421],[93.6052,25.199],[93.6887,25.3601],[93.805,25.4634],[93.7703,25.5337],[93.9349,25.559],[94.0481,25.5756],[94.0891,25.5477],[94.1073,25.5242],[94.1357,25.5184],[94.1921,25.5486],[94.3009,25.5063],[94.4166,25.5366],[94.4268,25.5871],[94.4917,25.6087],[94.5847,25.6846],[94.5539,25.5026],[94.6755,25.4456],[94.8055,25.4918],[94.8814,25.585],[94.9365,25.668],[95.0408,25.7423],[95.0187,25.8584],[95.1857,26.0733],[95.1264,26.1292],[95.1425,26.2116],[95.1081,26.3952],[95.0728,26.4723],[95.1135,26.5315],[95.1486,26.6127],[95.2339,26.6825],[95.2099,26.7287],[95.2176,26.7559],[95.2232,26.7596]]]},"properties":{"state_name":"Nagaland","pc_name":"NAGALAND","pc_no":1,"state":"nagaland","id":272}},{"type":"Feature","geometry":{"type":"Polygon","coordinates":[[[83.2688,21.3784],[83.2762,21.3021],[83.2173,21.2547],[83.1769,21.1356],[83.0779,21.112],[82.8973,21.1621],[82.641,21.1549],[82.6364,21.0923],[82.6931,21.0241],[82.6821,20.8842],[82.7002,20.7301],[82.8874,20.9078],[83.0152,20.8608],[83.1547,20.8834],[83.2179,20.9316],[83.301,20.8535],[83.4019,20.8903],[83.3525,21.0713],[83.4571,21.0544],[83.6499,21.1301],[83.6881,21.1167],[83.7809,21.1536],[83.8417,21.097],[83.8926,21.1773],[83.9055,21.2597],[83.8701,21.3102],[83.8799,21.4312],[83.8476,21.5214],[83.7969,21.5661],[83.9621,21.5718],[83.9422,21.7283],[84.1121,21.7906],[84.2571,21.765],[84.3259,21.8667],[84.3877,22.0265],[84.2677,22.0161],[84.2292,21.9746],[84.1171,22.0127],[84.0774,21.9372],[83.9775,21.9057],[83.8941,21.9459],[83.7188,21.786],[83.5788,21.8323],[83.4833,21.794],[83.4866,21.6442],[83.3678,21.5885],[83.3384,21.4991],[83.3989,21.4053],[83.3916,21.3426],[83.2688,21.3784]]]},"properties":{"state_name":"Odisha","pc_name":"BARGARH","pc_no":1,"state":"odisha","id":273}},{"type":"Feature","geometry":{"type":"Polygon","coordinates":[[[83.5788,21.8323],[83.7188,21.786],[83.8941,21.9459],[83.9775,21.9057],[84.0774,21.9372],[84.1171,22.0127],[84.2292,21.9746],[84.2677,22.0161],[84.2675,22.1035],[84.355,22.1437],[84.4765,22.1902],[84.5267,22.0478],[84.4954,21.9203],[84.5256,21.814],[84.5882,21.7578],[84.6769,21.7508],[84.7468,21.6825],[84.8287,21.6603],[85.0255,21.6729],[85.0376,21.601],[85.1439,21.5953],[85.191,21.6613],[85.2001,21.7628],[85.2806,21.835],[85.3422,21.8262],[85.3759,21.9365],[85.2717,21.9605],[85.2391,22.0096],[85.2047,22.0515],[85.2036,22.0524],[85.099,22.106],[84.9841,22.095],[85.0322,22.1651],[85.1031,22.2951],[85.0669,22.4834],[84.9574,22.4565],[84.9573,22.4568],[84.95729432357612,22.45679591198974],[84.9112,22.4236],[84.7955,22.4459],[84.7498,22.4193],[84.6288,22.4346],[84.4565,22.3812],[84.3591,22.3478],[84.2944,22.3416],[84.159,22.4058],[84.158,22.4065],[84.1571,22.4071],[84.1415,22.4737],[84.009,22.5257],[84.0181,22.4894],[84.0475,22.4699],[84.0052,22.3743],[83.9065,22.3513],[83.8023,22.2898],[83.6272,22.2038],[83.6092,22.1573],[83.5618,22.0987],[83.5568,21.9363],[83.5788,21.8323]]]},"properties":{"state_name":"Odisha","pc_name":"SUNDARGARH (ST)","pc_no":2,"state":"odisha","id":274}},{"type":"Feature","geometry":{"type":"Polygon","coordinates":[[[83.8926,21.1773],[83.9818,21.1336],[84.018,21.0509],[84.1429,21.0332],[84.2379,20.9228],[84.2787,20.9224],[84.2663,20.8813],[84.3466,20.8364],[84.3777,20.754],[84.5617,20.6894],[84.6388,20.6239],[84.7902,20.5812],[84.8485,20.5281],[84.8969,20.5819],[84.9876,20.5804],[84.9516,20.6641],[85.0032,20.8056],[85.1842,20.8999],[85.1018,20.8947],[85.0006,20.9575],[84.9697,21.0785],[84.9627,21.1775],[84.8977,21.2609],[85.015,21.3106],[84.9999,21.44],[85.1496,21.4581],[85.203,21.5216],[85.1439,21.5953],[85.0376,21.601],[85.0255,21.6729],[84.8287,21.6603],[84.7468,21.6825],[84.6769,21.7508],[84.5882,21.7578],[84.5256,21.814],[84.4954,21.9203],[84.5267,22.0478],[84.4765,22.1902],[84.355,22.1437],[84.2675,22.1035],[84.2677,22.0161],[84.3877,22.0265],[84.3259,21.8667],[84.2571,21.765],[84.1121,21.7906],[83.9422,21.7283],[83.9621,21.5718],[83.7969,21.5661],[83.8476,21.5214],[83.8799,21.4312],[83.8701,21.3102],[83.9055,21.2597],[83.8926,21.1773]]]},"properties":{"state_name":"Odisha","pc_name":"SAMBALPUR","pc_no":3,"state":"odisha","id":275}},{"type":"Feature","geometry":{"type":"Polygon","coordinates":[[[85.2391,22.0096],[85.2717,21.9605],[85.3759,21.9365],[85.3422,21.8262],[85.2806,21.835],[85.2001,21.7628],[85.191,21.6613],[85.2421,21.6802],[85.3126,21.569],[85.3424,21.3662],[85.2762,21.2933],[85.3933,21.1837],[85.4979,21.1152],[85.683,21.1862],[85.7269,21.1426],[85.8751,21.0859],[85.9372,21.1337],[86.075,21.155],[86.0269,21.0731],[86.0825,21.0158],[86.1335,21.0764],[86.2042,21.0588],[86.2814,21.0222],[86.3158,21.083],[86.2723,21.1491],[86.3642,21.2376],[86.3576,21.2982],[86.4238,21.3314],[86.5007,21.3982],[86.4279,21.4886],[86.3379,21.5201],[86.3728,21.6809],[86.2477,21.7508],[86.2285,21.8214],[86.0159,21.8622],[85.9101,21.8269],[85.809,21.8515],[85.788,21.909],[85.7937,21.9507],[85.669,22.0142],[85.6764,22.0569],[85.4211,22.159],[85.2815,22.0908],[85.2391,22.0096]]]},"properties":{"state_name":"Odisha","pc_name":"KEONJHAR (ST)","pc_no":4,"state":"odisha","id":276}},{"type":"Feature","geometry":{"type":"Polygon","coordinates":[[[86.0634,22.555],[85.9626,22.485],[86.0269,22.3863],[85.9739,22.2469],[86.0312,22.1914],[86.0071,22.117],[85.9095,21.9878],[85.8243,21.9754],[85.7601,22.0131],[85.7598,22.0867],[85.7577,22.0853],[85.6764,22.0569],[85.669,22.0142],[85.7937,21.9507],[85.788,21.909],[85.809,21.8515],[85.9101,21.8269],[86.0159,21.8622],[86.2285,21.8214],[86.2477,21.7508],[86.3728,21.6809],[86.3379,21.5201],[86.4279,21.4886],[86.5007,21.3982],[86.5819,21.5225],[86.6486,21.5809],[86.795,21.5971],[86.7997,21.6074],[86.7119,21.6752],[86.6847,21.74],[86.6991,21.8122],[86.8398,21.7938],[86.9941,21.7322],[87.0007,21.6764],[87.0881,21.7271],[87.0949,21.7477],[87.1225,21.7554],[87.1762,21.8138],[87.0979,21.8666],[86.9999,21.9137],[87.0265,22.0369],[86.9657,22.0851],[86.8177,22.1166],[86.817,22.1169],[86.8159,22.1173],[86.7234,22.1467],[86.7226,22.1468],[86.7196,22.1474],[86.7248,22.2184],[86.5427,22.3078],[86.541,22.3083],[86.4874,22.3477],[86.4872,22.3476],[86.4446,22.3124],[86.3287,22.3775],[86.2687,22.4421],[86.116,22.4871],[86.0634,22.555]]]},"properties":{"state_name":"Odisha","pc_name":"MAYURBHANJ (ST)","pc_no":5,"state":"odisha","id":277}},{"type":"Feature","geometry":{"type":"Polygon","coordinates":[[[86.4238,21.3314],[86.4635,21.3025],[86.5907,21.3237],[86.6509,21.4018],[86.7343,21.3399],[86.825,21.3527],[86.9068,21.2861],[87.0139,21.4058],[87.2032,21.5315],[87.3417,21.5702],[87.4837,21.613],[87.4541,21.74],[87.4403,21.77],[87.3228,21.791],[87.3194,21.7908],[87.2521,21.8777],[87.252,21.878],[87.2518,21.8782],[87.2257,21.9579],[87.1053,21.9231],[87.0979,21.8666],[87.1762,21.8138],[87.1225,21.7554],[87.0949,21.7477],[87.0881,21.7271],[87.0007,21.6764],[86.9941,21.7322],[86.8398,21.7938],[86.6991,21.8122],[86.6847,21.74],[86.7119,21.6752],[86.7997,21.6074],[86.795,21.5971],[86.6486,21.5809],[86.5819,21.5225],[86.5007,21.3982],[86.4238,21.3314]]]},"properties":{"state_name":"Odisha","pc_name":"BALASORE","pc_no":6,"state":"odisha","id":278}},{"type":"Feature","geometry":{"type":"Polygon","coordinates":[[[86.2814,21.0222],[86.2835,20.9356],[86.3795,20.8616],[86.5561,20.8625],[86.6008,20.8432],[86.6211,20.7963],[86.795,20.7409],[86.8694,20.7945],[86.9718,20.7939],[86.9768,20.8609],[86.9129,20.974],[86.8446,21.1254],[86.8588,21.2097],[86.9068,21.2861],[86.825,21.3527],[86.7343,21.3399],[86.6509,21.4018],[86.5907,21.3237],[86.4635,21.3025],[86.4238,21.3314],[86.3576,21.2982],[86.3642,21.2376],[86.2723,21.1491],[86.3158,21.083],[86.2814,21.0222]]]},"properties":{"state_name":"Odisha","pc_name":"BHADRAK (SC)","pc_no":7,"state":"odisha","id":279}},{"type":"Feature","geometry":{"type":"Polygon","coordinates":[[[85.7269,21.1426],[85.724,20.9827],[85.9161,20.929],[85.8988,20.8473],[85.9499,20.8447],[86.0305,20.8088],[86.0292,20.7405],[85.9097,20.7011],[86.0812,20.6014],[86.1789,20.6565],[86.2799,20.5826],[86.32,20.6296],[86.3827,20.5986],[86.456,20.6546],[86.4692,20.689],[86.556,20.7065],[86.6211,20.7963],[86.6008,20.8432],[86.5561,20.8625],[86.3795,20.8616],[86.2835,20.9356],[86.2814,21.0222],[86.2042,21.0588],[86.1335,21.0764],[86.0825,21.0158],[86.0269,21.0731],[86.075,21.155],[85.9372,21.1337],[85.8751,21.0859],[85.7269,21.1426]]]},"properties":{"state_name":"Odisha","pc_name":"JAJPUR (SC)","pc_no":8,"state":"odisha","id":280}},{"type":"Feature","geometry":{"type":"Polygon","coordinates":[[[85.1439,21.5953],[85.203,21.5216],[85.1496,21.4581],[84.9999,21.44],[85.015,21.3106],[84.8977,21.2609],[84.9627,21.1775],[84.9697,21.0785],[85.0006,20.9575],[85.1018,20.8947],[85.1842,20.8999],[85.0032,20.8056],[84.9516,20.6641],[84.9876,20.5804],[85.1271,20.6162],[85.2505,20.5183],[85.4498,20.4913],[85.4685,20.4993],[85.6562,20.5499],[85.7166,20.6389],[85.91,20.6899],[85.9097,20.7011],[86.0292,20.7405],[86.0305,20.8088],[85.9499,20.8447],[85.8988,20.8473],[85.9161,20.929],[85.724,20.9827],[85.7269,21.1426],[85.683,21.1862],[85.4979,21.1152],[85.3933,21.1837],[85.2762,21.2933],[85.3424,21.3662],[85.3126,21.569],[85.2421,21.6802],[85.191,21.6613],[85.1439,21.5953]]]},"properties":{"state_name":"Odisha","pc_name":"DHENKANAL","pc_no":9,"state":"odisha","id":281}},{"type":"Feature","geometry":{"type":"Polygon","coordinates":[[[82.7002,20.7301],[82.7414,20.6304],[82.6838,20.4604],[82.7152,20.3985],[82.8601,20.2693],[82.8228,20.1651],[82.9243,20.1782],[82.944,20.1739],[83.2252,20.2049],[83.238,20.257],[83.3608,20.3163],[83.4222,20.404],[83.4876,20.4184],[83.6243,20.3503],[83.6507,20.3883],[83.6658,20.4226],[83.5693,20.4829],[83.6026,20.5281],[83.6856,20.5606],[83.7731,20.7978],[83.9365,20.8424],[84.0374,20.8203],[84.1439,20.8621],[84.2663,20.8813],[84.2787,20.9224],[84.2379,20.9228],[84.1429,21.0332],[84.018,21.0509],[83.9818,21.1336],[83.8926,21.1773],[83.8417,21.097],[83.7809,21.1536],[83.6881,21.1167],[83.6499,21.1301],[83.4571,21.0544],[83.3525,21.0713],[83.4019,20.8903],[83.301,20.8535],[83.2179,20.9316],[83.1547,20.8834],[83.0152,20.8608],[82.8874,20.9078],[82.7002,20.7301]]]},"properties":{"state_name":"Odisha","pc_name":"BOLANGIR","pc_no":10,"state":"odisha","id":282}},{"type":"Feature","geometry":{"type":"Polygon","coordinates":[[[82.5945,19.7755],[82.5292,19.585],[82.6458,19.5076],[82.6547,19.4563],[82.7256,19.3451],[82.8473,19.3245],[82.8566,19.2032],[82.8719,19.1989],[82.9183,19.2382],[82.9783,19.4493],[83.0438,19.5564],[83.1077,19.5378],[83.2161,19.4312],[83.2664,19.6012],[83.3698,19.6199],[83.4545,19.7411],[83.4042,19.9205],[83.4949,19.9606],[83.5469,20.0326],[83.5883,20.0989],[83.7105,20.1015],[83.7898,20.1806],[83.7189,20.2372],[83.7058,20.3678],[83.6507,20.3883],[83.6243,20.3503],[83.4876,20.4184],[83.4222,20.404],[83.3608,20.3163],[83.238,20.257],[83.2252,20.2049],[82.944,20.1739],[82.9243,20.1782],[82.8228,20.1651],[82.8601,20.2693],[82.7152,20.3985],[82.6838,20.4604],[82.7414,20.6304],[82.7002,20.7301],[82.6821,20.8842],[82.6931,21.0241],[82.6364,21.0923],[82.5595,20.9484],[82.4811,20.8513],[82.3461,20.874],[82.3478,20.7511],[82.3765,20.6324],[82.3322,20.5619],[82.3896,20.5177],[82.432,20.4169],[82.4225,20.2208],[82.39,20.1637],[82.3983,20.0582],[82.5953,19.9918],[82.7122,19.9974],[82.7185,19.9506],[82.7244,19.8758],[82.5945,19.7755]]]},"properties":{"state_name":"Odisha","pc_name":"KALAHANDI","pc_no":11,"state":"odisha","id":283}},{"type":"Feature","geometry":{"type":"Polygon","coordinates":[[[81.77390030870153,17.913609762685706],[81.8099,17.951],[81.9793,18.0143],[82.0062,18.0522],[82.0086,18.0577],[82.0329,18.0695],[82.0409,18.0572],[82.0658,18.0564],[82.0766,18.0753],[82.0961,18.0675],[82.102,18.0603],[82.1206,18.0643],[82.1249,18.0597],[82.1335,18.0599],[82.13643255893712,18.046947864694392],[82.14032787938883,18.046790770721593],[82.1467,18.0523],[82.1532,18.0479],[82.1688,18.052],[82.17316506504928,18.045466483281096],[82.2616,18.0419],[82.2726,18.0573],[82.2914,18.0689],[82.30396115801327,18.05899728812711],[82.3503,18.0777],[82.347,18.0983],[82.3385,18.0992],[82.3357,18.1059],[82.3342,18.1269],[82.3421,18.1367],[82.34865912569433,18.136109367828475],[82.34765433398591,18.17187642706294],[82.3373,18.1722],[82.3154,18.1841],[82.3108,18.2041],[82.3249,18.2104],[82.337,18.2243],[82.3244,18.2312],[82.3365,18.2408],[82.3325,18.252],[82.3446,18.2806],[82.3923,18.298],[82.39016997040133,18.325835144075906],[82.3889,18.3285],[82.3751,18.3287],[82.3558,18.316],[82.3427,18.3205],[82.3381,18.3281],[82.349,18.3305],[82.3631,18.3443],[82.3698,18.3586],[82.3855,18.3675],[82.38588213765617,18.381868375871946],[82.38542209368899,18.387880212569147],[82.3796,18.4038],[82.3642,18.4216],[82.382,18.4326],[82.3866,18.445],[82.39335374407582,18.448017630331755],[82.4091,18.4694],[82.4055,18.6001],[82.4086,18.7323],[82.3156,18.773],[82.34,18.839],[82.5014,18.7892],[82.4628,18.847],[82.4409,19.0144],[82.5291,19.0512],[82.6392,19.1488],[82.6398,19.1667],[82.6433,19.1765],[82.7405,19.1594],[82.8566,19.2032],[82.8473,19.3245],[82.7256,19.3451],[82.6547,19.4563],[82.6458,19.5076],[82.5292,19.585],[82.5945,19.7755],[82.6034,19.8669],[82.446,19.9092],[82.344,19.8359],[82.2688,19.9764],[82.0649,20.0567],[82.0175,20.0483],[81.9471,20.1071],[81.8794,20.0508],[81.8536,19.9183],[81.8886,19.8927],[82.0647,19.79],[82.0528,19.6761],[82.0315,19.5078],[82.0999,19.5168],[82.1684,19.4369],[82.1678,19.2141],[82.1766,19.2142],[82.1789,19.1919],[82.2087,19.12],[82.2056,19.0602],[82.246,18.9192],[82.1762,18.9027],[82.1608,18.7893],[82.0909,18.7411],[81.9677,18.6964],[81.9495,18.5721],[81.7691,18.4182],[81.7503,18.3526],[81.6593,18.3465],[81.5358,18.2686],[81.4831,17.9772],[81.4075,17.8961],[81.3918,17.8155],[81.4016,17.821],[81.41082362669817,17.816058771411694],[81.41838074277854,17.81628074277854],[81.4341,17.832],[81.4442,17.825],[81.4742,17.838],[81.48651401595042,17.81828198711737],[81.52390723771296,17.81938031939878],[81.5302,17.8229],[81.5637,17.8257],[81.5743,17.8372],[81.5942,17.8341],[81.6165,17.8221],[81.6223,17.8335],[81.6248990086552,17.833033511267015],[81.6619,17.8812],[81.7633,17.9026],[81.7714,17.9125],[81.77390030870153,17.913609762685706]]]},"properties":{"state_name":"Odisha","pc_name":"NABARANGPUR (ST)","pc_no":12,"state":"odisha","id":284}},{"type":"Feature","geometry":{"type":"Polygon","coordinates":[[[84.2663,20.8813],[84.1439,20.8621],[84.0374,20.8203],[83.9365,20.8424],[83.7731,20.7978],[83.6856,20.5606],[83.6026,20.5281],[83.5693,20.4829],[83.6658,20.4226],[83.6507,20.3883],[83.7058,20.3678],[83.7189,20.2372],[83.7898,20.1806],[83.7105,20.1015],[83.5883,20.0989],[83.5469,20.0326],[83.4949,19.9606],[83.5538,19.9106],[83.5423,19.8438],[83.6155,19.8004],[83.6894,19.6891],[83.7664,19.7165],[83.93,19.6788],[83.94,19.6352],[84.1277,19.6374],[84.1534,19.5839],[84.2392,19.5761],[84.245,19.6428],[84.16,19.735],[84.1855,19.8607],[84.2772,19.8807],[84.4239,19.8353],[84.4615,19.8795],[84.6429,19.9302],[84.7068,19.8688],[84.9163,19.9516],[84.8419,20.0465],[85.0421,20.1236],[85.1186,20.2226],[85.0023,20.3028],[84.9852,20.353],[85.105,20.411],[84.8485,20.5281],[84.7902,20.5812],[84.6388,20.6239],[84.5617,20.6894],[84.3777,20.754],[84.3466,20.8364],[84.2663,20.8813]]]},"properties":{"state_name":"Odisha","pc_name":"KANDHAMAL","pc_no":13,"state":"odisha","id":285}},{"type":"Feature","geometry":{"type":"Polygon","coordinates":[[[84.8485,20.5281],[85.105,20.411],[84.9852,20.353],[85.0023,20.3028],[85.1186,20.2226],[85.1991,20.1893],[85.3227,20.2296],[85.3329,20.2812],[85.4525,20.2674],[85.5475,20.3017],[85.6233,20.2926],[85.7154,20.4038],[85.8283,20.405],[85.8656,20.4136],[85.8976,20.3364],[85.9141,20.3476],[86.0146,20.3747],[86.2485,20.3647],[86.2661,20.3985],[86.1952,20.4529],[86.1084,20.4617],[86.0895,20.4335],[85.9395,20.4595],[85.9402,20.5117],[85.922,20.5845],[85.91,20.6899],[85.7166,20.6389],[85.6562,20.5499],[85.4685,20.4993],[85.4498,20.4913],[85.2505,20.5183],[85.1271,20.6162],[84.9876,20.5804],[84.8969,20.5819],[84.8485,20.5281]]]},"properties":{"state_name":"Odisha","pc_name":"CUTTACK","pc_no":14,"state":"odisha","id":286}},{"type":"Feature","geometry":{"type":"Polygon","coordinates":[[[86.6211,20.7963],[86.556,20.7065],[86.4692,20.689],[86.456,20.6546],[86.3827,20.5986],[86.32,20.6296],[86.2799,20.5826],[86.1789,20.6565],[86.0812,20.6014],[85.9097,20.7011],[85.91,20.6899],[85.922,20.5845],[85.9402,20.5117],[85.9395,20.4595],[86.0895,20.4335],[86.1084,20.4617],[86.1952,20.4529],[86.2661,20.3985],[86.2485,20.3647],[86.3475,20.3563],[86.4119,20.3591],[86.5524,20.3238],[86.607,20.3419],[86.6964,20.2969],[86.7766,20.3347],[86.7308,20.4114],[86.7538,20.5185],[87.0556,20.715],[87.0411,20.7589],[86.8548,20.7735],[86.8163,20.7318],[86.795,20.7409],[86.6211,20.7963]]]},"properties":{"state_name":"Odisha","pc_name":"KENDRAPARA","pc_no":15,"state":"odisha","id":287}},{"type":"Feature","geometry":{"type":"Polygon","coordinates":[[[85.9141,20.3476],[85.9226,20.295],[86.079,20.1056],[85.873,20.1218],[85.8756,19.9883],[85.9419,19.9494],[85.961,19.8842],[85.9359,19.8262],[86.1928,19.8893],[86.3878,19.9723],[86.5204,20.1702],[86.6373,20.2448],[86.7766,20.3347],[86.6964,20.2969],[86.607,20.3419],[86.5524,20.3238],[86.4119,20.3591],[86.3475,20.3563],[86.2485,20.3647],[86.0146,20.3747],[85.9141,20.3476]]]},"properties":{"state_name":"Odisha","pc_name":"JAGATSINGHPUR (SC)","pc_no":16,"state":"odisha","id":288}},{"type":"Feature","geometry":{"type":"Polygon","coordinates":[[[84.9163,19.9516],[84.94,19.8973],[85.0372,19.8067],[85.0672,19.7964],[85.1823,19.6718],[85.1486,19.4956],[85.1724,19.4673],[85.405,19.6163],[85.6791,19.7451],[85.8019,19.7879],[85.9359,19.8262],[85.961,19.8842],[85.9419,19.9494],[85.8756,19.9883],[85.873,20.1218],[86.079,20.1056],[85.9226,20.295],[85.9141,20.3476],[85.8976,20.3364],[85.8805,20.3026],[85.8605,20.2003],[85.805,20.16],[85.6857,20.1528],[85.6764,20.0694],[85.6492,20.0983],[85.6135,19.9929],[85.562,19.9955],[85.5625,19.8634],[85.4395,19.8826],[85.325,19.8665],[85.2667,19.9132],[85.4551,19.9728],[85.431,20.0291],[85.4164,20.1247],[85.3466,20.1873],[85.2469,20.1189],[85.1991,20.1893],[85.1186,20.2226],[85.0421,20.1236],[84.8419,20.0465],[84.9163,19.9516]]]},"properties":{"state_name":"Odisha","pc_name":"PURI","pc_no":17,"state":"odisha","id":289}},{"type":"Feature","geometry":{"type":"Polygon","coordinates":[[[85.1991,20.1893],[85.2469,20.1189],[85.3466,20.1873],[85.4164,20.1247],[85.431,20.0291],[85.4551,19.9728],[85.2667,19.9132],[85.325,19.8665],[85.4395,19.8826],[85.5625,19.8634],[85.562,19.9955],[85.6135,19.9929],[85.6492,20.0983],[85.6764,20.0694],[85.6857,20.1528],[85.805,20.16],[85.8605,20.2003],[85.8805,20.3026],[85.8976,20.3364],[85.8656,20.4136],[85.8283,20.405],[85.7154,20.4038],[85.6233,20.2926],[85.5475,20.3017],[85.4525,20.2674],[85.3329,20.2812],[85.3227,20.2296],[85.1991,20.1893]]]},"properties":{"state_name":"Odisha","pc_name":"BHUBANESWAR","pc_no":18,"state":"odisha","id":290}},{"type":"Feature","geometry":{"type":"Polygon","coordinates":[[[84.2392,19.5761],[84.3309,19.5998],[84.4013,19.5755],[84.3744,19.4917],[84.3946,19.4099],[84.5083,19.3776],[84.6902,19.4165],[84.7944,19.3789],[84.8718,19.4078],[84.8824,19.4112],[84.9358,19.4913],[85.074,19.5403],[85.1486,19.4956],[85.1823,19.6718],[85.0672,19.7964],[85.0372,19.8067],[84.94,19.8973],[84.9163,19.9516],[84.7068,19.8688],[84.6429,19.9302],[84.4615,19.8795],[84.4239,19.8353],[84.2772,19.8807],[84.1855,19.8607],[84.16,19.735],[84.245,19.6428],[84.2392,19.5761]]]},"properties":{"state_name":"Odisha","pc_name":"ASKA","pc_no":19,"state":"odisha","id":291}},{"type":"Feature","geometry":{"type":"Polygon","coordinates":[[[83.81542057026476,18.975998574338085],[83.8905,18.8267],[83.90438901933702,18.825464226519337],[83.92104647217349,18.82398213206967],[84.01537279706041,18.81558946099656],[84.02901396376491,18.814375740167918],[84.03698191576869,18.813666792794272],[84.0456,18.8129],[84.0557114371457,18.799949049683228],[84.0598270799752,18.79467764414135],[84.0894,18.7568],[84.123774348182,18.767345819018583],[84.14091407001243,18.77260417049322],[84.17380198024124,18.782693960336978],[84.19425908909666,18.788970063857267],[84.20176492081984,18.791272802588995],[84.21459721021476,18.795209662739374],[84.2263,18.7988],[84.28383689789091,18.791630671646114],[84.321,18.787],[84.3594,18.8316],[84.35437466661895,18.844625303561635],[84.3371,18.8894],[84.4252,18.9504],[84.44266187214612,18.9691],[84.45147395098326,18.978536896162996],[84.4661,18.9942],[84.48151670614543,19.0106241344678],[84.50133601214671,19.03173856343551],[84.5166,19.048],[84.5356104465038,19.051412131423756],[84.5832141724692,19.059956389930367],[84.618,19.0662],[84.63442443523141,19.087109823166088],[84.6678,19.1296],[84.7647,19.0773],[84.8244,19.1741],[84.9141,19.2614],[85.0794,19.375],[85.1724,19.4673],[85.1486,19.4956],[85.074,19.5403],[84.9358,19.4913],[84.8824,19.4112],[84.8718,19.4078],[84.7944,19.3789],[84.6902,19.4165],[84.5083,19.3776],[84.3946,19.4099],[84.3744,19.4917],[84.4013,19.5755],[84.3309,19.5998],[84.2392,19.5761],[84.1534,19.5839],[84.1277,19.6374],[83.94,19.6352],[83.9781,19.531],[83.9473,19.397],[84.0153,19.3772],[84.0201,19.291],[83.9797,19.2129],[84.0288,19.0754],[83.9502,18.9977],[83.7945,19.0176],[83.80595232145207,18.994826581612514],[83.8089,18.9923],[83.81542057026476,18.975998574338085]]]},"properties":{"state_name":"Odisha","pc_name":"BERHAMPUR","pc_no":20,"state":"odisha","id":292}},{"type":"Feature","geometry":{"type":"Polygon","coordinates":[[[82.4817,18.5414],[82.51149989642117,18.517183663118796],[82.5135,18.5183],[82.5259,18.5162],[82.5324,18.5107],[82.5269,18.5059],[82.5292,18.5028],[82.53054059385701,18.490963816630032],[82.5332,18.4877],[82.5342,18.4778],[82.53248048764621,18.47383637830313],[82.5345655846621,18.45542693200033],[82.5395,18.4436],[82.5444,18.4494],[82.5423,18.4577],[82.5487,18.4531],[82.5548,18.4545],[82.5616,18.447],[82.5505,18.4333],[82.552,18.4286],[82.5414,18.4219],[82.5471,18.4126],[82.53986817681988,18.408610028590275],[82.5409,18.3995],[82.5521,18.3979],[82.5624,18.4],[82.5758,18.3963],[82.5838,18.3868],[82.5886,18.3917],[82.5948,18.3893],[82.6052,18.3821],[82.60584708259742,18.36730954063042],[82.6212,18.3597],[82.6112,18.3337],[82.6089,18.3272],[82.60824700454862,18.32727872994804],[82.5878,18.2761],[82.64318426328396,18.295234906413555],[82.6426,18.3021],[82.65201132308643,18.298284598748744],[82.714131965764,18.319746880875545],[82.7167,18.3234],[82.72199216818001,18.322462530208114],[82.741714922049,18.329276614699335],[82.7428,18.33],[82.74385851306236,18.33001721159451],[82.75725213216145,18.334644620768227],[82.7597,18.3397],[82.763780041597,18.33689997145304],[82.7742,18.3405],[82.7764,18.3493],[82.77658627833658,18.349483636090675],[82.78419438979964,18.378125938069225],[82.7826,18.3819],[82.785484164859,18.382981561822124],[82.79240455267939,18.409034786557672],[82.7868,18.4108],[82.7821,18.4308],[82.8031,18.4493],[82.8225,18.4478],[82.8238,18.4435],[82.8458,18.4335],[82.85006480453741,18.424259590168933],[82.85420939757157,18.42204980117523],[82.8564,18.4255],[82.8713,18.4185],[82.895,18.4241],[82.8978,18.4035],[82.89581554365398,18.39986648838054],[82.95909311563126,18.366128536077056],[82.9601,18.3664],[82.9704,18.3601],[82.9831,18.3665],[82.9872,18.3789],[82.996,18.3851],[83.0057,18.3829],[83.0219,18.3917],[83.03365715790481,18.387467423154266],[83.0758,18.4057],[83.0642,18.4094],[83.0574,18.4194],[83.0591702707565,18.421027218574153],[83.04821866028708,18.43112105263158],[83.0425,18.4243],[83.0377,18.4346],[83.03987399960182,18.438812124228548],[83.0296959162357,18.448193017094233],[83.0246,18.4485],[83.0209,18.4563],[83.0451,18.5443],[83.0298,18.5737],[83.03534146172402,18.580653991183077],[83.03203808804987,18.592960221279014],[83.0237,18.5897],[83.0135,18.5944],[83.0152,18.6055],[83.0004,18.608],[82.9992,18.618],[83.0196,18.6352],[83.0131,18.6459],[83.0167,18.6501],[83.07159421361202,18.7030912142068],[83.0726,18.7053],[83.0917,18.7225],[83.1151,18.7681],[83.139,18.7854],[83.1565,18.7683],[83.1779,18.7709],[83.1932,18.7532],[83.207,18.7513],[83.20723869052865,18.750198768697288],[83.2201,18.7477],[83.2281,18.7569],[83.2246,18.7751],[83.2432,18.7683],[83.26162828540826,18.76941686578232],[83.27825547256451,18.77811191274272],[83.2749,18.782],[83.2818,18.7958],[83.3077,18.8088],[83.33,18.8066],[83.3284,18.8177],[83.3548,18.8326],[83.3693,18.844],[83.3792,18.8309],[83.397,18.8791],[83.3778,18.897],[83.3526,18.9301],[83.3711,18.9432],[83.3667,18.964],[83.3502,18.9664],[83.3511,18.9463],[83.3445,18.9424],[83.3486,18.9266],[83.3347,18.9249],[83.3254,18.9328],[83.3272,18.9451],[83.3389,18.9473],[83.3396,18.9522],[83.3322,18.9579],[83.3336,18.969],[83.3282,18.9672],[83.3205,18.9721],[83.3104,18.9989],[83.3275,19.0026],[83.3387,18.997],[83.337,19.0063],[83.3429,19.0181],[83.348,19.0169],[83.3674,19.0165],[83.36666566095629,19.0069535924316],[83.37593335536752,19.002015097831837],[83.3843,19.0013],[83.3967,19.0097],[83.4116,19.0006],[83.4152,19.0031],[83.4201,18.9985],[83.4148,18.9894],[83.439,18.9753],[83.4464,18.9664],[83.4457492481028,18.96481216537083],[83.4636,18.9553],[83.46899308132622,18.97673544506818],[83.4685,18.9801],[83.4642,18.9804],[83.4678,18.991],[83.4565,18.9912],[83.45,19.0099],[83.4615,19.0124],[83.47686797077223,19.00803513256173],[83.4833,19.0336],[83.4707,19.043],[83.4692,19.0611],[83.4623,19.0638],[83.4662,19.0799],[83.4808,19.0786],[83.5006,19.0607],[83.5017,19.0659],[83.5117,19.0703],[83.5168,19.0571],[83.513510827806,19.049366000516837],[83.55263471951636,19.069783425053725],[83.549,19.0806],[83.5601,19.0871],[83.56499368248261,19.076233146251855],[83.5862,19.0873],[83.60314255210982,19.109325317742755],[83.5978,19.1188],[83.6016,19.1356],[83.6159,19.1371],[83.6207,19.1417],[83.6274,19.1505],[83.626,19.1627],[83.6372,19.1536],[83.64910357304925,19.130282880922422],[83.6549,19.1297],[83.6543,19.1222],[83.65308474852417,19.122484420558177],[83.72002604939145,18.9913575499056],[83.733,18.9877],[83.74012269201395,18.95199157070337],[83.7538,18.9252],[83.76627728550395,18.95352681033329],[83.7589,18.9507],[83.7553,18.9714],[83.7478,18.9744],[83.7451,18.9889],[83.7515,18.9987],[83.7651,19.0056],[83.7814,19.0083],[83.7775,19.0174],[83.7945,19.0176],[83.9502,18.9977],[84.0288,19.0754],[83.9797,19.2129],[84.0201,19.291],[84.0153,19.3772],[83.9473,19.397],[83.9781,19.531],[83.94,19.6352],[83.93,19.6788],[83.7664,19.7165],[83.6894,19.6891],[83.6155,19.8004],[83.5423,19.8438],[83.5538,19.9106],[83.4949,19.9606],[83.4042,19.9205],[83.4545,19.7411],[83.3698,19.6199],[83.2664,19.6012],[83.2161,19.4312],[83.1077,19.5378],[83.0438,19.5564],[82.9783,19.4493],[82.9183,19.2382],[82.8719,19.1989],[82.8566,19.2032],[82.7405,19.1594],[82.6433,19.1765],[82.6398,19.1667],[82.6392,19.1488],[82.5291,19.0512],[82.4409,19.0144],[82.4628,18.847],[82.5014,18.7892],[82.34,18.839],[82.3156,18.773],[82.4086,18.7323],[82.4055,18.6001],[82.4091,18.4694],[82.4358746763754,18.49595339805825],[82.434,18.4986],[82.4449,18.5146],[82.4848,18.5494],[82.4934,18.5432],[82.4817,18.5414]]]},"properties":{"state_name":"Odisha","pc_name":"KORAPUT (ST)","pc_no":21,"state":"odisha","id":293}},{"type":"Feature","geometry":{"type":"MultiPolygon","coordinates":[[[[82.22825909297937,16.75391399570564],[82.226,16.7586],[82.2038,16.7177],[82.2435,16.7223],[82.2175,16.7328],[82.2244,16.753],[82.22825909297937,16.75391399570564]]],[[[75.5306,11.704],[75.5366,11.6939],[75.5443,11.7046],[75.5306,11.704]]],[[[79.6285,11.9452],[79.6259,11.9059],[79.6479,11.9446],[79.6211,12.0103],[79.6185,11.9705],[79.6287,11.9571],[79.6285,11.9452]]],[[[79.8032,11.9532],[79.7697,11.944],[79.7612,11.9285],[79.7491,11.9295],[79.7001,11.9628],[79.708,11.9441],[79.7346,11.9118],[79.685,11.881],[79.7094,11.8837],[79.757,11.8682],[79.77,11.8746],[79.8077,11.8364],[79.8248,11.89],[79.8318,11.9168],[79.835,11.9271],[79.8384,11.9475],[79.8389,11.9561],[79.8299,11.9577],[79.8284,11.9587],[79.8053,11.9636],[79.8032,11.9532]],[[79.7903,11.8972],[79.7965,11.8949],[79.7727,11.8758],[79.7715,11.9027],[79.7903,11.8972]]],[[[79.8571,12.0068],[79.8738,12.0426],[79.8488,12.0492],[79.8571,12.0068]]],[[[79.6842,11.8127],[79.6748,11.8067],[79.6817,11.797],[79.6842,11.8127]]],[[[79.807,11.8335],[79.7295,11.837],[79.7958,11.7855],[79.8004,11.8099],[79.807,11.8335]]],[[[79.7481,10.9964],[79.7627,10.9621],[79.7449,10.9146],[79.7615,10.9128],[79.7769,10.9055],[79.7952,10.9027],[79.8413,10.828],[79.8532,10.9152],[79.8526,10.9234],[79.8543,10.9646],[79.8544,10.9833],[79.7481,10.9964]]]]},"properties":{"state_name":"Puducherry","pc_name":"PONDICHERRY","pc_no":1,"state":"puducherry","id":294}},{"type":"Feature","geometry":{"type":"Polygon","coordinates":[[[75.832,32.5101],[75.6873,32.3909],[75.636,32.381],[75.6352,32.3807],[75.6325,32.38],[75.5395,32.2951],[75.3758,32.3356],[75.3755,32.3363],[75.3755,32.3364],[75.374,32.3373],[75.3734,32.3366],[75.3732,32.3356],[75.3384,32.3421],[75.327,32.214],[75.2408,32.0922],[74.9828,32.0402],[74.9083,32.0515],[74.8894,31.9315],[74.9187,31.8873],[74.9619,31.841],[75.2013,31.7278],[75.2332,31.7701],[75.4299,31.7974],[75.5352,31.7719],[75.5509,31.8905],[75.5342,31.9603],[75.5963,32.086],[75.6025,32.0867],[75.6726,32.1589],[75.704,32.2673],[75.7526,32.2799],[75.8713,32.3946],[75.936,32.3977],[75.832,32.5101]]]},"properties":{"state_name":"Punjab","pc_name":"GURDASPUR","pc_no":1,"state":"punjab","id":295}},{"type":"Feature","geometry":{"type":"Polygon","coordinates":[[[74.9083,32.0515],[74.8189,31.9587],[74.6346,31.8843],[74.5706,31.837],[74.5019,31.6956],[74.5448,31.6484],[74.6108,31.499],[74.6492,31.5404],[74.7953,31.5706],[74.9407,31.5212],[74.9513,31.6053],[74.9305,31.6475],[75.0323,31.6913],[75.1549,31.642],[75.2609,31.6925],[75.2013,31.7278],[74.9619,31.841],[74.9187,31.8873],[74.8894,31.9315],[74.9083,32.0515]]]},"properties":{"state_name":"Punjab","pc_name":"AMRITSAR","pc_no":2,"state":"punjab","id":296}},{"type":"Feature","geometry":{"type":"Polygon","coordinates":[[[74.6108,31.499],[74.6546,31.4263],[74.5517,31.3644],[74.5103,31.132],[74.6891,31.128],[74.6957,31.0743],[74.8032,31.1189],[74.8008,31.0441],[74.8201,30.9429],[74.9437,30.8779],[75.0304,30.8968],[75.0938,30.9755],[75.0836,31.0688],[75.1458,31.0857],[75.0807,31.1511],[75.2699,31.1483],[75.3448,31.2319],[75.3646,31.2268],[75.4609,31.2355],[75.4811,31.3521],[75.4426,31.4323],[75.3666,31.4578],[75.284,31.4144],[75.2311,31.4503],[75.4044,31.5937],[75.302,31.6527],[75.2609,31.6925],[75.1549,31.642],[75.0323,31.6913],[74.9305,31.6475],[74.9513,31.6053],[74.9407,31.5212],[74.7953,31.5706],[74.6492,31.5404],[74.6108,31.499]]]},"properties":{"state_name":"Punjab","pc_name":"KHADOOR SAHIB","pc_no":3,"state":"punjab","id":297}},{"type":"Feature","geometry":{"type":"Polygon","coordinates":[[[75.1458,31.0857],[75.3566,30.9902],[75.4992,30.9703],[75.562,30.9772],[75.6512,30.9803],[75.6849,30.9916],[75.8233,30.9996],[75.957,31.0171],[75.9323,31.0737],[75.8978,31.1542],[75.787,31.198],[75.7086,31.1651],[75.6744,31.2824],[75.7877,31.3687],[75.816,31.4312],[75.7168,31.5202],[75.6817,31.5902],[75.5943,31.6032],[75.5961,31.5554],[75.4411,31.4948],[75.4426,31.4323],[75.4811,31.3521],[75.4609,31.2355],[75.3646,31.2268],[75.3448,31.2319],[75.2699,31.1483],[75.0807,31.1511],[75.1458,31.0857]]]},"properties":{"state_name":"Punjab","pc_name":"JALANDHAR (SC)","pc_no":4,"state":"punjab","id":298}},{"type":"Feature","geometry":{"type":"Polygon","coordinates":[[[75.5963,32.086],[75.5342,31.9603],[75.5509,31.8905],[75.5352,31.7719],[75.4299,31.7974],[75.2332,31.7701],[75.2013,31.7278],[75.2609,31.6925],[75.302,31.6527],[75.4044,31.5937],[75.2311,31.4503],[75.284,31.4144],[75.3666,31.4578],[75.4426,31.4323],[75.4411,31.4948],[75.5961,31.5554],[75.5943,31.6032],[75.6817,31.5902],[75.7168,31.5202],[75.816,31.4312],[75.7877,31.3687],[75.6744,31.2824],[75.7086,31.1651],[75.787,31.198],[75.8924,31.276],[75.9923,31.2588],[75.9705,31.3459],[76.0365,31.3773],[76.1566,31.3475],[76.1688,31.3973],[76.1046,31.5161],[76.1042,31.517],[76.0762,31.5609],[76.0005,31.6838],[75.9354,31.8157],[75.9593,31.8575],[75.9154,31.9314],[75.9151,31.9319],[75.9148,31.9325],[75.9009,31.9549],[75.8999,31.9559],[75.7429,32.0395],[75.5963,32.086]]]},"properties":{"state_name":"Punjab","pc_name":"HOSHIARPUR (SC)","pc_no":5,"state":"punjab","id":299}},{"type":"Feature","geometry":{"type":"Polygon","coordinates":[[[76.7741,30.9071],[76.7371,30.9389],[76.7002,30.9701],[76.6115,31.046],[76.645,31.2073],[76.4317,31.3268],[76.3947,31.4083],[76.3738,31.4376],[76.3145,31.3428],[76.2888,31.3064],[76.1886,31.2999],[76.1566,31.3475],[76.0365,31.3773],[75.9705,31.3459],[75.9923,31.2588],[75.8924,31.276],[75.787,31.198],[75.8978,31.1542],[75.9323,31.0737],[75.957,31.0171],[76.1425,30.9873],[76.257,30.9955],[76.304,30.9885],[76.3195,30.8771],[76.4112,30.84],[76.4695,30.7454],[76.5716,30.6758],[76.6335,30.6201],[76.6514,30.6261],[76.7623,30.6049],[76.7967,30.6678],[76.7174,30.7631],[76.8381,30.7542],[76.8474,30.7801],[76.7741,30.9071]]]},"properties":{"state_name":"Punjab","pc_name":"ANANDPUR SAHIB","pc_no":6,"state":"punjab","id":300}},{"type":"Feature","geometry":{"type":"Polygon","coordinates":[[[75.3566,30.9902],[75.3729,30.8514],[75.3964,30.8087],[75.3677,30.6855],[75.4086,30.5833],[75.4643,30.6057],[75.4602,30.6586],[75.5499,30.7216],[75.5957,30.7838],[75.7296,30.7443],[75.763,30.6652],[75.822,30.6906],[75.8437,30.6805],[75.895,30.6985],[75.9528,30.8081],[75.9177,30.8465],[75.9441,30.8588],[75.8666,30.9314],[75.838,30.956],[75.8233,30.9996],[75.6849,30.9916],[75.6512,30.9803],[75.562,30.9772],[75.4992,30.9703],[75.3566,30.9902]]]},"properties":{"state_name":"Punjab","pc_name":"LUDHIANA","pc_no":7,"state":"punjab","id":301}},{"type":"Feature","geometry":{"type":"Polygon","coordinates":[[[75.8233,30.9996],[75.838,30.956],[75.8666,30.9314],[75.9441,30.8588],[75.9177,30.8465],[75.9528,30.8081],[75.895,30.6985],[75.8437,30.6805],[75.822,30.6906],[75.763,30.6652],[75.7296,30.7443],[75.5957,30.7838],[75.5499,30.7216],[75.4602,30.6586],[75.4643,30.6057],[75.5789,30.5696],[75.6771,30.5975],[75.7823,30.6247],[75.8534,30.5526],[75.8496,30.4487],[75.9653,30.4615],[76.0239,30.3905],[76.086,30.5372],[76.2746,30.56],[76.3144,30.5479],[76.3297,30.4934],[76.4312,30.4422],[76.4992,30.4628],[76.4971,30.5076],[76.5984,30.5965],[76.6335,30.6201],[76.5716,30.6758],[76.4695,30.7454],[76.4112,30.84],[76.3195,30.8771],[76.304,30.9885],[76.257,30.9955],[76.1425,30.9873],[75.957,31.0171],[75.8233,30.9996]]]},"properties":{"state_name":"Punjab","pc_name":"FATEHGARH SAHIB (SC","pc_no":8,"state":"punjab","id":302}},{"type":"Feature","geometry":{"type":"Polygon","coordinates":[[[74.9437,30.8779],[74.9312,30.7888],[74.91,30.7373],[74.8123,30.7694],[74.754,30.813],[74.595,30.8088],[74.47,30.7483],[74.5042,30.6689],[74.636,30.6158],[74.6902,30.519],[74.5655,30.407],[74.508,30.3346],[74.5459,30.2471],[74.6165,30.1885],[74.6474,30.1547],[74.7039,30.1603],[74.7521,30.287],[74.8217,30.3932],[74.9307,30.368],[75.052,30.3879],[75.0892,30.4173],[75.2211,30.2618],[75.3136,30.3272],[75.2824,30.5076],[75.4007,30.5283],[75.4086,30.5833],[75.3677,30.6855],[75.3964,30.8087],[75.3729,30.8514],[75.3566,30.9902],[75.1458,31.0857],[75.0836,31.0688],[75.0938,30.9755],[75.0304,30.8968],[74.9437,30.8779]]]},"properties":{"state_name":"Punjab","pc_name":"FARIDKOT (SC)","pc_no":9,"state":"punjab","id":303}},{"type":"Feature","geometry":{"type":"Polygon","coordinates":[[[74.6957,31.0743],[74.5682,31.0548],[74.5162,30.9795],[74.3659,30.8929],[74.3736,30.8593],[74.3204,30.8466],[74.1693,30.6487],[74.0909,30.5494],[73.9927,30.5142],[73.9644,30.4242],[73.8841,30.3669],[73.9727,30.1983],[73.9755,30.1205],[73.8941,29.9743],[74.0652,29.9684],[74.3509,29.9523],[74.4483,29.9472],[74.3891,30.0743],[74.3583,30.2406],[74.2631,30.2487],[74.3247,30.3297],[74.4693,30.2324],[74.4583,30.1765],[74.5576,30.1206],[74.6165,30.1885],[74.5459,30.2471],[74.508,30.3346],[74.5655,30.407],[74.6902,30.519],[74.636,30.6158],[74.5042,30.6689],[74.47,30.7483],[74.595,30.8088],[74.754,30.813],[74.8123,30.7694],[74.91,30.7373],[74.9312,30.7888],[74.9437,30.8779],[74.8201,30.9429],[74.8008,31.0441],[74.8032,31.1189],[74.6957,31.0743]]]},"properties":{"state_name":"Punjab","pc_name":"FIROZPUR","pc_no":10,"state":"punjab","id":304}},{"type":"Feature","geometry":{"type":"Polygon","coordinates":[[[75.7375,29.8147],[75.7657,29.9184],[75.6408,29.9369],[75.688,30.0235],[75.6406,30.0653],[75.6336,30.0698],[75.5769,30.1443],[75.4612,30.1953],[75.3696,30.1989],[75.3136,30.3272],[75.2211,30.2618],[75.0892,30.4173],[75.052,30.3879],[74.9307,30.368],[74.8217,30.3932],[74.7521,30.287],[74.7039,30.1603],[74.6474,30.1547],[74.6165,30.1885],[74.5576,30.1206],[74.4583,30.1765],[74.4693,30.2324],[74.3247,30.3297],[74.2631,30.2487],[74.3583,30.2406],[74.3891,30.0743],[74.4483,29.9472],[74.5267,29.9428],[74.6305,29.9051],[74.7062,29.9766],[74.8115,29.9921],[74.9265,29.9505],[74.9519,29.9029],[75.0701,29.8774],[75.135,29.8074],[75.1913,29.8409],[75.2096,29.7384],[75.1825,29.6307],[75.3026,29.5601],[75.3465,29.6951],[75.4297,29.7739],[75.4578,29.7943],[75.6982,29.7533],[75.7375,29.8147]]]},"properties":{"state_name":"Punjab","pc_name":"BATHINDA","pc_no":11,"state":"punjab","id":305}},{"type":"Feature","geometry":{"type":"Polygon","coordinates":[[[76.1049,29.8121],[75.9822,29.9056],[75.9962,29.9482],[76.0937,30.1165],[76.062,30.144],[76.0179,30.1532],[76.0264,30.1609],[76.0072,30.1791],[75.8352,30.2227],[75.7801,30.294],[75.7311,30.2751],[75.6555,30.3101],[75.6769,30.3793],[75.7822,30.4999],[75.8496,30.4487],[75.8534,30.5526],[75.7823,30.6247],[75.6771,30.5975],[75.5789,30.5696],[75.4643,30.6057],[75.4086,30.5833],[75.4007,30.5283],[75.2824,30.5076],[75.3136,30.3272],[75.3696,30.1989],[75.4612,30.1953],[75.5769,30.1443],[75.6336,30.0698],[75.6406,30.0653],[75.688,30.0235],[75.6408,29.9369],[75.7657,29.9184],[75.7375,29.8147],[75.8372,29.7942],[75.9465,29.7299],[76.1049,29.8121]]]},"properties":{"state_name":"Punjab","pc_name":"SANGRUR","pc_no":12,"state":"punjab","id":306}},{"type":"Feature","geometry":{"type":"Polygon","coordinates":[[[76.8288,30.6807],[76.7967,30.6678],[76.7623,30.6049],[76.6514,30.6261],[76.6335,30.6201],[76.5984,30.5965],[76.4971,30.5076],[76.4992,30.4628],[76.4312,30.4422],[76.3297,30.4934],[76.3144,30.5479],[76.2746,30.56],[76.086,30.5372],[76.0239,30.3905],[75.9653,30.4615],[75.8496,30.4487],[75.7822,30.4999],[75.6769,30.3793],[75.6555,30.3101],[75.7311,30.2751],[75.7801,30.294],[75.8352,30.2227],[76.0072,30.1791],[76.0264,30.1609],[76.0179,30.1532],[76.062,30.144],[76.0937,30.1165],[75.9962,29.9482],[75.9822,29.9056],[76.1049,29.8121],[76.214,29.8425],[76.2144,29.8423],[76.21438595915933,29.84225438962588],[76.2151,29.8418],[76.2435,29.8633],[76.1713,29.9287],[76.2422,30.1006],[76.1961,30.1227],[76.334,30.1386],[76.4291,30.1507],[76.4675,30.0989],[76.5743,30.1009],[76.637,30.1474],[76.6429,30.15],[76.6357,30.2895],[76.7266,30.3614],[76.7481,30.4288],[76.7981,30.4173],[76.8994,30.36],[76.9279,30.5241],[76.9256,30.6114],[76.8288,30.6807]]]},"properties":{"state_name":"Punjab","pc_name":"PATIALA","pc_no":13,"state":"punjab","id":307}},{"type":"Feature","geometry":{"type":"Polygon","coordinates":[[[74.4773,29.7452],[74.5612,29.8706],[74.5267,29.9428],[74.4483,29.9472],[74.3509,29.9523],[74.0652,29.9684],[73.8941,29.9743],[73.9755,30.1205],[73.9727,30.1983],[73.8062,30.0677],[73.6954,30.0423],[73.3971,29.9458],[73.325,29.7074],[73.2822,29.572],[73.0904,29.246],[73.3483,29.2186],[73.3657,29.004],[73.5312,28.9976],[73.6176,29.0335],[73.7707,29.0496],[73.8524,28.9495],[74.0152,28.9314],[74.0278,29.004],[74.1163,29.1113],[74.1766,29.0602],[74.4894,29.0474],[74.6315,29.1698],[74.546,29.2968],[74.6033,29.3274],[74.6133,29.537],[74.5969,29.6833],[74.4773,29.7452]]]},"properties":{"state_name":"Rajasthan","pc_name":"GANGANAGAR(SC)","pc_no":1,"state":"rajasthan","id":308}},{"type":"Feature","geometry":{"type":"Polygon","coordinates":[[[73.0904,29.246],[72.9458,29.0279],[72.6624,28.9103],[72.4037,28.7832],[72.2993,28.6695],[72.2033,28.3908],[72.0043,28.2185],[71.9282,28.1223],[71.8918,27.9599],[72.0244,27.9508],[72.1428,27.8749],[72.1501,27.7805],[72.2458,27.6752],[72.2805,27.5531],[72.3239,27.5168],[72.5988,27.6079],[72.6472,27.5432],[72.8268,27.5847],[72.8247,27.4688],[72.9793,27.3818],[73.0801,27.4285],[73.1341,27.3096],[73.2582,27.26],[73.4021,27.287],[73.4953,27.328],[73.5282,27.4838],[73.7191,27.5199],[73.8773,27.5389],[73.8679,27.7734],[74.216,27.8119],[74.2315,27.9318],[74.3473,28.1639],[74.2379,28.231],[74.1996,28.312],[74.0617,28.3311],[74.0549,28.5261],[74.0805,28.6698],[74.1598,28.7764],[74.1321,28.8755],[74.0278,29.004],[74.0152,28.9314],[73.8524,28.9495],[73.7707,29.0496],[73.6176,29.0335],[73.5312,28.9976],[73.3657,29.004],[73.3483,29.2186],[73.0904,29.246]]]},"properties":{"state_name":"Rajasthan","pc_name":"BIKANER (SC)","pc_no":2,"state":"rajasthan","id":309}},{"type":"Feature","geometry":{"type":"Polygon","coordinates":[[[75.1201,29.2229],[74.9606,29.281],[74.9383,29.362],[74.7941,29.3691],[74.6511,29.3328],[74.6033,29.3274],[74.546,29.2968],[74.6315,29.1698],[74.4894,29.0474],[74.1766,29.0602],[74.1163,29.1113],[74.0278,29.004],[74.1321,28.8755],[74.1598,28.7764],[74.0805,28.6698],[74.0549,28.5261],[74.0617,28.3311],[74.1996,28.312],[74.2379,28.231],[74.3473,28.1639],[74.2315,27.9318],[74.216,27.8119],[73.8679,27.7734],[73.8773,27.5389],[74.0297,27.5351],[74.0803,27.4795],[74.2097,27.4688],[74.2544,27.6011],[74.3536,27.6857],[74.6812,27.6684],[74.7695,27.7694],[74.8002,27.834],[74.737,27.8914],[74.8574,28.1404],[75.0244,28.2051],[75.1453,28.2931],[75.241,28.4595],[75.2445,28.461],[75.3718,28.3456],[75.5089,28.3407],[75.6708,28.5181],[75.5615,28.6132],[75.4767,28.932],[75.5275,28.9755],[75.5071,29.0112],[75.3914,29.063],[75.3882,29.2608],[75.2857,29.2708],[75.2455,29.2506],[75.1201,29.2229]]]},"properties":{"state_name":"Rajasthan","pc_name":"CHURU","pc_no":3,"state":"rajasthan","id":310}},{"type":"Feature","geometry":{"type":"Polygon","coordinates":[[[75.7885,28.4007],[75.6708,28.5181],[75.5089,28.3407],[75.3718,28.3456],[75.2445,28.461],[75.241,28.4595],[75.1453,28.2931],[75.0244,28.2051],[74.8574,28.1404],[74.737,27.8914],[74.8002,27.834],[74.9542,27.868],[75.0857,27.9475],[75.194,27.9559],[75.2403,27.8146],[75.2864,27.7185],[75.4079,27.6528],[75.4531,27.6572],[75.6185,27.7027],[75.7347,27.7915],[75.9314,27.9304],[75.9432,28.1003],[75.9873,28.125],[76.095,28.1463],[75.8955,28.3895],[75.7885,28.4007]]]},"properties":{"state_name":"Rajasthan","pc_name":"JHUNJHUNU","pc_no":4,"state":"rajasthan","id":311}},{"type":"Feature","geometry":{"type":"Polygon","coordinates":[[[75.9314,27.9304],[75.7347,27.7915],[75.6185,27.7027],[75.4531,27.6572],[75.4079,27.6528],[75.2864,27.7185],[75.2403,27.8146],[75.194,27.9559],[75.0857,27.9475],[74.9542,27.868],[74.8002,27.834],[74.7695,27.7694],[74.6812,27.6684],[74.7614,27.5653],[74.7492,27.4986],[74.8599,27.4495],[74.8709,27.3288],[74.8771,27.3206],[75.0994,27.3813],[75.1649,27.3049],[75.1118,27.2171],[75.197,27.1261],[75.316,27.1438],[75.3215,27.2069],[75.4482,27.2901],[75.4974,27.3001],[75.5213,27.152],[75.5821,27.1879],[75.8228,27.1522],[75.8723,27.2746],[75.783,27.2317],[75.6663,27.3482],[75.8715,27.4129],[75.9768,27.499],[75.9804,27.6566],[76.0749,27.8439],[75.9709,27.8522],[75.9314,27.9304]]]},"properties":{"state_name":"Rajasthan","pc_name":"SIKAR","pc_no":5,"state":"rajasthan","id":312}},{"type":"Feature","geometry":{"type":"Polygon","coordinates":[[[76.0749,27.8439],[75.9804,27.6566],[75.9768,27.499],[75.8715,27.4129],[75.6663,27.3482],[75.783,27.2317],[75.8723,27.2746],[75.8228,27.1522],[75.5821,27.1879],[75.5213,27.152],[75.4974,27.3001],[75.4482,27.2901],[75.3215,27.2069],[75.316,27.1438],[75.2189,27.0803],[75.1621,26.9328],[75.0107,26.9461],[74.9758,26.8908],[74.9348,26.8425],[75.1306,26.8078],[75.174,26.7388],[75.3111,26.7797],[75.3685,26.8783],[75.5103,26.881],[75.7479,26.89],[75.7718,26.9368],[75.7721,26.9574],[75.7606,27.001],[75.8172,26.9796],[75.8433,26.9766],[75.8663,26.9409],[75.878,26.9299],[75.9473,26.894],[75.9427,26.9513],[76.141,26.8774],[76.2291,27.0007],[76.282,27.0635],[76.1803,27.1421],[76.1248,27.2554],[76.198,27.3609],[76.2381,27.5064],[76.3962,27.4388],[76.4399,27.6221],[76.4996,27.7242],[76.4804,27.7964],[76.3304,27.8424],[76.2856,27.8018],[76.2255,27.8331],[76.0749,27.8439]]]},"properties":{"state_name":"Rajasthan","pc_name":"JAIPUR RURAL","pc_no":6,"state":"rajasthan","id":313}},{"type":"Feature","geometry":{"type":"Polygon","coordinates":[[[75.5103,26.881],[75.4904,26.7703],[75.582,26.761],[75.8032,26.6743],[75.9376,26.7703],[75.9473,26.894],[75.878,26.9299],[75.8663,26.9409],[75.8433,26.9766],[75.8172,26.9796],[75.7606,27.001],[75.7721,26.9574],[75.7718,26.9368],[75.7479,26.89],[75.5103,26.881]]]},"properties":{"state_name":"Rajasthan","pc_name":"JAIPUR","pc_no":7,"state":"rajasthan","id":314}},{"type":"Feature","geometry":{"type":"Polygon","coordinates":[[[76.1602,27.9946],[76.2255,27.8331],[76.2856,27.8018],[76.3304,27.8424],[76.4804,27.7964],[76.4996,27.7242],[76.6028,27.7596],[76.7733,27.6764],[76.9011,27.7664],[76.9117,27.7956],[76.9362,27.9766],[76.9684,28.1387],[76.853,28.2206],[76.7954,28.1769],[76.7395,28.1223],[76.6587,28.0085],[76.5893,27.9973],[76.4527,28.0932],[76.3111,28.1786],[76.3576,28.0705],[76.1897,28.0548],[76.1602,27.9946]]]},"properties":{"state_name":"Rajasthan","pc_name":"ALWAR","pc_no":8,"state":"rajasthan","id":315}},{"type":"Feature","geometry":{"type":"Polygon","coordinates":[[[76.9011,27.7664],[76.7733,27.6764],[76.6028,27.7596],[76.4996,27.7242],[76.4399,27.6221],[76.3962,27.4388],[76.4134,27.321],[76.5987,27.3067],[76.6471,27.1636],[76.7492,27.107],[76.8682,27.2297],[76.9604,27.1441],[77.0749,26.8603],[77.1723,26.8235],[77.217,26.7868],[77.346,26.7125],[77.4549,26.742],[77.4603,26.8855],[77.7628,27.0032],[77.5644,27.0333],[77.6186,27.1725],[77.6461,27.2424],[77.6183,27.2696],[77.6028,27.2922],[77.3389,27.5499],[77.3549,27.5923],[77.3178,27.6059],[77.3528,27.6507],[77.2834,27.8019],[77.1203,27.7906],[77.0453,27.8129],[76.9795,27.6537],[76.9011,27.7664]]]},"properties":{"state_name":"Rajasthan","pc_name":"BHARATPUR (SC)","pc_no":9,"state":"rajasthan","id":316}},{"type":"Feature","geometry":{"type":"Polygon","coordinates":[[[78.223,26.8307],[78.2643,26.9274],[78.1014,26.9175],[77.8923,26.8877],[77.8788,26.9007],[77.7595,26.9327],[77.675,26.8577],[77.5006,26.8163],[77.4549,26.742],[77.346,26.7125],[77.217,26.7868],[77.1723,26.8235],[77.0749,26.8603],[76.946,26.8603],[76.8998,26.9433],[76.7958,26.9728],[76.7751,26.8941],[76.4774,26.716],[76.4659,26.7009],[76.4632,26.67],[76.6192,26.6143],[76.6978,26.5447],[76.8604,26.6014],[76.8861,26.5792],[76.9425,26.4928],[76.7435,26.3202],[76.6368,26.2726],[76.6235,26.251],[76.6248,26.187],[76.739,26.1559],[76.8525,26.0439],[76.9108,26.1073],[76.97191943754851,26.122996582824957],[77.1146,26.2175],[77.2708,26.2672],[77.376,26.3653],[77.5046,26.4084],[77.5363,26.4112],[77.7398,26.5377],[77.8328,26.5997],[77.9427,26.6581],[78.002,26.6947],[78.0957,26.6803],[78.1064,26.7903],[78.1857,26.7856],[78.223,26.8307]]]},"properties":{"state_name":"Rajasthan","pc_name":"KARAULI ?DHOLPUR(SC)","pc_no":10,"state":"rajasthan","id":317}},{"type":"Feature","geometry":{"type":"Polygon","coordinates":[[[75.9473,26.894],[75.9376,26.7703],[75.8032,26.6743],[75.582,26.761],[75.6517,26.4594],[75.76,26.5176],[76.009,26.5003],[76.1495,26.5187],[76.1714,26.4861],[76.4119,26.4156],[76.4792,26.5002],[76.4015,26.5561],[76.4632,26.67],[76.4659,26.7009],[76.4774,26.716],[76.7751,26.8941],[76.7958,26.9728],[76.8998,26.9433],[76.946,26.8603],[77.0749,26.8603],[76.9604,27.1441],[76.8682,27.2297],[76.7492,27.107],[76.6471,27.1636],[76.5987,27.3067],[76.4134,27.321],[76.3962,27.4388],[76.2381,27.5064],[76.198,27.3609],[76.1248,27.2554],[76.1803,27.1421],[76.282,27.0635],[76.2291,27.0007],[76.141,26.8774],[75.9427,26.9513],[75.9473,26.894]]]},"properties":{"state_name":"Rajasthan","pc_name":"DAUSA (ST)","pc_no":11,"state":"rajasthan","id":318}},{"type":"Feature","geometry":{"type":"Polygon","coordinates":[[[76.5665,25.8489],[76.7117,25.8998],[76.8364,26.0071],[76.8525,26.0439],[76.739,26.1559],[76.6248,26.187],[76.6235,26.251],[76.6368,26.2726],[76.7435,26.3202],[76.9425,26.4928],[76.8861,26.5792],[76.8604,26.6014],[76.6978,26.5447],[76.6192,26.6143],[76.4632,26.67],[76.4015,26.5561],[76.4792,26.5002],[76.4119,26.4156],[76.1714,26.4861],[76.1495,26.5187],[76.009,26.5003],[75.76,26.5176],[75.6517,26.4594],[75.6495,26.4498],[75.3491,26.4971],[75.1688,26.4627],[75.1125,26.2881],[75.1575,26.1816],[75.1813,26.117],[75.3453,26.0244],[75.2507,25.9407],[75.3154,25.7663],[75.4608,25.7207],[75.616,25.6803],[75.7419,25.7541],[75.8501,25.8693],[75.9298,25.8355],[76.1492,25.7626],[76.3118,25.8115],[76.3561,25.741],[76.4734,25.8337],[76.5665,25.8489]]]},"properties":{"state_name":"Rajasthan","pc_name":"TONK ? SAWAI MADHOPUR","pc_no":12,"state":"rajasthan","id":319}},{"type":"Feature","geometry":{"type":"Polygon","coordinates":[[[74.9758,26.8908],[74.898,26.9769],[74.8537,26.9786],[74.6712,26.5953],[74.5291,26.5502],[74.3987,26.4868],[74.3159,26.4564],[74.2915,26.4467],[74.3032,26.2503],[74.3738,26.2064],[74.3694,26.1948],[74.4101,26.1298],[74.3505,26.0234],[74.3892,25.9637],[74.5431,25.8772],[74.7152,25.9211],[74.7797,25.8825],[74.9865,25.8506],[75.1301,25.7047],[75.2508,25.6851],[75.3154,25.7663],[75.2507,25.9407],[75.3453,26.0244],[75.1813,26.117],[75.1575,26.1816],[75.1125,26.2881],[75.1688,26.4627],[75.3491,26.4971],[75.6495,26.4498],[75.6517,26.4594],[75.582,26.761],[75.4904,26.7703],[75.5103,26.881],[75.3685,26.8783],[75.3111,26.7797],[75.174,26.7388],[75.1306,26.8078],[74.9348,26.8425],[74.9758,26.8908]]]},"properties":{"state_name":"Rajasthan","pc_name":"AJMER","pc_no":13,"state":"rajasthan","id":320}},{"type":"Feature","geometry":{"type":"Polygon","coordinates":[[[73.1341,27.3096],[73.0894,27.2426],[73.1382,27.0502],[73.1206,26.9454],[73.2866,26.8727],[73.4984,26.8876],[73.6571,26.8068],[73.6729,26.6761],[73.878,26.6719],[73.9195,26.832],[73.9432,26.9382],[74.041,26.9525],[74.2902,27.0846],[74.3559,27.0819],[74.3703,27.0665],[74.422,26.8411],[74.5242,26.7348],[74.5291,26.5502],[74.6712,26.5953],[74.8537,26.9786],[74.898,26.9769],[74.9758,26.8908],[75.0107,26.9461],[75.1621,26.9328],[75.2189,27.0803],[75.316,27.1438],[75.197,27.1261],[75.1118,27.2171],[75.1649,27.3049],[75.0994,27.3813],[74.8771,27.3206],[74.8709,27.3288],[74.8599,27.4495],[74.7492,27.4986],[74.7614,27.5653],[74.6812,27.6684],[74.3536,27.6857],[74.2544,27.6011],[74.2097,27.4688],[74.0803,27.4795],[74.0297,27.5351],[73.8773,27.5389],[73.7191,27.5199],[73.5282,27.4838],[73.4953,27.328],[73.4021,27.287],[73.2582,27.26],[73.1341,27.3096]]]},"properties":{"state_name":"Rajasthan","pc_name":"NAGAUR","pc_no":14,"state":"rajasthan","id":321}},{"type":"Feature","geometry":{"type":"Polygon","coordinates":[[[73.1206,26.9454],[72.8539,26.7118],[72.6725,26.9017],[72.5325,26.8306],[72.6276,26.7913],[72.6178,26.7111],[72.7666,26.3973],[72.9058,26.4648],[73.1391,26.4593],[73.1573,26.3605],[73.2019,26.2991],[73.151,26.2292],[73.2438,26.0741],[73.0492,26.011],[72.9586,25.9004],[72.8347,25.8633],[72.7779,25.802],[72.8905,25.7364],[72.9356,25.636],[73.0343,25.5747],[73.0912,25.4671],[72.9362,25.2432],[73.1312,25.0765],[72.9922,24.9235],[73.1483,24.8459],[73.1462,24.7482],[73.3313,24.9058],[73.3443,25.0107],[73.4877,25.1047],[73.6015,25.2058],[73.6668,25.3434],[73.7342,25.3822],[73.864,25.6495],[73.9093,25.6845],[73.9249,25.7898],[74.0012,25.8647],[73.9756,25.9707],[74.1066,26.0975],[73.9883,26.1345],[73.8068,26.1033],[73.8113,26.3558],[73.8711,26.4289],[73.7961,26.5035],[73.7209,26.539],[73.6729,26.6761],[73.6571,26.8068],[73.4984,26.8876],[73.2866,26.8727],[73.1206,26.9454]]]},"properties":{"state_name":"Rajasthan","pc_name":"PALI","pc_no":15,"state":"rajasthan","id":322}},{"type":"Feature","geometry":{"type":"Polygon","coordinates":[[[71.8918,27.9599],[71.6668,27.878],[71.3326,27.8615],[71.4352,27.7389],[71.3697,27.6084],[71.4301,27.4893],[71.4388,27.3724],[71.5749,27.3922],[71.6463,27.2648],[71.5121,27.1703],[71.4691,27.0058],[71.539,26.9377],[71.413,26.8009],[71.4739,26.6998],[71.4131,26.5841],[71.4472,26.513],[71.5741,26.5056],[71.6232,26.4165],[71.7595,26.3479],[71.893,26.2979],[72.0715,26.3504],[72.2684,26.1984],[72.406,26.2364],[72.4713,26.3032],[72.5951,26.2791],[72.6844,26.1877],[72.6939,26.0375],[72.632,25.9586],[72.8347,25.8633],[72.9586,25.9004],[73.0492,26.011],[73.2438,26.0741],[73.151,26.2292],[73.2019,26.2991],[73.1573,26.3605],[73.1391,26.4593],[72.9058,26.4648],[72.7666,26.3973],[72.6178,26.7111],[72.6276,26.7913],[72.5325,26.8306],[72.6725,26.9017],[72.8539,26.7118],[73.1206,26.9454],[73.1382,27.0502],[73.0894,27.2426],[73.1341,27.3096],[73.0801,27.4285],[72.9793,27.3818],[72.8247,27.4688],[72.8268,27.5847],[72.6472,27.5432],[72.5988,27.6079],[72.3239,27.5168],[72.2805,27.5531],[72.2458,27.6752],[72.1501,27.7805],[72.1428,27.8749],[72.0244,27.9508],[71.8918,27.9599]]]},"properties":{"state_name":"Rajasthan","pc_name":"JODHPUR","pc_no":16,"state":"rajasthan","id":323}},{"type":"Feature","geometry":{"type":"Polygon","coordinates":[[[72.8347,25.8633],[72.632,25.9586],[72.6939,26.0375],[72.6844,26.1877],[72.5951,26.2791],[72.4713,26.3032],[72.406,26.2364],[72.2684,26.1984],[72.0715,26.3504],[71.893,26.2979],[71.7595,26.3479],[71.6232,26.4165],[71.5741,26.5056],[71.4472,26.513],[71.4131,26.5841],[71.4739,26.6998],[71.413,26.8009],[71.539,26.9377],[71.4691,27.0058],[71.5121,27.1703],[71.6463,27.2648],[71.5749,27.3922],[71.4388,27.3724],[71.4301,27.4893],[71.3697,27.6084],[71.4352,27.7389],[71.3326,27.8615],[71.2055,27.8352],[70.9063,27.7093],[70.7595,27.721],[70.6847,27.8281],[70.6777,27.9217],[70.5057,28.0369],[70.3722,28.0117],[70.1325,27.8059],[70.0259,27.5627],[69.863,27.402],[69.5867,27.1832],[69.5132,27.0097],[69.4848,26.8051],[69.5103,26.7434],[69.8861,26.5786],[70.0563,26.6004],[70.1743,26.5512],[70.1752,26.2513],[70.1412,26.1558],[70.0834,26.0832],[70.0995,25.9383],[70.2684,25.7135],[70.3868,25.674],[70.6088,25.7148],[70.6743,25.6756],[70.6647,25.3966],[70.7846,25.2456],[70.8884,25.148],[70.9377,24.9383],[71.0977,24.6863],[71.189,24.6473],[71.3277,24.8455],[71.3484,24.942],[71.5033,25.0088],[71.557,24.9835],[71.8176,25.1204],[71.9332,25.2797],[71.976,25.416],[72.0041,25.4463],[72.1617,25.4356],[72.3075,25.3833],[72.5591,25.5304],[72.7168,25.6356],[72.7779,25.802],[72.8347,25.8633]]]},"properties":{"state_name":"Rajasthan","pc_name":"BARMER","pc_no":17,"state":"rajasthan","id":324}},{"type":"Feature","geometry":{"type":"Polygon","coordinates":[[[72.4575,24.4155],[72.5392,24.5192],[72.5984,24.49021030927835],[72.6554,24.4622],[72.7243,24.3673],[72.72442999804284,24.36729651938942],[72.95950073186837,24.36100265783778],[72.9596,24.361],[72.95992857142858,24.362556390977442],[72.9729,24.424],[72.973,24.4241],[72.973,24.4242],[72.98176090553382,24.441842235885975],[72.9984631561441,24.475476321307358],[73.0021,24.4828],[73.0496,24.5418],[73.048,24.5521],[73.0558,24.5535],[73.0885,24.6065],[73.1055,24.6444],[73.1492,24.7196],[73.1462,24.7482],[73.1483,24.8459],[72.9922,24.9235],[73.1312,25.0765],[72.9362,25.2432],[73.0912,25.4671],[73.0343,25.5747],[72.9356,25.636],[72.8905,25.7364],[72.7779,25.802],[72.7168,25.6356],[72.5591,25.5304],[72.3075,25.3833],[72.1617,25.4356],[72.0041,25.4463],[71.976,25.416],[71.9332,25.2797],[71.8176,25.1204],[71.557,24.9835],[71.5033,25.0088],[71.3484,24.942],[71.3277,24.8455],[71.189,24.6473],[71.2875,24.616],[71.5099,24.6799],[71.574,24.66192556701031],[71.6554,24.6391],[71.65551206097643,24.639124598750925],[71.6556,24.6391],[71.80301434560408,24.671481185068288],[71.8489,24.6113],[71.84895230495746,24.611493287860032],[71.8663,24.6756],[71.8665,24.6758],[71.8671,24.6764],[71.91504292066166,24.643151912897306],[71.9255,24.6359],[72.05758143759874,24.712001220456585],[72.0581360816579,24.712269126004056],[72.1648,24.621],[72.1648924502263,24.621006460115638],[72.16493153235581,24.621009191045413],[72.24137336099407,24.6263506928704],[72.3351,24.6329],[72.4575,24.4155]]]},"properties":{"state_name":"Rajasthan","pc_name":"JALORE","pc_no":18,"state":"rajasthan","id":325}},{"type":"Feature","geometry":{"type":"Polygon","coordinates":[[[73.02245729950802,24.465308204291972],[73.15163358549916,24.354314837809937],[73.1519,24.3539],[73.13621470660446,24.324642646697765],[73.0657,24.1935],[73.06583123045912,24.193358253330274],[73.15065390946502,24.101738271604937],[73.2429,24.0021],[73.24828337988826,24.006820810055867],[73.3599,24.1047],[73.361,24.1043],[73.3616,24.104],[73.3857,24.0652],[73.3986,24.0368],[73.3969019614871,24.025666555366207],[73.37834606197377,23.904002012251706],[73.3783,23.9037],[73.37820213378087,23.90313212658835],[73.3626,23.8126],[73.3739262366678,23.815647216986786],[73.4637,23.8398],[73.5731,23.9622],[73.7814,23.9405],[73.8091,23.863],[73.7957,23.8567],[73.7848,23.8595],[73.6894,23.7787],[73.8419,23.7172],[73.884,23.8043],[74.1358,23.7676],[74.1754,23.7952],[74.3806,23.905],[74.5495,23.8792],[74.5264,23.9465],[74.5564,24.1205],[74.4848,24.2261],[74.3436,24.3531],[74.2163,24.4245],[74.0819,24.4016],[73.8922,24.3902],[73.8547,24.4459],[73.8973,24.5145],[73.7787,24.6075],[73.7958,24.6201],[73.7657,24.6404],[73.7635,24.6411],[73.698,24.7086],[73.7213,24.7733],[73.5943,24.7916],[73.536,24.9228],[73.4877,25.1047],[73.3443,25.0107],[73.3313,24.9058],[73.1462,24.7482],[73.1492,24.7196],[73.1055,24.6444],[73.0885,24.6065],[73.0558,24.5535],[73.048,24.5521],[73.0496,24.5418],[73.0021,24.4828],[73.02245729950802,24.465308204291972]]]},"properties":{"state_name":"Rajasthan","pc_name":"UDAIPUR (ST)","pc_no":19,"state":"rajasthan","id":326}},{"type":"Feature","geometry":{"type":"Polygon","coordinates":[[[73.48140177269842,23.701918273015874],[73.589,23.6539],[73.5911,23.6539],[73.5939,23.6538],[73.65396952942984,23.621665243605825],[73.65538506498294,23.620907989627014],[73.6274,23.4485],[73.7206,23.4104],[73.72067401326294,23.410410611947288],[73.7207,23.4104],[73.7364,23.412665388127852],[73.8302,23.4262],[73.9575,23.3793],[73.9992,23.3356],[74.1327,23.2661],[74.1208,23.1771],[74.2411,23.1826],[74.2414,23.1815],[74.2418,23.1805],[74.25483252413692,23.159911654476304],[74.28292753950865,23.11552808933652],[74.3189,23.0587],[74.3189,23.0586],[74.3862,23.1114],[74.5281,23.0977],[74.7412,23.2264],[74.6473,23.2553],[74.6268,23.2587],[74.5733,23.2896],[74.5635,23.2931],[74.5301,23.3307],[74.613,23.462],[74.7711,23.5425],[74.6906,23.6546],[74.7873,23.8016],[74.6873,23.8889],[74.5495,23.8792],[74.3806,23.905],[74.1754,23.7952],[74.1358,23.7676],[73.884,23.8043],[73.8419,23.7172],[73.6894,23.7787],[73.7848,23.8595],[73.7957,23.8567],[73.8091,23.863],[73.7814,23.9405],[73.5731,23.9622],[73.4637,23.8398],[73.3739262366678,23.815647216986786],[73.3626,23.8126],[73.4736,23.7054],[73.48140177269842,23.701918273015874]]]},"properties":{"state_name":"Rajasthan","pc_name":"BANSWARA(ST)","pc_no":20,"state":"rajasthan","id":327}},{"type":"Feature","geometry":{"type":"MultiPolygon","coordinates":[[[[75.1924,25.0335],[75.204,25.09],[74.9096,25.1756],[74.7955,25.1526],[74.754,25.2153],[74.6558,25.1812],[74.5374,25.1467],[74.3892,25.1924],[74.26,25.0636],[74.1432,24.8811],[74.1165,24.8508],[73.9522,24.8461],[73.8394,24.9072],[73.7213,24.7733],[73.698,24.7086],[73.7635,24.6411],[73.7657,24.6404],[73.7958,24.6201],[73.7787,24.6075],[73.8973,24.5145],[73.8547,24.4459],[73.8922,24.3902],[74.0819,24.4016],[74.2163,24.4245],[74.3436,24.3531],[74.4848,24.2261],[74.5564,24.1205],[74.5264,23.9465],[74.5495,23.8792],[74.6873,23.8889],[74.7873,23.8016],[74.6906,23.6546],[74.7711,23.5425],[74.8239,23.5424],[74.9365,23.6283],[74.94,23.7644],[74.9032,23.853],[74.9739,24.0396],[74.9059,24.1155],[74.9099,24.2098],[74.8896,24.2286],[74.7568,24.2642],[74.8551,24.4243],[74.7168,24.507],[74.771,24.5787],[74.7804,24.7304],[74.8087,24.7807],[74.8088,24.7802],[74.8097,24.777],[74.8768,24.6427],[74.9929,24.6926],[74.9729,24.7634],[74.8379,24.7971],[74.838,24.7972],[74.838,24.7973],[74.8409,24.967],[74.9587,24.858],[75.1168,24.8778],[75.1137,24.9666],[75.1924,25.0335]]],[[[75.7848,24.7617],[75.8155,24.8634],[75.6165,24.9945],[75.4462,25.0231],[75.3513,25.019],[75.1929,24.7733],[75.2194,24.7028],[75.2198,24.7029],[75.3705,24.6922],[75.3715,24.6921],[75.5484,24.7034],[75.6463,24.6851],[75.7848,24.7617]]]]},"properties":{"state_name":"Rajasthan","pc_name":"CHITTORGARH","pc_no":21,"state":"rajasthan","id":328}},{"type":"Feature","geometry":{"type":"Polygon","coordinates":[[[74.5291,26.5502],[74.5242,26.7348],[74.422,26.8411],[74.3703,27.0665],[74.3559,27.0819],[74.2902,27.0846],[74.041,26.9525],[73.9432,26.9382],[73.9195,26.832],[73.878,26.6719],[73.6729,26.6761],[73.7209,26.539],[73.7961,26.5035],[73.8711,26.4289],[73.8113,26.3558],[73.8068,26.1033],[73.9883,26.1345],[74.1066,26.0975],[73.9756,25.9707],[74.0012,25.8647],[73.9249,25.7898],[73.9093,25.6845],[73.864,25.6495],[73.7342,25.3822],[73.6668,25.3434],[73.6015,25.2058],[73.4877,25.1047],[73.536,24.9228],[73.5943,24.7916],[73.7213,24.7733],[73.8394,24.9072],[73.9522,24.8461],[74.1165,24.8508],[74.1432,24.8811],[74.26,25.0636],[74.0579,25.1468],[74.0247,25.3917],[74.0651,25.4322],[74.0169,25.4368],[74.1706,25.7322],[74.1838,25.8492],[74.1945,25.8539],[74.2557,25.8697],[74.2663,25.8735],[74.3892,25.9637],[74.3505,26.0234],[74.4101,26.1298],[74.3694,26.1948],[74.3738,26.2064],[74.3032,26.2503],[74.2915,26.4467],[74.3159,26.4564],[74.3987,26.4868],[74.5291,26.5502]]]},"properties":{"state_name":"Rajasthan","pc_name":"RAJSAMAND","pc_no":22,"state":"rajasthan","id":329}},{"type":"Feature","geometry":{"type":"Polygon","coordinates":[[[75.3513,25.019],[75.4462,25.0231],[75.4025,25.1024],[75.4515,25.241],[75.4024,25.2896],[75.4996,25.4109],[75.6784,25.4364],[75.8562,25.5345],[75.9394,25.6093],[75.9797,25.7604],[75.9298,25.8355],[75.8501,25.8693],[75.7419,25.7541],[75.616,25.6803],[75.4608,25.7207],[75.3154,25.7663],[75.2508,25.6851],[75.1301,25.7047],[74.9865,25.8506],[74.7797,25.8825],[74.7152,25.9211],[74.5431,25.8772],[74.3892,25.9637],[74.2663,25.8735],[74.2557,25.8697],[74.1945,25.8539],[74.1838,25.8492],[74.1706,25.7322],[74.0169,25.4368],[74.0651,25.4322],[74.0247,25.3917],[74.0579,25.1468],[74.26,25.0636],[74.3892,25.1924],[74.5374,25.1467],[74.6558,25.1812],[74.754,25.2153],[74.7955,25.1526],[74.9096,25.1756],[75.204,25.09],[75.1924,25.0335],[75.3513,25.019]]]},"properties":{"state_name":"Rajasthan","pc_name":"BHILWARA","pc_no":23,"state":"rajasthan","id":330}},{"type":"Feature","geometry":{"type":"Polygon","coordinates":[[[76.5665,25.8489],[76.4734,25.8337],[76.3561,25.741],[76.3118,25.8115],[76.1492,25.7626],[75.9298,25.8355],[75.9797,25.7604],[75.9394,25.6093],[75.8562,25.5345],[75.6784,25.4364],[75.4996,25.4109],[75.4024,25.2896],[75.4515,25.241],[75.4025,25.1024],[75.4462,25.0231],[75.6165,24.9945],[75.8155,24.8634],[75.7848,24.7617],[75.9178,24.5396],[76.0574,24.5636],[76.1033,24.6903],[76.1816,24.6321],[76.2269,24.8116],[76.3594,24.8705],[76.4406,24.7824],[76.5744,24.8586],[76.4686,24.9327],[76.2954,24.9647],[76.1974,25.1262],[76.2481,25.2398],[76.3227,25.3817],[76.4378,25.3847],[76.5697,25.4393],[76.517,25.5268],[76.5153,25.7737],[76.5665,25.8489]]]},"properties":{"state_name":"Rajasthan","pc_name":"KOTA","pc_no":24,"state":"rajasthan","id":331}},{"type":"Feature","geometry":{"type":"Polygon","coordinates":[[[76.9576,25.2841],[76.81388893035549,25.32375568102058],[76.6492,25.3692],[76.6143,25.3836],[76.5697,25.4393],[76.4378,25.3847],[76.3227,25.3817],[76.2481,25.2398],[76.1974,25.1262],[76.2954,24.9647],[76.4686,24.9327],[76.5744,24.8586],[76.4406,24.7824],[76.3594,24.8705],[76.2269,24.8116],[76.1816,24.6321],[76.1033,24.6903],[76.0574,24.5636],[75.9178,24.5396],[75.8999,24.442],[75.7494,24.4245],[75.7399,24.3321],[75.83,24.2336],[75.7647,24.1754],[75.7816,24.0426],[75.67563533345441,24.015353457426496],[75.5817,23.9912],[75.4594,23.9194],[75.5839,23.7948],[75.6866,23.7558],[75.7938,23.867],[75.9819,23.9296],[75.9715,24.0201],[76.1267,24.0886],[76.1429,24.2827],[76.2028,24.3048],[76.212,24.2113],[76.3634,24.2327],[76.4569,24.214],[76.5229,24.1568],[76.6759,24.1908],[76.7901,24.1227],[76.8789,24.1306],[76.9456,24.2058],[76.8631,24.2734],[76.8449,24.4363],[76.9774,24.4615],[77.0574,24.537],[77.0654,24.6414],[76.9619,24.7571],[76.8665,24.7456],[76.8166,24.829],[76.9275,24.8472],[76.8624,24.9608],[76.8762,25.0411],[76.9999,25.0747],[77.0845,25.0542],[77.1742,25.1117],[77.3108,25.0799],[77.3941,25.1198],[77.4115,25.2236],[77.3669,25.4012],[77.234,25.3783],[77.2091,25.3062],[77.0827,25.3358],[76.9576,25.2841]]]},"properties":{"state_name":"Rajasthan","pc_name":"JHALAWAR-BARAN","pc_no":25,"state":"rajasthan","id":332}},{"type":"Feature","geometry":{"type":"Polygon","coordinates":[[[88.7132,27.1621],[88.7141567816092,27.161621609195404],[88.7635,27.1804],[88.7472,27.2418],[88.6261,27.2475],[88.6508,27.2685],[88.6718,27.2979],[88.6489,27.3033],[88.6336,27.3622],[88.6347,27.3658],[88.6517,27.3903],[88.6482,27.4425],[88.6079,27.4639],[88.5489,27.4331],[88.5567,27.4705],[88.5713,27.507],[88.6691,27.5446],[88.6347,27.5744],[88.5722,27.5503],[88.4414,27.5774],[88.496,27.5068],[88.4827,27.4197],[88.4365,27.4013],[88.4413,27.3535],[88.3857,27.2939],[88.361,27.3056],[88.3773,27.3889],[88.3511,27.4055],[88.2829,27.4003],[88.177,27.361],[88.2008,27.3049],[88.0598,27.2796],[88.1119,27.2356],[88.1629,27.2329],[88.2303,27.2365],[88.2491,27.1856],[88.1832,27.1698],[88.1578,27.1789],[88.1247,27.1525],[88.0767,27.1946],[88.0763,27.1945],[88.0965,27.1331],[88.1806,27.1329],[88.1811,27.1332],[88.1812,27.1333],[88.2792,27.1322],[88.3153,27.1263],[88.3155,27.1263],[88.3238,27.1104],[88.3467,27.1056],[88.347,27.1051],[88.3471,27.1049],[88.4358,27.0807],[88.4683,27.1152],[88.4684,27.1154],[88.4688,27.1158],[88.5334,27.1749],[88.5338,27.1757],[88.553,27.1835],[88.5539,27.184],[88.6619,27.161],[88.6622,27.1612],[88.6624,27.1613],[88.7132,27.1621]]]},"properties":{"state_name":"Sikkim","pc_name":"SIKKIM","pc_no":1,"state":"sikkim","id":333}},{"type":"Feature","geometry":{"type":"Polygon","coordinates":[[[80.07714467284796,13.525671266041362],[80.038,13.539],[80.01952276799506,13.519283441458139],[80.0272,13.5137],[80.0355,13.5183],[80.0484,13.5123],[80.0463,13.4951],[80.0156,13.4999],[79.9892,13.4855],[79.9823,13.4707],[79.9724,13.469],[79.9732,13.4294],[79.9578,13.4221],[79.95741017389217,13.422543595226152],[79.9488088560949,13.395886428004546],[79.9632,13.3934],[79.9579,13.3788],[79.9491,13.377],[79.9457,13.3642],[79.9351,13.3534],[79.9313,13.3515],[79.93112790293354,13.35181232430579],[79.89884087361843,13.338906967053921],[79.8931,13.3355],[79.88911807328319,13.335020694006309],[79.8824025800092,13.332336463166195],[79.8829,13.3233],[79.87364941986333,13.328837762258692],[79.86564067009105,13.325636607518094],[79.8623,13.3172],[79.8554,13.3207],[79.8471,13.316],[79.84197159489435,13.316175908354548],[79.7985,13.2988],[79.7915,13.294],[79.7846,13.2975],[79.781,13.3063],[79.7763,13.3062],[79.7619,13.3184],[79.7563,13.2952],[79.7442,13.2886],[79.734,13.289],[79.7306,13.2829],[79.7612,13.2583],[79.7947,13.2421],[79.7945,13.2263],[79.7847,13.2279],[79.7642,13.2191],[79.7376,13.2363],[79.7321,13.2368],[79.7319,13.2226],[79.7218,13.2237],[79.7129,13.2175],[79.7014,13.2252],[79.7066,13.2347],[79.7137,13.236],[79.7078,13.2505],[79.7,13.2523],[79.6934,13.2427],[79.6964,13.2382],[79.6897,13.2377],[79.6841,13.2433],[79.6555,13.208],[79.7368,13.1675],[79.7375,13.0612],[79.7895,13.0249],[79.8896,12.9446],[79.9916,13.0534],[80.1128,13.024],[80.1294,13.0522],[80.1233,13.0725],[80.1403,13.1067],[80.1454,13.1406],[80.2015,13.1271],[80.2419,13.1286],[80.255,13.15],[80.3029,13.1982],[80.3318,13.2355],[80.3468,13.3134],[80.3261,13.4449],[80.2683,13.5645],[80.2426,13.4709],[80.1822,13.4899],[80.163,13.4875],[80.1456,13.4907],[80.1452,13.5003],[80.1399,13.5041],[80.1321,13.5015],[80.1131,13.5054],[80.0986,13.488],[80.0786,13.4889],[80.07714467284796,13.525671266041362]]]},"properties":{"state_name":"Tamil Nadu","pc_name":"TIRUVALLUR (SC)","pc_no":1,"state":"tamil-nadu","id":334}},{"type":"Feature","geometry":{"type":"Polygon","coordinates":[[[80.2015,13.1271],[80.2007,13.1184],[80.2414,13.0963],[80.2441,13.0847],[80.273,13.0963],[80.2727,13.0997],[80.2982,13.1019],[80.3008,13.1212],[80.301,13.143],[80.3318,13.2355],[80.3029,13.1982],[80.255,13.15],[80.2419,13.1286],[80.2015,13.1271]]]},"properties":{"state_name":"Tamil Nadu","pc_name":"CHENNAI NORTH","pc_no":2,"state":"tamil-nadu","id":335}},{"type":"Feature","geometry":{"type":"Polygon","coordinates":[[[80.1902,13.0819],[80.1857,13.0734],[80.1884,13.0267],[80.2099,13.0271],[80.2069,12.9962],[80.2089,12.9787],[80.1884,12.9635],[80.1632,12.9376],[80.1784,12.8657],[80.2495,12.8573],[80.2669,12.9753],[80.2776,13.0133],[80.283,13.0458],[80.2573,13.0384],[80.24,13.0311],[80.2309,13.0314],[80.2189,13.0584],[80.2077,13.059],[80.1993,13.0778],[80.1902,13.0819]]]},"properties":{"state_name":"Tamil Nadu","pc_name":"CHENNAI SOUTH","pc_no":3,"state":"tamil-nadu","id":336}},{"type":"Feature","geometry":{"type":"Polygon","coordinates":[[[80.2007,13.1184],[80.1902,13.0819],[80.1993,13.0778],[80.2077,13.059],[80.2189,13.0584],[80.2309,13.0314],[80.24,13.0311],[80.2573,13.0384],[80.283,13.0458],[80.2863,13.0603],[80.2982,13.1019],[80.2727,13.0997],[80.273,13.0963],[80.2441,13.0847],[80.2414,13.0963],[80.2007,13.1184]]]},"properties":{"state_name":"Tamil Nadu","pc_name":"CHENNAI CENTRAL","pc_no":4,"state":"tamil-nadu","id":337}},{"type":"Feature","geometry":{"type":"Polygon","coordinates":[[[79.7895,13.0249],[79.7419,12.9935],[79.7781,12.9371],[79.9061,12.8516],[79.9088,12.7987],[80.0098,12.8081],[80.0626,12.8994],[80.1708,12.8599],[80.1784,12.8657],[80.1632,12.9376],[80.1884,12.9635],[80.2089,12.9787],[80.2069,12.9962],[80.2099,13.0271],[80.1884,13.0267],[80.1857,13.0734],[80.1902,13.0819],[80.2007,13.1184],[80.2015,13.1271],[80.1454,13.1406],[80.1403,13.1067],[80.1233,13.0725],[80.1294,13.0522],[80.1128,13.024],[79.9916,13.0534],[79.8896,12.9446],[79.7895,13.0249]]]},"properties":{"state_name":"Tamil Nadu","pc_name":"SRIPERUMBUDUR","pc_no":5,"state":"tamil-nadu","id":338}},{"type":"Feature","geometry":{"type":"Polygon","coordinates":[[[80.1784,12.8657],[80.1708,12.8599],[80.0626,12.8994],[80.0098,12.8081],[79.9088,12.7987],[79.9061,12.8516],[79.7781,12.9371],[79.7419,12.9935],[79.6589,12.9493],[79.5599,12.8528],[79.6401,12.81],[79.7447,12.7439],[79.7345,12.7017],[79.6308,12.6384],[79.7065,12.5723],[79.7435,12.5324],[79.7454,12.4633],[79.6423,12.3449],[79.6829,12.316],[79.7977,12.3369],[79.8727,12.2425],[80.0043,12.2478],[80.1377,12.4106],[80.1652,12.5259],[80.2547,12.7808],[80.2495,12.8573],[80.1784,12.8657]]]},"properties":{"state_name":"Tamil Nadu","pc_name":"KANCHEEPURAM (SC)","pc_no":6,"state":"tamil-nadu","id":339}},{"type":"Feature","geometry":{"type":"Polygon","coordinates":[[[79.61391719248529,13.286413972176533],[79.59548050616341,13.2837440493073],[79.5931,13.2647],[79.5825,13.2574],[79.5739,13.2591],[79.5584,13.2727],[79.5351,13.275],[79.4826,13.3408],[79.3983,13.3302],[79.402,13.3174],[79.40155661188963,13.31742185716037],[79.40616465684005,13.299341023894506],[79.4138,13.3002],[79.4187,13.297],[79.4454,13.3013],[79.4463,13.2916],[79.4347,13.2891],[79.4337,13.275],[79.4176,13.2718],[79.41813812966019,13.252360066025394],[79.42054075230466,13.242932766616908],[79.438,13.2432],[79.4528,13.2386],[79.4532,13.2168],[79.4376,13.2198],[79.4356,13.2139],[79.4437,13.2077],[79.4324,13.1964],[79.439,13.1879],[79.41876808893554,13.189657432952634],[79.38394657547778,13.172434140629996],[79.3802,13.1631],[79.36730360815032,13.164202255713649],[79.35771842966298,13.159461269045952],[79.3611,13.1387],[79.3575,13.1219],[79.3453,13.1216],[79.3398,13.1305],[79.329,13.1308],[79.3116,13.1159],[79.3072,13.1059],[79.2994,13.1188],[79.3131,13.1257],[79.2838,13.1229],[79.24753257214937,13.14045886996803],[79.2452,13.1383],[79.24073144826507,13.143751633116626],[79.2144,13.1565],[79.21103905788246,13.1480852883013],[79.2328,13.1394],[79.2304,13.1264],[79.2384,13.1186],[79.2344,13.1053],[79.2008,13.0889],[79.1983,13.0814],[79.1931,13.0823],[79.1907,13.0888],[79.1876,13.0835],[79.18534577699313,13.0837576254865],[79.18416773063186,13.080808178530516],[79.1853,13.0797],[79.184,13.0728],[79.1908,13.0734],[79.1921,13.0675],[79.1784,13.0598],[79.1822,13.0319],[79.16,13.0203],[79.0983231018627,13.026130971728028],[79.0983,13.0261],[79.08456913065744,13.025863260873404],[79.0638,12.9294],[79.0813,12.9374],[79.218,12.954],[79.201,12.9038],[79.128,12.8928],[79.0935,12.7579],[79.1096,12.7591],[79.2068,12.7416],[79.2385,12.7973],[79.4269,12.6595],[79.4762,12.7287],[79.4729,12.8743],[79.5599,12.8528],[79.6589,12.9493],[79.7419,12.9935],[79.7895,13.0249],[79.7375,13.0612],[79.7368,13.1675],[79.6555,13.208],[79.6841,13.2433],[79.6518,13.2919],[79.6424,13.2902],[79.6332,13.2824],[79.61391719248529,13.286413972176533]]]},"properties":{"state_name":"Tamil Nadu","pc_name":"ARAKKONAM","pc_no":7,"state":"tamil-nadu","id":340}},{"type":"Feature","geometry":{"type":"MultiPolygon","coordinates":[[[[79.06315493003198,13.04264368136435],[79.0063,13.0825],[78.97518611731996,13.083566207817695],[78.9554,13.0759],[78.9239,13.0808],[78.9217,13.0661],[78.9126,13.066],[78.9036,13.0477],[78.9175,13.0437],[78.9291,13.0458],[78.9408,13.0365],[78.937,13.0305],[78.9291,13.0365],[78.8916,13.0331],[78.8889,13.0734],[78.89289119705862,13.086386282966838],[78.86496409182,13.087343286573146],[78.8611,13.0837],[78.842,13.0787],[78.8137,13.0891],[78.7943,13.0667],[78.70660893258824,13.028569051425336],[78.7046,13.0164],[78.68934854303954,13.02106366865733],[78.6209,12.9913],[78.6471,12.9663],[78.638,12.9648],[78.657,12.9322],[78.6522,12.9292],[78.6336,12.9309],[78.61427045143638,12.874697583219316],[78.6131,12.868],[78.61080178036242,12.864612107258404],[78.6033,12.8428],[78.60326051655039,12.8426937212409],[78.6077,12.822],[78.5925,12.7827],[78.57671254742998,12.771233774285184],[78.5634,12.7354],[78.5543,12.7184],[78.5616,12.7099],[78.5548,12.7076],[78.555,12.6994],[78.5417,12.6911],[78.5347,12.6914],[78.53103745685812,12.703472827393652],[78.4742,12.6474],[78.5746,12.6569],[78.7004,12.5929],[78.6416,12.5016],[78.7227,12.4664],[78.8021,12.5311],[78.832,12.6411],[78.8585,12.6333],[78.896,12.6891],[78.981,12.6737],[79.0935,12.7579],[79.128,12.8928],[79.201,12.9038],[79.218,12.954],[79.0813,12.9374],[79.0638,12.9294],[79.08456913065744,13.025863260873404],[79.0809,13.0258],[79.0631,13.0403],[79.06315493003198,13.04264368136435]]],[[[78.5400501961517,12.712364319073417],[78.53789523743308,12.71023835083084],[78.5442,12.711],[78.5400501961517,12.712364319073417]]]]},"properties":{"state_name":"Tamil Nadu","pc_name":"VELLORE","pc_no":8,"state":"tamil-nadu","id":341}},{"type":"Feature","geometry":{"type":"Polygon","coordinates":[[[78.32068251112628,12.659823173287494],[78.3026,12.6663],[78.2711,12.7051],[78.2445,12.7064],[78.2393,12.7011],[78.2377,12.6858],[78.2106,12.6861],[78.2098,12.6905],[78.1998,12.6928],[78.2099,12.7006],[78.2072,12.7082],[78.2181,12.7089],[78.2271,12.7149],[78.2312,12.7126],[78.2408,12.7296],[78.2307,12.7609],[78.1342,12.782],[78.0859,12.8321],[78.0085,12.8067],[77.9219,12.8842],[77.8667,12.8677],[77.8356,12.8714],[77.7592,12.6971],[77.597,12.6581],[77.5813,12.5509],[77.6348,12.4869],[77.6168,12.3683],[77.4734,12.2431],[77.5187,12.1946],[77.6093,12.2062],[77.7461,12.1574],[77.9254,12.3239],[77.9716,12.4124],[77.9087,12.5115],[78.0478,12.4752],[78.1262,12.434],[78.1788,12.3357],[78.2371,12.3224],[78.2764,12.2615],[78.3489,12.2504],[78.3924,12.2063],[78.5843,12.1643],[78.6334,12.1773],[78.6481,12.2583],[78.5673,12.3891],[78.4345,12.3888],[78.4422,12.4505],[78.4179,12.4797],[78.4126,12.6269],[78.3714,12.6272],[78.3436,12.6488],[78.3322,12.6493],[78.32068251112628,12.659823173287494]]]},"properties":{"state_name":"Tamil Nadu","pc_name":"KRISHNAGIRI","pc_no":9,"state":"tamil-nadu","id":342}},{"type":"Feature","geometry":{"type":"Polygon","coordinates":[[[77.6755,11.952],[77.7104,11.8106],[77.6901,11.6941],[77.7754,11.6964],[77.7978,11.7643],[77.946,11.78],[78.0028,11.818],[77.9792,11.8912],[78.0612,11.9379],[78.1187,11.9599],[78.235,11.979],[78.2359,11.9182],[78.3676,11.8887],[78.5401,11.8054],[78.6274,11.8717],[78.7239,11.9197],[78.7169,11.9836],[78.6842,12.1063],[78.6334,12.1773],[78.5843,12.1643],[78.3924,12.2063],[78.3489,12.2504],[78.2764,12.2615],[78.2371,12.3224],[78.1788,12.3357],[78.1262,12.434],[78.0478,12.4752],[77.9087,12.5115],[77.9716,12.4124],[77.9254,12.3239],[77.7461,12.1574],[77.7738,12.1206],[77.6756,11.952],[77.6755,11.952]]]},"properties":{"state_name":"Tamil Nadu","pc_name":"DHARMAPURI","pc_no":10,"state":"tamil-nadu","id":343}},{"type":"Feature","geometry":{"type":"Polygon","coordinates":[[[78.4303921803452,12.632821098978514],[78.4126,12.6269],[78.4179,12.4797],[78.4422,12.4505],[78.4345,12.3888],[78.5673,12.3891],[78.6481,12.2583],[78.6334,12.1773],[78.6842,12.1063],[78.7169,11.9836],[78.8301,12.0078],[78.9147,12.0146],[78.9957,12.0675],[79.0906,12.0781],[79.1357,12.0257],[79.2601,12.0825],[79.2111,12.1657],[79.2796,12.2917],[79.2269,12.4023],[79.2001,12.3869],[79.0782,12.478],[79.0531,12.5501],[79.1593,12.6251],[79.1617,12.6806],[79.1096,12.7591],[79.0935,12.7579],[78.981,12.6737],[78.896,12.6891],[78.8585,12.6333],[78.832,12.6411],[78.8021,12.5311],[78.7227,12.4664],[78.6416,12.5016],[78.7004,12.5929],[78.5746,12.6569],[78.4742,12.6474],[78.4705,12.6446],[78.4717,12.6321],[78.4584,12.6297],[78.4348,12.6296],[78.4303921803452,12.632821098978514]]]},"properties":{"state_name":"Tamil Nadu","pc_name":"TIRUVANNAMALAI","pc_no":11,"state":"tamil-nadu","id":344}},{"type":"Feature","geometry":{"type":"Polygon","coordinates":[[[79.5599,12.8528],[79.4729,12.8743],[79.4762,12.7287],[79.4269,12.6595],[79.2385,12.7973],[79.2068,12.7416],[79.1096,12.7591],[79.1617,12.6806],[79.1593,12.6251],[79.0531,12.5501],[79.0782,12.478],[79.2001,12.3869],[79.2269,12.4023],[79.2796,12.2917],[79.2111,12.1657],[79.2601,12.0825],[79.3009,12.0872],[79.434,12.1404],[79.5844,12.0445],[79.6906,12.1424],[79.6112,12.1559],[79.6122,12.2255],[79.6829,12.316],[79.6423,12.3449],[79.7454,12.4633],[79.7435,12.5324],[79.7065,12.5723],[79.6308,12.6384],[79.7345,12.7017],[79.7447,12.7439],[79.6401,12.81],[79.5599,12.8528]]]},"properties":{"state_name":"Tamil Nadu","pc_name":"ARANI","pc_no":12,"state":"tamil-nadu","id":345}},{"type":"Feature","geometry":{"type":"Polygon","coordinates":[[[79.8032,11.9532],[79.8053,11.9636],[79.8284,11.9587],[79.8299,11.9577],[79.8389,11.9561],[79.8571,12.0068],[79.8488,12.0492],[79.8738,12.0426],[80.0043,12.2478],[79.8727,12.2425],[79.7977,12.3369],[79.6829,12.316],[79.6122,12.2255],[79.6112,12.1559],[79.6906,12.1424],[79.5844,12.0445],[79.434,12.1404],[79.3009,12.0872],[79.2601,12.0825],[79.1357,12.0257],[79.2418,11.8713],[79.1237,11.8076],[79.1296,11.7004],[79.1944,11.6023],[79.3772,11.6791],[79.4317,11.6658],[79.4638,11.7675],[79.4551,11.8712],[79.5772,11.8424],[79.6748,11.8067],[79.6842,11.8127],[79.685,11.881],[79.7346,11.9118],[79.708,11.9441],[79.7001,11.9628],[79.7491,11.9295],[79.7612,11.9285],[79.7697,11.944],[79.8032,11.9532]],[[79.6285,11.9452],[79.6287,11.9571],[79.6185,11.9705],[79.6211,12.0103],[79.6479,11.9446],[79.6259,11.9059],[79.6285,11.9452]]]},"properties":{"state_name":"Tamil Nadu","pc_name":"VILUPPURAM (SC)","pc_no":13,"state":"tamil-nadu","id":346}},{"type":"Feature","geometry":{"type":"Polygon","coordinates":[[[78.2359,11.9182],[78.1598,11.8853],[78.1478,11.7434],[78.2033,11.6994],[78.2074,11.6627],[78.2245,11.6497],[78.3097,11.5879],[78.433,11.5954],[78.4649,11.5027],[78.4484,11.4294],[78.4861,11.407],[78.5545,11.3578],[78.6635,11.3742],[78.7032,11.4563],[78.7893,11.4541],[78.8431,11.5233],[78.8775,11.5075],[78.924,11.5675],[79.0774,11.599],[79.1944,11.6023],[79.1296,11.7004],[79.1237,11.8076],[79.2418,11.8713],[79.1357,12.0257],[79.0906,12.0781],[78.9957,12.0675],[78.9147,12.0146],[78.8301,12.0078],[78.7169,11.9836],[78.7239,11.9197],[78.6274,11.8717],[78.5401,11.8054],[78.3676,11.8887],[78.2359,11.9182]]]},"properties":{"state_name":"Tamil Nadu","pc_name":"KALLAKURICHI","pc_no":14,"state":"tamil-nadu","id":347}},{"type":"Feature","geometry":{"type":"Polygon","coordinates":[[[77.7754,11.6964],[77.7427,11.5633],[77.8024,11.5826],[77.9025,11.5244],[77.9582,11.5903],[77.9056,11.6888],[78.0016,11.7068],[78.0401,11.6906],[78.0186,11.5288],[78.0736,11.5222],[78.3097,11.5879],[78.2245,11.6497],[78.2074,11.6627],[78.2033,11.6994],[78.1478,11.7434],[78.1598,11.8853],[78.2359,11.9182],[78.235,11.979],[78.1187,11.9599],[78.0612,11.9379],[77.9792,11.8912],[78.0028,11.818],[77.946,11.78],[77.7978,11.7643],[77.7754,11.6964]]]},"properties":{"state_name":"Tamil Nadu","pc_name":"SALEM","pc_no":15,"state":"tamil-nadu","id":348}},{"type":"Feature","geometry":{"type":"Polygon","coordinates":[[[78.3097,11.5879],[78.0736,11.5222],[78.0186,11.5288],[78.0401,11.6906],[78.0016,11.7068],[77.9056,11.6888],[77.9582,11.5903],[77.9025,11.5244],[77.8024,11.5826],[77.7427,11.5633],[77.6967,11.4645],[77.7845,11.4778],[77.8471,11.4364],[77.791,11.2926],[77.8616,11.2462],[77.8878,11.0868],[77.933,11.0702],[78.0605,11.0763],[78.1123,11.0637],[78.1652,11.0123],[78.2308,11.0948],[78.3229,11.0594],[78.3459,11.1388],[78.4138,11.2082],[78.4861,11.407],[78.4484,11.4294],[78.4649,11.5027],[78.433,11.5954],[78.3097,11.5879]]]},"properties":{"state_name":"Tamil Nadu","pc_name":"NAMAKKAL","pc_no":16,"state":"tamil-nadu","id":349}},{"type":"Feature","geometry":{"type":"Polygon","coordinates":[[[77.6967,11.4645],[77.6839,11.4277],[77.6409,11.3974],[77.6032,11.2127],[77.4538,11.1201],[77.5013,11.013],[77.4208,10.912],[77.2878,10.8519],[77.2798,10.789],[77.3198,10.6898],[77.4176,10.6258],[77.5161,10.6139],[77.5801,10.6792],[77.7442,10.6373],[77.8086,10.6811],[77.8731,10.8358],[77.7766,10.8698],[77.7778,11.054],[77.8755,11.0236],[77.933,11.0702],[77.8878,11.0868],[77.8616,11.2462],[77.791,11.2926],[77.8471,11.4364],[77.7845,11.4778],[77.6967,11.4645]]]},"properties":{"state_name":"Tamil Nadu","pc_name":"ERODE","pc_no":17,"state":"tamil-nadu","id":350}},{"type":"Feature","geometry":{"type":"Polygon","coordinates":[[[77.4272,11.761],[77.4532,11.564],[77.3782,11.5287],[77.2942,11.5191],[77.297,11.4433],[77.2072,11.398],[77.1871,11.342],[77.3333,11.2576],[77.2958,11.109],[77.313,11.1058],[77.4023,11.1221],[77.4538,11.1201],[77.6032,11.2127],[77.6409,11.3974],[77.6839,11.4277],[77.6967,11.4645],[77.7427,11.5633],[77.7754,11.6964],[77.6901,11.6941],[77.7104,11.8106],[77.6755,11.952],[77.4616,11.9001],[77.4272,11.761]]]},"properties":{"state_name":"Tamil Nadu","pc_name":"TIRUPPUR","pc_no":18,"state":"tamil-nadu","id":351}},{"type":"Feature","geometry":{"type":"Polygon","coordinates":[[[76.4309,11.6665],[76.3776,11.6019],[76.234,11.5686],[76.2378,11.5275],[76.2644,11.4809],[76.3712,11.4544],[76.5172,11.3695],[76.5219,11.272],[76.45,11.2129],[76.4426,11.2039],[76.6292,11.194],[76.7067,11.2381],[76.6928,11.1723],[76.7475,11.1177],[76.8986,11.1991],[77.0047,11.194],[77.0994,11.1043],[77.1574,11.1972],[77.2703,11.1058],[77.2958,11.109],[77.3333,11.2576],[77.1871,11.342],[77.2072,11.398],[77.297,11.4433],[77.2942,11.5191],[77.3782,11.5287],[77.4532,11.564],[77.4272,11.761],[77.2938,11.8091],[77.1888,11.7922],[77.0823,11.74],[77.0128,11.8148],[76.907,11.7954],[76.8455,11.6741],[76.8468,11.5951],[76.7491,11.6153],[76.6139,11.6081],[76.5116,11.7051],[76.4309,11.6665]]]},"properties":{"state_name":"Tamil Nadu","pc_name":"NILGIRIS (SC)","pc_no":19,"state":"tamil-nadu","id":352}},{"type":"Feature","geometry":{"type":"Polygon","coordinates":[[[76.8001,11.0551],[76.8633,11.0454],[76.9561,11.0135],[76.9631,10.9754],[76.982,10.9719],[77.0369,10.9845],[77.0399,10.877],[77.1201,10.8872],[77.1678,10.7999],[77.2798,10.789],[77.2878,10.8519],[77.4208,10.912],[77.5013,11.013],[77.4538,11.1201],[77.4023,11.1221],[77.313,11.1058],[77.2958,11.109],[77.2703,11.1058],[77.1574,11.1972],[77.0994,11.1043],[77.0047,11.194],[76.8986,11.1991],[76.7475,11.1177],[76.8001,11.0551]]]},"properties":{"state_name":"Tamil Nadu","pc_name":"COIMBATORE","pc_no":20,"state":"tamil-nadu","id":353}},{"type":"Feature","geometry":{"type":"Polygon","coordinates":[[[76.6593,10.9306],[76.8125,10.8769],[76.8505,10.8189],[76.9042,10.7725],[76.8785,10.6717],[76.8145,10.6358],[76.8388,10.5971],[76.8162,10.4237],[76.8376,10.338],[76.9011,10.2519],[76.9826,10.2204],[77.0509,10.2627],[77.0931,10.3115],[77.1765,10.3581],[77.2277,10.3164],[77.2881,10.2317],[77.351,10.2742],[77.3156,10.3549],[77.3329,10.4557],[77.4053,10.5235],[77.4176,10.6258],[77.3198,10.6898],[77.2798,10.789],[77.1678,10.7999],[77.1201,10.8872],[77.0399,10.877],[77.0369,10.9845],[76.982,10.9719],[76.9631,10.9754],[76.9561,11.0135],[76.8633,11.0454],[76.8001,11.0551],[76.7109,11.039],[76.6593,10.9306]]]},"properties":{"state_name":"Tamil Nadu","pc_name":"POLLACHI","pc_no":21,"state":"tamil-nadu","id":354}},{"type":"Feature","geometry":{"type":"Polygon","coordinates":[[[77.2665,10.1218],[77.3954,10.1629],[77.4657,10.1294],[77.6221,10.2188],[77.7023,10.2132],[77.701,10.0857],[77.7125,10.026],[77.875,10.0617],[77.9541,10.1388],[78.1204,10.1904],[78.1696,10.0944],[78.208,10.0664],[78.2577,10.0877],[78.3332,10.3007],[78.2235,10.4657],[78.1878,10.3951],[78.0753,10.3847],[77.9868,10.4228],[77.9804,10.4854],[77.8919,10.5234],[77.8722,10.6321],[77.8086,10.6811],[77.7442,10.6373],[77.5801,10.6792],[77.5161,10.6139],[77.4176,10.6258],[77.4053,10.5235],[77.3329,10.4557],[77.3156,10.3549],[77.351,10.2742],[77.2881,10.2317],[77.2665,10.1218]]]},"properties":{"state_name":"Tamil Nadu","pc_name":"DINDIGUL","pc_no":22,"state":"tamil-nadu","id":355}},{"type":"Feature","geometry":{"type":"Polygon","coordinates":[[[77.933,11.0702],[77.8755,11.0236],[77.7778,11.054],[77.7766,10.8698],[77.8731,10.8358],[77.8086,10.6811],[77.8722,10.6321],[77.8919,10.5234],[77.9804,10.4854],[77.9868,10.4228],[78.0753,10.3847],[78.1878,10.3951],[78.2235,10.4657],[78.3332,10.3007],[78.3784,10.3104],[78.4454,10.4083],[78.5053,10.3763],[78.5836,10.4412],[78.7664,10.3566],[78.7846,10.416],[78.7387,10.4488],[78.7944,10.6527],[78.7089,10.7328],[78.6911,10.7339],[78.5179,10.6697],[78.4572,10.579],[78.3974,10.6896],[78.2928,10.7019],[78.2827,10.7459],[78.3118,10.8085],[78.308,10.9596],[78.1931,10.9651],[78.1652,11.0123],[78.1123,11.0637],[78.0605,11.0763],[77.933,11.0702]]]},"properties":{"state_name":"Tamil Nadu","pc_name":"KARUR","pc_no":23,"state":"tamil-nadu","id":356}},{"type":"Feature","geometry":{"type":"Polygon","coordinates":[[[78.7664,10.3566],[78.8329,10.33],[78.928,10.4078],[79.0944,10.3673],[79.1447,10.3822],[79.1261,10.4369],[79.1829,10.4719],[79.1848,10.538],[79.1263,10.6349],[79.0244,10.6987],[78.965,10.6542],[78.8734,10.7057],[78.8682,10.8265],[78.7761,10.832],[78.8173,10.8361],[78.7138,10.8602],[78.4817,10.914],[78.4651,10.9193],[78.5859,10.8315],[78.5688,10.7474],[78.5135,10.6949],[78.3974,10.6896],[78.4572,10.579],[78.5179,10.6697],[78.6911,10.7339],[78.7089,10.7328],[78.7944,10.6527],[78.7387,10.4488],[78.7846,10.416],[78.7664,10.3566]]]},"properties":{"state_name":"Tamil Nadu","pc_name":"TIRUCHIRAPPALLI","pc_no":24,"state":"tamil-nadu","id":357}},{"type":"Feature","geometry":{"type":"Polygon","coordinates":[[[78.4861,11.407],[78.4138,11.2082],[78.3459,11.1388],[78.3229,11.0594],[78.2308,11.0948],[78.1652,11.0123],[78.1931,10.9651],[78.308,10.9596],[78.3118,10.8085],[78.2827,10.7459],[78.2928,10.7019],[78.3974,10.6896],[78.5135,10.6949],[78.5688,10.7474],[78.5859,10.8315],[78.4651,10.9193],[78.4817,10.914],[78.7138,10.8602],[78.8173,10.8361],[79.0044,10.8939],[78.983,10.9654],[79.0066,11.0564],[78.9733,11.0947],[78.8489,11.0902],[78.8455,11.1751],[78.9348,11.1721],[78.9822,11.4024],[78.8775,11.5075],[78.8431,11.5233],[78.7893,11.4541],[78.7032,11.4563],[78.6635,11.3742],[78.5545,11.3578],[78.4861,11.407]]]},"properties":{"state_name":"Tamil Nadu","pc_name":"PERAMBALUR","pc_no":25,"state":"tamil-nadu","id":358}},{"type":"Feature","geometry":{"type":"MultiPolygon","coordinates":[[[[79.685,11.881],[79.6842,11.8127],[79.6817,11.797],[79.6748,11.8067],[79.5772,11.8424],[79.4551,11.8712],[79.4638,11.7675],[79.4317,11.6658],[79.3772,11.6791],[79.1944,11.6023],[79.0774,11.599],[78.924,11.5675],[78.8775,11.5075],[78.9822,11.4024],[79.1066,11.4019],[79.1752,11.3742],[79.2855,11.3801],[79.3146,11.4186],[79.3722,11.4152],[79.3365,11.4626],[79.4367,11.6024],[79.5236,11.5607],[79.5283,11.5112],[79.6572,11.512],[79.7572,11.5672],[79.7769,11.7],[79.7958,11.7855],[79.7295,11.837],[79.807,11.8335],[79.8077,11.8364],[79.77,11.8746],[79.757,11.8682],[79.7094,11.8837],[79.685,11.881]]],[[[79.7903,11.8972],[79.7715,11.9027],[79.7727,11.8758],[79.7965,11.8949],[79.7903,11.8972]]]]},"properties":{"state_name":"Tamil Nadu","pc_name":"CUDDALORE","pc_no":26,"state":"tamil-nadu","id":359}},{"type":"Feature","geometry":{"type":"Polygon","coordinates":[[[79.0044,10.8939],[79.1289,10.9336],[79.2121,10.9409],[79.311,11.0182],[79.3459,11.0418],[79.3927,11.0635],[79.4586,11.1505],[79.5269,11.1839],[79.648,11.251],[79.697,11.3216],[79.8032,11.3811],[79.813,11.424],[79.7572,11.5672],[79.6572,11.512],[79.5283,11.5112],[79.5236,11.5607],[79.4367,11.6024],[79.3365,11.4626],[79.3722,11.4152],[79.3146,11.4186],[79.2855,11.3801],[79.1752,11.3742],[79.1066,11.4019],[78.9822,11.4024],[78.9348,11.1721],[78.8455,11.1751],[78.8489,11.0902],[78.9733,11.0947],[79.0066,11.0564],[78.983,10.9654],[79.0044,10.8939]]]},"properties":{"state_name":"Tamil Nadu","pc_name":"CHIDAMBARAM (SC)","pc_no":27,"state":"tamil-nadu","id":360}},{"type":"Feature","geometry":{"type":"Polygon","coordinates":[[[79.8544,10.9833],[79.8551,11.1856],[79.813,11.424],[79.8032,11.3811],[79.697,11.3216],[79.648,11.251],[79.5269,11.1839],[79.4586,11.1505],[79.3927,11.0635],[79.3459,11.0418],[79.311,11.0182],[79.2121,10.9409],[79.1289,10.9336],[79.1899,10.8658],[79.1815,10.8054],[79.1948,10.7708],[79.301,10.7383],[79.3728,10.8018],[79.3025,10.8241],[79.3237,10.9247],[79.4013,10.8927],[79.4882,10.8894],[79.515,10.9708],[79.7481,10.9964],[79.8544,10.9833]]]},"properties":{"state_name":"Tamil Nadu","pc_name":"MAYILADUTHURAI","pc_no":28,"state":"tamil-nadu","id":361}},{"type":"Feature","geometry":{"type":"Polygon","coordinates":[[[79.7481,10.9964],[79.515,10.9708],[79.4882,10.8894],[79.4013,10.8927],[79.3237,10.9247],[79.3025,10.8241],[79.3728,10.8018],[79.4411,10.7788],[79.5078,10.6568],[79.4822,10.4912],[79.4723,10.3157],[79.7103,10.2778],[79.8619,10.2831],[79.8587,10.5542],[79.851,10.7552],[79.8413,10.828],[79.7952,10.9027],[79.7769,10.9055],[79.7615,10.9128],[79.7449,10.9146],[79.7627,10.9621],[79.7481,10.9964]]]},"properties":{"state_name":"Tamil Nadu","pc_name":"NAGAPATTINAM (SC)","pc_no":29,"state":"tamil-nadu","id":362}},{"type":"Feature","geometry":{"type":"Polygon","coordinates":[[[79.1447,10.3822],[79.1168,10.2345],[79.152,10.1915],[79.2272,10.1367],[79.2669,10.229],[79.3632,10.2927],[79.4723,10.3157],[79.4822,10.4912],[79.5078,10.6568],[79.4411,10.7788],[79.3728,10.8018],[79.301,10.7383],[79.1948,10.7708],[79.1815,10.8054],[79.1899,10.8658],[79.1289,10.9336],[79.0044,10.8939],[78.8173,10.8361],[78.7761,10.832],[78.8682,10.8265],[78.8734,10.7057],[78.965,10.6542],[79.0244,10.6987],[79.1263,10.6349],[79.1848,10.538],[79.1829,10.4719],[79.1261,10.4369],[79.1447,10.3822]]]},"properties":{"state_name":"Tamil Nadu","pc_name":"THANJAVUR","pc_no":30,"state":"tamil-nadu","id":363}},{"type":"Feature","geometry":{"type":"Polygon","coordinates":[[[78.3784,10.3104],[78.4516,10.1191],[78.4486,10.025],[78.4564,9.9688],[78.3153,9.9229],[78.2773,9.8698],[78.2666,9.8497],[78.2007,9.8732],[78.1243,9.855],[78.1443,9.7836],[78.2105,9.7826],[78.3919,9.6507],[78.4174,9.5975],[78.5018,9.6102],[78.6161,9.5374],[78.8189,9.5951],[78.7978,9.7028],[78.7511,9.7149],[78.7384,9.7535],[78.8875,9.7578],[78.872,9.8628],[78.9897,9.9472],[78.9305,10.0218],[78.924,10.1231],[78.9328,10.1936],[78.9892,10.211],[79.152,10.1915],[79.1168,10.2345],[79.1447,10.3822],[79.0944,10.3673],[78.928,10.4078],[78.8329,10.33],[78.7664,10.3566],[78.5836,10.4412],[78.5053,10.3763],[78.4454,10.4083],[78.3784,10.3104]]]},"properties":{"state_name":"Tamil Nadu","pc_name":"SIVAGANGA","pc_no":31,"state":"tamil-nadu","id":364}},{"type":"Feature","geometry":{"type":"Polygon","coordinates":[[[78.1696,10.0944],[78.0992,9.9725],[77.9819,9.9684],[78.006,9.9512],[78.115,9.903],[78.1152,9.903],[78.1588,9.9107],[78.2007,9.8732],[78.2666,9.8497],[78.2773,9.8698],[78.3153,9.9229],[78.4564,9.9688],[78.4486,10.025],[78.4516,10.1191],[78.3784,10.3104],[78.3332,10.3007],[78.2577,10.0877],[78.208,10.0664],[78.1696,10.0944]]]},"properties":{"state_name":"Tamil Nadu","pc_name":"MADURAI","pc_no":32,"state":"tamil-nadu","id":365}},{"type":"Feature","geometry":{"type":"Polygon","coordinates":[[[77.4024,9.5252],[77.4754,9.563],[77.5372,9.66],[77.7101,9.7053],[77.9818,9.9663],[77.9819,9.9684],[78.0992,9.9725],[78.1696,10.0944],[78.1204,10.1904],[77.9541,10.1388],[77.875,10.0617],[77.7125,10.026],[77.701,10.0857],[77.7023,10.2132],[77.6221,10.2188],[77.4657,10.1294],[77.3954,10.1629],[77.2665,10.1218],[77.2619,10.0219],[77.261,9.9526],[77.2188,9.9047],[77.2325,9.7695],[77.2226,9.7356],[77.1806,9.6582],[77.2346,9.5815],[77.3252,9.5806],[77.4024,9.5252]]]},"properties":{"state_name":"Tamil Nadu","pc_name":"THENI","pc_no":33,"state":"tamil-nadu","id":366}},{"type":"Feature","geometry":{"type":"Polygon","coordinates":[[[78.2007,9.8732],[78.1588,9.9107],[78.1152,9.903],[78.115,9.903],[78.006,9.9512],[77.9819,9.9684],[77.9818,9.9663],[77.7101,9.7053],[77.7896,9.6393],[77.7231,9.5302],[77.7014,9.458],[77.5954,9.4325],[77.5504,9.3713],[77.5859,9.3097],[77.7117,9.2917],[77.7815,9.2392],[77.8473,9.2444],[77.8554,9.2459],[77.9198,9.2029],[78.0084,9.2742],[78.0534,9.3609],[78.1686,9.369],[78.1385,9.5755],[78.0666,9.5522],[77.9819,9.5951],[78.0104,9.6395],[78.0878,9.6827],[78.0837,9.758],[78.1443,9.7836],[78.1243,9.855],[78.2007,9.8732]]]},"properties":{"state_name":"Tamil Nadu","pc_name":"VIRUDHUNAGAR","pc_no":34,"state":"tamil-nadu","id":367}},{"type":"Feature","geometry":{"type":"Polygon","coordinates":[[[79.152,10.1915],[78.9892,10.211],[78.9328,10.1936],[78.924,10.1231],[78.9305,10.0218],[78.9897,9.9472],[78.872,9.8628],[78.8875,9.7578],[78.7384,9.7535],[78.7511,9.7149],[78.7978,9.7028],[78.8189,9.5951],[78.6161,9.5374],[78.5018,9.6102],[78.4174,9.5975],[78.3919,9.6507],[78.2105,9.7826],[78.1443,9.7836],[78.0837,9.758],[78.0878,9.6827],[78.0104,9.6395],[77.9819,9.5951],[78.0666,9.5522],[78.1385,9.5755],[78.1686,9.369],[78.2162,9.3006],[78.2808,9.2843],[78.2737,9.1417],[78.3853,9.0943],[78.4151,9.1141],[78.6574,9.1577],[78.7289,9.2096],[79.0665,9.298],[78.982,9.3604],[78.9236,9.4264],[78.9268,9.5851],[78.9803,9.6896],[79.1135,9.8469],[79.1289,9.8949],[79.2555,10.0451],[79.2272,10.1367],[79.152,10.1915]]]},"properties":{"state_name":"Tamil Nadu","pc_name":"RAMANATHAPURAM","pc_no":35,"state":"tamil-nadu","id":368}},{"type":"Feature","geometry":{"type":"Polygon","coordinates":[[[77.8473,9.2444],[77.8601,9.1966],[77.7442,9.1625],[77.6778,9.1065],[77.7232,9.0015],[77.6964,8.927],[77.7891,8.8853],[77.8197,8.8388],[77.8144,8.6638],[77.8378,8.3802],[77.9131,8.3236],[77.9735,8.3375],[78.0066,8.3559],[78.1433,8.5017],[78.1379,8.6534],[78.1599,8.7163],[78.1666,8.8261],[78.185,8.9104],[78.22,8.9656],[78.3853,9.0943],[78.2737,9.1417],[78.2808,9.2843],[78.2162,9.3006],[78.1686,9.369],[78.0534,9.3609],[78.0084,9.2742],[77.9198,9.2029],[77.8554,9.2459],[77.8473,9.2444]]]},"properties":{"state_name":"Tamil Nadu","pc_name":"THOOTHUKKUDI","pc_no":36,"state":"tamil-nadu","id":369}},{"type":"Feature","geometry":{"type":"Polygon","coordinates":[[[77.2819,9.2731],[77.2708,9.2023],[77.2077,9.0722],[77.1467,9.022],[77.2183,8.9184],[77.2183,8.9183],[77.2183,8.9182],[77.2563,8.8783],[77.2994,8.8797],[77.3008,8.7739],[77.4245,8.7583],[77.5612,8.7051],[77.5939,8.9411],[77.6192,8.9477],[77.6964,8.927],[77.7232,9.0015],[77.6778,9.1065],[77.7442,9.1625],[77.8601,9.1966],[77.8473,9.2444],[77.7815,9.2392],[77.7117,9.2917],[77.5859,9.3097],[77.5504,9.3713],[77.5954,9.4325],[77.7014,9.458],[77.7231,9.5302],[77.7896,9.6393],[77.7101,9.7053],[77.5372,9.66],[77.4754,9.563],[77.4024,9.5252],[77.4114,9.5075],[77.3923,9.4592],[77.3392,9.4202],[77.3251,9.3371],[77.2819,9.2731]]]},"properties":{"state_name":"Tamil Nadu","pc_name":"TENKASI (SC)","pc_no":37,"state":"tamil-nadu","id":370}},{"type":"Feature","geometry":{"type":"Polygon","coordinates":[[[77.2563,8.8783],[77.1998,8.77],[77.1832,8.7169],[77.2458,8.6164],[77.269,8.5789],[77.3341,8.5532],[77.3641,8.5304],[77.4458,8.4745],[77.5347,8.3605],[77.5641,8.2793],[77.5392,8.1627],[77.5898,8.1403],[77.7937,8.1623],[77.8411,8.2517],[77.9735,8.3375],[77.9131,8.3236],[77.8378,8.3802],[77.8144,8.6638],[77.8197,8.8388],[77.7891,8.8853],[77.6964,8.927],[77.6192,8.9477],[77.5939,8.9411],[77.5612,8.7051],[77.4245,8.7583],[77.3008,8.7739],[77.2994,8.8797],[77.2563,8.8783]]]},"properties":{"state_name":"Tamil Nadu","pc_name":"TIRUNELVELI","pc_no":38,"state":"tamil-nadu","id":371}},{"type":"Feature","geometry":{"type":"Polygon","coordinates":[[[77.2619,8.5065],[77.1607,8.3741],[77.1771,8.3261],[77.1484,8.3322],[77.0978,8.2925],[77.2275,8.19],[77.3042,8.1367],[77.3372,8.1259],[77.4115,8.1036],[77.5559,8.0766],[77.5898,8.1403],[77.5392,8.1627],[77.5641,8.2793],[77.5347,8.3605],[77.4458,8.4745],[77.3641,8.5304],[77.3341,8.5532],[77.269,8.5789],[77.2619,8.5065]]]},"properties":{"state_name":"Tamil Nadu","pc_name":"KANNIYAKUMARI","pc_no":39,"state":"tamil-nadu","id":372}},{"type":"Feature","geometry":{"type":"Polygon","coordinates":[[[79.93228736379949,19.200138687447442],[79.9255,19.2109],[79.9245,19.2259],[79.9364,19.2643],[79.9506,19.2893],[79.9659,19.3032],[79.9591,19.3362],[79.96090548673601,19.342682692532424],[79.9448,19.47],[79.89180677246515,19.502794224433973],[79.8646,19.5107],[79.84839942711336,19.52965634043953],[79.8312,19.5403],[79.8065,19.579],[79.7786,19.5999],[79.7441,19.6089],[79.709,19.5847],[79.6322,19.5753],[79.6142,19.5599],[79.60665629927864,19.529455779231657],[79.603,19.5147],[79.5942,19.5071],[79.553,19.5244],[79.5417,19.5548],[79.5186,19.5433],[79.5186,19.5204],[79.51566628477696,19.518294115310187],[79.4984,19.5059],[79.4827,19.5065],[79.4715,19.5003],[79.469,19.5098],[79.44516889623877,19.528342740847922],[79.4334,19.5375],[79.4146,19.5327],[79.401678588445,19.538750067698423],[79.3857,19.5585],[79.3728,19.5612],[79.3658,19.5765],[79.32023126893662,19.576885359247893],[79.273,19.599],[79.2511,19.6161],[79.2436,19.6169],[79.2387,19.6064],[79.2445,19.5951],[79.2532,19.5935],[79.2511,19.5777],[79.2372,19.5573],[79.2385834901922,19.54685226372102],[79.2401,19.5354],[79.2338,19.5202],[79.22163091506282,19.52116580039184],[79.2212,19.5212],[79.2075,19.5063],[79.2039,19.4943],[79.2236,19.4693],[79.1904,19.4592],[79.1679,19.4725],[79.1614,19.4885],[79.1054,19.5226],[79.0461,19.5485],[78.9981,19.5403],[78.9405,19.5521],[78.9377,19.5621],[78.94176395159414,19.562945520130324],[78.9526,19.5652],[78.9729,19.5826],[78.9718,19.5902],[78.9557,19.6004],[78.9554,19.6193],[78.9619,19.6376],[78.9529,19.6585],[78.9198,19.6622],[78.9024,19.6702],[78.89027548773889,19.65823714790237],[78.8874,19.6554],[78.8576,19.6581],[78.8519,19.6588],[78.85535540710364,19.67198173821021],[78.86,19.6897],[78.8495,19.7221],[78.848,19.7357],[78.8408,19.762],[78.8249,19.7546],[78.8167,19.7621],[78.8031,19.7558],[78.7946,19.7601],[78.78856271298334,19.773861463052704],[78.7878,19.7756],[78.7793,19.7804],[78.77185775650302,19.77765463906556],[78.7568,19.7721],[78.7401,19.7833],[78.7301,19.7804],[78.7242,19.7679],[78.7192,19.7668],[78.7062,19.7725],[78.6983,19.789],[78.6551,19.8004],[78.64546200802259,19.80635518203482],[78.6428,19.808],[78.63783709650065,19.808086562270336],[78.6256,19.8083],[78.61805100024452,19.812579369288137],[78.6099,19.8172],[78.5955,19.8177],[78.5724,19.816],[78.5496,19.8244],[78.5318,19.8188],[78.5153,19.8192],[78.509,19.8122],[78.5073,19.7977],[78.4909,19.7928],[78.4723,19.8176],[78.4582952267151,19.81428308001147],[78.4533,19.8131],[78.4231,19.8177],[78.3861,19.8461],[78.3838011732387,19.863366743229385],[78.3816,19.8799],[78.35436680935322,19.88276086043158],[78.3321,19.8851],[78.3244,19.8956],[78.32846292982764,19.899828763698164],[78.3342,19.9058],[78.3307,19.9149],[78.3065,19.9143],[78.2988,19.8751],[78.2851,19.8567],[78.286,19.8476],[78.301,19.8407],[78.316,19.8427],[78.3365,19.8381],[78.3648,19.7814],[78.3432,19.7135],[78.3187,19.7057],[78.3119,19.6912],[78.2763,19.6926],[78.2627,19.6652],[78.2906,19.6462],[78.3057,19.6072],[78.301,19.5792],[78.3038,19.5695],[78.2974,19.5681],[78.2937,19.5592],[78.27896121928218,19.56192347035003],[78.2753,19.5626],[78.2744,19.5542],[78.284,19.5416],[78.2933,19.5424],[78.2905,19.5278],[78.2988,19.497],[78.3093,19.4812],[78.3045,19.4563],[78.2871,19.4487],[78.28550302762527,19.44943114397879],[78.2705,19.4563],[78.2628,19.4432],[78.2543485744358,19.4381664303625],[78.2356,19.427],[78.22965663673867,19.429238409539987],[78.2202,19.4328],[78.203,19.4196],[78.1721,19.3596],[78.1924,19.3261],[78.194,19.3145],[78.18900107867,19.304034422010883],[78.1769,19.2787],[78.18,19.2456],[78.1754,19.2376],[78.1443,19.2295],[78.12633954823758,19.242065737313638],[78.117,19.2486],[78.0824,19.243],[78.0793,19.2547],[78.0644,19.2479],[78.0555,19.2374],[78.0362,19.2508],[78.03750366547148,19.25550250759358],[78.0418,19.271],[78.0149,19.2791],[78.0139,19.2943],[77.9851,19.3099],[77.9777,19.3229],[77.9669,19.3268],[77.962,19.3358],[77.9538,19.3397],[77.9517,19.3404],[77.9426,19.3426],[77.93876271802326,19.335016799903098],[77.93595703559379,19.333849356080407],[77.9281,19.3324],[77.92484723471556,19.329226570454203],[77.9117,19.3164],[77.8901,19.3135],[77.8635,19.3037],[77.8657,19.284],[77.9036,19.2781],[77.9077,19.2684],[77.903,19.2566],[77.8901,19.2611],[77.8715,19.2552],[77.8661,19.2266],[77.85642738380305,19.20714905595368],[77.8478,19.1898],[77.85478477076386,19.184725127491895],[77.8606,19.1805],[77.8526,19.1549],[77.8342,19.1345],[77.83438344507205,19.13410375864435],[77.8417,19.1183],[77.8478,19.1162],[77.8463,19.1015],[77.8505,19.0888],[77.8314,19.0863],[77.8177,19.1056],[77.8067,19.1025],[77.8019,19.0766],[77.7969,19.0728],[77.8003,19.0507],[77.77659766781441,19.055935454900432],[77.7754,19.0562],[77.7649,19.0629],[77.7619,19.0332],[77.77054478394155,19.020073129803055],[77.7747,19.0008],[77.7906,18.9836],[77.79492505630631,18.983052346766407],[77.8214,18.9797],[77.81621564584597,18.950723163389075],[77.8158,18.9484],[77.81827987875694,18.947588681641243],[77.832,18.9431],[77.8409,18.9508],[77.8582,18.9502],[77.8431,18.9099],[77.8572,18.9039],[77.8851,18.9058],[77.89934186461137,18.875075977467606],[77.9029,18.8674],[77.9183921345939,18.863280368703492],[77.9296,18.8603],[77.9484,18.8447],[77.9681,18.8724],[77.9863,18.8806],[78.015,18.8845],[78.0281,18.8767],[78.0376,18.8774],[78.0467,18.936],[78.0578,18.9423],[78.0809,18.9408],[78.096,18.944],[78.1153,18.9623],[78.1303,18.9609],[78.1469,18.9657],[78.1607,18.9796],[78.1673,18.9978],[78.2017,19.0009],[78.2272,19.0081],[78.2394,19.0162],[78.2487,19.0147],[78.2788,18.9903],[78.2781,18.9482],[78.2852,18.9428],[78.2938,18.9444],[78.3362,18.9662],[78.3712,18.9962],[78.4089,19.004],[78.4172,18.9997],[78.4264,18.9772],[78.4406,18.9668],[78.4526,18.9643],[78.4569,18.9557],[78.4773,18.9582],[78.4909,18.9731],[78.5083,18.9725],[78.5255,18.951],[78.537,18.946],[78.5562,18.9771],[78.5885,19.0054],[78.6054,18.9865],[78.6364,18.9779],[78.6601,19.0009],[78.6656,19.0149],[78.701,19.0361],[78.7501,19.0138],[78.7595,19.0112],[78.77,19.0142],[78.7696,19.0256],[78.776,19.0354],[78.7988,19.0483],[78.8213,19.0491],[78.8361,19.0687],[78.8452,19.0704],[78.9118,19.0305],[78.9523,19.0768],[79.0166,19.0729],[79.0243,19.0749],[79.0371,19.063],[79.0659,19.0496],[79.0791,19.0354],[79.1038,19.0805],[79.1376,19.1102],[79.1779,19.0419],[79.2033,19.044],[79.2091,19.0526],[79.2096,19.071],[79.2691,19.1129],[79.3061,19.1041],[79.3096,19.159],[79.3597,19.2094],[79.4145,19.2006],[79.4138,19.1784],[79.4205,19.1755],[79.439,19.1804],[79.4506,19.1927],[79.4701,19.186],[79.4839,19.1896],[79.4812,19.2014],[79.5197,19.1961],[79.5402,19.2026],[79.5369,19.2171],[79.5289,19.2232],[79.5165,19.2542],[79.5348,19.2627],[79.5471,19.2626],[79.5629,19.2402],[79.5989,19.2392],[79.6551,19.1951],[79.7029,19.2001],[79.7321,19.1813],[79.7624,19.1803],[79.7956,19.1477],[79.8535,19.1669],[79.8829,19.1572],[79.9059,19.1574],[79.9145,19.1456],[79.93228736379949,19.200138687447442]]]},"properties":{"state_name":"Telangana","pc_name":"ADILABAD(ST)","pc_no":1,"state":"telangana","id":373}},{"type":"Feature","geometry":{"type":"Polygon","coordinates":[[[80.2717,18.7233],[80.1254955170382,18.68364814151036],[80.1232,18.6808],[80.1161,18.6811],[80.07549575806914,18.71029378231502],[80.0746,18.7105],[80.0528,18.7251],[80.05072594541095,18.72810287033982],[79.99768919679074,18.766235420543573],[79.963,18.7747],[79.9237,18.808],[79.9154,18.8254],[79.9271,18.8386],[79.94076737775391,18.846991520687816],[79.9631,18.866],[79.94603067415886,18.982137066973003],[79.9431,18.9915],[79.94176892545983,19.01113334946757],[79.9371,19.0429],[79.9051978612094,19.04313457454993],[79.8992,19.0405],[79.8761,19.0391],[79.8691,19.0434],[79.8584,19.0961],[79.8594,19.1088],[79.8738,19.1243],[79.9145,19.1456],[79.9059,19.1574],[79.8829,19.1572],[79.8535,19.1669],[79.7956,19.1477],[79.7624,19.1803],[79.7321,19.1813],[79.7029,19.2001],[79.6551,19.1951],[79.5989,19.2392],[79.5629,19.2402],[79.5471,19.2626],[79.5348,19.2627],[79.5165,19.2542],[79.5289,19.2232],[79.5369,19.2171],[79.5402,19.2026],[79.5197,19.1961],[79.4812,19.2014],[79.4839,19.1896],[79.4701,19.186],[79.4506,19.1927],[79.439,19.1804],[79.4205,19.1755],[79.4138,19.1784],[79.4145,19.2006],[79.3597,19.2094],[79.3096,19.159],[79.3061,19.1041],[79.2691,19.1129],[79.2096,19.071],[79.2091,19.0526],[79.2033,19.044],[79.1779,19.0419],[79.1376,19.1102],[79.1038,19.0805],[79.0791,19.0354],[79.0659,19.0496],[79.0371,19.063],[79.0243,19.0749],[79.0166,19.0729],[79.0197,18.992],[79.0104,18.9685],[79.0179,18.9208],[78.9939,18.9076],[79.0259,18.8529],[78.9973,18.8157],[78.9906,18.7688],[78.9517,18.7536],[79.0113,18.7524],[79.0118,18.6697],[79.0463,18.6331],[79.0539,18.6512],[79.0631,18.6602],[79.0842,18.6502],[79.1013,18.6777],[79.1148,18.6651],[79.1466,18.6549],[79.1586,18.6392],[79.1793,18.6393],[79.1856,18.6115],[79.2108,18.5747],[79.2273,18.5633],[79.228,18.5453],[79.2161,18.5296],[79.224,18.5143],[79.2405,18.444],[79.2842,18.4706],[79.3106,18.476],[79.3623,18.4412],[79.3966,18.4221],[79.4433,18.4086],[79.4772,18.3795],[79.5772,18.4045],[79.5797,18.4132],[79.5691,18.4163],[79.567,18.4243],[79.5945,18.4699],[79.602,18.4734],[79.612,18.4637],[79.6222,18.4854],[79.6398,18.4753],[79.6595,18.4765],[79.6689,18.4801],[79.6811,18.4939],[79.7292,18.4885],[79.7733,18.4342],[79.8227,18.4284],[79.8,18.4691],[79.8545,18.4871],[79.9108,18.4143],[79.9184,18.4591],[79.8943,18.468],[79.8791,18.5248],[79.9432,18.5048],[79.9847,18.5009],[80.0381,18.5167],[80.0864,18.5187],[80.0659,18.4856],[80.1025,18.4568],[80.0758,18.4272],[80.0465,18.4292],[80.0263,18.4031],[80.0423,18.4043],[80.0573,18.4016],[80.0789,18.3913],[80.0986,18.4317],[80.1508,18.414],[80.1425,18.3795],[80.1726,18.3494],[80.2167,18.3895],[80.2244,18.4273],[80.2295,18.5533],[80.2693,18.589],[80.3043,18.588],[80.3446,18.5972],[80.33304827059148,18.617181798057803],[80.2717,18.7233]]]},"properties":{"state_name":"Telangana","pc_name":"PEDDAPALLE (SC)","pc_no":2,"state":"telangana","id":374}},{"type":"Feature","geometry":{"type":"Polygon","coordinates":[[[78.9517,18.7536],[78.9233,18.73],[78.8961,18.7583],[78.8725,18.745],[78.8453,18.7606],[78.8307,18.8246],[78.8437,18.8656],[78.8045,18.8618],[78.7868,18.7988],[78.7328,18.783],[78.6786,18.7946],[78.6231,18.7289],[78.6374,18.7233],[78.6408,18.7019],[78.6379,18.6723],[78.6528,18.6387],[78.6643,18.6335],[78.6699,18.6233],[78.6542,18.5966],[78.6238,18.5907],[78.6152,18.591],[78.6005,18.575],[78.5976,18.5533],[78.5876,18.5492],[78.5637,18.5549],[78.5643,18.5525],[78.5695,18.5438],[78.5496,18.5227],[78.5518,18.5041],[78.5395,18.4962],[78.5315,18.4787],[78.5303,18.4657],[78.5342,18.4626],[78.5446,18.4583],[78.5542,18.4311],[78.5416,18.4202],[78.5419,18.4124],[78.565,18.3905],[78.563,18.3857],[78.5316,18.3878],[78.5335,18.3608],[78.544,18.3513],[78.5496,18.3364],[78.5413,18.3001],[78.524,18.2881],[78.5213,18.279],[78.532,18.2717],[78.5404,18.2734],[78.5438,18.2649],[78.5529,18.2591],[78.5677,18.2228],[78.5749,18.2237],[78.5886,18.2487],[78.6277,18.2465],[78.6321,18.2547],[78.6402,18.2567],[78.6634,18.2411],[78.6702,18.2416],[78.6901,18.2299],[78.7027,18.2348],[78.7249,18.2286],[78.7345,18.2147],[78.75,18.2212],[78.7691,18.2628],[78.7928,18.2537],[78.8284,18.2531],[78.8458,18.247],[78.8558,18.2347],[78.9146,18.2556],[78.9543,18.2534],[78.9577,18.2499],[78.9504,18.2377],[78.9546,18.2078],[79.0069,18.1992],[79.0046,18.1403],[79.032,18.122],[79.0492,18.0821],[79.0982,18.0847],[79.1104,18.0274],[79.1535,17.992],[79.1922,18.0016],[79.2329,17.9945],[79.2287,17.9878],[79.2344,17.986],[79.263,17.9837],[79.3003,18.0246],[79.3639,18.0201],[79.4446,18.066],[79.4684,18.1065],[79.5026,18.0963],[79.552,18.0999],[79.569,18.1216],[79.602,18.1487],[79.6084,18.1848],[79.5797,18.2396],[79.5817,18.2566],[79.5629,18.2632],[79.5606,18.2875],[79.5624,18.2988],[79.5593,18.3002],[79.5641,18.3091],[79.5762,18.3093],[79.5739,18.3312],[79.5796,18.3508],[79.5747,18.3699],[79.5795,18.3892],[79.5757,18.3907],[79.5772,18.4045],[79.4772,18.3795],[79.4433,18.4086],[79.3966,18.4221],[79.3623,18.4412],[79.3106,18.476],[79.2842,18.4706],[79.2405,18.444],[79.224,18.5143],[79.2161,18.5296],[79.228,18.5453],[79.2273,18.5633],[79.2108,18.5747],[79.1856,18.6115],[79.1793,18.6393],[79.1586,18.6392],[79.1466,18.6549],[79.1148,18.6651],[79.1013,18.6777],[79.0842,18.6502],[79.0631,18.6602],[79.0539,18.6512],[79.0463,18.6331],[79.0118,18.6697],[79.0113,18.7524],[78.9517,18.7536]]]},"properties":{"state_name":"Telangana","pc_name":"KARIMNAGAR","pc_no":3,"state":"telangana","id":375}},{"type":"Feature","geometry":{"type":"Polygon","coordinates":[[[77.86574844925612,18.814977230790184],[77.859,18.8094],[77.8444,18.8073],[77.80434580866908,18.719813213671944],[77.8043,18.7134],[77.7874,18.6828],[77.7311,18.6443],[77.7765,18.6673],[77.8391,18.6241],[77.8773,18.6269],[77.9185,18.5967],[77.9939,18.6275],[78.0147,18.5837],[78.0507,18.5692],[78.0382,18.5348],[78.0431,18.4868],[78.0715,18.5049],[78.1472,18.4871],[78.1765,18.5063],[78.1873,18.5104],[78.1992,18.5077],[78.2045,18.5016],[78.2055,18.4968],[78.2508,18.4869],[78.2643,18.4574],[78.2866,18.4599],[78.3072,18.452],[78.3261,18.4631],[78.3436,18.4617],[78.3542,18.4655],[78.3871,18.459],[78.3994,18.482],[78.4056,18.4844],[78.43,18.4706],[78.4462,18.4745],[78.4576,18.4618],[78.4662,18.4598],[78.486,18.437],[78.5018,18.4401],[78.5342,18.4626],[78.5303,18.4657],[78.5315,18.4787],[78.5395,18.4962],[78.5518,18.5041],[78.5496,18.5227],[78.5695,18.5438],[78.5643,18.5525],[78.5637,18.5549],[78.5876,18.5492],[78.5976,18.5533],[78.6005,18.575],[78.6152,18.591],[78.6238,18.5907],[78.6542,18.5966],[78.6699,18.6233],[78.6643,18.6335],[78.6528,18.6387],[78.6379,18.6723],[78.6408,18.7019],[78.6374,18.7233],[78.6231,18.7289],[78.6786,18.7946],[78.7328,18.783],[78.7868,18.7988],[78.8045,18.8618],[78.8437,18.8656],[78.8307,18.8246],[78.8453,18.7606],[78.8725,18.745],[78.8961,18.7583],[78.9233,18.73],[78.9517,18.7536],[78.9906,18.7688],[78.9973,18.8157],[79.0259,18.8529],[78.9939,18.9076],[79.0179,18.9208],[79.0104,18.9685],[79.0197,18.992],[79.0166,19.0729],[78.9523,19.0768],[78.9118,19.0305],[78.8452,19.0704],[78.8361,19.0687],[78.8213,19.0491],[78.7988,19.0483],[78.776,19.0354],[78.7696,19.0256],[78.77,19.0142],[78.7595,19.0112],[78.7501,19.0138],[78.701,19.0361],[78.6656,19.0149],[78.6601,19.0009],[78.6364,18.9779],[78.6054,18.9865],[78.5885,19.0054],[78.5562,18.9771],[78.537,18.946],[78.5255,18.951],[78.5083,18.9725],[78.4909,18.9731],[78.4773,18.9582],[78.4569,18.9557],[78.4526,18.9643],[78.4406,18.9668],[78.4264,18.9772],[78.4172,18.9997],[78.4089,19.004],[78.3712,18.9962],[78.3362,18.9662],[78.2938,18.9444],[78.2852,18.9428],[78.2781,18.9482],[78.2788,18.9903],[78.2487,19.0147],[78.2394,19.0162],[78.2272,19.0081],[78.2017,19.0009],[78.1673,18.9978],[78.1607,18.9796],[78.1469,18.9657],[78.1303,18.9609],[78.1153,18.9623],[78.096,18.944],[78.0809,18.9408],[78.0578,18.9423],[78.0467,18.936],[78.0376,18.8774],[78.0281,18.8767],[78.015,18.8845],[77.9863,18.8806],[77.9681,18.8724],[77.9484,18.8447],[77.9478,18.8307],[77.9403,18.8252],[77.9066,18.8278],[77.8827,18.8187],[77.87704882362229,18.819041019264173],[77.86574844925612,18.814977230790184]]]},"properties":{"state_name":"Telangana","pc_name":"NIZAMABAD","pc_no":4,"state":"telangana","id":376}},{"type":"Feature","geometry":{"type":"Polygon","coordinates":[[[77.5654035726188,18.287461094447778],[77.5729,18.2931],[77.5819,18.2852],[77.6054,18.2812],[77.6004,18.2757],[77.5949,18.2652],[77.58873625706856,18.262849420068516],[77.5719,18.2443],[77.5855,18.22],[77.57807702312138,18.20515404624278],[77.58501685509005,18.16117390629686],[77.5969,18.1558],[77.5946,18.1312],[77.6012,18.1035],[77.5968,18.0865],[77.554,18.0358],[77.5806,18.0314],[77.5834495831579,18.02434910834008],[77.60112942891789,18.017474647765333],[77.6064,18.0197],[77.60689641458639,18.015232268722468],[77.6489,17.9989],[77.6521,17.9939],[77.64912491520198,17.983252328091254],[77.64918663518104,17.97895838097606],[77.6559,17.9688],[77.6496,17.9502],[77.62133494809689,17.931595155709342],[77.622,17.9296],[77.6191,17.9041],[77.5864,17.9086],[77.586,17.8938],[77.6004,17.8806],[77.5992,17.8733],[77.5765,17.8754],[77.5701,17.8676],[77.5675,17.8454],[77.5291,17.8129],[77.515,17.8055],[77.55180447944868,17.76684501599803],[77.5549,17.764],[77.5692,17.7665],[77.5687,17.7491],[77.546,17.7272],[77.5219,17.7262],[77.5093,17.7165],[77.49805633167024,17.716027576960936],[77.4971340947768,17.71559582406074],[77.4924,17.7084],[77.485,17.7094],[77.4843,17.7059],[77.47226849715842,17.70395478696573],[77.4525,17.6947],[77.4487111572098,17.650080330119696],[77.4558,17.6325],[77.4488,17.6093],[77.44525585252626,17.609388603686845],[77.4431,17.584],[77.4619,17.5808],[77.46594633578839,17.577256314620108],[77.51936397286228,17.56148872101122],[77.5284,17.5754],[77.5375,17.5754],[77.55022443354221,17.55237945992744],[77.55156133326507,17.551984839485947],[77.5938,17.5645],[77.59644460973601,17.53873638257179],[77.64942681415852,17.52309731814291],[77.6621,17.5228],[77.66455649491824,17.518631402562974],[77.6877,17.5118],[77.7614,17.5583],[77.7616,17.5794],[77.77,17.5844],[77.7743,17.6013],[77.7675,17.6129],[77.7497,17.6138],[77.7465,17.6245],[77.7764,17.6271],[77.7836,17.639],[77.7881,17.6383],[77.7999,17.6252],[77.816,17.6267],[77.8229,17.6323],[77.827,17.6467],[77.8838,17.6475],[77.9019,17.6914],[77.9369,17.7244],[77.9874,17.7148],[78.0349,17.6832],[78.1122,17.6507],[78.1514,17.6583],[78.1574,17.71],[78.116,17.7339],[78.1131,17.8064],[78.0983,17.818],[78.093,17.8473],[78.077,17.8684],[78.0779,17.8956],[78.0584,17.9164],[78.0638,17.9387],[78.0891,17.9661],[78.0928,17.9856],[78.0241,18.0183],[77.9926,18.0529],[77.9993,18.0838],[78.0288,18.0743],[78.0516,18.0739],[78.0557,18.0797],[78.0597,18.0722],[78.068,18.0701],[78.074,18.0715],[78.0839,18.0676],[78.0857,18.0722],[78.0925,18.0678],[78.097,18.0698],[78.1015,18.0907],[78.1075,18.0937],[78.1157,18.0883],[78.1169,18.0724],[78.1435,18.0697],[78.1539,18.0857],[78.1796,18.0985],[78.1767,18.1189],[78.1802,18.1353],[78.1689,18.1675],[78.1799,18.2051],[78.194,18.2078],[78.207,18.217],[78.2154,18.2133],[78.2216,18.1833],[78.2164,18.1759],[78.2274,18.1755],[78.2488,18.1557],[78.2571,18.1398],[78.2779,18.1434],[78.2978,18.1621],[78.3139,18.1793],[78.3186,18.2008],[78.3327,18.1963],[78.3379,18.1803],[78.3579,18.1721],[78.3655,18.155],[78.3745,18.1449],[78.3752,18.1353],[78.3898,18.129],[78.412,18.1309],[78.4215,18.1415],[78.4249,18.1566],[78.4332,18.1632],[78.4458,18.1452],[78.4416,18.1303],[78.4583,18.1209],[78.4674,18.1253],[78.4799,18.1263],[78.4916,18.1328],[78.4834,18.1419],[78.4839,18.1486],[78.5024,18.1758],[78.522,18.1826],[78.5368,18.187],[78.5446,18.18],[78.567,18.1779],[78.5695,18.1962],[78.5613,18.2073],[78.5677,18.2228],[78.5529,18.2591],[78.5438,18.2649],[78.5404,18.2734],[78.532,18.2717],[78.5213,18.279],[78.524,18.2881],[78.5413,18.3001],[78.5496,18.3364],[78.544,18.3513],[78.5335,18.3608],[78.5316,18.3878],[78.563,18.3857],[78.565,18.3905],[78.5419,18.4124],[78.5416,18.4202],[78.5542,18.4311],[78.5446,18.4583],[78.5342,18.4626],[78.5018,18.4401],[78.486,18.437],[78.4662,18.4598],[78.4576,18.4618],[78.4462,18.4745],[78.43,18.4706],[78.4056,18.4844],[78.3994,18.482],[78.3871,18.459],[78.3542,18.4655],[78.3436,18.4617],[78.3261,18.4631],[78.3072,18.452],[78.2866,18.4599],[78.2643,18.4574],[78.2508,18.4869],[78.2055,18.4968],[78.2045,18.5016],[78.1992,18.5077],[78.1873,18.5104],[78.1765,18.5063],[78.1472,18.4871],[78.0715,18.5049],[78.0431,18.4868],[78.0382,18.5348],[78.0507,18.5692],[78.0147,18.5837],[77.9939,18.6275],[77.9185,18.5967],[77.8773,18.6269],[77.8391,18.6241],[77.7765,18.6673],[77.7311,18.6443],[77.7458,18.6215],[77.7505,18.5894],[77.7398,18.5688],[77.7386,18.557],[77.7234,18.5535],[77.7017,18.5554],[77.6884,18.5452],[77.6808,18.5455],[77.656,18.5311],[77.646,18.539],[77.6522,18.552],[77.63993238956166,18.555140508272213],[77.6397,18.5552],[77.5965,18.5492],[77.5908,18.5269],[77.5967,18.5304],[77.6004,18.5225],[77.5972,18.5161],[77.5879,18.5131],[77.586,18.5042],[77.5948,18.496],[77.6051,18.4962],[77.6035,18.4767],[77.5946,18.4767],[77.5926,18.4845],[77.5767,18.4866],[77.5732,18.4697],[77.56932016063477,18.46950840299431],[77.5489,18.4685],[77.5511,18.4603],[77.56554851173844,18.45844988569203],[77.5839,18.4561],[77.5856,18.4467],[77.5694,18.4428],[77.5645,18.4372],[77.55891394243145,18.438997253304667],[77.5415,18.4446],[77.5279,18.4421],[77.5285,18.4289],[77.55266504210002,18.420675406723852],[77.557,18.4192],[77.5519,18.3889],[77.53915687212194,18.381069299281034],[77.5257,18.3728],[77.5205,18.3573],[77.5259,18.3422],[77.5582,18.3315],[77.5715,18.3089],[77.5516,18.2921],[77.5654035726188,18.287461094447778]]]},"properties":{"state_name":"Telangana","pc_name":"ZAHIRABAD","pc_no":5,"state":"telangana","id":377}},{"type":"Feature","geometry":{"type":"Polygon","coordinates":[[[78.5677,18.2228],[78.5613,18.2073],[78.5695,18.1962],[78.567,18.1779],[78.5446,18.18],[78.5368,18.187],[78.522,18.1826],[78.5024,18.1758],[78.4839,18.1486],[78.4834,18.1419],[78.4916,18.1328],[78.4799,18.1263],[78.4674,18.1253],[78.4583,18.1209],[78.4416,18.1303],[78.4458,18.1452],[78.4332,18.1632],[78.4249,18.1566],[78.4215,18.1415],[78.412,18.1309],[78.3898,18.129],[78.3752,18.1353],[78.3745,18.1449],[78.3655,18.155],[78.3579,18.1721],[78.3379,18.1803],[78.3327,18.1963],[78.3186,18.2008],[78.3139,18.1793],[78.2978,18.1621],[78.2779,18.1434],[78.2571,18.1398],[78.2488,18.1557],[78.2274,18.1755],[78.2164,18.1759],[78.2216,18.1833],[78.2154,18.2133],[78.207,18.217],[78.194,18.2078],[78.1799,18.2051],[78.1689,18.1675],[78.1802,18.1353],[78.1767,18.1189],[78.1796,18.0985],[78.1539,18.0857],[78.1435,18.0697],[78.1169,18.0724],[78.1157,18.0883],[78.1075,18.0937],[78.1015,18.0907],[78.097,18.0698],[78.0925,18.0678],[78.0857,18.0722],[78.0839,18.0676],[78.074,18.0715],[78.068,18.0701],[78.0597,18.0722],[78.0557,18.0797],[78.0516,18.0739],[78.0288,18.0743],[77.9993,18.0838],[77.9926,18.0529],[78.0241,18.0183],[78.0928,17.9856],[78.0891,17.9661],[78.0638,17.9387],[78.0584,17.9164],[78.0779,17.8956],[78.077,17.8684],[78.093,17.8473],[78.0983,17.818],[78.1131,17.8064],[78.116,17.7339],[78.1574,17.71],[78.1514,17.6583],[78.1122,17.6507],[78.0349,17.6832],[77.9874,17.7148],[77.9369,17.7244],[77.9019,17.6914],[77.8838,17.6475],[77.827,17.6467],[77.8229,17.6323],[77.8517,17.6172],[77.856,17.6132],[77.8675,17.6198],[77.8676,17.6111],[77.875,17.6033],[77.8688,17.5971],[77.8729,17.5828],[77.8974,17.5824],[77.9366,17.5678],[77.9403,17.5512],[77.9368,17.5392],[77.9631,17.5342],[77.9743,17.5188],[77.9661,17.505],[77.9646,17.4844],[78.0219,17.4655],[78.0415,17.471],[78.0408,17.459],[78.0478,17.4513],[78.0632,17.4489],[78.0697,17.4555],[78.0645,17.4583],[78.0618,17.4719],[78.0838,17.4986],[78.1098,17.4917],[78.1105,17.4845],[78.118,17.4827],[78.1433,17.4854],[78.1455,17.4714],[78.166,17.4636],[78.1908,17.4775],[78.1919,17.4877],[78.2045,17.4899],[78.214,17.4862],[78.2179,17.4382],[78.2273,17.4392],[78.2358,17.4292],[78.2643,17.4282],[78.2755,17.435],[78.288,17.4317],[78.2935,17.4522],[78.3017,17.4614],[78.2978,17.4912],[78.3081,17.4901],[78.3177,17.4953],[78.3076,17.5102],[78.3371,17.504],[78.347,17.5219],[78.3515,17.5289],[78.3486,17.5355],[78.3615,17.55],[78.3552,17.5623],[78.3631,17.5684],[78.3773,17.5634],[78.3838,17.5958],[78.389,17.5946],[78.3875,17.6062],[78.3907,17.6216],[78.3871,17.6381],[78.3813,17.6426],[78.3954,17.6762],[78.41,17.6701],[78.4212,17.6718],[78.4307,17.6867],[78.4458,17.6984],[78.4487,17.7082],[78.458,17.7055],[78.4599,17.6981],[78.4716,17.6903],[78.509,17.6841],[78.5617,17.6842],[78.5741,17.6852],[78.5753,17.6958],[78.5927,17.697],[78.6141,17.6801],[78.617,17.6724],[78.6342,17.6692],[78.6503,17.6766],[78.6593,17.6974],[78.6697,17.6984],[78.686,17.6933],[78.6854,17.6884],[78.7054,17.6864],[78.7181,17.6695],[78.7239,17.6682],[78.7454,17.6837],[78.7767,17.6919],[78.8157,17.7226],[78.8274,17.7397],[78.8408,17.7524],[78.8592,17.7499],[78.8697,17.7852],[78.8682,17.8086],[78.8677,17.8254],[78.8772,17.8396],[78.8276,17.8943],[78.8513,17.9057],[78.8802,17.9644],[78.9066,17.9605],[78.9564,18.0301],[79.0139,18.0033],[79.0411,18.0317],[79.0738,18.0108],[79.1104,18.0274],[79.0982,18.0847],[79.0492,18.0821],[79.032,18.122],[79.0046,18.1403],[79.0069,18.1992],[78.9546,18.2078],[78.9504,18.2377],[78.9577,18.2499],[78.9543,18.2534],[78.9146,18.2556],[78.8558,18.2347],[78.8458,18.247],[78.8284,18.2531],[78.7928,18.2537],[78.7691,18.2628],[78.75,18.2212],[78.7345,18.2147],[78.7249,18.2286],[78.7027,18.2348],[78.6901,18.2299],[78.6702,18.2416],[78.6634,18.2411],[78.6402,18.2567],[78.6321,18.2547],[78.6277,18.2465],[78.5886,18.2487],[78.5749,18.2237],[78.5677,18.2228]]]},"properties":{"state_name":"Telangana","pc_name":"MEDAK","pc_no":6,"state":"telangana","id":378}},{"type":"Feature","geometry":{"type":"Polygon","coordinates":[[[78.347,17.5219],[78.366,17.5063],[78.3652,17.4387],[78.3936,17.4185],[78.4017,17.4383],[78.4221,17.4426],[78.4459,17.4389],[78.469,17.4332],[78.471,17.4308],[78.4954,17.4223],[78.5136,17.4446],[78.5372,17.4361],[78.5501,17.443],[78.5519,17.411],[78.5304,17.3968],[78.5287,17.3802],[78.532,17.3771],[78.5271,17.3763],[78.5252,17.3623],[78.5323,17.3572],[78.533,17.3547],[78.5268,17.3443],[78.5108,17.3491],[78.5078,17.3419],[78.5083,17.3393],[78.5109,17.3158],[78.5501,17.3151],[78.5979,17.3436],[78.6453,17.3718],[78.6549,17.3719],[78.6752,17.3876],[78.7357,17.3766],[78.7596,17.4272],[78.7515,17.4713],[78.7196,17.4719],[78.717,17.4685],[78.7096,17.476],[78.7074,17.5056],[78.7119,17.5214],[78.7005,17.5353],[78.6891,17.5624],[78.6766,17.5761],[78.6914,17.5846],[78.6932,17.5924],[78.6867,17.5952],[78.702,17.6116],[78.6854,17.6219],[78.7012,17.6318],[78.6964,17.6375],[78.7113,17.6401],[78.7239,17.6682],[78.7181,17.6695],[78.7054,17.6864],[78.6854,17.6884],[78.686,17.6933],[78.6697,17.6984],[78.6593,17.6974],[78.6503,17.6766],[78.6342,17.6692],[78.617,17.6724],[78.6141,17.6801],[78.5927,17.697],[78.5753,17.6958],[78.5741,17.6852],[78.5617,17.6842],[78.509,17.6841],[78.4716,17.6903],[78.4599,17.6981],[78.458,17.7055],[78.4487,17.7082],[78.4458,17.6984],[78.4307,17.6867],[78.4212,17.6718],[78.41,17.6701],[78.3954,17.6762],[78.3813,17.6426],[78.3871,17.6381],[78.3907,17.6216],[78.3875,17.6062],[78.389,17.5946],[78.3838,17.5958],[78.3773,17.5634],[78.3631,17.5684],[78.3552,17.5623],[78.3615,17.55],[78.3486,17.5355],[78.3515,17.5289],[78.347,17.5219]]]},"properties":{"state_name":"Telangana","pc_name":"MALKAJGIRI","pc_no":7,"state":"telangana","id":379}},{"type":"Feature","geometry":{"type":"Polygon","coordinates":[[[78.3936,17.4185],[78.3933,17.4051],[78.4002,17.3945],[78.4265,17.4039],[78.43,17.4023],[78.4387,17.3812],[78.4521,17.3782],[78.4673,17.3806],[78.4815,17.37],[78.4954,17.3785],[78.4989,17.3794],[78.5271,17.3763],[78.532,17.3771],[78.5287,17.3802],[78.5304,17.3968],[78.5519,17.411],[78.5501,17.443],[78.5372,17.4361],[78.5136,17.4446],[78.4954,17.4223],[78.471,17.4308],[78.469,17.4332],[78.4459,17.4389],[78.4221,17.4426],[78.4017,17.4383],[78.3936,17.4185]]]},"properties":{"state_name":"Telangana","pc_name":"SECUNDERABAD","pc_no":8,"state":"telangana","id":380}},{"type":"Feature","geometry":{"type":"Polygon","coordinates":[[[78.5271,17.3763],[78.4989,17.3794],[78.4954,17.3785],[78.4815,17.37],[78.4673,17.3806],[78.4521,17.3782],[78.4387,17.3812],[78.43,17.4023],[78.4265,17.4039],[78.4002,17.3945],[78.3926,17.3915],[78.3842,17.3849],[78.3824,17.3939],[78.3782,17.3811],[78.3733,17.3749],[78.4152,17.3692],[78.4355,17.3726],[78.4556,17.3563],[78.4505,17.3356],[78.4673,17.3194],[78.472,17.3084],[78.5109,17.3158],[78.5083,17.3393],[78.5078,17.3419],[78.5108,17.3491],[78.5268,17.3443],[78.533,17.3547],[78.5323,17.3572],[78.5252,17.3623],[78.5271,17.3763]]]},"properties":{"state_name":"Telangana","pc_name":"HYDERABAD","pc_no":9,"state":"telangana","id":381}},{"type":"Feature","geometry":{"type":"Polygon","coordinates":[[[77.45486883116882,17.35186233766234],[77.4571,17.3474],[77.4561,17.3312],[77.45597419042484,17.330926833353374],[77.4587,17.2793],[77.42621588623712,17.25579557118813],[77.4205,17.2376],[77.4083,17.2412],[77.3802,17.2225],[77.378,17.14],[77.4039,17.1329],[77.40498585947856,17.1296424215643],[77.43996953116987,17.116215162603016],[77.4458,17.118],[77.4645,17.1068],[77.4692,17.1154],[77.4798,17.1194],[77.4845,17.1332],[77.4779,17.1749],[77.5357,17.1668],[77.5474,17.1407],[77.5863,17.1515],[77.6495,17.1843],[77.694,17.1863],[77.6999,17.2077],[77.758,17.2226],[77.7876,17.2213],[77.7644,17.203],[77.7837,17.1537],[77.767,17.1303],[77.7608,17.0815],[77.7852,17.0458],[77.761,17.0142],[77.7632,16.9993],[77.7553,16.9849],[77.7594,16.9832],[77.7604,16.9735],[77.7426,16.9487],[77.7303,16.9441],[77.7303,16.9395],[77.7404,16.9387],[77.7403,16.9202],[77.7461,16.911],[77.7439,16.8805],[77.764,16.8729],[77.7957,16.8737],[77.8638,16.851],[77.9378,16.8646],[77.9549,16.8686],[77.9671,16.8504],[77.9777,16.8472],[77.9905,16.8709],[77.9786,16.8768],[77.9816,16.8935],[77.9881,16.8991],[78.0088,16.9028],[78.0101,16.9239],[78.0047,16.9362],[78.0085,16.9441],[78.0123,16.9436],[78.0109,16.9499],[77.9917,16.9556],[77.9882,16.9608],[77.9998,16.98],[77.993,16.9944],[77.9784,17.0104],[77.9537,17.0147],[77.9509,17.0206],[77.9351,17.0283],[77.9323,17.0483],[77.9229,17.0521],[77.9234,17.0649],[77.9491,17.0758],[77.9493,17.081],[77.9339,17.0856],[77.9543,17.0958],[77.9543,17.0995],[77.9901,17.1036],[77.9918,17.1285],[77.9988,17.1339],[78.0041,17.1477],[78.0114,17.1479],[78.0162,17.1658],[78.0422,17.1672],[78.0661,17.1847],[78.0835,17.1795],[78.0972,17.1356],[78.0801,17.1065],[78.1754,17.0889],[78.1823,17.1326],[78.1704,17.1641],[78.2079,17.1737],[78.2158,17.2028],[78.288,17.1964],[78.3033,17.1752],[78.3012,17.1335],[78.3272,17.1313],[78.3342,17.1036],[78.3669,17.0644],[78.381,17.0277],[78.4061,17.0144],[78.4797,16.9945],[78.4941,17.0185],[78.5625,16.9778],[78.5801,17.0121],[78.5762,17.1013],[78.5585,17.1139],[78.5797,17.1608],[78.552,17.1787],[78.5413,17.22],[78.5672,17.2736],[78.5501,17.3151],[78.5109,17.3158],[78.472,17.3084],[78.4673,17.3194],[78.4505,17.3356],[78.4556,17.3563],[78.4355,17.3726],[78.4152,17.3692],[78.3733,17.3749],[78.3782,17.3811],[78.3824,17.3939],[78.3842,17.3849],[78.3926,17.3915],[78.4002,17.3945],[78.3933,17.4051],[78.3936,17.4185],[78.3652,17.4387],[78.366,17.5063],[78.347,17.5219],[78.3371,17.504],[78.3076,17.5102],[78.3177,17.4953],[78.3081,17.4901],[78.2978,17.4912],[78.3017,17.4614],[78.2935,17.4522],[78.288,17.4317],[78.2755,17.435],[78.2643,17.4282],[78.2358,17.4292],[78.2273,17.4392],[78.2179,17.4382],[78.214,17.4862],[78.2045,17.4899],[78.1919,17.4877],[78.1908,17.4775],[78.166,17.4636],[78.1455,17.4714],[78.1433,17.4854],[78.118,17.4827],[78.1105,17.4845],[78.1098,17.4917],[78.0838,17.4986],[78.0618,17.4719],[78.0645,17.4583],[78.0697,17.4555],[78.0632,17.4489],[78.0478,17.4513],[78.0408,17.459],[78.0415,17.471],[78.0219,17.4655],[77.9646,17.4844],[77.9661,17.505],[77.9743,17.5188],[77.9631,17.5342],[77.9368,17.5392],[77.9403,17.5512],[77.9366,17.5678],[77.8974,17.5824],[77.8729,17.5828],[77.8688,17.5971],[77.875,17.6033],[77.8676,17.6111],[77.8675,17.6198],[77.856,17.6132],[77.8517,17.6172],[77.8229,17.6323],[77.816,17.6267],[77.7999,17.6252],[77.7881,17.6383],[77.7836,17.639],[77.7764,17.6271],[77.7465,17.6245],[77.7497,17.6138],[77.7675,17.6129],[77.7743,17.6013],[77.77,17.5844],[77.7616,17.5794],[77.7614,17.5583],[77.6877,17.5118],[77.6926,17.4989],[77.688,17.4894],[77.6887,17.4756],[77.65444020801385,17.482584089826375],[77.6145,17.4475],[77.5192,17.3621],[77.4836,17.3553],[77.4746,17.3618],[77.47849120974077,17.369495948153965],[77.4537,17.374],[77.45486883116882,17.35186233766234]]]},"properties":{"state_name":"Telangana","pc_name":"CHEVELLA","pc_no":10,"state":"telangana","id":382}},{"type":"Feature","geometry":{"type":"Polygon","coordinates":[[[77.49684452915184,17.023847803863866],[77.5026,17.0137],[77.5024,17.0096],[77.4697387255321,16.923484639712818],[77.4669,16.916],[77.456,16.8857],[77.4641,16.8506],[77.46072144727721,16.840753932065017],[77.46257177426419,16.82313964611072],[77.4633,16.8222],[77.4657,16.8059],[77.4743,16.8023],[77.4734,16.7892],[77.4765,16.7884],[77.4746,16.7815],[77.4673,16.7807],[77.4670207151073,16.78078771763778],[77.4739,16.7153],[77.4678,16.6098],[77.462,16.585],[77.44876156522089,16.58646442862601],[77.41799268377657,16.548750749041933],[77.4165,16.5183],[77.4022,16.5215],[77.39368493966508,16.51895654041944],[77.369,16.4887],[77.29483801694998,16.480080418573806],[77.2941,16.477],[77.2651,16.4728],[77.25494695151225,16.475444023043686],[77.2365,16.4733],[77.2621,16.4518],[77.26777481254572,16.43428210040234],[77.2882,16.4088],[77.32686503067485,16.396284662576686],[77.3335,16.3954],[77.33670469139022,16.393099700045052],[77.36329228156477,16.38449366362146],[77.3787,16.3854],[77.39897637181868,16.37294321551947],[77.4195,16.3663],[77.4289,16.3692],[77.441,16.3808],[77.4897,16.385],[77.5144,16.375],[77.5234,16.3758],[77.53748630136985,16.35970136986302],[77.5728088296543,16.34100120783007],[77.594,16.3439],[77.5954,16.34],[77.5883,16.3328],[77.6231,16.3542],[77.6559,16.3543],[77.7218,16.3293],[77.7481,16.3099],[77.7903,16.2965],[77.8859,16.2283],[77.9189,16.2104],[77.9165,16.2351],[77.9825,16.2606],[77.9513,16.3114],[77.9879,16.3289],[77.973,16.3709],[77.9734,16.4089],[77.9183,16.4381],[77.916,16.4543],[77.8938,16.4664],[77.8913,16.5013],[77.9551,16.512],[77.994,16.5073],[77.9965,16.5133],[77.9887,16.5199],[77.9992,16.5319],[77.985,16.5415],[77.9898,16.5582],[77.9792,16.5797],[77.9942,16.5954],[78.0254,16.6114],[78.0485,16.6136],[78.1158,16.5895],[78.1225,16.5957],[78.1234,16.6118],[78.1385,16.6322],[78.1401,16.6883],[78.1534,16.7064],[78.1682,16.7164],[78.1676,16.7255],[78.1491,16.739],[78.1978,16.7469],[78.2087,16.7381],[78.235,16.7315],[78.3193,16.6544],[78.3548,16.6451],[78.4185,16.6869],[78.4164,16.7324],[78.4523,16.7313],[78.4545,16.7508],[78.4819,16.7577],[78.4634,16.7786],[78.4085,16.8077],[78.3771,16.7886],[78.3641,16.7984],[78.3571,16.7939],[78.3434,16.7963],[78.3359,16.7911],[78.3278,16.7925],[78.31,16.8336],[78.3223,16.8626],[78.3186,16.8756],[78.3244,16.8803],[78.3531,16.9094],[78.3838,16.9535],[78.4061,17.0144],[78.381,17.0277],[78.3669,17.0644],[78.3342,17.1036],[78.3272,17.1313],[78.3012,17.1335],[78.3033,17.1752],[78.288,17.1964],[78.2158,17.2028],[78.2079,17.1737],[78.1704,17.1641],[78.1823,17.1326],[78.1754,17.0889],[78.0801,17.1065],[78.0972,17.1356],[78.0835,17.1795],[78.0661,17.1847],[78.0422,17.1672],[78.0162,17.1658],[78.0114,17.1479],[78.0041,17.1477],[77.9988,17.1339],[77.9918,17.1285],[77.9901,17.1036],[77.9543,17.0995],[77.9543,17.0958],[77.9339,17.0856],[77.9493,17.081],[77.9491,17.0758],[77.9234,17.0649],[77.9229,17.0521],[77.9323,17.0483],[77.9351,17.0283],[77.9509,17.0206],[77.9537,17.0147],[77.9784,17.0104],[77.993,16.9944],[77.9998,16.98],[77.9882,16.9608],[77.9917,16.9556],[78.0109,16.9499],[78.0123,16.9436],[78.0085,16.9441],[78.0047,16.9362],[78.0101,16.9239],[78.0088,16.9028],[77.9881,16.8991],[77.9816,16.8935],[77.9786,16.8768],[77.9905,16.8709],[77.9777,16.8472],[77.9671,16.8504],[77.9549,16.8686],[77.9378,16.8646],[77.8638,16.851],[77.7957,16.8737],[77.764,16.8729],[77.7439,16.8805],[77.7461,16.911],[77.7403,16.9202],[77.7404,16.9387],[77.7303,16.9395],[77.7303,16.9441],[77.7426,16.9487],[77.7604,16.9735],[77.7594,16.9832],[77.7553,16.9849],[77.7632,16.9993],[77.761,17.0142],[77.7852,17.0458],[77.7608,17.0815],[77.767,17.1303],[77.7837,17.1537],[77.7644,17.203],[77.7876,17.2213],[77.758,17.2226],[77.6999,17.2077],[77.694,17.1863],[77.6495,17.1843],[77.5863,17.1515],[77.5474,17.1407],[77.5357,17.1668],[77.4779,17.1749],[77.4845,17.1332],[77.4798,17.1194],[77.4692,17.1154],[77.4645,17.1068],[77.481,17.0792],[77.48,17.0688],[77.4881,17.0472],[77.4967,17.0427],[77.4951259134412,17.02825544098983],[77.49684452915184,17.023847803863866]]]},"properties":{"state_name":"Telangana","pc_name":"MAHBUBNAGAR","pc_no":11,"state":"telangana","id":383}},{"type":"Feature","geometry":{"type":"Polygon","coordinates":[[[79.2107,16.3567],[79.2027,16.3633],[79.1935,16.3596],[79.1805,16.3681],[79.1718,16.3686],[79.1649,16.3789],[79.154,16.3824],[79.1517,16.4003],[79.1428,16.3992],[79.122,16.407],[79.1099,16.4213],[79.0915,16.422],[79.0726,16.4433],[79.0593,16.4473],[79.0466,16.459],[78.986,16.4937],[78.9391,16.5107],[78.9221,16.5244],[78.9099,16.5514],[78.8688,16.5439],[78.8554,16.5512],[78.8354,16.5437],[78.8005,16.5144],[78.7882,16.5162],[78.7778,16.5282],[78.7652,16.5338],[78.7183,16.5401],[78.6939,16.5365],[78.6814,16.5401],[78.6799,16.5316],[78.6614,16.5252],[78.6447,16.5348],[78.6144,16.5178],[78.6129,16.5317],[78.6364,16.5487],[78.6584,16.5437],[78.6658,16.5431],[78.6691,16.5715],[78.68,16.5525],[78.7015,16.5649],[78.7156,16.5821],[78.6674,16.6521],[78.7136,16.6508],[78.7102,16.6786],[78.7257,16.6887],[78.7409,16.707],[78.7554,16.7066],[78.7575,16.7483],[78.7804,16.7464],[78.7893,16.7615],[78.7952,16.7857],[78.8022,16.8265],[78.7269,16.87],[78.7454,16.9152],[78.7077,16.9343],[78.696,16.9359],[78.6906,16.9321],[78.6825,16.9335],[78.6507,16.9592],[78.5844,16.955],[78.5625,16.9778],[78.4941,17.0185],[78.4797,16.9945],[78.4061,17.0144],[78.3838,16.9535],[78.3531,16.9094],[78.3244,16.8803],[78.3186,16.8756],[78.3223,16.8626],[78.31,16.8336],[78.3278,16.7925],[78.3359,16.7911],[78.3434,16.7963],[78.3571,16.7939],[78.3641,16.7984],[78.3771,16.7886],[78.4085,16.8077],[78.4634,16.7786],[78.4819,16.7577],[78.4545,16.7508],[78.4523,16.7313],[78.4164,16.7324],[78.4185,16.6869],[78.3548,16.6451],[78.3193,16.6544],[78.235,16.7315],[78.2087,16.7381],[78.1978,16.7469],[78.1491,16.739],[78.1676,16.7255],[78.1682,16.7164],[78.1534,16.7064],[78.1401,16.6883],[78.1385,16.6322],[78.1234,16.6118],[78.1225,16.5957],[78.1158,16.5895],[78.0485,16.6136],[78.0254,16.6114],[77.9942,16.5954],[77.9792,16.5797],[77.9898,16.5582],[77.985,16.5415],[77.9992,16.5319],[77.9887,16.5199],[77.9965,16.5133],[77.994,16.5073],[77.9551,16.512],[77.8913,16.5013],[77.8938,16.4664],[77.916,16.4543],[77.9183,16.4381],[77.9734,16.4089],[77.973,16.3709],[77.9879,16.3289],[77.9513,16.3114],[77.9825,16.2606],[77.9165,16.2351],[77.9189,16.2104],[77.8859,16.2283],[77.7903,16.2965],[77.7481,16.3099],[77.7218,16.3293],[77.6559,16.3543],[77.6231,16.3542],[77.5883,16.3328],[77.5954,16.3181],[77.5921,16.3022],[77.5821,16.2917],[77.5689,16.3036],[77.5632,16.3017],[77.5451,16.2917],[77.537,16.2665],[77.5219,16.2781],[77.5049,16.2758],[77.5024,16.2631],[77.4901,16.2552],[77.4924,16.2293],[77.49978798914941,16.222919463916412],[77.5012,16.2217],[77.4898,16.1196],[77.5011,16.1065],[77.5069,16.0797],[77.5027,16.0592],[77.4996,16.0614],[77.49941199575372,16.06101259731069],[77.4963,16.0546],[77.4995,16.0538],[77.4938,16.0366],[77.5108,15.9916],[77.5105,15.9756],[77.51153664020235,15.974630966767364],[77.5197,15.967],[77.5136,15.9271],[77.6115,15.9182],[77.6372,15.8961],[77.6576,15.8863],[77.6846,15.8836],[77.7242,15.8962],[77.7488,15.8856],[77.7676,15.8862],[77.7827,15.8767],[77.8051,15.8747],[77.8381,15.8852],[77.8598,15.8846],[77.8781,15.9051],[77.8888,15.9061],[77.9364,15.884],[77.9757,15.8835],[78.0065,15.8631],[78.0256,15.9027],[78.0311,15.9033],[78.032,15.9077],[78.0451,15.9045],[78.0469,15.8753],[78.0563,15.875],[78.056,15.8667],[78.0716,15.8621],[78.0715,15.8507],[78.0837,15.8413],[78.0991,15.8364],[78.1343,15.8369],[78.1302,15.851],[78.1356,15.855],[78.1589,15.8541],[78.1754,15.8584],[78.19,15.8926],[78.1795,15.9023],[78.1845,15.9102],[78.2322,15.9243],[78.2511,15.9351],[78.2511,15.973],[78.2591,15.9926],[78.2556,16.0132],[78.261,16.0262],[78.2773,16.0247],[78.2995,16.0119],[78.3124,16.0119],[78.322,16.0175],[78.3267,16.0371],[78.3478,16.0478],[78.3655,16.0471],[78.3941999867952,16.066075755975177],[78.408,16.0752],[78.4749,16.0688],[78.5499,16.043],[78.587,16.0637],[78.61,16.0874],[78.6504,16.0728],[78.6857,16.0332],[78.7236,16.0205],[78.7356,16.0085],[78.7511,16.0161],[78.7919,16.0247],[78.8013,16.0381],[78.8195,16.0486],[78.8404,16.0785],[78.8425,16.0956],[78.8331,16.1377],[78.8354,16.1458],[78.8548,16.1492],[78.873,16.1436],[78.8896,16.085],[78.9214,16.1031],[78.9227,16.1269],[78.9239,16.1377],[78.9148,16.1497],[78.9042,16.1768],[78.9055,16.1839],[78.9603,16.2094],[78.9858,16.2111],[79.0128,16.2409],[79.0509,16.2384],[79.0711,16.2278],[79.0828,16.2311],[79.0995,16.2235],[79.1217,16.2328],[79.1592,16.209],[79.1923,16.2164],[79.2158,16.2271],[79.2227,16.2365],[79.2343,16.3349],[79.2107,16.3567]]]},"properties":{"state_name":"Telangana","pc_name":"NAGARKURNOOL(SC)","pc_no":12,"state":"telangana","id":384}},{"type":"Feature","geometry":{"type":"Polygon","coordinates":[[[80.0563,16.9708],[80.0606,16.9879],[80.0563,16.9967],[80.062,17.0097],[80.051,17.0114],[80.0369,17.0245],[80.039,17.0533],[80.0279,17.0545],[80.0166,17.0663],[79.9968,17.0756],[79.986,17.0977],[79.9617,17.1251],[79.9467,17.1352],[79.9346,17.1287],[79.9181,17.13],[79.9115,17.1504],[79.8997,17.1557],[79.8884,17.1722],[79.8808,17.1738],[79.8763,17.1936],[79.8856,17.2091],[79.9012,17.212],[79.8952,17.2315],[79.902,17.2465],[79.9007,17.2542],[79.8814,17.2591],[79.8728,17.266],[79.8681,17.2623],[79.8404,17.2793],[79.8305,17.2705],[79.8178,17.2823],[79.8188,17.29],[79.8019,17.3119],[79.8037,17.3237],[79.7939,17.3194],[79.7638,17.339],[79.6797,17.3064],[79.6366,17.3066],[79.5947,17.3292],[79.5869,17.2901],[79.5538,17.2818],[79.5109,17.2973],[79.4922,17.2871],[79.5155,17.2587],[79.5449,17.1832],[79.5812,17.129],[79.5918,17.0873],[79.5769,17.0964],[79.5646,17.0983],[79.5407,17.1252],[79.5018,17.092],[79.4839,17.1254],[79.4151,17.0948],[79.404,17.1221],[79.3707,17.1486],[79.3286,17.1433],[79.2888,17.1611],[79.259,17.1365],[79.2311,17.1539],[79.1893,17.1479],[79.1654,17.1275],[79.1295,17.0784],[79.1282,17.0273],[79.1011,16.979],[79.1008,16.9449],[79.0604,16.9324],[79.0614,16.9015],[79.0306,16.859],[79.0376,16.8338],[79.0169,16.8042],[79.0161,16.7735],[78.9974,16.7545],[78.9396,16.7737],[78.9455,16.8076],[78.9318,16.8444],[78.8787,16.8672],[78.8752,16.9185],[78.8367,16.9314],[78.7896,16.9766],[78.7568,16.985],[78.7531,16.982],[78.7566,16.9698],[78.7319,16.9736],[78.7022,16.9648],[78.7039,16.9501],[78.696,16.9359],[78.7077,16.9343],[78.7454,16.9152],[78.7269,16.87],[78.8022,16.8265],[78.7952,16.7857],[78.7893,16.7615],[78.7804,16.7464],[78.7575,16.7483],[78.7554,16.7066],[78.7409,16.707],[78.7257,16.6887],[78.7102,16.6786],[78.7136,16.6508],[78.6674,16.6521],[78.7156,16.5821],[78.7015,16.5649],[78.68,16.5525],[78.6691,16.5715],[78.6658,16.5431],[78.6584,16.5437],[78.6364,16.5487],[78.6129,16.5317],[78.6144,16.5178],[78.6447,16.5348],[78.6614,16.5252],[78.6799,16.5316],[78.6814,16.5401],[78.6939,16.5365],[78.7183,16.5401],[78.7652,16.5338],[78.7778,16.5282],[78.7882,16.5162],[78.8005,16.5144],[78.8354,16.5437],[78.8554,16.5512],[78.8688,16.5439],[78.9099,16.5514],[78.9221,16.5244],[78.9391,16.5107],[78.986,16.4937],[79.0466,16.459],[79.0593,16.4473],[79.0726,16.4433],[79.0915,16.422],[79.1099,16.4213],[79.122,16.407],[79.1428,16.3992],[79.1517,16.4003],[79.154,16.3824],[79.1649,16.3789],[79.1718,16.3686],[79.1805,16.3681],[79.1935,16.3596],[79.2027,16.3633],[79.2107,16.3567],[79.2125,16.3739],[79.208,16.3835],[79.2118,16.448],[79.2335,16.4599],[79.2149,16.4826],[79.2214,16.5155],[79.2284,16.525],[79.2452,16.5326],[79.2571,16.5661],[79.2892,16.5608],[79.3081,16.5747],[79.3178,16.5746],[79.3396,16.5823],[79.3513,16.5793],[79.3786,16.584],[79.4184,16.58],[79.4411,16.615],[79.4616,16.6231],[79.4849,16.6232],[79.4943,16.6339],[79.5044,16.6365],[79.5254,16.631],[79.5434,16.6332],[79.5761,16.6504],[79.5973,16.6731],[79.6331,16.6606],[79.6497,16.6707],[79.6649,16.6883],[79.6838,16.6949],[79.6988,16.6917],[79.7242,16.6913],[79.7444,16.7192],[79.7728,16.7309],[79.7859,16.7305],[79.8173,16.6922],[79.8511,16.7062],[79.8784,16.697],[79.886,16.6864],[79.8929,16.6522],[79.9076,16.6357],[79.9324,16.6316],[79.9616,16.6429],[79.9794,16.6657],[79.9975,16.7023],[80.0076,16.7093],[80.031,16.7153],[80.0379,16.7298],[80.0529,16.7444],[80.0543,16.7667],[80.0669,16.7884],[80.0729,16.8182],[80.0482,16.8329],[80.0466,16.8532],[80.0181,16.8537],[80.0037,16.8617],[80.0023,16.8714],[80.014,16.9039],[80.0172,16.9173],[80.0405,16.9197],[80.0514,16.9383],[80.0563,16.9708]]]},"properties":{"state_name":"Telangana","pc_name":"NALGONDA","pc_no":13,"state":"telangana","id":385}},{"type":"Feature","geometry":{"type":"Polygon","coordinates":[[[79.1104,18.0274],[79.0738,18.0108],[79.0411,18.0317],[79.0139,18.0033],[78.9564,18.0301],[78.9066,17.9605],[78.8802,17.9644],[78.8513,17.9057],[78.8276,17.8943],[78.8772,17.8396],[78.8677,17.8254],[78.8682,17.8086],[78.8697,17.7852],[78.8592,17.7499],[78.8408,17.7524],[78.8274,17.7397],[78.8157,17.7226],[78.7767,17.6919],[78.7454,17.6837],[78.7239,17.6682],[78.7113,17.6401],[78.6964,17.6375],[78.7012,17.6318],[78.6854,17.6219],[78.702,17.6116],[78.6867,17.5952],[78.6932,17.5924],[78.6914,17.5846],[78.6766,17.5761],[78.6891,17.5624],[78.7005,17.5353],[78.7119,17.5214],[78.7074,17.5056],[78.7096,17.476],[78.717,17.4685],[78.7196,17.4719],[78.7515,17.4713],[78.7596,17.4272],[78.7357,17.3766],[78.6752,17.3876],[78.6549,17.3719],[78.6453,17.3718],[78.5979,17.3436],[78.5501,17.3151],[78.5672,17.2736],[78.5413,17.22],[78.552,17.1787],[78.5797,17.1608],[78.5585,17.1139],[78.5762,17.1013],[78.5801,17.0121],[78.5625,16.9778],[78.5844,16.955],[78.6507,16.9592],[78.6825,16.9335],[78.6906,16.9321],[78.696,16.9359],[78.7039,16.9501],[78.7022,16.9648],[78.7319,16.9736],[78.7566,16.9698],[78.7531,16.982],[78.7568,16.985],[78.7896,16.9766],[78.8367,16.9314],[78.8752,16.9185],[78.8787,16.8672],[78.9318,16.8444],[78.9455,16.8076],[78.9396,16.7737],[78.9974,16.7545],[79.0161,16.7735],[79.0169,16.8042],[79.0376,16.8338],[79.0306,16.859],[79.0614,16.9015],[79.0604,16.9324],[79.1008,16.9449],[79.1011,16.979],[79.1282,17.0273],[79.1295,17.0784],[79.1654,17.1275],[79.1893,17.1479],[79.2311,17.1539],[79.259,17.1365],[79.2888,17.1611],[79.3286,17.1433],[79.3707,17.1486],[79.404,17.1221],[79.4151,17.0948],[79.4839,17.1254],[79.5018,17.092],[79.5407,17.1252],[79.5646,17.0983],[79.5769,17.0964],[79.5918,17.0873],[79.5812,17.129],[79.5449,17.1832],[79.5155,17.2587],[79.4922,17.2871],[79.5109,17.2973],[79.5538,17.2818],[79.5869,17.2901],[79.5947,17.3292],[79.6366,17.3066],[79.6797,17.3064],[79.7638,17.339],[79.7939,17.3194],[79.8037,17.3237],[79.8038,17.3245],[79.7928,17.3263],[79.7962,17.3542],[79.7777,17.3693],[79.7812,17.3811],[79.7914,17.384],[79.7969,17.3937],[79.7756,17.4033],[79.7725,17.3997],[79.7622,17.4081],[79.762,17.4299],[79.752,17.4399],[79.7453,17.4283],[79.7284,17.4283],[79.7116,17.444],[79.6998,17.4483],[79.6999,17.4562],[79.6903,17.4549],[79.6565,17.4711],[79.6566,17.491],[79.6208,17.5006],[79.6033,17.4989],[79.5951,17.5273],[79.5897,17.5289],[79.5966,17.4995],[79.5761,17.5039],[79.5656,17.4978],[79.5416,17.527],[79.5261,17.5124],[79.5216,17.4954],[79.5052,17.4958],[79.4721,17.5146],[79.4302,17.5169],[79.4237,17.5021],[79.4126,17.4989],[79.3617,17.5203],[79.3414,17.5212],[79.3234,17.5274],[79.3196,17.5402],[79.3108,17.5452],[79.3119,17.5514],[79.2952,17.5565],[79.2887,17.5692],[79.2714,17.5764],[79.2577,17.5599],[79.2316,17.5629],[79.2251,17.5815],[79.2128,17.5944],[79.2188,17.6109],[79.2054,17.6239],[79.1897,17.5993],[79.1841,17.5992],[79.1779,17.5835],[79.1674,17.5755],[79.1513,17.5876],[79.1573,17.6226],[79.1305,17.67],[79.1563,17.7034],[79.2027,17.7302],[79.1855,17.841],[79.2084,17.869],[79.2628,17.8657],[79.2416,17.9031],[79.2451,17.9396],[79.2205,17.9612],[79.2344,17.986],[79.2287,17.9878],[79.2329,17.9945],[79.1922,18.0016],[79.1535,17.992],[79.1104,18.0274]]]},"properties":{"state_name":"Telangana","pc_name":"BHONGIR","pc_no":14,"state":"telangana","id":386}},{"type":"Feature","geometry":{"type":"Polygon","coordinates":[[[79.5772,18.4045],[79.5757,18.3907],[79.5795,18.3892],[79.5747,18.3699],[79.5796,18.3508],[79.5739,18.3312],[79.5762,18.3093],[79.5641,18.3091],[79.5593,18.3002],[79.5624,18.2988],[79.5606,18.2875],[79.5629,18.2632],[79.5817,18.2566],[79.5797,18.2396],[79.6084,18.1848],[79.602,18.1487],[79.569,18.1216],[79.552,18.0999],[79.5026,18.0963],[79.4684,18.1065],[79.4446,18.066],[79.3639,18.0201],[79.3003,18.0246],[79.263,17.9837],[79.2344,17.986],[79.2205,17.9612],[79.2451,17.9396],[79.2416,17.9031],[79.2628,17.8657],[79.2084,17.869],[79.1855,17.841],[79.2027,17.7302],[79.1563,17.7034],[79.1305,17.67],[79.1573,17.6226],[79.1513,17.5876],[79.1674,17.5755],[79.1779,17.5835],[79.1841,17.5992],[79.1897,17.5993],[79.2054,17.6239],[79.2188,17.6109],[79.2128,17.5944],[79.2251,17.5815],[79.2316,17.5629],[79.2577,17.5599],[79.2714,17.5764],[79.2887,17.5692],[79.2952,17.5565],[79.3119,17.5514],[79.3108,17.5452],[79.3196,17.5402],[79.3234,17.5274],[79.3414,17.5212],[79.3617,17.5203],[79.4126,17.4989],[79.4237,17.5021],[79.4302,17.5169],[79.4721,17.5146],[79.5052,17.4958],[79.5216,17.4954],[79.5261,17.5124],[79.5416,17.527],[79.5656,17.4978],[79.5761,17.5039],[79.5966,17.4995],[79.5897,17.5289],[79.5951,17.5273],[79.6033,17.4989],[79.6208,17.5006],[79.6566,17.491],[79.6599,17.5169],[79.7129,17.5248],[79.732,17.5495],[79.7374,17.5815],[79.7219,17.6183],[79.7159,17.6669],[79.7273,17.6771],[79.7137,17.7057],[79.7681,17.7016],[79.7487,17.7162],[79.7824,17.8016],[79.7541,17.8519],[79.7906,17.9083],[79.7761,17.9986],[79.7485,18.0244],[79.7717,18.0536],[79.7941,18.0433],[79.7945,18.0574],[79.7824,18.082],[79.804,18.0871],[79.8102,18.0745],[79.8265,18.0943],[79.8338,18.1175],[79.8499,18.1398],[79.8491,18.1495],[79.84,18.1686],[79.8407,18.1822],[79.8575,18.194],[79.8593,18.2329],[79.885,18.2883],[79.9346,18.284],[79.9479,18.3155],[79.9434,18.3272],[79.9188,18.3339],[79.8898,18.3613],[79.9258,18.3883],[79.9717,18.3749],[80.0041,18.3722],[80.0188,18.3826],[80.0263,18.4031],[80.0465,18.4292],[80.0758,18.4272],[80.1025,18.4568],[80.0659,18.4856],[80.0864,18.5187],[80.0381,18.5167],[79.9847,18.5009],[79.9432,18.5048],[79.8791,18.5248],[79.8943,18.468],[79.9184,18.4591],[79.9108,18.4143],[79.8545,18.4871],[79.8,18.4691],[79.8227,18.4284],[79.7733,18.4342],[79.7292,18.4885],[79.6811,18.4939],[79.6689,18.4801],[79.6595,18.4765],[79.6398,18.4753],[79.6222,18.4854],[79.612,18.4637],[79.602,18.4734],[79.5945,18.4699],[79.567,18.4243],[79.5691,18.4163],[79.5797,18.4132],[79.5772,18.4045]]]},"properties":{"state_name":"Telangana","pc_name":"WARANGAL(SC)","pc_no":15,"state":"telangana","id":387}},{"type":"Feature","geometry":{"type":"Polygon","coordinates":[[[81.5246,17.5048],[81.5123,17.545],[81.5367,17.5846],[81.5165,17.6003],[81.53877443473706,17.6320864053314],[81.55184120777687,17.65073315211171],[81.5816,17.6932],[81.5835,17.7324],[81.634,17.7737],[81.699,17.7824],[81.712,17.8103],[81.7641,17.8271],[81.7828498731142,17.839943464881607],[81.8114,17.8595],[81.7746,17.8864],[81.7727,17.8975],[81.7633,17.9026],[81.7096,17.8718],[81.6619,17.8812],[81.6408,17.8402],[81.6301,17.8321],[81.6248990086552,17.833033511267015],[81.6223,17.8335],[81.6165,17.8221],[81.5942,17.8341],[81.5743,17.8372],[81.5637,17.8257],[81.5302,17.8229],[81.52390723771296,17.81938031939878],[81.5184,17.8163],[81.49,17.8127],[81.48651401595042,17.81828198711737],[81.4742,17.838],[81.4442,17.825],[81.4341,17.832],[81.41838074277854,17.81628074277854],[81.4156,17.8135],[81.41082362669817,17.816058771411694],[81.4016,17.821],[81.3918,17.8155],[81.3923,17.7942],[81.3771,17.8046],[81.354,17.8123],[81.2661,17.8095],[81.2484,17.8167],[81.24598352148072,17.81919614264629],[81.1661,17.8577],[81.0733,17.7865],[81.0436,17.7828],[81.0083,17.7981],[80.9964,17.8484],[80.9942,17.8806],[80.9984,17.9175],[80.9877,17.9442],[80.9853208742246,17.961558806583554],[80.9493,18.0829],[80.9555,18.1291],[80.9785,18.1544],[80.92135893690272,18.14550684706715],[80.9142,18.1412],[80.8911,18.136],[80.8667,18.137],[80.80748629021812,18.175881841839796],[80.7991,18.1682],[80.7441,18.171],[80.737,18.1768],[80.7371,18.2221],[80.73340050402896,18.351872515533024],[80.7315,18.3548],[80.7269,18.3693],[80.7294,18.3788],[80.7196,18.3911],[80.732,18.401],[80.72131010541366,18.413299039081558],[80.7183,18.4097],[80.699,18.4214],[80.6983,18.4377],[80.69974729489478,18.438107688702754],[80.69247076778144,18.4464795478097],[80.688,18.4474],[80.68706846158574,18.45269506045997],[80.6784753337257,18.46258170756672],[80.6553,18.4759],[80.637,18.5048],[80.63895240311466,18.508054005191084],[80.6230063275676,18.526400435529272],[80.6184,18.5276],[80.5998,18.5531],[80.5715,18.5646],[80.5564,18.5798],[80.5345,18.5884],[80.5147,18.6194],[80.3884,18.5967],[80.3576894023104,18.597050577599198],[80.3556,18.5947],[80.3446,18.5972],[80.3043,18.588],[80.2693,18.589],[80.2295,18.5533],[80.2244,18.4273],[80.2167,18.3895],[80.1726,18.3494],[80.1425,18.3795],[80.1508,18.414],[80.0986,18.4317],[80.0789,18.3913],[80.0573,18.4016],[80.0423,18.4043],[80.0263,18.4031],[80.0188,18.3826],[80.0041,18.3722],[79.9717,18.3749],[79.9258,18.3883],[79.8898,18.3613],[79.9188,18.3339],[79.9434,18.3272],[79.9479,18.3155],[79.9346,18.284],[79.885,18.2883],[79.8593,18.2329],[79.8575,18.194],[79.8407,18.1822],[79.84,18.1686],[79.8491,18.1495],[79.8499,18.1398],[79.8338,18.1175],[79.8265,18.0943],[79.8102,18.0745],[79.804,18.0871],[79.7824,18.082],[79.7945,18.0574],[79.7941,18.0433],[79.7717,18.0536],[79.7485,18.0244],[79.7761,17.9986],[79.7906,17.9083],[79.7541,17.8519],[79.7824,17.8016],[79.7487,17.7162],[79.7681,17.7016],[79.7137,17.7057],[79.7273,17.6771],[79.7159,17.6669],[79.7219,17.6183],[79.7374,17.5815],[79.732,17.5495],[79.7129,17.5248],[79.6599,17.5169],[79.6566,17.491],[79.6565,17.4711],[79.6903,17.4549],[79.6999,17.4562],[79.6998,17.4483],[79.7116,17.444],[79.7284,17.4283],[79.7453,17.4283],[79.752,17.4399],[79.762,17.4299],[79.7622,17.4081],[79.7725,17.3997],[79.7756,17.4033],[79.7969,17.3937],[79.7914,17.384],[79.7812,17.3811],[79.7777,17.3693],[79.7962,17.3542],[79.7928,17.3263],[79.8038,17.3245],[79.8315,17.336],[79.8436,17.3293],[79.8499,17.3347],[79.8755,17.3306],[79.8789,17.3536],[79.8824,17.3572],[79.8914,17.3533],[79.8959,17.3565],[79.9032,17.3759],[79.9302,17.3725],[79.9306,17.3664],[79.9404,17.3822],[79.9367,17.3951],[79.9648,17.3984],[79.9698,17.4066],[79.9916,17.3994],[79.9925,17.3641],[80.0466,17.3524],[80.058,17.3459],[80.0686,17.3532],[80.074,17.351],[80.0766,17.3643],[80.0858,17.3672],[80.1004,17.358],[80.1085,17.3587],[80.1204,17.3827],[80.1283,17.3796],[80.1299,17.3883],[80.1402,17.3929],[80.1447,17.3933],[80.1608,17.3769],[80.162,17.3902],[80.1603,17.4032],[80.1661,17.4074],[80.1892,17.3912],[80.2085,17.4009],[80.2437,17.3716],[80.3178,17.3614],[80.357,17.4004],[80.3654,17.449],[80.3006,17.4758],[80.2547,17.4437],[80.2169,17.4425],[80.2351,17.4864],[80.2397,17.5287],[80.2524,17.5421],[80.2528,17.5656],[80.3275,17.5657],[80.3355,17.5258],[80.3495,17.4989],[80.361,17.5025],[80.3801,17.5315],[80.3976,17.5461],[80.427,17.5225],[80.4815,17.5072],[80.5406,17.5173],[80.5401,17.57],[80.6178,17.5651],[80.5928,17.6018],[80.5998,17.6368],[80.5595,17.7125],[80.5795,17.7332],[80.5767,17.7855],[80.5943,17.8319],[80.62,17.8472],[80.7158,17.8458],[80.7482,17.7791],[80.7308,17.7334],[80.7385,17.6988],[80.7647,17.6732],[80.7627,17.6257],[80.8423,17.5958],[80.8795,17.6049],[80.9059,17.5874],[80.9225,17.5835],[80.9686,17.5928],[80.9821,17.5684],[81.0261,17.6012],[81.0517,17.5975],[81.1086,17.6062],[81.125,17.597],[81.1376,17.5837],[81.1862,17.5662],[81.2543,17.5601],[81.2693,17.5495],[81.2936,17.503],[81.3063,17.4937],[81.3409,17.4977],[81.3656,17.4958],[81.4189,17.469],[81.4322,17.4662],[81.4956,17.4774],[81.4983,17.4815],[81.5246,17.5048]]]},"properties":{"state_name":"Telangana","pc_name":"MAHABUBABAD(ST)","pc_no":16,"state":"telangana","id":388}},{"type":"Feature","geometry":{"type":"Polygon","coordinates":[[[81.3532089931229,17.383935919590897],[81.3797,17.3635],[81.424,17.3676],[81.45022480753963,17.395739634756804],[81.487,17.4352],[81.5031,17.4639],[81.4956,17.4774],[81.4322,17.4662],[81.4189,17.469],[81.3656,17.4958],[81.3409,17.4977],[81.3063,17.4937],[81.2936,17.503],[81.2693,17.5495],[81.2543,17.5601],[81.1862,17.5662],[81.1376,17.5837],[81.125,17.597],[81.1086,17.6062],[81.0517,17.5975],[81.0261,17.6012],[80.9821,17.5684],[80.9686,17.5928],[80.9225,17.5835],[80.9059,17.5874],[80.8795,17.6049],[80.8423,17.5958],[80.7627,17.6257],[80.7647,17.6732],[80.7385,17.6988],[80.7308,17.7334],[80.7482,17.7791],[80.7158,17.8458],[80.62,17.8472],[80.5943,17.8319],[80.5767,17.7855],[80.5795,17.7332],[80.5595,17.7125],[80.5998,17.6368],[80.5928,17.6018],[80.6178,17.5651],[80.5401,17.57],[80.5406,17.5173],[80.4815,17.5072],[80.427,17.5225],[80.3976,17.5461],[80.3801,17.5315],[80.361,17.5025],[80.3495,17.4989],[80.3355,17.5258],[80.3275,17.5657],[80.2528,17.5656],[80.2524,17.5421],[80.2397,17.5287],[80.2351,17.4864],[80.2169,17.4425],[80.2547,17.4437],[80.3006,17.4758],[80.3654,17.449],[80.357,17.4004],[80.3178,17.3614],[80.2437,17.3716],[80.2085,17.4009],[80.1892,17.3912],[80.1661,17.4074],[80.1603,17.4032],[80.162,17.3902],[80.1608,17.3769],[80.1447,17.3933],[80.1402,17.3929],[80.1299,17.3883],[80.1283,17.3796],[80.1204,17.3827],[80.1085,17.3587],[80.1004,17.358],[80.0858,17.3672],[80.0766,17.3643],[80.074,17.351],[80.0686,17.3532],[80.058,17.3459],[80.0466,17.3524],[79.9925,17.3641],[79.9916,17.3994],[79.9698,17.4066],[79.9648,17.3984],[79.9367,17.3951],[79.9404,17.3822],[79.9306,17.3664],[79.9302,17.3725],[79.9032,17.3759],[79.8959,17.3565],[79.8914,17.3533],[79.8824,17.3572],[79.8789,17.3536],[79.8755,17.3306],[79.8499,17.3347],[79.8436,17.3293],[79.8315,17.336],[79.8038,17.3245],[79.8037,17.3237],[79.8019,17.3119],[79.8188,17.29],[79.8178,17.2823],[79.8305,17.2705],[79.8404,17.2793],[79.8681,17.2623],[79.8728,17.266],[79.8814,17.2591],[79.9007,17.2542],[79.902,17.2465],[79.8952,17.2315],[79.9012,17.212],[79.8856,17.2091],[79.8763,17.1936],[79.8808,17.1738],[79.8884,17.1722],[79.8997,17.1557],[79.9115,17.1504],[79.9181,17.13],[79.9346,17.1287],[79.9467,17.1352],[79.9617,17.1251],[79.986,17.0977],[79.9968,17.0756],[80.0166,17.0663],[80.0279,17.0545],[80.039,17.0533],[80.0369,17.0245],[80.051,17.0114],[80.062,17.0097],[80.0563,16.9967],[80.0606,16.9879],[80.0563,16.9708],[80.0914,16.9683],[80.1203,16.9879],[80.1405,16.9904],[80.1534,17.007],[80.1702,17.0169],[80.1873,17.02],[80.1965,17.0441],[80.2041,17.0383],[80.2021,17.0173],[80.2114,17.0106],[80.2229,17.0082],[80.2262,17.0156],[80.2404,17.0025],[80.2641,16.9976],[80.2705,17.0043],[80.2831,17.0078],[80.2941,16.9959],[80.293,16.9769],[80.3033,16.9542],[80.3162,16.9486],[80.3127,16.9174],[80.3246,16.9061],[80.3218,16.8793],[80.3405,16.8597],[80.3736,16.8521],[80.3734,16.8298],[80.39601470670522,16.831696717336566],[80.4044,16.8324],[80.408,16.8487],[80.3783,16.8527],[80.3828,16.8654],[80.4263,16.8498],[80.4284,16.8381],[80.4536,16.8227],[80.465,16.8203],[80.465,16.7952],[80.4855,16.792],[80.5033,16.7799],[80.5701,16.7688],[80.597,16.7929],[80.5945,16.8027],[80.576,16.8264],[80.5689,16.8697],[80.595,16.8841],[80.5941,16.8999],[80.5868,16.9037],[80.6022,16.9188],[80.5808,16.9373],[80.5354,16.9612],[80.5265,16.9478],[80.5051,16.9568],[80.4971,16.9547],[80.4933,16.9272],[80.4474,16.9559],[80.365,16.9753],[80.3879,17.0093],[80.407,17.0158],[80.4075,17.0259],[80.3958,17.0358],[80.39508475336322,17.056542152466367],[80.3944,17.0764],[80.4121,17.0925],[80.419,17.0923],[80.417,17.0739],[80.4317,17.0558],[80.4386,17.0379],[80.4648,17.0303],[80.4714,17.0507],[80.4909,17.0513],[80.5055,17.0691],[80.51,17.0872],[80.5042,17.0933],[80.5128,17.1092],[80.5139,17.1223],[80.5277,17.1193],[80.5541,17.1339],[80.5626,17.1332],[80.58,17.1534],[80.6182,17.1286],[80.6416914321549,17.116269248255858],[80.6704,17.1012],[80.6535,17.0689],[80.6951,17.0749],[80.6994,17.0838],[80.7389,17.0796],[80.7966,17.0622],[80.8335,17.0509],[80.8452,17.0396],[80.877,17.0702],[80.87875322594739,17.13359665025778],[80.8795,17.1606],[80.9096,17.1539],[80.9238,17.1577],[80.9255,17.1836],[80.9181,17.1901],[80.9165,17.2158],[80.9189,17.2199],[80.9354,17.2202],[80.943,17.2184],[80.9589,17.2053],[80.9682,17.2031],[80.9677,17.1987],[80.9754,17.2008],[80.9984,17.1906],[81.0125,17.1948],[81.032,17.1921],[81.0476,17.2056],[81.0549,17.2253],[81.0794,17.2154],[81.1736,17.231],[81.1876,17.255],[81.1781,17.2694],[81.1766,17.288],[81.1904,17.3251],[81.23439692307693,17.321100279720277],[81.274,17.3175],[81.3052,17.3462],[81.3342,17.3986],[81.3532089931229,17.383935919590897]]]},"properties":{"state_name":"Telangana","pc_name":"KHAMMAM","pc_no":17,"state":"telangana","id":389}},{"type":"Feature","geometry":{"type":"MultiPolygon","coordinates":[[[[91.4772,24.0986],[91.3745,24.108],[91.3864,24.0201],[91.2999,23.976],[91.245,23.9077],[91.2474,23.8487],[91.2496,23.8358],[91.2436,23.824],[91.2316,23.7984],[91.2305,23.7728],[91.1666,23.7492],[91.2019,23.6626],[91.1625,23.5953],[91.2467,23.4897],[91.2711,23.4215],[91.3122,23.2741],[91.3508,23.1012],[91.4086,23.2826],[91.4504,23.2627],[91.5053,23.2763],[91.5624,23.2896],[91.6574,23.3225],[91.7041,23.1957],[91.7237,23.1898],[91.7032,23.3508],[91.6248,23.3845],[91.6256,23.4593],[91.5983,23.6174],[91.5683,23.736],[91.5723,23.7625],[91.5648,23.8055],[91.5543,23.881],[91.536,23.9297],[91.5264,23.9395],[91.4772,24.0986]]],[[[91.7019,23.9218],[91.6602,23.8945],[91.6005,23.7638],[91.7375,23.7409],[91.7757,23.6915],[91.7793,23.8239],[91.7656,23.94],[91.7019,23.9218]]]]},"properties":{"state_name":"Tripura","pc_name":"TRIPURA WEST","pc_no":1,"state":"tripura","id":390}},{"type":"Feature","geometry":{"type":"Polygon","coordinates":[[[92.2996,24.2525],[92.2387,24.3122],[92.2565,24.4189],[92.2303,24.5024],[92.1601,24.4546],[92.1638,24.4221],[92.0915,24.3751],[92.0873,24.375],[91.9933,24.3287],[91.9401,24.2839],[91.9151,24.1659],[91.9101,24.1411],[91.8408,24.2224],[91.7467,24.2455],[91.7584,24.142],[91.6465,24.1748],[91.6324,24.1016],[91.5849,24.0771],[91.4772,24.0986],[91.5264,23.9395],[91.536,23.9297],[91.5543,23.881],[91.5648,23.8055],[91.5723,23.7625],[91.5683,23.736],[91.5983,23.6174],[91.6256,23.4593],[91.6248,23.3845],[91.7032,23.3508],[91.7237,23.1898],[91.7041,23.1957],[91.6574,23.3225],[91.5624,23.2896],[91.5053,23.2763],[91.4504,23.2627],[91.5356,23.058],[91.5552,22.9825],[91.6185,22.9449],[91.771,23.0418],[91.8159,23.1039],[91.7855,23.3073],[91.8102,23.3417],[91.832,23.3668],[91.8636,23.4083],[91.9756,23.4829],[91.9359,23.6819],[91.9769,23.7333],[92.0741,23.6462],[92.1681,23.7385],[92.2664,23.7241],[92.267,23.7359],[92.2603,23.8131],[92.3311,23.9207],[92.3167,24.0719],[92.3319,24.1827],[92.2996,24.2525]],[[91.7019,23.9218],[91.7656,23.94],[91.7793,23.8239],[91.7757,23.6915],[91.7375,23.7409],[91.6005,23.7638],[91.6602,23.8945],[91.7019,23.9218]]]},"properties":{"state_name":"Tripura","pc_name":"TRIPURA EAST(ST)","pc_no":2,"state":"tripura","id":391}},{"type":"Feature","geometry":{"type":"Polygon","coordinates":[[[77.459,30.1659],[77.5756,30.0959],[77.4912,30.0087],[77.4885,29.9481],[77.4205,29.8486],[77.4271,29.7357],[77.5494,29.7219],[77.4941,29.6478],[77.4941,29.6348],[77.6007,29.6266],[77.6588,29.5683],[77.8202,29.6735],[77.8099,29.7016],[77.7536,29.8269],[77.7183,29.8649],[77.7791,30.0176],[77.7753,30.0369],[77.9427,30.2397],[77.7217,30.3305],[77.6477,30.4046],[77.5773,30.3977],[77.5872,30.3788],[77.5844,30.3095],[77.459,30.1659]]]},"properties":{"state_name":"Uttar Pradesh","pc_name":"SAHARANPUR","pc_no":1,"state":"uttar-pradesh","id":392}},{"type":"Feature","geometry":{"type":"Polygon","coordinates":[[[77.3711,30.0852],[77.2849,30.0425],[77.226,29.9391],[77.1844,29.8501],[77.1273,29.7709],[77.1417,29.6923],[77.1357,29.6661],[77.0954,29.594],[77.1311,29.4862],[77.1524,29.2975],[77.19,29.2788],[77.3225,29.2522],[77.438,29.3598],[77.4369,29.4308],[77.4494,29.4388],[77.4941,29.6348],[77.4941,29.6478],[77.5494,29.7219],[77.4271,29.7357],[77.4205,29.8486],[77.4885,29.9481],[77.4912,30.0087],[77.5756,30.0959],[77.459,30.1659],[77.4269,30.1594],[77.3711,30.0852]]]},"properties":{"state_name":"Uttar Pradesh","pc_name":"KAIRANA","pc_no":2,"state":"uttar-pradesh","id":393}},{"type":"Feature","geometry":{"type":"Polygon","coordinates":[[[77.4941,29.6348],[77.4494,29.4388],[77.4369,29.4308],[77.438,29.3598],[77.3225,29.2522],[77.4044,29.2483],[77.5045,29.1915],[77.5584,29.2316],[77.5725,29.1363],[77.6479,29.1182],[77.6699,29.0433],[77.7434,29.0561],[77.8332,29.0908],[77.9346,29.1607],[77.9197,29.2154],[77.9257,29.2303],[77.9525,29.2939],[77.8212,29.4264],[77.8088,29.4915],[77.6709,29.4594],[77.6588,29.5683],[77.6007,29.6266],[77.4941,29.6348]]]},"properties":{"state_name":"Uttar Pradesh","pc_name":"MUZAFFARNAGAR","pc_no":3,"state":"uttar-pradesh","id":394}},{"type":"Feature","geometry":{"type":"Polygon","coordinates":[[[77.6588,29.5683],[77.6709,29.4594],[77.8088,29.4915],[77.8212,29.4264],[77.9525,29.2939],[77.9257,29.2303],[77.9197,29.2154],[77.9346,29.1607],[77.8332,29.0908],[77.8524,28.9819],[77.9427,28.9474],[78.0134,28.8708],[78.1192,28.8747],[78.0832,28.935],[78.0778,29.0795],[78.2154,29.0293],[78.4134,29.0373],[78.4711,29.0515],[78.3684,29.2165],[78.2652,29.2336],[78.2905,29.4037],[78.1637,29.4996],[78.1756,29.533],[78.1125,29.6419],[77.9983,29.5413],[77.9741,29.5782],[77.9481,29.7107],[77.8202,29.6735],[77.6588,29.5683]]]},"properties":{"state_name":"Uttar Pradesh","pc_name":"BIJNOR","pc_no":4,"state":"uttar-pradesh","id":395}},{"type":"Feature","geometry":{"type":"Polygon","coordinates":[[[78.3684,29.2165],[78.5162,29.2288],[78.5987,29.175],[78.6717,29.1917],[78.6909,29.2257],[78.662,29.3217],[78.5102,29.4159],[78.5118,29.5284],[78.4008,29.465],[78.3564,29.5261],[78.434,29.5811],[78.496,29.7346],[78.439,29.755],[78.3435,29.7915],[78.3424,29.79],[78.2424,29.6984],[78.1314,29.6447],[78.1125,29.6419],[78.1756,29.533],[78.1637,29.4996],[78.2905,29.4037],[78.2652,29.2336],[78.3684,29.2165]]]},"properties":{"state_name":"Uttar Pradesh","pc_name":"NAGINA (SC)","pc_no":5,"state":"uttar-pradesh","id":396}},{"type":"Feature","geometry":{"type":"Polygon","coordinates":[[[78.4711,29.0515],[78.526,29.0671],[78.5305,28.9861],[78.6288,28.9228],[78.64,28.8734],[78.6495,28.8461],[78.6513,28.8366],[78.6607,28.8163],[78.7482,28.8009],[78.8083,28.8229],[78.916,28.964],[78.9329,29.0497],[78.9741,29.13],[78.9325,29.1268],[78.8835,29.2115],[78.7712,29.2645],[78.7664,29.3375],[78.8561,29.3499],[78.921,29.4342],[78.7051,29.5013],[78.5811,29.5852],[78.496,29.7346],[78.434,29.5811],[78.3564,29.5261],[78.4008,29.465],[78.5118,29.5284],[78.5102,29.4159],[78.662,29.3217],[78.6909,29.2257],[78.6717,29.1917],[78.5987,29.175],[78.5162,29.2288],[78.3684,29.2165],[78.4711,29.0515]]]},"properties":{"state_name":"Uttar Pradesh","pc_name":"MORADABAD","pc_no":6,"state":"uttar-pradesh","id":397}},{"type":"Feature","geometry":{"type":"Polygon","coordinates":[[[78.916,28.964],[78.9214,28.9255],[78.9744,28.8237],[78.9994,28.7611],[78.9247,28.6983],[78.8601,28.6599],[78.9586,28.5502],[78.9414,28.4599],[78.9698,28.4221],[79.1047,28.5085],[79.1656,28.5604],[79.205,28.5719],[79.3064,28.7424],[79.3802,28.7717],[79.4223,28.9012],[79.416,28.943],[79.2524,28.9992],[79.2485,29.0052],[79.1657,29.0201],[79.1039,29.1328],[78.9741,29.13],[78.9329,29.0497],[78.916,28.964]]]},"properties":{"state_name":"Uttar Pradesh","pc_name":"RAMPUR","pc_no":7,"state":"uttar-pradesh","id":398}},{"type":"Feature","geometry":{"type":"Polygon","coordinates":[[[78.6495,28.8461],[78.5001,28.7763],[78.4164,28.7831],[78.4153,28.7246],[78.44,28.5862],[78.4123,28.461],[78.523,28.3503],[78.6266,28.3307],[78.6637,28.336],[78.7881,28.3942],[78.8671,28.4654],[78.9414,28.4599],[78.9586,28.5502],[78.8601,28.6599],[78.9247,28.6983],[78.9994,28.7611],[78.9744,28.8237],[78.9214,28.9255],[78.916,28.964],[78.8083,28.8229],[78.7482,28.8009],[78.6607,28.8163],[78.6513,28.8366],[78.6495,28.8461]]]},"properties":{"state_name":"Uttar Pradesh","pc_name":"SAMBHAL","pc_no":8,"state":"uttar-pradesh","id":399}},{"type":"Feature","geometry":{"type":"Polygon","coordinates":[[[78.0134,28.8708],[77.8925,28.868],[77.8617,28.7952],[77.9394,28.7044],[78.1864,28.628],[78.2568,28.4792],[78.296,28.4259],[78.4123,28.461],[78.44,28.5862],[78.4153,28.7246],[78.4164,28.7831],[78.5001,28.7763],[78.6495,28.8461],[78.64,28.8734],[78.6288,28.9228],[78.5305,28.9861],[78.526,29.0671],[78.4711,29.0515],[78.4134,29.0373],[78.2154,29.0293],[78.0778,29.0795],[78.0832,28.935],[78.1192,28.8747],[78.0134,28.8708]]]},"properties":{"state_name":"Uttar Pradesh","pc_name":"AMROHA","pc_no":9,"state":"uttar-pradesh","id":400}},{"type":"Feature","geometry":{"type":"Polygon","coordinates":[[[77.6699,29.0433],[77.6456,28.958],[77.5862,28.8907],[77.6868,28.8706],[77.6997,28.7428],[77.758,28.7559],[77.7273,28.69],[77.7528,28.5784],[77.8282,28.629],[77.833,28.6331],[77.9394,28.7044],[77.8617,28.7952],[77.8925,28.868],[78.0134,28.8708],[77.9427,28.9474],[77.8524,28.9819],[77.8332,29.0908],[77.7434,29.0561],[77.6699,29.0433]]]},"properties":{"state_name":"Uttar Pradesh","pc_name":"MEERUT","pc_no":10,"state":"uttar-pradesh","id":401}},{"type":"Feature","geometry":{"type":"Polygon","coordinates":[[[77.2226,28.8334],[77.4057,28.7822],[77.4212,28.8834],[77.5217,28.7631],[77.6102,28.7104],[77.6997,28.7428],[77.6868,28.8706],[77.5862,28.8907],[77.6456,28.958],[77.6699,29.0433],[77.6479,29.1182],[77.5725,29.1363],[77.5584,29.2316],[77.5045,29.1915],[77.4044,29.2483],[77.3225,29.2522],[77.19,29.2788],[77.1524,29.2975],[77.1434,29.1672],[77.1361,29.1478],[77.1521,29.0797],[77.1993,28.9352],[77.2089,28.8585],[77.2226,28.8334]]]},"properties":{"state_name":"Uttar Pradesh","pc_name":"BAGHPAT","pc_no":11,"state":"uttar-pradesh","id":402}},{"type":"Feature","geometry":{"type":"Polygon","coordinates":[[[77.3322,28.6858],[77.3214,28.6644],[77.3204,28.6583],[77.392,28.6562],[77.4471,28.6218],[77.4651,28.6112],[77.5635,28.6176],[77.6891,28.5478],[77.7528,28.5784],[77.7273,28.69],[77.758,28.7559],[77.6997,28.7428],[77.6102,28.7104],[77.5217,28.7631],[77.4212,28.8834],[77.4057,28.7822],[77.2226,28.8334],[77.2139,28.7855],[77.2141,28.7854],[77.2865,28.7246],[77.2866,28.7138],[77.3239,28.6977],[77.3263,28.6948],[77.3322,28.6858]]]},"properties":{"state_name":"Uttar Pradesh","pc_name":"GHAZIABAD","pc_no":12,"state":"uttar-pradesh","id":403}},{"type":"Feature","geometry":{"type":"Polygon","coordinates":[[[77.3358,28.5261],[77.3433,28.5105],[77.3552,28.4993],[77.4111,28.4529],[77.4775,28.4188],[77.4723,28.3294],[77.5044,28.2525],[77.535,28.2075],[77.4748,28.0852],[77.6023,28.1185],[77.7328,28.1214],[77.84,28.1794],[77.8836,28.1235],[77.9326,28.0859],[78.051,28.125],[78.0392,28.2132],[77.9292,28.2991],[77.8341,28.3449],[77.7852,28.3698],[77.832,28.5329],[77.8282,28.629],[77.7528,28.5784],[77.6891,28.5478],[77.5635,28.6176],[77.4651,28.6112],[77.4471,28.6218],[77.392,28.6562],[77.3204,28.6583],[77.334,28.6282],[77.3126,28.5955],[77.3004,28.5631],[77.3358,28.5261]]]},"properties":{"state_name":"Uttar Pradesh","pc_name":"GAUTAM BUDDHA NAGAR","pc_no":13,"state":"uttar-pradesh","id":404}},{"type":"Feature","geometry":{"type":"Polygon","coordinates":[[[77.9394,28.7044],[77.833,28.6331],[77.8282,28.629],[77.832,28.5329],[77.7852,28.3698],[77.8341,28.3449],[77.9292,28.2991],[78.0392,28.2132],[78.051,28.125],[78.1346,28.0596],[78.2238,28.1013],[78.2272,28.103],[78.3476,28.1463],[78.4005,28.0877],[78.4891,28.0989],[78.3129,28.2751],[78.2749,28.3683],[78.296,28.4259],[78.2568,28.4792],[78.1864,28.628],[77.9394,28.7044]]]},"properties":{"state_name":"Uttar Pradesh","pc_name":"BULANDSHAHR (SC)","pc_no":14,"state":"uttar-pradesh","id":405}},{"type":"Feature","geometry":{"type":"Polygon","coordinates":[[[77.5262,27.9273],[77.5265,27.921],[77.6728,27.9448],[77.808,27.8592],[77.9487,27.935],[78.0707,27.9185],[78.068,27.847],[78.0411,27.7817],[78.179,27.7553],[78.1877,27.8063],[78.1062,27.8663],[78.1181,27.8722],[78.2994,27.9148],[78.4433,27.9745],[78.5285,27.9057],[78.6077,28.0178],[78.5823,28.0612],[78.4891,28.0989],[78.4005,28.0877],[78.3476,28.1463],[78.2272,28.103],[78.2238,28.1013],[78.1346,28.0596],[78.051,28.125],[77.9326,28.0859],[77.8836,28.1235],[77.84,28.1794],[77.7328,28.1214],[77.6023,28.1185],[77.4748,28.0852],[77.5206,28.014],[77.5262,27.9273]]]},"properties":{"state_name":"Uttar Pradesh","pc_name":"ALIGARH","pc_no":15,"state":"uttar-pradesh","id":406}},{"type":"Feature","geometry":{"type":"Polygon","coordinates":[[[77.808,27.8592],[77.8339,27.7568],[77.789,27.6838],[77.8994,27.5798],[77.8929,27.5508],[77.9024,27.3231],[77.9496,27.2823],[77.969,27.2692],[78.0665,27.3679],[78.1969,27.4029],[78.2042,27.5022],[78.3314,27.5771],[78.4349,27.5908],[78.5051,27.6233],[78.5182,27.7351],[78.4748,27.8086],[78.5285,27.9057],[78.4433,27.9745],[78.2994,27.9148],[78.1181,27.8722],[78.1062,27.8663],[78.1877,27.8063],[78.179,27.7553],[78.0411,27.7817],[78.068,27.847],[78.0707,27.9185],[77.9487,27.935],[77.808,27.8592]]]},"properties":{"state_name":"Uttar Pradesh","pc_name":"HATHRAS (SC)","pc_no":16,"state":"uttar-pradesh","id":407}},{"type":"Feature","geometry":{"type":"Polygon","coordinates":[[[77.2834,27.8019],[77.3528,27.6507],[77.3178,27.6059],[77.3549,27.5923],[77.3389,27.5499],[77.6028,27.2922],[77.6183,27.2696],[77.6461,27.2424],[77.7593,27.248],[77.8454,27.2911],[77.9193,27.235],[77.9496,27.2823],[77.9024,27.3231],[77.8929,27.5508],[77.8994,27.5798],[77.789,27.6838],[77.8339,27.7568],[77.808,27.8592],[77.6728,27.9448],[77.5265,27.921],[77.5262,27.9273],[77.4717,27.8836],[77.3353,27.848],[77.2834,27.8019]]]},"properties":{"state_name":"Uttar Pradesh","pc_name":"MATHURA","pc_no":17,"state":"uttar-pradesh","id":408}},{"type":"Feature","geometry":{"type":"Polygon","coordinates":[[[77.969,27.2692],[77.9679,27.2455],[77.9432,27.1801],[77.9549,27.1655],[78.0522,27.1896],[78.1988,27.2005],[78.2793,27.3218],[78.3995,27.372],[78.4779,27.3431],[78.4641,27.4254],[78.5432,27.4424],[78.5977,27.5044],[78.5542,27.5551],[78.4349,27.5908],[78.3314,27.5771],[78.2042,27.5022],[78.1969,27.4029],[78.0665,27.3679],[77.969,27.2692]]]},"properties":{"state_name":"Uttar Pradesh","pc_name":"AGRA (SC)","pc_no":18,"state":"uttar-pradesh","id":409}},{"type":"Feature","geometry":{"type":"Polygon","coordinates":[[[78.5455,26.7636],[78.7797,26.7587],[78.8491,26.8176],[78.7456,26.9142],[78.6353,26.8825],[78.5428,26.9615],[78.4508,26.9854],[78.4231,27.0524],[78.2979,27.1206],[78.2018,27.1157],[78.1988,27.2005],[78.0522,27.1896],[77.9549,27.1655],[77.9432,27.1801],[77.9679,27.2455],[77.969,27.2692],[77.9496,27.2823],[77.9193,27.235],[77.8454,27.2911],[77.7593,27.248],[77.6461,27.2424],[77.6186,27.1725],[77.5644,27.0333],[77.7628,27.0032],[77.4603,26.8855],[77.4549,26.742],[77.5006,26.8163],[77.675,26.8577],[77.7595,26.9327],[77.8788,26.9007],[77.8923,26.8877],[78.1014,26.9175],[78.1251,26.9493],[78.2643,26.9274],[78.223,26.8307],[78.3626,26.8692],[78.3989,26.8185],[78.5455,26.7636]]]},"properties":{"state_name":"Uttar Pradesh","pc_name":"FATEHPUR SIKRI","pc_no":19,"state":"uttar-pradesh","id":410}},{"type":"Feature","geometry":{"type":"Polygon","coordinates":[[[78.1988,27.2005],[78.2018,27.1157],[78.2979,27.1206],[78.4231,27.0524],[78.4508,26.9854],[78.5428,26.9615],[78.6353,26.8825],[78.7456,26.9142],[78.8062,26.9586],[78.762,27.0525],[78.8067,27.1438],[78.7384,27.2441],[78.7203,27.3442],[78.5994,27.5082],[78.5977,27.5044],[78.5432,27.4424],[78.4641,27.4254],[78.4779,27.3431],[78.3995,27.372],[78.2793,27.3218],[78.1988,27.2005]]]},"properties":{"state_name":"Uttar Pradesh","pc_name":"FIROZABAD","pc_no":20,"state":"uttar-pradesh","id":411}},{"type":"Feature","geometry":{"type":"Polygon","coordinates":[[[78.8491,26.8176],[78.9623,26.8299],[79.0489,26.8828],[79.1665,26.8509],[79.3382,26.8004],[79.3485,26.9344],[79.325,26.9599],[79.4247,27.0623],[79.3962,27.1968],[79.3772,27.2039],[79.3196,27.2783],[79.2553,27.3304],[79.0551,27.4208],[78.9603,27.4182],[78.9008,27.4679],[78.8346,27.3613],[78.7646,27.3371],[78.7203,27.3442],[78.7384,27.2441],[78.8067,27.1438],[78.762,27.0525],[78.8062,26.9586],[78.7456,26.9142],[78.8491,26.8176]]]},"properties":{"state_name":"Uttar Pradesh","pc_name":"MAINPURI","pc_no":21,"state":"uttar-pradesh","id":412}},{"type":"Feature","geometry":{"type":"Polygon","coordinates":[[[78.5285,27.9057],[78.4748,27.8086],[78.5182,27.7351],[78.5051,27.6233],[78.4349,27.5908],[78.5542,27.5551],[78.5977,27.5044],[78.5994,27.5082],[78.7203,27.3442],[78.7646,27.3371],[78.8346,27.3613],[78.9008,27.4679],[78.8925,27.5534],[79.0323,27.5812],[79.114,27.5569],[79.2068,27.5807],[79.1371,27.6426],[79.1815,27.7153],[79.1475,27.8292],[78.918,27.8499],[78.9137,27.8812],[78.8996,27.8998],[78.8431,27.9293],[78.7667,27.963],[78.6077,28.0178],[78.5285,27.9057]]]},"properties":{"state_name":"Uttar Pradesh","pc_name":"ETAH","pc_no":22,"state":"uttar-pradesh","id":413}},{"type":"Feature","geometry":{"type":"Polygon","coordinates":[[[78.9414,28.4599],[78.8671,28.4654],[78.7881,28.3942],[78.6637,28.336],[78.6266,28.3307],[78.523,28.3503],[78.4123,28.461],[78.296,28.4259],[78.2749,28.3683],[78.3129,28.2751],[78.4891,28.0989],[78.5823,28.0612],[78.6077,28.0178],[78.7667,27.963],[78.8431,27.9293],[78.8996,27.8998],[79.0922,28.0482],[79.2999,28.0335],[79.3277,28.1628],[79.2058,28.2032],[79.1445,28.1909],[79.0939,28.2522],[79.0667,28.3737],[78.9698,28.4221],[78.9414,28.4599]]]},"properties":{"state_name":"Uttar Pradesh","pc_name":"BADAUN","pc_no":23,"state":"uttar-pradesh","id":414}},{"type":"Feature","geometry":{"type":"Polygon","coordinates":[[[78.9698,28.4221],[79.0667,28.3737],[79.0939,28.2522],[79.1445,28.1909],[79.2058,28.2032],[79.3277,28.1628],[79.2999,28.0335],[79.0922,28.0482],[78.8996,27.8998],[78.9137,27.8812],[78.918,27.8499],[79.1475,27.8292],[79.1815,27.7153],[79.2226,27.6959],[79.3522,27.6582],[79.3589,27.7995],[79.4732,27.8562],[79.4698,27.986],[79.5038,28.0156],[79.6571,28.0935],[79.6356,28.1447],[79.7094,28.2532],[79.6965,28.3845],[79.5801,28.3557],[79.5369,28.4372],[79.4564,28.3546],[79.3774,28.3462],[79.3452,28.3804],[79.2594,28.4027],[79.1047,28.5085],[78.9698,28.4221]]]},"properties":{"state_name":"Uttar Pradesh","pc_name":"AONLA","pc_no":24,"state":"uttar-pradesh","id":415}},{"type":"Feature","geometry":{"type":"Polygon","coordinates":[[[79.1047,28.5085],[79.2594,28.4027],[79.3452,28.3804],[79.3774,28.3462],[79.4564,28.3546],[79.5369,28.4372],[79.5801,28.3557],[79.6965,28.3845],[79.7535,28.4263],[79.7142,28.5218],[79.6215,28.6413],[79.5412,28.6178],[79.5444,28.6837],[79.3986,28.7269],[79.3564,28.7066],[79.3802,28.7717],[79.3064,28.7424],[79.205,28.5719],[79.1656,28.5604],[79.1047,28.5085]]]},"properties":{"state_name":"Uttar Pradesh","pc_name":"BAREILLY","pc_no":25,"state":"uttar-pradesh","id":416}},{"type":"Feature","geometry":{"type":"Polygon","coordinates":[[[79.3802,28.7717],[79.3564,28.7066],[79.3986,28.7269],[79.5444,28.6837],[79.5412,28.6178],[79.6215,28.6413],[79.7142,28.5218],[79.7535,28.4263],[79.6965,28.3845],[79.7094,28.2532],[79.7786,28.1656],[79.8967,28.1401],[79.9961,28.1605],[79.9731,28.304],[80.0073,28.3779],[80.1452,28.402],[80.1839,28.358],[80.3084,28.4638],[80.4495,28.5138],[80.3279,28.6723],[80.2691,28.7436],[80.0651,28.8362],[80.0066,28.7411],[79.863,28.8404],[79.8105,28.7988],[79.822,28.8863],[79.7262,28.8608],[79.6835,28.85],[79.5841,28.8463],[79.554,28.8942],[79.4223,28.9012],[79.3802,28.7717]]]},"properties":{"state_name":"Uttar Pradesh","pc_name":"PILIBHIT","pc_no":26,"state":"uttar-pradesh","id":417}},{"type":"Feature","geometry":{"type":"Polygon","coordinates":[[[79.3522,27.6582],[79.5318,27.5926],[79.6479,27.6379],[79.6623,27.4977],[79.737,27.4449],[79.7169,27.586],[79.6842,27.6252],[79.736,27.7192],[79.8592,27.6497],[79.9604,27.7307],[80.0594,27.7695],[80.052,27.873],[80.0338,27.9089],[80.1601,28.0228],[80.2983,28.1616],[80.3055,28.2691],[80.3679,28.336],[80.3084,28.4638],[80.1839,28.358],[80.1452,28.402],[80.0073,28.3779],[79.9731,28.304],[79.9961,28.1605],[79.8967,28.1401],[79.7786,28.1656],[79.7094,28.2532],[79.6356,28.1447],[79.6571,28.0935],[79.5038,28.0156],[79.4698,27.986],[79.4732,27.8562],[79.3589,27.7995],[79.3522,27.6582]]]},"properties":{"state_name":"Uttar Pradesh","pc_name":"SHAHJAHANPUR (SC)","pc_no":27,"state":"uttar-pradesh","id":418}},{"type":"Feature","geometry":{"type":"Polygon","coordinates":[[[80.3084,28.4638],[80.3679,28.336],[80.3055,28.2691],[80.2983,28.1616],[80.3508,27.9947],[80.2747,27.9475],[80.3272,27.8428],[80.4518,27.9564],[80.5396,27.9529],[80.6741,27.92],[80.7219,27.8083],[80.8259,27.791],[80.9576,27.8997],[81.0026,27.8242],[81.0266,27.9063],[80.9822,28.0057],[80.9264,28.102],[81.0248,28.0825],[81.1452,28.151],[81.0344,28.2895],[81.0565,28.404],[80.8663,28.4967],[80.701,28.5755],[80.6587,28.6377],[80.507,28.6659],[80.4606,28.6244],[80.3279,28.6723],[80.4495,28.5138],[80.3084,28.4638]]]},"properties":{"state_name":"Uttar Pradesh","pc_name":"KHERI","pc_no":28,"state":"uttar-pradesh","id":419}},{"type":"Feature","geometry":{"type":"Polygon","coordinates":[[[80.0594,27.7695],[80.1318,27.7542],[80.2013,27.7758],[80.2883,27.7083],[80.3101,27.6794],[80.3251,27.5222],[80.3625,27.4811],[80.3974,27.5214],[80.5472,27.5074],[80.5819,27.5691],[80.6752,27.608],[80.794,27.576],[80.809,27.7351],[81.0247,27.7282],[81.1045,27.797],[81.1798,27.7842],[81.203,27.7189],[81.2789,27.6759],[81.2793,27.7569],[81.2803,27.8647],[81.3042,27.9048],[81.196,28.0076],[81.1954,28.0946],[81.1452,28.151],[81.0248,28.0825],[80.9264,28.102],[80.9822,28.0057],[81.0266,27.9063],[81.0026,27.8242],[80.9576,27.8997],[80.8259,27.791],[80.7219,27.8083],[80.6741,27.92],[80.5396,27.9529],[80.4518,27.9564],[80.3272,27.8428],[80.2747,27.9475],[80.3508,27.9947],[80.2983,28.1616],[80.1601,28.0228],[80.0338,27.9089],[80.052,27.873],[80.0594,27.7695]]]},"properties":{"state_name":"Uttar Pradesh","pc_name":"DHAURAHRA","pc_no":29,"state":"uttar-pradesh","id":420}},{"type":"Feature","geometry":{"type":"Polygon","coordinates":[[[80.5472,27.5074],[80.6608,27.5047],[80.7976,27.4205],[80.8039,27.4193],[80.8621,27.343],[80.9901,27.4068],[81.0114,27.3537],[80.9689,27.2402],[81.1828,27.2455],[81.2839,27.3495],[81.3176,27.2855],[81.4109,27.3351],[81.2723,27.5893],[81.2789,27.6759],[81.203,27.7189],[81.1798,27.7842],[81.1045,27.797],[81.0247,27.7282],[80.809,27.7351],[80.794,27.576],[80.6752,27.608],[80.5819,27.5691],[80.5472,27.5074]]]},"properties":{"state_name":"Uttar Pradesh","pc_name":"SITAPUR","pc_no":30,"state":"uttar-pradesh","id":421}},{"type":"Feature","geometry":{"type":"Polygon","coordinates":[[[79.737,27.4449],[79.6914,27.3899],[79.7313,27.2817],[79.6959,27.2498],[79.7156,27.2223],[79.7635,27.1975],[79.9103,27.135],[79.9131,27.1586],[80.0558,27.2031],[80.2536,27.1507],[80.4004,27.3348],[80.4536,27.3597],[80.3625,27.4811],[80.3251,27.5222],[80.3101,27.6794],[80.2883,27.7083],[80.2013,27.7758],[80.1318,27.7542],[80.0594,27.7695],[79.9604,27.7307],[79.8592,27.6497],[79.736,27.7192],[79.6842,27.6252],[79.7169,27.586],[79.737,27.4449]]]},"properties":{"state_name":"Uttar Pradesh","pc_name":"HARDOI (SC)","pc_no":31,"state":"uttar-pradesh","id":422}},{"type":"Feature","geometry":{"type":"Polygon","coordinates":[[[80.3625,27.4811],[80.4536,27.3597],[80.4004,27.3348],[80.2536,27.1507],[80.0558,27.2031],[79.9131,27.1586],[79.9103,27.135],[79.9512,27.1141],[80.016,26.9551],[79.9448,26.9452],[79.8931,26.8244],[79.9407,26.7964],[80.0256,26.6069],[80.1634,26.5225],[80.2798,26.6373],[80.2988,26.6777],[80.1975,26.6997],[80.1176,26.7749],[80.1423,26.8595],[80.0445,26.9251],[80.1136,26.9965],[80.1899,26.9613],[80.2837,27.0293],[80.3995,26.9113],[80.4709,26.979],[80.4904,26.9896],[80.5604,27.0104],[80.6465,27.0782],[80.827,27.0999],[80.7977,27.1998],[80.6556,27.2267],[80.622,27.2646],[80.7074,27.2922],[80.7341,27.375],[80.7976,27.4205],[80.6608,27.5047],[80.5472,27.5074],[80.3974,27.5214],[80.3625,27.4811]]]},"properties":{"state_name":"Uttar Pradesh","pc_name":"MISRIKH (SC)","pc_no":32,"state":"uttar-pradesh","id":423}},{"type":"Feature","geometry":{"type":"Polygon","coordinates":[[[80.2798,26.6373],[80.3343,26.5244],[80.3793,26.4953],[80.3697,26.4732],[80.4106,26.4331],[80.4282,26.4182],[80.5164,26.359],[80.5915,26.231],[80.6439,26.1315],[80.6702,26.1028],[80.685,26.1442],[80.823,26.2206],[80.8859,26.2935],[80.8446,26.3713],[80.9475,26.3483],[81.0291,26.3977],[81.0045,26.5272],[80.871,26.6425],[80.7994,26.6482],[80.7283,26.6562],[80.6915,26.8452],[80.6267,26.8892],[80.5604,27.0104],[80.4904,26.9896],[80.4709,26.979],[80.3995,26.9113],[80.2837,27.0293],[80.1899,26.9613],[80.1136,26.9965],[80.0445,26.9251],[80.1423,26.8595],[80.1176,26.7749],[80.1975,26.6997],[80.2988,26.6777],[80.2798,26.6373]]]},"properties":{"state_name":"Uttar Pradesh","pc_name":"UNNAO","pc_no":33,"state":"uttar-pradesh","id":424}},{"type":"Feature","geometry":{"type":"Polygon","coordinates":[[[80.7976,27.4205],[80.7341,27.375],[80.7074,27.2922],[80.622,27.2646],[80.6556,27.2267],[80.7977,27.1998],[80.827,27.0999],[80.6465,27.0782],[80.5604,27.0104],[80.6267,26.8892],[80.6915,26.8452],[80.7283,26.6562],[80.7994,26.6482],[80.871,26.6425],[81.0045,26.5272],[81.0526,26.5057],[81.166,26.5957],[81.2144,26.7225],[81.1207,26.8358],[81.0901,26.8361],[81.0982,26.8838],[81.0274,26.9859],[81.0091,27.1426],[80.9306,27.1587],[80.9689,27.2402],[81.0114,27.3537],[80.9901,27.4068],[80.8621,27.343],[80.8039,27.4193],[80.7976,27.4205]],[[81.0018,26.8224],[80.8714,26.7929],[80.8618,26.7984],[80.8404,26.8713],[80.8652,26.9146],[80.8832,26.8925],[80.981,26.9258],[81.0086,26.846],[80.969,26.8335],[81.0018,26.8224]]]},"properties":{"state_name":"Uttar Pradesh","pc_name":"MOHANLALGANJ (SC)","pc_no":34,"state":"uttar-pradesh","id":425}},{"type":"Feature","geometry":{"type":"Polygon","coordinates":[[[81.0018,26.8224],[80.969,26.8335],[81.0086,26.846],[80.981,26.9258],[80.8832,26.8925],[80.8652,26.9146],[80.8404,26.8713],[80.8618,26.7984],[80.8714,26.7929],[81.0018,26.8224]]]},"properties":{"state_name":"Uttar Pradesh","pc_name":"LUCKNOW","pc_no":35,"state":"uttar-pradesh","id":426}},{"type":"Feature","geometry":{"type":"Polygon","coordinates":[[[80.6702,26.1028],[80.8005,26.0655],[80.8228,26.0214],[80.8746,26.0546],[80.9983,26.0776],[81.0438,26.0364],[81.1181,25.9696],[81.2163,25.9398],[81.2134,25.8743],[81.3383,25.8107],[81.4394,25.9188],[81.447,25.9366],[81.3138,26.0008],[81.3481,26.0533],[81.3912,26.2151],[81.3803,26.3307],[81.4115,26.4182],[81.3425,26.5461],[81.166,26.5957],[81.0526,26.5057],[81.0045,26.5272],[81.0291,26.3977],[80.9475,26.3483],[80.8446,26.3713],[80.8859,26.2935],[80.823,26.2206],[80.685,26.1442],[80.6702,26.1028]]]},"properties":{"state_name":"Uttar Pradesh","pc_name":"RAE BARELI","pc_no":36,"state":"uttar-pradesh","id":427}},{"type":"Feature","geometry":{"type":"Polygon","coordinates":[[[81.447,25.9366],[81.5599,25.9953],[81.5491,26.1321],[81.6181,26.1806],[81.6828,26.1138],[81.7666,26.0545],[81.8579,26.0463],[81.8845,26.0817],[82.0521,26.0557],[82.0444,26.1527],[81.9838,26.1867],[81.8402,26.2868],[81.8675,26.3713],[81.8054,26.4306],[81.8936,26.5131],[81.7025,26.5883],[81.6425,26.6398],[81.5587,26.6421],[81.5417,26.5255],[81.3915,26.5754],[81.3425,26.5461],[81.4115,26.4182],[81.3803,26.3307],[81.3912,26.2151],[81.3481,26.0533],[81.3138,26.0008],[81.447,25.9366]]]},"properties":{"state_name":"Uttar Pradesh","pc_name":"AMETHI","pc_no":37,"state":"uttar-pradesh","id":428}},{"type":"Feature","geometry":{"type":"Polygon","coordinates":[[[82.0521,26.0557],[82.1159,26.0658],[82.3991,26.0247],[82.4349,26.0067],[82.4984,25.9749],[82.511,26.0309],[82.4357,26.0998],[82.5425,26.1372],[82.6109,26.1957],[82.6786,26.1519],[82.6788,26.2563],[82.5518,26.287],[82.4949,26.2862],[82.4208,26.3183],[82.3729,26.3819],[82.2189,26.4094],[82.1646,26.4308],[82.0905,26.4775],[82.0077,26.4929],[81.8936,26.5131],[81.8054,26.4306],[81.8675,26.3713],[81.8402,26.2868],[81.9838,26.1867],[82.0444,26.1527],[82.0521,26.0557]]]},"properties":{"state_name":"Uttar Pradesh","pc_name":"SULTANPUR","pc_no":38,"state":"uttar-pradesh","id":429}},{"type":"Feature","geometry":{"type":"Polygon","coordinates":[[[81.4394,25.9188],[81.5462,25.9112],[81.6541,25.944],[81.733,25.8927],[81.7648,25.785],[81.7774,25.7441],[81.862,25.717],[81.9303,25.7531],[82.021,25.7427],[82.0624,25.6567],[82.1608,25.68],[82.2037,25.8225],[82.2158,25.8378],[82.372,25.913],[82.4349,26.0067],[82.3991,26.0247],[82.1159,26.0658],[82.0521,26.0557],[81.8845,26.0817],[81.8579,26.0463],[81.7666,26.0545],[81.6828,26.1138],[81.6181,26.1806],[81.5491,26.1321],[81.5599,25.9953],[81.447,25.9366],[81.4394,25.9188]]]},"properties":{"state_name":"Uttar Pradesh","pc_name":"PRATAPGARH","pc_no":39,"state":"uttar-pradesh","id":430}},{"type":"Feature","geometry":{"type":"Polygon","coordinates":[[[79.3962,27.1968],[79.5188,27.2089],[79.5552,27.1569],[79.7156,27.2223],[79.6959,27.2498],[79.7313,27.2817],[79.6914,27.3899],[79.737,27.4449],[79.6623,27.4977],[79.6479,27.6379],[79.5318,27.5926],[79.3522,27.6582],[79.2226,27.6959],[79.1815,27.7153],[79.1371,27.6426],[79.2068,27.5807],[79.114,27.5569],[79.0323,27.5812],[78.8925,27.5534],[78.9008,27.4679],[78.9603,27.4182],[79.0551,27.4208],[79.2553,27.3304],[79.3196,27.2783],[79.3772,27.2039],[79.3962,27.1968]]]},"properties":{"state_name":"Uttar Pradesh","pc_name":"FARRUKHABAD","pc_no":40,"state":"uttar-pradesh","id":431}},{"type":"Feature","geometry":{"type":"Polygon","coordinates":[[[79.135,26.4399],[79.2315,26.4266],[79.3236,26.3985],[79.4036,26.4242],[79.5059,26.3642],[79.5287,26.2958],[79.656,26.2095],[79.8048,26.3513],[79.8486,26.3626],[79.9041,26.4323],[79.924,26.5303],[79.8087,26.5694],[79.7047,26.4916],[79.6384,26.5291],[79.6337,26.5902],[79.5817,26.6068],[79.5256,26.7705],[79.4406,26.7544],[79.3349,26.7902],[79.3382,26.8004],[79.1665,26.8509],[79.0489,26.8828],[78.9623,26.8299],[78.8491,26.8176],[78.7797,26.7587],[79.004,26.6287],[79.0105,26.5544],[79.135,26.4399]]]},"properties":{"state_name":"Uttar Pradesh","pc_name":"ETAWAH (SC)","pc_no":41,"state":"uttar-pradesh","id":432}},{"type":"Feature","geometry":{"type":"Polygon","coordinates":[[[79.3382,26.8004],[79.3349,26.7902],[79.4406,26.7544],[79.5256,26.7705],[79.5817,26.6068],[79.6337,26.5902],[79.6384,26.5291],[79.7047,26.4916],[79.8087,26.5694],[79.924,26.5303],[80.0256,26.6069],[79.9407,26.7964],[79.8931,26.8244],[79.9448,26.9452],[80.016,26.9551],[79.9512,27.1141],[79.9103,27.135],[79.7635,27.1975],[79.7156,27.2223],[79.5552,27.1569],[79.5188,27.2089],[79.3962,27.1968],[79.4247,27.0623],[79.325,26.9599],[79.3485,26.9344],[79.3382,26.8004]]]},"properties":{"state_name":"Uttar Pradesh","pc_name":"KANNAUJ","pc_no":42,"state":"uttar-pradesh","id":433}},{"type":"Feature","geometry":{"type":"Polygon","coordinates":[[[80.3793,26.4953],[80.3397,26.4846],[80.3186,26.4658],[80.2309,26.4476],[80.2832,26.4116],[80.2857,26.4106],[80.3321,26.4136],[80.4106,26.4331],[80.3697,26.4732],[80.3793,26.4953]]]},"properties":{"state_name":"Uttar Pradesh","pc_name":"KANPUR","pc_no":43,"state":"uttar-pradesh","id":434}},{"type":"Feature","geometry":{"type":"Polygon","coordinates":[[[80.0256,26.6069],[79.924,26.5303],[79.9041,26.4323],[79.8486,26.3626],[79.9608,26.273],[80.0334,26.3423],[80.1376,26.3678],[80.1606,26.2919],[80.0141,26.2546],[79.9641,26.1524],[79.9566,26.0753],[80.0436,26.0731],[80.0845,25.9977],[80.2375,25.9238],[80.2544,26.0453],[80.3694,26.1405],[80.4695,26.1827],[80.5915,26.231],[80.5164,26.359],[80.4282,26.4182],[80.4106,26.4331],[80.3321,26.4136],[80.2857,26.4106],[80.2832,26.4116],[80.2309,26.4476],[80.3186,26.4658],[80.3397,26.4846],[80.3793,26.4953],[80.3343,26.5244],[80.2798,26.6373],[80.1634,26.5225],[80.0256,26.6069]]]},"properties":{"state_name":"Uttar Pradesh","pc_name":"AKBARPUR","pc_no":44,"state":"uttar-pradesh","id":435}},{"type":"Feature","geometry":{"type":"Polygon","coordinates":[[[78.819,25.6449],[78.9179,25.5989],[78.9841,25.6401],[79.0415,25.6929],[79.1576,25.6457],[79.1343,25.5853],[79.2396,25.5071],[79.2053,25.3811],[79.2944,25.3581],[79.3892,25.523],[79.3552,25.6439],[79.3961,25.7955],[79.6127,25.9064],[79.6238,25.9325],[79.8706,25.882],[79.8663,25.9359],[79.9545,26.0232],[79.9188,26.0904],[79.9641,26.1524],[80.0141,26.2546],[80.1606,26.2919],[80.1376,26.3678],[80.0334,26.3423],[79.9608,26.273],[79.8486,26.3626],[79.8048,26.3513],[79.656,26.2095],[79.5287,26.2958],[79.5059,26.3642],[79.4036,26.4242],[79.3236,26.3985],[79.2315,26.4266],[79.135,26.4399],[79.0982,26.4124],[79.1155,26.3205],[78.9583,26.1279],[78.9363,25.9523],[78.8832,25.9089],[78.8574,25.7916],[78.763,25.7204],[78.819,25.6449]]]},"properties":{"state_name":"Uttar Pradesh","pc_name":"JALAUN (SC)","pc_no":45,"state":"uttar-pradesh","id":436}},{"type":"Feature","geometry":{"type":"Polygon","coordinates":[[[78.449,25.5641],[78.4308,25.4736],[78.3199,25.3836],[78.3117,25.3031],[78.3722,25.2595],[78.4468,25.1218],[78.3385,25.0858],[78.3326,24.9942],[78.1732,24.8787],[78.1751,24.8456],[78.2765,24.6633],[78.2259,24.5301],[78.2652,24.4521],[78.3204,24.4099],[78.3291,24.3273],[78.3878,24.2688],[78.5007,24.3894],[78.5959,24.3353],[78.7026,24.2269],[78.7898,24.1771],[78.9166,24.2689],[78.9917,24.4177],[78.9858,24.4413],[78.9142,24.4595],[78.9528,24.5468],[78.8831,24.6411],[78.7519,24.6001],[78.7811,24.7073],[78.774,24.8511],[78.715,24.8795],[78.6365,24.9592],[78.6526,25.0502],[78.6024,25.0944],[78.5802,25.1912],[78.5563,25.2106],[78.5312,25.3001],[78.5652,25.3855],[78.662,25.4409],[78.7141,25.3725],[78.7965,25.483],[78.8665,25.4658],[78.904,25.5515],[78.9441,25.4827],[78.8195,25.3068],[78.8265,25.255],[78.863,25.3144],[78.961,25.345],[78.8706,25.1869],[78.8841,25.1587],[78.9707,25.2163],[79.1732,25.1077],[79.3233,25.1498],[79.2837,25.1928],[79.2789,25.324],[79.2944,25.3581],[79.2053,25.3811],[79.2396,25.5071],[79.1343,25.5853],[79.1576,25.6457],[79.0415,25.6929],[78.9841,25.6401],[78.9179,25.5989],[78.819,25.6449],[78.6578,25.5596],[78.5316,25.571],[78.449,25.5641]]]},"properties":{"state_name":"Uttar Pradesh","pc_name":"JHANSI","pc_no":46,"state":"uttar-pradesh","id":437}},{"type":"Feature","geometry":{"type":"Polygon","coordinates":[[[79.8418,25.0955],[79.853,25.2248],[79.9742,25.2647],[80.0336,25.3423],[80.1045,25.3496],[80.2944,25.4106],[80.5008,25.4784],[80.5783,25.6019],[80.6781,25.6963],[80.5669,25.7189],[80.4697,25.8123],[80.5549,25.8659],[80.4053,25.9135],[80.3457,25.9],[80.2375,25.9238],[80.0845,25.9977],[80.0436,26.0731],[79.9566,26.0753],[79.9641,26.1524],[79.9188,26.0904],[79.9545,26.0232],[79.8663,25.9359],[79.8706,25.882],[79.6238,25.9325],[79.6127,25.9064],[79.3961,25.7955],[79.3552,25.6439],[79.3892,25.523],[79.2944,25.3581],[79.2789,25.324],[79.3522,25.3299],[79.4462,25.2442],[79.3929,25.1168],[79.5252,25.0974],[79.6065,25.1502],[79.7493,25.1394],[79.8418,25.0955]]]},"properties":{"state_name":"Uttar Pradesh","pc_name":"HAMIRPUR","pc_no":47,"state":"uttar-pradesh","id":438}},{"type":"Feature","geometry":{"type":"Polygon","coordinates":[[[80.4774,24.9763],[80.5308,25.0014],[80.5924,25.1033],[80.7189,25.0638],[80.735,25.1395],[80.9076,25.1591],[80.8099,24.9526],[80.861,24.9288],[81.0845,24.9499],[81.1229,24.8993],[81.2153,24.9329],[81.2211,24.9976],[81.2896,25.1687],[81.3575,25.17],[81.4287,25.1047],[81.5402,25.1859],[81.5499,25.292],[81.4978,25.2679],[81.3885,25.2734],[81.3877,25.3342],[81.1496,25.3972],[81.1877,25.4476],[81.1892,25.4902],[81.0206,25.5471],[81.022,25.6351],[80.9484,25.6688],[80.6781,25.6963],[80.5783,25.6019],[80.5008,25.4784],[80.2944,25.4106],[80.3111,25.2862],[80.3742,25.2439],[80.4306,25.1732],[80.3548,25.1385],[80.3555,25.0556],[80.2735,25.0261],[80.3346,25.0003],[80.4523,25.0748],[80.4774,24.9763]]]},"properties":{"state_name":"Uttar Pradesh","pc_name":"BANDA","pc_no":48,"state":"uttar-pradesh","id":439}},{"type":"Feature","geometry":{"type":"Polygon","coordinates":[[[80.5915,26.231],[80.4695,26.1827],[80.3694,26.1405],[80.2544,26.0453],[80.2375,25.9238],[80.3457,25.9],[80.4053,25.9135],[80.5549,25.8659],[80.4697,25.8123],[80.5669,25.7189],[80.6781,25.6963],[80.9484,25.6688],[81.022,25.6351],[81.0206,25.5471],[81.1892,25.4902],[81.1877,25.4476],[81.2495,25.522],[81.2069,25.5984],[81.2697,25.7558],[81.3383,25.8107],[81.2134,25.8743],[81.2163,25.9398],[81.1181,25.9696],[81.0438,26.0364],[80.9983,26.0776],[80.8746,26.0546],[80.8228,26.0214],[80.8005,26.0655],[80.6702,26.1028],[80.6439,26.1315],[80.5915,26.231]]]},"properties":{"state_name":"Uttar Pradesh","pc_name":"FATEHPUR","pc_no":49,"state":"uttar-pradesh","id":440}},{"type":"Feature","geometry":{"type":"Polygon","coordinates":[[[81.3383,25.8107],[81.2697,25.7558],[81.2069,25.5984],[81.2495,25.522],[81.1877,25.4476],[81.1496,25.3972],[81.3877,25.3342],[81.3885,25.2734],[81.4978,25.2679],[81.5499,25.292],[81.6295,25.351],[81.8131,25.3393],[81.8214,25.4129],[81.8105,25.4288],[81.7996,25.4708],[81.642,25.5255],[81.6102,25.5977],[81.752,25.6687],[81.7774,25.7441],[81.7648,25.785],[81.733,25.8927],[81.6541,25.944],[81.5462,25.9112],[81.4394,25.9188],[81.3383,25.8107]]]},"properties":{"state_name":"Uttar Pradesh","pc_name":"KAUSHAMBI (SC)","pc_no":50,"state":"uttar-pradesh","id":441}},{"type":"Feature","geometry":{"type":"Polygon","coordinates":[[[81.7774,25.7441],[81.752,25.6687],[81.6102,25.5977],[81.642,25.5255],[81.7996,25.4708],[81.8105,25.4288],[81.8557,25.4556],[81.8953,25.4418],[81.8793,25.4289],[81.9521,25.3327],[82.0733,25.3401],[82.094,25.3702],[82.0406,25.4263],[82.1205,25.5258],[82.0612,25.6321],[82.0624,25.6567],[82.021,25.7427],[81.9303,25.7531],[81.862,25.717],[81.7774,25.7441]]]},"properties":{"state_name":"Uttar Pradesh","pc_name":"PHULPUR","pc_no":51,"state":"uttar-pradesh","id":442}},{"type":"Feature","geometry":{"type":"Polygon","coordinates":[[[82.1067,24.8043],[82.1019,24.8622],[82.2645,24.9645],[82.2958,25.0488],[82.2683,25.1827],[82.2218,25.2734],[82.152,25.3209],[82.0778,25.2878],[82.0733,25.3401],[81.9521,25.3327],[81.8793,25.4289],[81.8953,25.4418],[81.8557,25.4556],[81.8105,25.4288],[81.8214,25.4129],[81.8131,25.3393],[81.6295,25.351],[81.5499,25.292],[81.5402,25.1859],[81.7076,25.0351],[81.7424,25.0388],[81.8911,24.9958],[81.9031,24.8919],[81.9529,24.8414],[82.1067,24.8043]]]},"properties":{"state_name":"Uttar Pradesh","pc_name":"ALLAHABAD","pc_no":52,"state":"uttar-pradesh","id":443}},{"type":"Feature","geometry":{"type":"Polygon","coordinates":[[[80.9689,27.2402],[80.9306,27.1587],[81.0091,27.1426],[81.0274,26.9859],[81.0982,26.8838],[81.0901,26.8361],[81.1207,26.8358],[81.2144,26.7225],[81.166,26.5957],[81.3425,26.5461],[81.3915,26.5754],[81.5417,26.5255],[81.5587,26.6421],[81.5571,26.6875],[81.4471,26.6749],[81.4514,26.7644],[81.3704,26.9109],[81.5659,27.0202],[81.5049,27.059],[81.447,27.1309],[81.4198,27.3306],[81.4109,27.3351],[81.3176,27.2855],[81.2839,27.3495],[81.1828,27.2455],[80.9689,27.2402]]]},"properties":{"state_name":"Uttar Pradesh","pc_name":"BARABANKI (SC)","pc_no":53,"state":"uttar-pradesh","id":444}},{"type":"Feature","geometry":{"type":"Polygon","coordinates":[[[81.8936,26.5131],[82.0077,26.4929],[82.0764,26.571],[82.2061,26.5277],[82.2335,26.5728],[82.1764,26.6609],[82.2457,26.615],[82.3741,26.7127],[82.229,26.8124],[82.1862,26.8371],[82.0653,26.8076],[81.9939,26.7861],[81.8553,26.8386],[81.7816,26.8708],[81.7665,26.8846],[81.5659,27.0202],[81.3704,26.9109],[81.4514,26.7644],[81.4471,26.6749],[81.5571,26.6875],[81.5587,26.6421],[81.6425,26.6398],[81.7025,26.5883],[81.8936,26.5131]]]},"properties":{"state_name":"Uttar Pradesh","pc_name":"FAIZABAD","pc_no":54,"state":"uttar-pradesh","id":445}},{"type":"Feature","geometry":{"type":"Polygon","coordinates":[[[82.6788,26.2563],[82.786,26.1876],[82.8859,26.1857],[82.8902,26.3384],[82.8061,26.3953],[82.7859,26.4686],[82.8796,26.5238],[82.8778,26.5262],[82.8292,26.5875],[82.7606,26.5587],[82.6373,26.5942],[82.6032,26.608],[82.4799,26.6695],[82.4781,26.6682],[82.3741,26.7127],[82.2457,26.615],[82.1764,26.6609],[82.2335,26.5728],[82.2061,26.5277],[82.0764,26.571],[82.0077,26.4929],[82.0905,26.4775],[82.1646,26.4308],[82.2189,26.4094],[82.3729,26.3819],[82.4208,26.3183],[82.4949,26.2862],[82.5518,26.287],[82.6788,26.2563]]]},"properties":{"state_name":"Uttar Pradesh","pc_name":"AMBEDKAR NAGAR","pc_no":55,"state":"uttar-pradesh","id":446}},{"type":"Feature","geometry":{"type":"Polygon","coordinates":[[[81.1452,28.151],[81.1954,28.0946],[81.196,28.0076],[81.3042,27.9048],[81.2803,27.8647],[81.2793,27.7569],[81.2789,27.6759],[81.2723,27.5893],[81.4109,27.3351],[81.4198,27.3306],[81.5516,27.4968],[81.6399,27.4092],[81.8522,27.4882],[81.8799,27.5288],[81.7663,27.5297],[81.6431,27.623],[81.689,27.7178],[81.6219,27.8443],[81.6845,27.9032],[81.6896,27.9083],[81.7482,27.9484],[81.5315,28.0562],[81.4274,28.1712],[81.3187,28.202],[81.2387,28.2811],[81.214,28.3576],[81.0565,28.404],[81.0344,28.2895],[81.1452,28.151]]]},"properties":{"state_name":"Uttar Pradesh","pc_name":"BAHRAICH (SC)","pc_no":56,"state":"uttar-pradesh","id":447}},{"type":"Feature","geometry":{"type":"Polygon","coordinates":[[[81.5659,27.0202],[81.7665,26.8846],[81.7816,26.8708],[81.8553,26.8386],[81.9939,26.7861],[82.116,26.9271],[82.0093,27.0548],[81.9544,27.1182],[81.8666,27.1181],[81.9095,27.2372],[81.9984,27.2711],[81.9134,27.352],[81.9778,27.4355],[81.9941,27.4827],[81.8799,27.5288],[81.8522,27.4882],[81.6399,27.4092],[81.5516,27.4968],[81.4198,27.3306],[81.447,27.1309],[81.5049,27.059],[81.5659,27.0202]]]},"properties":{"state_name":"Uttar Pradesh","pc_name":"KAISERGANJ","pc_no":57,"state":"uttar-pradesh","id":448}},{"type":"Feature","geometry":{"type":"Polygon","coordinates":[[[81.8799,27.5288],[81.9941,27.4827],[81.9778,27.4355],[82.0739,27.4049],[82.3063,27.2236],[82.3592,27.3529],[82.4041,27.3743],[82.487,27.3412],[82.5838,27.4227],[82.694,27.4089],[82.7362,27.5027],[82.7542,27.5854],[82.6993,27.7221],[82.447,27.6814],[82.2052,27.8444],[82.0696,27.9235],[81.968,27.9289],[81.8851,27.8562],[81.7482,27.9484],[81.6896,27.9083],[81.6845,27.9032],[81.6219,27.8443],[81.689,27.7178],[81.6431,27.623],[81.7663,27.5297],[81.8799,27.5288]]]},"properties":{"state_name":"Uttar Pradesh","pc_name":"SHRAWASTI","pc_no":58,"state":"uttar-pradesh","id":449}},{"type":"Feature","geometry":{"type":"Polygon","coordinates":[[[82.229,26.8124],[82.2339,26.92],[82.2999,26.9637],[82.4884,26.9057],[82.5833,26.9964],[82.563,27.0772],[82.4794,27.1523],[82.5529,27.2152],[82.487,27.3412],[82.4041,27.3743],[82.3592,27.3529],[82.3063,27.2236],[82.0739,27.4049],[81.9778,27.4355],[81.9134,27.352],[81.9984,27.2711],[81.9095,27.2372],[81.8666,27.1181],[81.9544,27.1182],[82.0093,27.0548],[82.116,26.9271],[81.9939,26.7861],[82.0653,26.8076],[82.1862,26.8371],[82.229,26.8124]]]},"properties":{"state_name":"Uttar Pradesh","pc_name":"GONDA","pc_no":59,"state":"uttar-pradesh","id":450}},{"type":"Feature","geometry":{"type":"Polygon","coordinates":[[[82.487,27.3412],[82.5529,27.2152],[82.4794,27.1523],[82.563,27.0772],[82.671,27.125],[82.7995,27.0731],[82.8721,27.0391],[82.9029,27.0214],[82.9491,27.0271],[83.0325,27.0961],[83.1238,27.1006],[83.1284,27.141],[83.1286,27.1416],[83.2928,27.3361],[83.1882,27.4539],[83.1042,27.4542],[82.9668,27.4643],[82.9298,27.5013],[82.7362,27.5027],[82.694,27.4089],[82.5838,27.4227],[82.487,27.3412]]]},"properties":{"state_name":"Uttar Pradesh","pc_name":"DOMARIYAGANJ","pc_no":60,"state":"uttar-pradesh","id":451}},{"type":"Feature","geometry":{"type":"Polygon","coordinates":[[[82.3741,26.7127],[82.4781,26.6682],[82.4799,26.6695],[82.6032,26.608],[82.6373,26.5942],[82.7606,26.5587],[82.8292,26.5875],[82.8778,26.5262],[82.9138,26.6464],[82.9668,26.6781],[82.9629,26.7268],[82.8845,26.7857],[82.8458,26.8753],[82.9182,26.9179],[82.9029,27.0214],[82.8721,27.0391],[82.7995,27.0731],[82.671,27.125],[82.563,27.0772],[82.5833,26.9964],[82.4884,26.9057],[82.2999,26.9637],[82.2339,26.92],[82.229,26.8124],[82.3741,26.7127]]]},"properties":{"state_name":"Uttar Pradesh","pc_name":"BASTI","pc_no":61,"state":"uttar-pradesh","id":452}},{"type":"Feature","geometry":{"type":"Polygon","coordinates":[[[82.8902,26.3384],[82.9657,26.359],[83.0912,26.2816],[83.132,26.3854],[83.2522,26.3796],[83.2611,26.4826],[83.3148,26.4995],[83.3382,26.6084],[83.2384,26.6702],[83.1342,26.634],[83.1009,26.6586],[83.0976,26.8059],[83.2157,26.8856],[83.2259,26.9783],[83.1682,27.0004],[83.1238,27.1006],[83.0325,27.0961],[82.9491,27.0271],[82.9029,27.0214],[82.9182,26.9179],[82.8458,26.8753],[82.8845,26.7857],[82.9629,26.7268],[82.9668,26.6781],[82.9138,26.6464],[82.8778,26.5262],[82.8796,26.5238],[82.7859,26.4686],[82.8061,26.3953],[82.8902,26.3384]]]},"properties":{"state_name":"Uttar Pradesh","pc_name":"SANT KABIR NAGAR","pc_no":62,"state":"uttar-pradesh","id":453}},{"type":"Feature","geometry":{"type":"Polygon","coordinates":[[[83.8638,27.3468],[83.7352,27.4141],[83.6149,27.4691],[83.388,27.4793],[83.4094,27.4125],[83.3375,27.3338],[83.2928,27.3361],[83.1286,27.1416],[83.1758,27.0878],[83.3156,27.0498],[83.4014,27.0857],[83.3294,26.9813],[83.3715,26.958],[83.4492,26.9602],[83.5449,26.8858],[83.6243,26.9557],[83.724,26.9512],[83.7644,27.0005],[83.7443,27.0184],[83.7482,27.0789],[83.8019,27.111],[83.8074,27.2498],[83.9068,27.2756],[83.8638,27.3468]]]},"properties":{"state_name":"Uttar Pradesh","pc_name":"MAHARAJGANJ","pc_no":63,"state":"uttar-pradesh","id":454}},{"type":"Feature","geometry":{"type":"Polygon","coordinates":[[[83.1238,27.1006],[83.1682,27.0004],[83.2259,26.9783],[83.2157,26.8856],[83.0976,26.8059],[83.1009,26.6586],[83.1342,26.634],[83.2384,26.6702],[83.3382,26.6084],[83.3717,26.6277],[83.4868,26.6129],[83.4887,26.7543],[83.6129,26.7472],[83.5849,26.8068],[83.5449,26.8858],[83.4492,26.9602],[83.3715,26.958],[83.3294,26.9813],[83.4014,27.0857],[83.3156,27.0498],[83.1758,27.0878],[83.1286,27.1416],[83.1284,27.141],[83.1238,27.1006]]]},"properties":{"state_name":"Uttar Pradesh","pc_name":"GORAKHPUR","pc_no":64,"state":"uttar-pradesh","id":455}},{"type":"Feature","geometry":{"type":"Polygon","coordinates":[[[83.9068,27.2756],[83.8074,27.2498],[83.8019,27.111],[83.7482,27.0789],[83.7443,27.0184],[83.7644,27.0005],[83.724,26.9512],[83.6243,26.9557],[83.5449,26.8858],[83.5849,26.8068],[83.6129,26.7472],[83.6297,26.6574],[83.7194,26.6867],[83.8376,26.7512],[83.9598,26.6595],[84.0084,26.7105],[84.0096,26.7959],[84.0746,26.8158],[84.0877,26.8818],[84.0524,26.9064],[84.0493,27.0439],[84,27.0695],[83.9477,27.1125],[83.9874,27.197],[83.9068,27.2756]]]},"properties":{"state_name":"Uttar Pradesh","pc_name":"KUSHI NAGAR","pc_no":65,"state":"uttar-pradesh","id":456}},{"type":"Feature","geometry":{"type":"Polygon","coordinates":[[[84.0877,26.8818],[84.0746,26.8158],[84.0096,26.7959],[84.0084,26.7105],[83.9598,26.6595],[83.8376,26.7512],[83.7194,26.6867],[83.6297,26.6574],[83.6255,26.5678],[83.6668,26.5735],[83.7442,26.4152],[83.813,26.454],[83.8349,26.3792],[83.9726,26.2933],[83.9906,26.4326],[83.9314,26.5208],[84.0559,26.5481],[84.0886,26.6161],[84.1567,26.6284],[84.2847,26.5996],[84.4154,26.6348],[84.3303,26.684],[84.3078,26.748],[84.2546,26.856],[84.1619,26.8354],[84.0877,26.8818]]]},"properties":{"state_name":"Uttar Pradesh","pc_name":"DEORIA","pc_no":66,"state":"uttar-pradesh","id":457}},{"type":"Feature","geometry":{"type":"Polygon","coordinates":[[[83.2522,26.3796],[83.2768,26.365],[83.423,26.2712],[83.5088,26.278],[83.6315,26.2246],[83.7423,26.2663],[83.8084,26.1904],[83.869,26.1599],[83.8349,26.3792],[83.813,26.454],[83.7442,26.4152],[83.6668,26.5735],[83.6255,26.5678],[83.6297,26.6574],[83.6129,26.7472],[83.4887,26.7543],[83.4868,26.6129],[83.3717,26.6277],[83.3382,26.6084],[83.3148,26.4995],[83.2611,26.4826],[83.2522,26.3796]]]},"properties":{"state_name":"Uttar Pradesh","pc_name":"BANSGAON (SC)","pc_no":67,"state":"uttar-pradesh","id":458}},{"type":"Feature","geometry":{"type":"Polygon","coordinates":[[[82.6786,26.1519],[82.7184,26.0416],[82.7255,25.9937],[82.7592,25.8364],[82.8056,25.8056],[82.8668,25.772],[82.9802,25.6791],[83.0664,25.6523],[83.0984,25.6577],[83.1187,25.7388],[83.0346,25.91],[82.9809,25.9338],[83.1114,25.9647],[83.0619,26.0057],[83.124,26.1245],[83.068,26.1984],[83.0912,26.2816],[82.9657,26.359],[82.8902,26.3384],[82.8859,26.1857],[82.786,26.1876],[82.6788,26.2563],[82.6786,26.1519]]]},"properties":{"state_name":"Uttar Pradesh","pc_name":"LALGANJ (SC)","pc_no":68,"state":"uttar-pradesh","id":459}},{"type":"Feature","geometry":{"type":"Polygon","coordinates":[[[83.0912,26.2816],[83.068,26.1984],[83.124,26.1245],[83.0619,26.0057],[83.1114,25.9647],[82.9809,25.9338],[83.0346,25.91],[83.1187,25.7388],[83.0984,25.6577],[83.1863,25.6886],[83.2184,25.7594],[83.3456,25.8146],[83.3251,25.8419],[83.3528,26.0439],[83.3803,26.0801],[83.4187,26.1237],[83.4314,26.204],[83.5088,26.278],[83.423,26.2712],[83.2768,26.365],[83.2522,26.3796],[83.132,26.3854],[83.0912,26.2816]]]},"properties":{"state_name":"Uttar Pradesh","pc_name":"AZAMGARH","pc_no":69,"state":"uttar-pradesh","id":460}},{"type":"Feature","geometry":{"type":"Polygon","coordinates":[[[83.5088,26.278],[83.4314,26.204],[83.4187,26.1237],[83.3803,26.0801],[83.3528,26.0439],[83.3251,25.8419],[83.3456,25.8146],[83.4605,25.8501],[83.4788,25.8397],[83.5529,25.8674],[83.7312,25.8571],[83.7699,25.8174],[83.9409,25.7595],[84.0424,25.8376],[84.0149,25.897],[83.9466,25.9861],[83.7964,25.9312],[83.7958,25.9842],[83.6778,26.0218],[83.6853,26.0637],[83.7923,26.1159],[83.8084,26.1904],[83.7423,26.2663],[83.6315,26.2246],[83.5088,26.278]]]},"properties":{"state_name":"Uttar Pradesh","pc_name":"GHOSI","pc_no":70,"state":"uttar-pradesh","id":461}},{"type":"Feature","geometry":{"type":"Polygon","coordinates":[[[83.9906,26.4326],[83.9726,26.2933],[83.8349,26.3792],[83.869,26.1599],[83.8084,26.1904],[83.7923,26.1159],[83.6853,26.0637],[83.6778,26.0218],[83.7958,25.9842],[83.7964,25.9312],[83.9466,25.9861],[84.0149,25.897],[84.1024,25.881],[84.1021,25.825],[84.1929,25.8407],[84.2932,25.7764],[84.3585,25.7872],[84.384,25.9394],[84.3541,25.9588],[84.2073,25.9991],[84.1825,25.9949],[84.0562,26.1],[84.0133,26.2301],[84.098,26.2333],[84.1766,26.2646],[84.177,26.3699],[84.1765,26.3713],[84.1756,26.373],[83.9906,26.4326]]]},"properties":{"state_name":"Uttar Pradesh","pc_name":"SALEMPUR","pc_no":71,"state":"uttar-pradesh","id":462}},{"type":"Feature","geometry":{"type":"Polygon","coordinates":[[[84.384,25.9394],[84.3585,25.7872],[84.2932,25.7764],[84.1929,25.8407],[84.1021,25.825],[84.1024,25.881],[84.0149,25.897],[84.0424,25.8376],[83.9409,25.7595],[83.7699,25.8174],[83.7312,25.8571],[83.5529,25.8674],[83.6637,25.7055],[83.6531,25.6607],[83.709,25.593],[83.6788,25.5448],[83.8762,25.5178],[83.93,25.5575],[83.9519,25.5675],[84.0834,25.6447],[84.1051,25.7211],[84.2222,25.6628],[84.3244,25.6712],[84.3736,25.7442],[84.3845,25.7329],[84.5166,25.6771],[84.6005,25.7384],[84.608,25.805],[84.4897,25.8882],[84.4545,25.8878],[84.384,25.9394]]]},"properties":{"state_name":"Uttar Pradesh","pc_name":"BALLIA","pc_no":72,"state":"uttar-pradesh","id":463}},{"type":"Feature","geometry":{"type":"Polygon","coordinates":[[[82.4349,26.0067],[82.372,25.913],[82.2158,25.8378],[82.2037,25.8225],[82.1608,25.68],[82.1372,25.6222],[82.3323,25.5354],[82.3416,25.5342],[82.3329,25.6721],[82.443,25.7445],[82.6221,25.6901],[82.6788,25.6393],[82.7432,25.7455],[82.7592,25.8364],[82.7255,25.9937],[82.7184,26.0416],[82.6786,26.1519],[82.6109,26.1957],[82.5425,26.1372],[82.4357,26.0998],[82.511,26.0309],[82.4984,25.9749],[82.4349,26.0067]]]},"properties":{"state_name":"Uttar Pradesh","pc_name":"JAUNPUR","pc_no":73,"state":"uttar-pradesh","id":464}},{"type":"Feature","geometry":{"type":"Polygon","coordinates":[[[82.7592,25.8364],[82.7432,25.7455],[82.6788,25.6393],[82.6221,25.6901],[82.443,25.7445],[82.3329,25.6721],[82.3416,25.5342],[82.4433,25.5185],[82.5082,25.4704],[82.6196,25.3935],[82.6942,25.3947],[82.7058,25.3886],[82.8082,25.4018],[82.9214,25.4545],[82.9501,25.5294],[83.0708,25.5513],[83.0664,25.6523],[82.9802,25.6791],[82.8668,25.772],[82.8056,25.8056],[82.7592,25.8364]]]},"properties":{"state_name":"Uttar Pradesh","pc_name":"MACHHLISHAHR (SC)","pc_no":74,"state":"uttar-pradesh","id":465}},{"type":"Feature","geometry":{"type":"Polygon","coordinates":[[[83.8762,25.5178],[83.6788,25.5448],[83.709,25.593],[83.6531,25.6607],[83.6637,25.7055],[83.5529,25.8674],[83.4788,25.8397],[83.4605,25.8501],[83.3456,25.8146],[83.2184,25.7594],[83.1863,25.6886],[83.0984,25.6577],[83.0664,25.6523],[83.0708,25.5513],[83.1778,25.5221],[83.2951,25.4958],[83.3626,25.4816],[83.4042,25.494],[83.5301,25.3901],[83.5397,25.3157],[83.6283,25.3286],[83.7173,25.3974],[83.7827,25.3975],[83.8762,25.5178]]]},"properties":{"state_name":"Uttar Pradesh","pc_name":"GHAZIPUR","pc_no":75,"state":"uttar-pradesh","id":466}},{"type":"Feature","geometry":{"type":"Polygon","coordinates":[[[83.5397,25.3157],[83.5301,25.3901],[83.4042,25.494],[83.3626,25.4816],[83.2951,25.4958],[83.1778,25.5221],[83.0708,25.5513],[82.9501,25.5294],[82.9214,25.4545],[82.8082,25.4018],[82.8276,25.3853],[82.915,25.3604],[82.9654,25.3261],[83.0375,25.3333],[83.046,25.3275],[83.0123,25.3073],[83.0301,25.2437],[83.1747,25.1669],[83.3077,25.2532],[83.3148,25.2532],[83.3556,25.1964],[83.4022,25.2125],[83.5397,25.3157]]]},"properties":{"state_name":"Uttar Pradesh","pc_name":"CHANDAULI","pc_no":76,"state":"uttar-pradesh","id":467}},{"type":"Feature","geometry":{"type":"Polygon","coordinates":[[[82.7058,25.3886],[82.6903,25.3006],[82.6688,25.2504],[82.7827,25.2033],[82.8668,25.1856],[83.0061,25.2048],[83.0301,25.2434],[83.0301,25.2437],[83.0123,25.3073],[83.046,25.3275],[83.0375,25.3333],[82.9654,25.3261],[82.915,25.3604],[82.8276,25.3853],[82.8082,25.4018],[82.7058,25.3886]]]},"properties":{"state_name":"Uttar Pradesh","pc_name":"VARANASI","pc_no":77,"state":"uttar-pradesh","id":468}},{"type":"Feature","geometry":{"type":"Polygon","coordinates":[[[82.0624,25.6567],[82.0612,25.6321],[82.1205,25.5258],[82.0406,25.4263],[82.094,25.3702],[82.0733,25.3401],[82.0778,25.2878],[82.152,25.3209],[82.2218,25.2734],[82.2683,25.1827],[82.3466,25.207],[82.4105,25.2529],[82.5765,25.2464],[82.6688,25.2504],[82.6903,25.3006],[82.7058,25.3886],[82.6942,25.3947],[82.6196,25.3935],[82.5082,25.4704],[82.4433,25.5185],[82.3416,25.5342],[82.3323,25.5354],[82.1372,25.6222],[82.1608,25.68],[82.0624,25.6567]]]},"properties":{"state_name":"Uttar Pradesh","pc_name":"BHADOHI","pc_no":78,"state":"uttar-pradesh","id":469}},{"type":"Feature","geometry":{"type":"Polygon","coordinates":[[[82.2989,24.6051],[82.4161,24.5912],[82.429,24.7026],[82.5234,24.6761],[82.5466,24.7803],[82.6594,24.7815],[82.8264,24.8537],[82.9783,24.8713],[83.1007,24.8198],[83.0649,24.9327],[83.0653,25.0621],[83.1327,25.1275],[83.1747,25.1669],[83.0301,25.2437],[83.0301,25.2434],[83.0061,25.2048],[82.8668,25.1856],[82.7827,25.2033],[82.6688,25.2504],[82.5765,25.2464],[82.4105,25.2529],[82.3466,25.207],[82.2683,25.1827],[82.2958,25.0488],[82.2645,24.9645],[82.1019,24.8622],[82.1067,24.8043],[82.2095,24.7714],[82.3034,24.6539],[82.2989,24.6051]]]},"properties":{"state_name":"Uttar Pradesh","pc_name":"MIRZAPUR","pc_no":79,"state":"uttar-pradesh","id":470}},{"type":"Feature","geometry":{"type":"Polygon","coordinates":[[[83.3556,25.1964],[83.3148,25.2532],[83.3077,25.2532],[83.1747,25.1669],[83.1327,25.1275],[83.0653,25.0621],[83.0649,24.9327],[83.1007,24.8198],[82.9783,24.8713],[82.8264,24.8537],[82.6594,24.7815],[82.5466,24.7803],[82.5234,24.6761],[82.6711,24.697],[82.7739,24.6417],[82.806,24.5633],[82.7434,24.4964],[82.713,24.3803],[82.7713,24.3283],[82.735,24.2187],[82.741,24.1912],[82.7116,24.0896],[82.8116,23.9611],[82.952,23.8708],[83.1416,23.885],[83.2004,23.9155],[83.2236,23.9865],[83.3298,24.1014],[83.4081,24.2623],[83.3798,24.3115],[83.4496,24.377],[83.385,24.4548],[83.4028,24.5037],[83.5035,24.5255],[83.5222,24.5475],[83.5204,24.6773],[83.3935,24.7823],[83.3548,24.9045],[83.3556,25.1964]]]},"properties":{"state_name":"Uttar Pradesh","pc_name":"ROBERTSGANJ (SC)","pc_no":80,"state":"uttar-pradesh","id":471}},{"type":"Feature","geometry":{"type":"Polygon","coordinates":[[[78.3111,31.283],[78.2459,31.23],[78.1042,31.1856],[77.8992,31.1505],[77.7716,30.9703],[77.8042,30.9219],[77.7986,30.8699],[77.7038,30.7651],[77.7904,30.6341],[77.7429,30.6012],[77.8178,30.5067],[77.6411,30.4318],[77.5773,30.3977],[77.6477,30.4046],[77.7217,30.3305],[77.9427,30.2397],[77.947,30.2411],[77.9955,30.3097],[78.0169,30.3239],[78.0626,30.3142],[78.0685,30.2972],[78.1768,30.3047],[78.2838,30.2875],[78.3264,30.3104],[78.4842,30.305],[78.6169,30.3421],[78.6941,30.3799],[78.8384,30.357],[78.8585,30.5508],[78.9049,30.6231],[78.9107,30.6897],[79.0168,30.7531],[79.0317,30.8066],[79.2775,30.726],[79.229,30.808],[79.3294,31.0282],[79.4061,31.0743],[79.3389,31.1244],[79.2631,31.2892],[79.1432,31.4335],[79.0712,31.4671],[78.9208,31.2539],[79.0104,31.1108],[78.8906,31.097],[78.8044,31.1984],[78.6477,31.2141],[78.4844,31.1991],[78.3701,31.2863],[78.3111,31.283]]]},"properties":{"state_name":"Uttarakhand","pc_name":"TEHRI GARHWAL","pc_no":1,"state":"uttarakhand","id":472}},{"type":"Feature","geometry":{"type":"Polygon","coordinates":[[[78.496,29.7346],[78.5811,29.5852],[78.7051,29.5013],[78.921,29.4342],[78.8561,29.3499],[78.9924,29.3123],[79.048,29.2606],[79.1386,29.2737],[79.1634,29.3459],[79.2724,29.4176],[79.2828,29.4643],[79.1695,29.535],[79.0374,29.5849],[79.1151,29.6906],[79.1018,29.8381],[79.0866,29.8913],[79.2251,29.9793],[79.2835,29.9256],[79.425,29.9339],[79.472,29.9812],[79.4759,30.0061],[79.6335,30.0172],[79.8127,30.0217],[79.7628,30.1357],[79.8189,30.2225],[79.7976,30.2811],[79.8717,30.2679],[79.9917,30.3138],[80.0365,30.4034],[79.9952,30.5379],[80.0408,30.6013],[79.9791,30.7052],[80.1023,30.7223],[80.1,30.7862],[80.0576,30.8384],[79.8883,30.9248],[79.8657,30.9747],[79.7559,31.0012],[79.6008,30.9375],[79.515,31.0336],[79.4061,31.0743],[79.3294,31.0282],[79.229,30.808],[79.2775,30.726],[79.0317,30.8066],[79.0168,30.7531],[78.9107,30.6897],[78.9049,30.6231],[78.8585,30.5508],[78.8384,30.357],[78.6941,30.3799],[78.6169,30.3421],[78.4842,30.305],[78.3264,30.3104],[78.2838,30.2875],[78.2351,30.1811],[78.2783,30.129],[78.3094,30.1147],[78.2026,29.9656],[78.3155,29.8616],[78.3435,29.7915],[78.439,29.755],[78.496,29.7346]]]},"properties":{"state_name":"Uttarakhand","pc_name":"GARHWAL","pc_no":2,"state":"uttarakhand","id":473}},{"type":"Feature","geometry":{"type":"Polygon","coordinates":[[[79.1695,29.535],[79.2643,29.563],[79.3317,29.6129],[79.4438,29.5236],[79.5243,29.5275],[79.5331,29.5467],[79.6659,29.5375],[79.6846,29.5204],[79.7335,29.433],[79.8485,29.4322],[79.8559,29.2769],[79.9083,29.1981],[79.8798,29.1561],[79.9735,29.0546],[80.0306,29.0776],[80.0744,28.9347],[80.1196,28.9854],[80.1507,29.1047],[80.2725,29.1451],[80.2631,29.2106],[80.3179,29.304],[80.245,29.4426],[80.3481,29.5427],[80.423,29.6356],[80.3685,29.7318],[80.4948,29.7962],[80.5709,29.9231],[80.7426,30.0021],[80.8731,30.1305],[80.8662,30.1719],[81.0412,30.1985],[81.0067,30.2649],[80.824,30.3143],[80.7503,30.3925],[80.5972,30.4816],[80.5027,30.4834],[80.3203,30.5611],[80.2241,30.5766],[80.2507,30.732],[80.181,30.8015],[80.1,30.7862],[80.1023,30.7223],[79.9791,30.7052],[80.0408,30.6013],[79.9952,30.5379],[80.0365,30.4034],[79.9917,30.3138],[79.8717,30.2679],[79.7976,30.2811],[79.8189,30.2225],[79.7628,30.1357],[79.8127,30.0217],[79.6335,30.0172],[79.4759,30.0061],[79.472,29.9812],[79.425,29.9339],[79.2835,29.9256],[79.2251,29.9793],[79.0866,29.8913],[79.1018,29.8381],[79.1151,29.6906],[79.0374,29.5849],[79.1695,29.535]]]},"properties":{"state_name":"Uttarakhand","pc_name":"ALMORA (SC)","pc_no":3,"state":"uttarakhand","id":474}},{"type":"Feature","geometry":{"type":"Polygon","coordinates":[[[78.9741,29.13],[79.1039,29.1328],[79.1657,29.0201],[79.2485,29.0052],[79.2524,28.9992],[79.416,28.943],[79.4223,28.9012],[79.554,28.8942],[79.5841,28.8463],[79.6835,28.85],[79.7262,28.8608],[79.822,28.8863],[79.8105,28.7988],[79.863,28.8404],[80.0066,28.7411],[80.0651,28.8362],[80.0744,28.9347],[80.0306,29.0776],[79.9735,29.0546],[79.8798,29.1561],[79.9083,29.1981],[79.8559,29.2769],[79.8485,29.4322],[79.7335,29.433],[79.6846,29.5204],[79.6659,29.5375],[79.5331,29.5467],[79.5243,29.5275],[79.4438,29.5236],[79.3317,29.6129],[79.2643,29.563],[79.1695,29.535],[79.2828,29.4643],[79.2724,29.4176],[79.1634,29.3459],[79.1386,29.2737],[79.048,29.2606],[78.9924,29.3123],[78.8561,29.3499],[78.7664,29.3375],[78.7712,29.2645],[78.8835,29.2115],[78.9325,29.1268],[78.9741,29.13]]]},"properties":{"state_name":"Uttarakhand","pc_name":"NAINITAL-UDHAMSINGH NAG","pc_no":4,"state":"uttarakhand","id":475}},{"type":"Feature","geometry":{"type":"Polygon","coordinates":[[[77.8202,29.6735],[77.9481,29.7107],[77.9741,29.5782],[77.9983,29.5413],[78.1125,29.6419],[78.1314,29.6447],[78.2424,29.6984],[78.3424,29.79],[78.3435,29.7915],[78.3155,29.8616],[78.2026,29.9656],[78.3094,30.1147],[78.2783,30.129],[78.2351,30.1811],[78.2838,30.2875],[78.1768,30.3047],[78.0685,30.2972],[78.0626,30.3142],[78.0169,30.3239],[77.9955,30.3097],[77.947,30.2411],[77.9427,30.2397],[77.7753,30.0369],[77.7791,30.0176],[77.7183,29.8649],[77.7536,29.8269],[77.8099,29.7016],[77.8202,29.6735]]]},"properties":{"state_name":"Uttarakhand","pc_name":"HARDWAR","pc_no":5,"state":"uttarakhand","id":476}},{"type":"Feature","geometry":{"type":"Polygon","coordinates":[[[89.1244,26.522],[89.0506,26.5263],[89.0635,26.4942],[89.0518,26.3987],[89.1328,26.2988],[89.1553,26.1387],[89.2595,26.0932],[89.3644,26.0082],[89.4076,26.0416],[89.5025,26.0028],[89.6486,26.0684],[89.5982,26.154],[89.6345,26.2267],[89.6807,26.231],[89.672,26.2417],[89.6107,26.3819],[89.6189,26.3954],[89.6037,26.4079],[89.5581,26.4101],[89.5374,26.4709],[89.3307,26.4928],[89.2872,26.4873],[89.1244,26.522]]]},"properties":{"state_name":"West Bengal","pc_name":"COOCHBEHAR (SC)","pc_no":1,"state":"west-bengal","id":477}},{"type":"Feature","geometry":{"type":"Polygon","coordinates":[[[89.6807,26.231],[89.6816,26.1636],[89.7225,26.1675],[89.7281,26.1732],[89.7287,26.1739],[89.7297,26.1743],[89.7304,26.1742],[89.7353,26.1736],[89.7333,26.1771],[89.7285,26.1778],[89.709,26.1737],[89.7048,26.1774],[89.7034,26.1817],[89.7025,26.1845],[89.7019,26.1856],[89.6988,26.1908],[89.7155,26.1897],[89.7173,26.191],[89.7148,26.2049],[89.718,26.2063],[89.7211,26.2064],[89.7231,26.2065],[89.7237,26.2063],[89.7246,26.206],[89.7256,26.2059],[89.7272,26.2064],[89.7276,26.2065],[89.7324,26.2104],[89.732,26.2158],[89.7292,26.2168],[89.729,26.2169],[89.7227,26.2167],[89.7036,26.214],[89.7005,26.2185],[89.704,26.2183],[89.7136,26.2272],[89.7195,26.2317],[89.7208,26.2322],[89.7227,26.2327],[89.7273,26.2424],[89.716,26.2581],[89.7044,26.2566],[89.7035,26.2572],[89.7031,26.2574],[89.7114,26.2708],[89.7117,26.2708],[89.7148,26.2699],[89.7149,26.2599],[89.7172,26.2591],[89.7197,26.2577],[89.7209,26.2575],[89.7211,26.2575],[89.7245,26.2577],[89.7249,26.2577],[89.7267,26.258],[89.7281,26.2582],[89.7356,26.2614],[89.7356,26.2617],[89.7386,26.2712],[89.7382,26.272],[89.7179,26.2958],[89.7238,26.3092],[89.7297,26.2936],[89.7342,26.2928],[89.7357,26.2926],[89.7376,26.2927],[89.7379,26.2928],[89.7404,26.294],[89.7412,26.2943],[89.7424,26.2947],[89.7475,26.2918],[89.7487,26.2911],[89.749,26.2909],[89.7497,26.2905],[89.7507,26.2902],[89.7526,26.2894],[89.7528,26.2894],[89.7543,26.289],[89.7544,26.2889],[89.7567,26.2888],[89.7568,26.2885],[89.7579,26.2882],[89.7578,26.2893],[89.7583,26.2895],[89.7592,26.2898],[89.7596,26.29],[89.7599,26.2906],[89.7602,26.2913],[89.7605,26.2923],[89.7606,26.2925],[89.7598,26.2937],[89.7576,26.2981],[89.7541,26.3021],[89.7538,26.3029],[89.7538,26.3036],[89.7527,26.3081],[89.7524,26.3094],[89.7522,26.3118],[89.7521,26.3122],[89.7517,26.3145],[89.7516,26.3157],[89.7511,26.3211],[89.7537,26.3229],[89.7557,26.3229],[89.758,26.3196],[89.7582,26.319],[89.7583,26.3189],[89.7599,26.3169],[89.7603,26.3168],[89.7622,26.3162],[89.7626,26.3163],[89.7675,26.3197],[89.7688,26.3218],[89.7701,26.3249],[89.7727,26.3254],[89.7762,26.3262],[89.7779,26.3267],[89.7792,26.3272],[89.7816,26.3287],[89.7824,26.3295],[89.7832,26.3309],[89.7834,26.3322],[89.7834,26.3337],[89.7833,26.3351],[89.7814,26.3418],[89.7824,26.3492],[89.7829,26.3513],[89.7832,26.3517],[89.785,26.3534],[89.7911,26.3578],[89.7922,26.3584],[89.7929,26.3587],[89.794,26.3591],[89.795,26.3594],[89.7995,26.3607],[89.8031,26.362],[89.8056,26.3635],[89.8074,26.3649],[89.8082,26.3655],[89.8098,26.3675],[89.8105,26.3685],[89.8138,26.3711],[89.8156,26.3715],[89.8162,26.3714],[89.8172,26.3711],[89.8197,26.3709],[89.8198,26.3709],[89.8213,26.372],[89.8218,26.3721],[89.8218,26.3716],[89.8212,26.3684],[89.8208,26.3679],[89.8185,26.3657],[89.8183,26.3656],[89.8174,26.3651],[89.8153,26.3641],[89.8145,26.3628],[89.813,26.3602],[89.8128,26.3588],[89.8128,26.3582],[89.813,26.357],[89.8138,26.356],[89.8147,26.3546],[89.815,26.354],[89.8155,26.3531],[89.8161,26.3529],[89.8177,26.3527],[89.8189,26.3523],[89.8202,26.3516],[89.8205,26.3516],[89.8217,26.3515],[89.8246,26.3535],[89.8249,26.3539],[89.8253,26.356],[89.8237,26.3576],[89.8218,26.3608],[89.8221,26.3632],[89.8231,26.3644],[89.8237,26.3647],[89.8241,26.3649],[89.8263,26.3661],[89.8276,26.3665],[89.8277,26.3666],[89.8285,26.3718],[89.8284,26.372],[89.8273,26.3738],[89.8271,26.3744],[89.8275,26.3753],[89.8272,26.3758],[89.8258,26.3775],[89.8261,26.3781],[89.8266,26.3787],[89.8269,26.3791],[89.8278,26.3809],[89.8286,26.3816],[89.8329,26.3841],[89.8347,26.384],[89.8349,26.384],[89.8356,26.3837],[89.8365,26.382],[89.8367,26.3814],[89.8371,26.3811],[89.8375,26.3808],[89.8386,26.3794],[89.8388,26.3791],[89.841,26.3783],[89.8423,26.378],[89.8435,26.3781],[89.8442,26.3786],[89.8446,26.3822],[89.8448,26.3828],[89.8503,26.3854],[89.8517,26.3853],[89.8544,26.3824],[89.8578,26.3833],[89.8583,26.3837],[89.8585,26.384],[89.8576,26.3858],[89.8568,26.3871],[89.8556,26.39],[89.8556,26.3918],[89.8566,26.3948],[89.8572,26.3956],[89.856,26.3974],[89.8555,26.3976],[89.8544,26.3978],[89.8535,26.3999],[89.8533,26.4002],[89.8523,26.4006],[89.8515,26.4016],[89.8511,26.4023],[89.8503,26.4033],[89.8501,26.4034],[89.8499,26.4035],[89.849,26.4039],[89.8477,26.4041],[89.8473,26.4012],[89.847,26.3993],[89.8469,26.3991],[89.8459,26.397],[89.8431,26.3939],[89.8387,26.3914],[89.8326,26.3917],[89.8311,26.3928],[89.8301,26.394],[89.83,26.3948],[89.83,26.396],[89.8298,26.3971],[89.8299,26.3974],[89.8304,26.3984],[89.8313,26.3995],[89.8324,26.4007],[89.832,26.4022],[89.8324,26.4035],[89.8328,26.4053],[89.8329,26.4078],[89.8329,26.4085],[89.8329,26.4086],[89.8345,26.4111],[89.8353,26.4121],[89.8357,26.4121],[89.8408,26.4117],[89.8449,26.4116],[89.846,26.4118],[89.849,26.4127],[89.8494,26.4128],[89.8507,26.4128],[89.8529,26.4126],[89.8535,26.4124],[89.8544,26.412],[89.8573,26.412],[89.8573,26.4129],[89.856,26.4156],[89.8553,26.4161],[89.8551,26.4161],[89.8547,26.4163],[89.8542,26.4166],[89.8527,26.4179],[89.8497,26.4205],[89.8496,26.4229],[89.8507,26.4228],[89.8514,26.4227],[89.853,26.4235],[89.8532,26.4235],[89.855,26.4243],[89.8558,26.425],[89.856,26.432],[89.857,26.4337],[89.8589,26.4364],[89.8588,26.4368],[89.8582,26.4384],[89.8582,26.4388],[89.8583,26.4391],[89.8592,26.4407],[89.8594,26.4409],[89.8604,26.4417],[89.8606,26.4419],[89.8612,26.4426],[89.8638,26.4457],[89.864,26.4467],[89.866,26.4474],[89.8668,26.448],[89.869,26.4495],[89.8711,26.4509],[89.8717,26.4513],[89.8718,26.4526],[89.8705,26.4558],[89.8702,26.4568],[89.8719,26.4609],[89.8724,26.462],[89.871,26.4664],[89.8697,26.4676],[89.8676,26.4684],[89.8659,26.4682],[89.8657,26.4684],[89.8645,26.4709],[89.8643,26.4732],[89.8643,26.4736],[89.864,26.4741],[89.8631,26.476],[89.8616,26.4822],[89.8622,26.4832],[89.8583,26.4846],[89.8566,26.4852],[89.8559,26.4855],[89.8551,26.4866],[89.8544,26.4877],[89.8543,26.4881],[89.854,26.4891],[89.854,26.4923],[89.8558,26.4948],[89.8562,26.4954],[89.8576,26.5004],[89.8579,26.5055],[89.8595,26.7041],[89.671,26.739],[89.6177,26.728],[89.6508,26.7764],[89.4389,26.8405],[89.328,26.8437],[89.1346,26.8077],[89.1015,26.8425],[89.096,26.8915],[88.8724,26.9642],[88.8153,26.9907],[88.7418,26.9259],[88.786,26.702],[88.8791,26.7105],[88.9826,26.8119],[89.0927,26.8045],[89.0734,26.7048],[89.046,26.636],[89.1244,26.522],[89.2872,26.4873],[89.3307,26.4928],[89.5374,26.4709],[89.5581,26.4101],[89.6037,26.4079],[89.6189,26.3954],[89.6107,26.3819],[89.672,26.2417],[89.6807,26.231]]]},"properties":{"state_name":"West Bengal","pc_name":"ALIPURDUARS (ST)","pc_no":2,"state":"west-bengal","id":478}},{"type":"Feature","geometry":{"type":"Polygon","coordinates":[[[89.1244,26.522],[89.046,26.636],[89.0734,26.7048],[89.0927,26.8045],[88.9826,26.8119],[88.8791,26.7105],[88.786,26.702],[88.7418,26.9259],[88.6087,26.8816],[88.4858,26.8768],[88.5065,26.84],[88.4829,26.8529],[88.4401,26.8351],[88.4223,26.7316],[88.4493,26.7042],[88.4091,26.6981],[88.3915,26.6768],[88.401,26.6483],[88.4092,26.6352],[88.4368,26.5445],[88.5264,26.4817],[88.6116,26.4711],[88.6942,26.346],[88.7569,26.3103],[89.0276,26.2832],[88.9513,26.4351],[89.0518,26.3987],[89.0635,26.4942],[89.0506,26.5263],[89.1244,26.522]]]},"properties":{"state_name":"West Bengal","pc_name":"JALPAIGURI (SC)","pc_no":3,"state":"west-bengal","id":479}},{"type":"Feature","geometry":{"type":"Polygon","coordinates":[[[88.2925,26.3516],[88.2949,26.2694],[88.3513,26.2221],[88.3497,26.2822],[88.4962,26.4373],[88.3353,26.497],[88.4092,26.6352],[88.401,26.6483],[88.3915,26.6768],[88.4091,26.6981],[88.4493,26.7042],[88.4223,26.7316],[88.4401,26.8351],[88.4829,26.8529],[88.5065,26.84],[88.4858,26.8768],[88.6087,26.8816],[88.7418,26.9259],[88.8153,26.9907],[88.8724,26.9642],[88.8692,27.1113],[88.746,27.1428],[88.7142,27.1616],[88.7141567816092,27.161621609195404],[88.7132,27.1621],[88.6624,27.1613],[88.6622,27.1612],[88.6619,27.161],[88.5539,27.184],[88.553,27.1835],[88.5338,27.1757],[88.5334,27.1749],[88.4688,27.1158],[88.4684,27.1154],[88.4683,27.1152],[88.4358,27.0807],[88.3471,27.1049],[88.347,27.1051],[88.3467,27.1056],[88.3238,27.1104],[88.3155,27.1263],[88.3153,27.1263],[88.2792,27.1322],[88.1812,27.1333],[88.1811,27.1332],[88.1806,27.1329],[88.0965,27.1331],[88.0763,27.1945],[88.0767,27.1946],[88.0772,27.1949],[88.0143,27.212],[87.9901,27.1089],[88.0775,27.0361],[88.1444,26.9217],[88.1774,26.8043],[88.1636,26.6599],[88.1034,26.5398],[88.2252,26.4537],[88.2257,26.4536],[88.2437,26.4539],[88.2925,26.3516]]]},"properties":{"state_name":"West Bengal","pc_name":"DARJEELING","pc_no":4,"state":"west-bengal","id":480}},{"type":"Feature","geometry":{"type":"Polygon","coordinates":[[[87.8223,25.8808],[87.8923,25.8652],[87.9072,25.7733],[88.0465,25.6993],[88.055,25.637],[88.0353,25.548],[88.1828,25.5296],[88.2698,25.4825],[88.3955,25.5957],[88.4454,25.5968],[88.318,25.7429],[88.2595,25.8138],[88.1566,25.779],[88.102,25.8303],[88.0901,25.9241],[88.1785,26.0216],[88.174,26.1287],[88.197,26.1636],[88.3513,26.2221],[88.2949,26.2694],[88.2925,26.3516],[88.2107,26.2778],[88.1974,26.2719],[88.1445,26.2523],[88.1407,26.228],[88.1148,26.2241],[88.0912,26.2023],[88.0763,26.1783],[87.9783,26.1438],[87.9765,26.1435],[87.975,26.1434],[87.9836,26.0792],[87.9845,26.0789],[87.9165,26.0759],[87.9143,26.0761],[87.8206,25.9333],[87.8197,25.9336],[87.8196,25.9337],[87.8074,25.9293],[87.8074,25.9292],[87.8074,25.9287],[87.8222,25.9123],[87.8223,25.8808]]]},"properties":{"state_name":"West Bengal","pc_name":"RAIGANJ","pc_no":5,"state":"west-bengal","id":481}},{"type":"Feature","geometry":{"type":"Polygon","coordinates":[[[88.0733,25.4838],[88.1029,25.3799],[88.1054,25.2744],[88.2091,25.308],[88.4064,25.2954],[88.4172,25.3142],[88.4389,25.2079],[88.6149,25.2036],[88.7588,25.1863],[88.9322,25.1809],[88.9284,25.3097],[88.8806,25.3294],[88.8237,25.4011],[88.8075,25.5132],[88.5738,25.5089],[88.4454,25.5968],[88.3955,25.5957],[88.2698,25.4825],[88.1828,25.5296],[88.0353,25.548],[88.0733,25.4838]]]},"properties":{"state_name":"West Bengal","pc_name":"BALURGHAT","pc_no":6,"state":"west-bengal","id":482}},{"type":"Feature","geometry":{"type":"Polygon","coordinates":[[[87.8392,25.2019],[87.866,25.169],[87.943,25.163],[88.0145,25.0523],[88.056,25.0265],[88.1648,24.9439],[88.2008,24.9571],[88.3027,24.8719],[88.3867,24.9392],[88.452,25.0357],[88.4389,25.2079],[88.4172,25.3142],[88.4064,25.2954],[88.2091,25.308],[88.1054,25.2744],[88.1029,25.3799],[88.0733,25.4838],[87.9478,25.5395],[87.9468,25.5393],[87.9094,25.5205],[87.9033,25.5054],[87.8697,25.4968],[87.7638,25.4072],[87.7638,25.4071],[87.7639,25.4071],[87.8593,25.2718],[87.8396,25.2018],[87.8392,25.2019]]]},"properties":{"state_name":"West Bengal","pc_name":"MALDAHA UTTAR","pc_no":7,"state":"west-bengal","id":483}},{"type":"Feature","geometry":{"type":"Polygon","coordinates":[[[87.7733,25.2215],[87.7949,25.0879],[87.896,25.0109],[87.9055,25.0006],[87.9234,25.0002],[87.9479,24.9041],[87.9476,24.9038],[87.9469,24.9031],[87.8969,24.8568],[87.8355,24.7476],[87.9077,24.7215],[87.9117,24.6555],[87.9112,24.6079],[88.0374,24.6457],[88.0097,24.6692],[88.1116,24.8137],[88.1659,24.8635],[88.1648,24.9439],[88.056,25.0265],[88.0145,25.0523],[87.943,25.163],[87.866,25.169],[87.8392,25.2019],[87.7733,25.2215]]]},"properties":{"state_name":"West Bengal","pc_name":"MALDAHA DAKSHIN","pc_no":8,"state":"west-bengal","id":484}},{"type":"Feature","geometry":{"type":"Polygon","coordinates":[[[87.8908,24.5653],[87.957,24.4885],[87.9708,24.4],[87.9716,24.3895],[87.9568,24.3444],[88.0217,24.2523],[87.961,24.1877],[87.8968,24.1535],[87.8954,24.0738],[87.8676,24.0011],[87.9652,23.9538],[88.0256,23.9828],[88.0521,24.1009],[88.1574,24.0499],[88.2338,24.0678],[88.2398,24.1383],[88.1997,24.2325],[88.2346,24.2803],[88.2185,24.3401],[88.3901,24.3721],[88.2211,24.4561],[88.0913,24.5643],[88.0374,24.6457],[87.9112,24.6079],[87.911,24.6044],[87.8908,24.5653]]]},"properties":{"state_name":"West Bengal","pc_name":"JANGIPUR","pc_no":9,"state":"west-bengal","id":485}},{"type":"Feature","geometry":{"type":"Polygon","coordinates":[[[87.8676,24.0011],[87.8633,23.8741],[87.9643,23.8045],[88.0058,23.8443],[88.0952,23.7523],[88.1599,23.7532],[88.1952,23.7657],[88.323,23.8093],[88.3422,23.8137],[88.4667,23.8233],[88.4769,23.9408],[88.4819,24.0055],[88.3914,23.9334],[88.3073,23.9917],[88.3196,24.0813],[88.365,24.1576],[88.2398,24.1383],[88.2338,24.0678],[88.1574,24.0499],[88.0521,24.1009],[88.0256,23.9828],[87.9652,23.9538],[87.8676,24.0011]]]},"properties":{"state_name":"West Bengal","pc_name":"BAHARAMPUR","pc_no":10,"state":"west-bengal","id":486}},{"type":"Feature","geometry":{"type":"Polygon","coordinates":[[[88.2398,24.1383],[88.365,24.1576],[88.3196,24.0813],[88.3073,23.9917],[88.3914,23.9334],[88.4819,24.0055],[88.4769,23.9408],[88.5079,23.9496],[88.67,23.884],[88.7334,23.9111],[88.7421,24.0335],[88.7,24.0946],[88.7408,24.2541],[88.6964,24.3154],[88.5591,24.305],[88.5332,24.3331],[88.3901,24.3721],[88.2185,24.3401],[88.2346,24.2803],[88.1997,24.2325],[88.2398,24.1383]]]},"properties":{"state_name":"West Bengal","pc_name":"MURSHIDABAD","pc_no":11,"state":"west-bengal","id":487}},{"type":"Feature","geometry":{"type":"MultiPolygon","coordinates":[[[[88.1952,23.7657],[88.1388,23.652],[88.2041,23.6167],[88.2699,23.6003],[88.2751,23.5381],[88.3666,23.5302],[88.4931,23.5368],[88.5449,23.4592],[88.4745,23.4114],[88.5269,23.3571],[88.6471,23.4563],[88.697,23.5165],[88.6452,23.6096],[88.5588,23.6514],[88.5673,23.7005],[88.5911,23.8536],[88.67,23.884],[88.5079,23.9496],[88.4769,23.9408],[88.4667,23.8233],[88.3422,23.8137],[88.323,23.8093],[88.1952,23.7657]]],[[[88.3325,23.3254],[88.4181,23.3029],[88.4134,23.4523],[88.3634,23.4719],[88.3305,23.4146],[88.3325,23.3254]]]]},"properties":{"state_name":"West Bengal","pc_name":"KRISHNANAGAR","pc_no":12,"state":"west-bengal","id":488}},{"type":"Feature","geometry":{"type":"Polygon","coordinates":[[[88.3666,23.5302],[88.3634,23.4719],[88.4134,23.4523],[88.4181,23.3029],[88.3325,23.3254],[88.3363,23.2803],[88.4147,23.2112],[88.469,23.1986],[88.5053,23.1025],[88.4996,23.0846],[88.5479,23.0168],[88.6792,23.0151],[88.6824,23.0788],[88.6754,23.0959],[88.697,23.1576],[88.7157,23.1809],[88.7517,23.2404],[88.7372,23.3457],[88.7822,23.4414],[88.697,23.5165],[88.6471,23.4563],[88.5269,23.3571],[88.4745,23.4114],[88.5449,23.4592],[88.4931,23.5368],[88.3666,23.5302]]]},"properties":{"state_name":"West Bengal","pc_name":"RANAGHAT (SC)","pc_no":13,"state":"west-bengal","id":489}},{"type":"Feature","geometry":{"type":"Polygon","coordinates":[[[88.4996,23.0846],[88.4049,22.9858],[88.4078,22.966],[88.4127,22.9431],[88.4611,22.9506],[88.5089,22.9443],[88.5106,22.9366],[88.5582,22.9216],[88.6624,22.8828],[88.6636,22.8709],[88.7374,22.8194],[88.744,22.8095],[88.7739,22.858],[88.8748,22.7555],[88.8852,22.7],[88.9282,22.7186],[88.9686,22.8446],[88.8984,22.8983],[88.8751,23.0218],[88.8693,23.0988],[88.9178,23.1292],[88.9069,23.2361],[88.7517,23.2404],[88.7157,23.1809],[88.697,23.1576],[88.6754,23.0959],[88.6824,23.0788],[88.6792,23.0151],[88.5479,23.0168],[88.4996,23.0846]]]},"properties":{"state_name":"West Bengal","pc_name":"BANGAON (SC)","pc_no":14,"state":"west-bengal","id":490}},{"type":"Feature","geometry":{"type":"Polygon","coordinates":[[[88.4127,22.9431],[88.4092,22.9291],[88.408,22.8844],[88.3899,22.8696],[88.3853,22.8682],[88.3748,22.8364],[88.3769,22.8351],[88.348,22.7595],[88.3616,22.7418],[88.3865,22.7538],[88.4079,22.7809],[88.432,22.7587],[88.4948,22.7382],[88.5355,22.7345],[88.5874,22.7627],[88.582,22.7899],[88.5285,22.8185],[88.5582,22.9216],[88.5106,22.9366],[88.5089,22.9443],[88.4611,22.9506],[88.4127,22.9431]]]},"properties":{"state_name":"West Bengal","pc_name":"BARRACKPUR","pc_no":15,"state":"west-bengal","id":491}},{"type":"Feature","geometry":{"type":"Polygon","coordinates":[[[88.3616,22.7418],[88.3597,22.7334],[88.3589,22.7186],[88.3594,22.7109],[88.3629,22.6841],[88.3531,22.6594],[88.3525,22.6558],[88.3612,22.6314],[88.3928,22.6271],[88.3937,22.6048],[88.3958,22.5919],[88.4087,22.5624],[88.4373,22.5718],[88.4453,22.6338],[88.4608,22.6528],[88.4408,22.6581],[88.4331,22.6709],[88.432,22.7587],[88.4079,22.7809],[88.3865,22.7538],[88.3616,22.7418]]]},"properties":{"state_name":"West Bengal","pc_name":"DUM DUM","pc_no":16,"state":"west-bengal","id":492}},{"type":"Feature","geometry":{"type":"MultiPolygon","coordinates":[[[[88.5582,22.9216],[88.5285,22.8185],[88.582,22.7899],[88.5874,22.7627],[88.5355,22.7345],[88.4948,22.7382],[88.432,22.7587],[88.4331,22.6709],[88.4408,22.6581],[88.4608,22.6528],[88.4453,22.6338],[88.4373,22.5718],[88.5226,22.5509],[88.5581,22.6199],[88.4964,22.6284],[88.5633,22.6863],[88.7228,22.6512],[88.7087,22.7192],[88.744,22.8095],[88.7374,22.8194],[88.6636,22.8709],[88.6624,22.8828],[88.5582,22.9216]]],[[[88.4087,22.5624],[88.4081,22.5608],[88.4003,22.559],[88.4271,22.5144],[88.4443,22.5015],[88.4373,22.5718],[88.4087,22.5624]]]]},"properties":{"state_name":"West Bengal","pc_name":"BARASAT","pc_no":17,"state":"west-bengal","id":493}},{"type":"Feature","geometry":{"type":"Polygon","coordinates":[[[88.744,22.8095],[88.7087,22.7192],[88.7228,22.6512],[88.5633,22.6863],[88.4964,22.6284],[88.5581,22.6199],[88.5886,22.6154],[88.6569,22.5076],[88.757,22.3933],[88.8197,22.3652],[88.811,22.3152],[88.9398,22.261],[88.9781,22.2022],[89.0692,22.1815],[88.9847,22.327],[88.9959,22.4692],[88.9449,22.5575],[88.9282,22.7186],[88.8852,22.7],[88.8748,22.7555],[88.7739,22.858],[88.744,22.8095]]]},"properties":{"state_name":"West Bengal","pc_name":"BASIRHAT","pc_no":18,"state":"west-bengal","id":494}},{"type":"Feature","geometry":{"type":"Polygon","coordinates":[[[88.6569,22.5076],[88.535,22.4846],[88.4704,22.5045],[88.5385,22.4181],[88.5171,22.391],[88.5867,22.2055],[88.5422,22.1734],[88.4234,22.2235],[88.4393,22.2681],[88.3919,22.3243],[88.3216,22.3261],[88.3193,22.2386],[88.3687,22.183],[88.4093,22.182],[88.4242,22.1464],[88.4842,22.1013],[88.4622,22.0145],[88.4857,21.8836],[88.4957,21.7795],[88.4504,21.7135],[88.4761,21.6284],[88.434,21.5469],[88.5287,21.5276],[88.6345,21.5503],[88.8699,21.5323],[89.1357,21.5863],[89.145,21.6489],[89.0277,21.788],[89.0275,21.924],[89.0751,22.0142],[89.0383,22.0985],[89.0692,22.1815],[88.9781,22.2022],[88.9398,22.261],[88.811,22.3152],[88.8197,22.3652],[88.757,22.3933],[88.6569,22.5076]]]},"properties":{"state_name":"West Bengal","pc_name":"JAYNAGAR (SC)","pc_no":19,"state":"west-bengal","id":495}},{"type":"Feature","geometry":{"type":"Polygon","coordinates":[[[88.3216,22.3261],[88.2839,22.3361],[88.262,22.3247],[88.2652,22.2545],[88.2476,22.1658],[88.1926,22.1445],[88.1749,22.0483],[88.1515,22.0228],[88.128,22.0013],[88.0993,21.969],[88.0686,21.9061],[87.9977,21.8171],[87.902,21.6869],[87.9918,21.513],[88.2288,21.4837],[88.3338,21.543],[88.434,21.5469],[88.4761,21.6284],[88.4504,21.7135],[88.4957,21.7795],[88.4857,21.8836],[88.4622,22.0145],[88.4842,22.1013],[88.4242,22.1464],[88.4093,22.182],[88.3687,22.183],[88.3193,22.2386],[88.3216,22.3261]]]},"properties":{"state_name":"West Bengal","pc_name":"MATHURAPUR (SC)","pc_no":20,"state":"west-bengal","id":496}},{"type":"Feature","geometry":{"type":"Polygon","coordinates":[[[88.3919,22.3243],[88.3815,22.3565],[88.3786,22.3792],[88.3406,22.4289],[88.2974,22.4449],[88.272,22.4785],[88.2965,22.5153],[88.2891,22.5193],[88.2717,22.5568],[88.2349,22.5556],[88.239,22.5234],[88.2017,22.5121],[88.1942,22.5063],[88.1232,22.445],[88.1295,22.398],[88.0911,22.3654],[88.0964,22.3027],[88.0807,22.2517],[88.06,22.2061],[88.0885,22.1986],[88.1926,22.1445],[88.2476,22.1658],[88.2652,22.2545],[88.262,22.3247],[88.2839,22.3361],[88.3216,22.3261],[88.3919,22.3243]]]},"properties":{"state_name":"West Bengal","pc_name":"DIAMOND HARBOUR","pc_no":21,"state":"west-bengal","id":497}},{"type":"Feature","geometry":{"type":"Polygon","coordinates":[[[88.4373,22.5718],[88.4443,22.5015],[88.4271,22.5144],[88.4108,22.4759],[88.3686,22.5048],[88.3476,22.4993],[88.3293,22.508],[88.3263,22.494],[88.346,22.4472],[88.3406,22.4289],[88.3786,22.3792],[88.3815,22.3565],[88.3919,22.3243],[88.4393,22.2681],[88.4234,22.2235],[88.5422,22.1734],[88.5867,22.2055],[88.5171,22.391],[88.5385,22.4181],[88.4704,22.5045],[88.535,22.4846],[88.6569,22.5076],[88.5886,22.6154],[88.5581,22.6199],[88.5226,22.5509],[88.4373,22.5718]]]},"properties":{"state_name":"West Bengal","pc_name":"JADAVPUR","pc_no":22,"state":"west-bengal","id":498}},{"type":"Feature","geometry":{"type":"Polygon","coordinates":[[[88.4003,22.559],[88.3974,22.5508],[88.3837,22.5322],[88.3651,22.5547],[88.3559,22.553],[88.3347,22.5701],[88.3217,22.5524],[88.2717,22.5568],[88.2891,22.5193],[88.2965,22.5153],[88.272,22.4785],[88.2974,22.4449],[88.3406,22.4289],[88.346,22.4472],[88.3263,22.494],[88.3293,22.508],[88.3476,22.4993],[88.3686,22.5048],[88.4108,22.4759],[88.4271,22.5144],[88.4003,22.559]]]},"properties":{"state_name":"West Bengal","pc_name":"KOLKATA DAKSHIN","pc_no":23,"state":"west-bengal","id":499}},{"type":"Feature","geometry":{"type":"Polygon","coordinates":[[[88.3612,22.6314],[88.3659,22.6166],[88.3654,22.6092],[88.3459,22.5876],[88.3436,22.5808],[88.3347,22.5701],[88.3559,22.553],[88.3651,22.5547],[88.3837,22.5322],[88.3974,22.5508],[88.4003,22.559],[88.4081,22.5608],[88.4087,22.5624],[88.3958,22.5919],[88.3937,22.6048],[88.3928,22.6271],[88.3612,22.6314]]]},"properties":{"state_name":"West Bengal","pc_name":"KOLKATA UTTAR","pc_no":24,"state":"west-bengal","id":500}},{"type":"Feature","geometry":{"type":"Polygon","coordinates":[[[88.3525,22.6558],[88.3423,22.6599],[88.3383,22.613],[88.3167,22.6009],[88.2773,22.5916],[88.2465,22.6036],[88.2395,22.5867],[88.1777,22.6058],[88.06,22.6058],[88.0366,22.5907],[88.1215,22.526],[88.1772,22.5161],[88.1942,22.5063],[88.2017,22.5121],[88.239,22.5234],[88.2349,22.5556],[88.2717,22.5568],[88.3217,22.5524],[88.3347,22.5701],[88.3436,22.5808],[88.3459,22.5876],[88.3654,22.6092],[88.3659,22.6166],[88.3612,22.6314],[88.3525,22.6558]]]},"properties":{"state_name":"West Bengal","pc_name":"HOWRAH","pc_no":25,"state":"west-bengal","id":501}},{"type":"Feature","geometry":{"type":"Polygon","coordinates":[[[88.1942,22.5063],[88.1772,22.5161],[88.1215,22.526],[88.0366,22.5907],[88.06,22.6058],[88.0656,22.6856],[87.994,22.7034],[87.9862,22.7805],[87.9256,22.6882],[87.9377,22.6341],[87.8517,22.5952],[87.8858,22.5096],[87.8989,22.4755],[87.9106,22.4272],[87.9398,22.3939],[87.9604,22.2665],[88.06,22.2061],[88.0807,22.2517],[88.0964,22.3027],[88.0911,22.3654],[88.1295,22.398],[88.1232,22.445],[88.1942,22.5063]]]},"properties":{"state_name":"West Bengal","pc_name":"ULUBERIA","pc_no":26,"state":"west-bengal","id":502}},{"type":"Feature","geometry":{"type":"Polygon","coordinates":[[[88.3748,22.8364],[88.3394,22.8355],[88.3003,22.7439],[88.2803,22.7158],[88.2147,22.7659],[88.2108,22.7699],[88.0159,22.7868],[87.9798,22.7937],[87.9862,22.7805],[87.994,22.7034],[88.0656,22.6856],[88.06,22.6058],[88.1777,22.6058],[88.2395,22.5867],[88.2465,22.6036],[88.2773,22.5916],[88.3167,22.6009],[88.3383,22.613],[88.3423,22.6599],[88.3525,22.6558],[88.3531,22.6594],[88.3629,22.6841],[88.3594,22.7109],[88.3589,22.7186],[88.3597,22.7334],[88.3616,22.7418],[88.348,22.7595],[88.3769,22.8351],[88.3748,22.8364]]]},"properties":{"state_name":"West Bengal","pc_name":"SREERAMPUR","pc_no":27,"state":"west-bengal","id":503}},{"type":"Feature","geometry":{"type":"Polygon","coordinates":[[[88.4147,23.2112],[88.3524,23.1183],[88.1862,23.16],[88.1579,23.1029],[88.1504,23.0851],[88.0648,23.0497],[88.0087,22.9678],[88.0992,22.9056],[88.2193,22.8784],[88.219,22.8757],[88.2108,22.7699],[88.2147,22.7659],[88.2803,22.7158],[88.3003,22.7439],[88.3394,22.8355],[88.3748,22.8364],[88.3853,22.8682],[88.3899,22.8696],[88.408,22.8844],[88.4092,22.9291],[88.4127,22.9431],[88.4078,22.966],[88.4049,22.9858],[88.4996,23.0846],[88.5053,23.1025],[88.469,23.1986],[88.4147,23.2112]]]},"properties":{"state_name":"West Bengal","pc_name":"HOOGHLY","pc_no":28,"state":"west-bengal","id":504}},{"type":"Feature","geometry":{"type":"Polygon","coordinates":[[[87.9862,22.7805],[87.9798,22.7937],[88.0159,22.7868],[88.2108,22.7699],[88.219,22.8757],[88.2193,22.8784],[88.0992,22.9056],[88.0087,22.9678],[87.9612,22.9519],[87.9556,22.9534],[87.9337,22.944],[87.7591,22.9636],[87.7267,22.9968],[87.7113,23.0105],[87.6442,22.988],[87.6115,22.8886],[87.522,22.9298],[87.5424,22.8648],[87.4778,22.8289],[87.5056,22.6984],[87.5705,22.5552],[87.6302,22.5466],[87.6251,22.6786],[87.6967,22.7786],[87.7429,22.7701],[87.8004,22.6393],[87.8517,22.5952],[87.9377,22.6341],[87.9256,22.6882],[87.9862,22.7805]]]},"properties":{"state_name":"West Bengal","pc_name":"ARAMBAG (SC)","pc_no":29,"state":"west-bengal","id":505}},{"type":"Feature","geometry":{"type":"Polygon","coordinates":[[[88.1926,22.1445],[88.0885,22.1986],[88.06,22.2061],[87.9604,22.2665],[87.9398,22.3939],[87.9106,22.4272],[87.8989,22.4755],[87.8858,22.5096],[87.7567,22.4733],[87.7557,22.4165],[87.8403,22.3645],[87.7194,22.3103],[87.7092,22.2894],[87.7127,22.1705],[87.8401,22.1673],[87.9203,22.1298],[87.9617,22.0929],[87.8623,22.0345],[87.9047,21.9663],[88.0686,21.9061],[88.0993,21.969],[88.128,22.0013],[88.1515,22.0228],[88.1749,22.0483],[88.1926,22.1445]]]},"properties":{"state_name":"West Bengal","pc_name":"TAMLUK","pc_no":30,"state":"west-bengal","id":506}},{"type":"Feature","geometry":{"type":"Polygon","coordinates":[[[87.4837,21.613],[87.7308,21.6819],[87.8142,21.718],[87.9079,21.801],[87.9977,21.8171],[88.0686,21.9061],[87.9047,21.9663],[87.8623,22.0345],[87.9617,22.0929],[87.9203,22.1298],[87.8401,22.1673],[87.7127,22.1705],[87.672,22.1045],[87.482,22.079],[87.468,22.0266],[87.4958,21.9406],[87.6204,21.9268],[87.6515,21.815],[87.593,21.7605],[87.4541,21.74],[87.4837,21.613]]]},"properties":{"state_name":"West Bengal","pc_name":"KANTHI","pc_no":31,"state":"west-bengal","id":507}},{"type":"Feature","geometry":{"type":"Polygon","coordinates":[[[87.8517,22.5952],[87.8004,22.6393],[87.7429,22.7701],[87.6967,22.7786],[87.6251,22.6786],[87.6302,22.5466],[87.5705,22.5552],[87.5056,22.6984],[87.3257,22.6428],[87.3567,22.4986],[87.4955,22.4597],[87.37,22.4003],[87.3579,22.3422],[87.3292,22.3185],[87.3666,22.262],[87.5049,22.2297],[87.482,22.079],[87.672,22.1045],[87.7127,22.1705],[87.7092,22.2894],[87.7194,22.3103],[87.8403,22.3645],[87.7557,22.4165],[87.7567,22.4733],[87.8858,22.5096],[87.8517,22.5952]]]},"properties":{"state_name":"West Bengal","pc_name":"GHATAL","pc_no":32,"state":"west-bengal","id":508}},{"type":"Feature","geometry":{"type":"Polygon","coordinates":[[[86.2242,22.9937],[86.2381,22.9962],[86.5012,22.9948],[86.4354,22.9252],[86.4166,22.7902],[86.4165,22.7893],[86.4464,22.7647],[86.4472,22.764],[86.5584,22.7109],[86.6334,22.6122],[86.6331,22.6114],[86.6508,22.5933],[86.6513,22.5931],[86.6527,22.5927],[86.7657,22.5755],[86.8874,22.2976],[86.8578,22.2592],[86.851,22.2657],[86.8241,22.2667],[86.788,22.2317],[86.7818,22.237],[86.7248,22.2184],[86.7196,22.1474],[86.7226,22.1468],[86.7234,22.1467],[86.8159,22.1173],[86.817,22.1169],[86.8177,22.1166],[86.9657,22.0851],[87.0265,22.0369],[86.9999,21.9137],[87.0979,21.8666],[87.1053,21.9231],[87.2257,21.9579],[87.1353,22.0882],[87.1601,22.1505],[87.1796,22.1389],[87.2254,22.2363],[87.1815,22.37],[87.2501,22.4144],[87.1161,22.4282],[87.1042,22.55],[87.1559,22.5446],[87.2727,22.6338],[87.3257,22.6428],[87.5056,22.6984],[87.4778,22.8289],[87.5424,22.8648],[87.522,22.9298],[87.4159,22.932],[87.3586,22.9554],[87.2203,22.9064],[87.142,22.8523],[87.0601,22.8437],[87.0767,22.7269],[86.9538,22.6373],[86.9174,22.6261],[86.8038,22.7088],[86.611,22.7978],[86.7031,22.8728],[86.7078,22.9547],[86.5802,23.0517],[86.5449,23.0593],[86.4419,23.1752],[86.3851,23.204],[86.2876,23.1701],[86.3218,23.1054],[86.2545,23.0163],[86.1674,23.029],[86.2242,22.9937]]]},"properties":{"state_name":"West Bengal","pc_name":"JHARGRAM (ST)","pc_no":33,"state":"west-bengal","id":509}},{"type":"Feature","geometry":{"type":"Polygon","coordinates":[[[87.4541,21.74],[87.593,21.7605],[87.6515,21.815],[87.6204,21.9268],[87.4958,21.9406],[87.468,22.0266],[87.482,22.079],[87.5049,22.2297],[87.3666,22.262],[87.3292,22.3185],[87.3579,22.3422],[87.37,22.4003],[87.4955,22.4597],[87.3567,22.4986],[87.3257,22.6428],[87.2727,22.6338],[87.1559,22.5446],[87.1042,22.55],[87.1161,22.4282],[87.2501,22.4144],[87.1815,22.37],[87.2254,22.2363],[87.1796,22.1389],[87.1601,22.1505],[87.1353,22.0882],[87.2257,21.9579],[87.2518,21.8782],[87.252,21.878],[87.2521,21.8777],[87.3194,21.7908],[87.3228,21.791],[87.4403,21.77],[87.4541,21.74]]]},"properties":{"state_name":"West Bengal","pc_name":"MEDINIPUR","pc_no":34,"state":"west-bengal","id":510}},{"type":"Feature","geometry":{"type":"Polygon","coordinates":[[[85.8868,23.4848],[85.8631,23.4316],[85.8677,23.3297],[85.8198,23.2682],[85.8939,23.1558],[86.0375,23.1472],[86.0755,23.0943],[86.0898,23.0894],[86.1174,23.0855],[86.1674,23.029],[86.2545,23.0163],[86.3218,23.1054],[86.2876,23.1701],[86.3851,23.204],[86.4419,23.1752],[86.5449,23.0593],[86.5802,23.0517],[86.7078,22.9547],[86.7522,23.0865],[86.7422,23.166],[86.7702,23.2413],[86.7892,23.3403],[86.8523,23.3851],[86.8266,23.4667],[86.8149,23.5068],[86.6462,23.5075],[86.5952,23.4806],[86.6737,23.5619],[86.61310826513912,23.675284533551554],[86.6131,23.6753],[86.613,23.6753],[86.5967,23.6731],[86.5962,23.6729],[86.4769,23.6342],[86.4756,23.6335],[86.4476,23.6194],[86.447,23.6189],[86.3675,23.5405],[86.3574,23.4619],[86.3024,23.413],[86.2336,23.4624],[86.233,23.4623],[86.229,23.4444],[86.1545,23.4771],[86.1529,23.4793],[86.1439,23.5636],[86.0476,23.5856],[86.0471,23.5857],[86.0466,23.5857],[86.0242,23.4866],[85.9524,23.4709],[85.9518,23.4708],[85.9506,23.4708],[85.9488,23.4708],[85.8871,23.4846],[85.8868,23.4848]]]},"properties":{"state_name":"West Bengal","pc_name":"PURULIA","pc_no":35,"state":"west-bengal","id":511}},{"type":"Feature","geometry":{"type":"Polygon","coordinates":[[[86.7078,22.9547],[86.7031,22.8728],[86.611,22.7978],[86.8038,22.7088],[86.9174,22.6261],[86.9538,22.6373],[87.0767,22.7269],[87.0601,22.8437],[87.142,22.8523],[87.2203,22.9064],[87.1924,23.0059],[87.1388,23.0559],[87.0255,23.0814],[86.9882,23.1551],[87.0499,23.1775],[87.142,23.3023],[87.0372,23.3681],[87.2166,23.4508],[87.2477,23.5212],[87.2136,23.5546],[87.1413,23.5728],[87.0138,23.6323],[86.9025,23.6387],[86.8578,23.6747],[86.805,23.6966],[86.6972,23.6937],[86.692,23.6917],[86.6144,23.6751],[86.6131,23.6753],[86.61310826513912,23.675284533551554],[86.6737,23.5619],[86.5952,23.4806],[86.6462,23.5075],[86.8149,23.5068],[86.8266,23.4667],[86.8523,23.3851],[86.7892,23.3403],[86.7702,23.2413],[86.7422,23.166],[86.7522,23.0865],[86.7078,22.9547]]]},"properties":{"state_name":"West Bengal","pc_name":"BANKURA","pc_no":36,"state":"west-bengal","id":512}},{"type":"Feature","geometry":{"type":"Polygon","coordinates":[[[87.7267,22.9968],[87.7932,23.0708],[87.8592,23.2139],[87.7768,23.2578],[87.8002,23.3714],[87.7822,23.372],[87.7783,23.3766],[87.6771,23.3409],[87.5953,23.2651],[87.4436,23.4067],[87.4033,23.4309],[87.3401,23.4662],[87.2477,23.5212],[87.2166,23.4508],[87.0372,23.3681],[87.142,23.3023],[87.0499,23.1775],[86.9882,23.1551],[87.0255,23.0814],[87.1388,23.0559],[87.1924,23.0059],[87.2203,22.9064],[87.3586,22.9554],[87.4159,22.932],[87.522,22.9298],[87.6115,22.8886],[87.6442,22.988],[87.7113,23.0105],[87.7267,22.9968]]]},"properties":{"state_name":"West Bengal","pc_name":"BISHNUPUR (SC)","pc_no":37,"state":"west-bengal","id":513}},{"type":"Feature","geometry":{"type":"Polygon","coordinates":[[[88.1388,23.652],[88.0948,23.5813],[88.12,23.4786],[88.1439,23.4832],[88.2283,23.4127],[88.2211,23.2566],[88.0915,23.2503],[88.0375,23.2778],[87.9852,23.1978],[87.9592,23.1744],[87.8592,23.2139],[87.7932,23.0708],[87.7267,22.9968],[87.7591,22.9636],[87.9337,22.944],[87.9556,22.9534],[87.9612,22.9519],[88.0087,22.9678],[88.0648,23.0497],[88.1504,23.0851],[88.1579,23.1029],[88.1862,23.16],[88.3524,23.1183],[88.4147,23.2112],[88.3363,23.2803],[88.3325,23.3254],[88.3305,23.4146],[88.3634,23.4719],[88.3666,23.5302],[88.2751,23.5381],[88.2699,23.6003],[88.2041,23.6167],[88.1388,23.652]]]},"properties":{"state_name":"West Bengal","pc_name":"BARDHAMAN PURBA(SC)","pc_no":38,"state":"west-bengal","id":514}},{"type":"Feature","geometry":{"type":"MultiPolygon","coordinates":[[[[87.2477,23.5212],[87.3401,23.4662],[87.4033,23.4309],[87.4436,23.4067],[87.5953,23.2651],[87.6771,23.3409],[87.7783,23.3766],[87.6203,23.4084],[87.4546,23.489],[87.5357,23.6104],[87.4435,23.6145],[87.4144,23.6846],[87.3916,23.6977],[87.376,23.6016],[87.3029,23.6122],[87.2432,23.5831],[87.2136,23.5546],[87.2477,23.5212]]],[[[87.8592,23.2139],[87.9592,23.1744],[87.9852,23.1978],[88.0375,23.2778],[88.0915,23.2503],[88.2211,23.2566],[88.2283,23.4127],[88.1439,23.4832],[88.12,23.4786],[88.0499,23.4601],[87.938,23.4896],[87.7574,23.5007],[87.7822,23.372],[87.8002,23.3714],[87.7768,23.2578],[87.8592,23.2139]]]]},"properties":{"state_name":"West Bengal","pc_name":"BARDHAMAN-DURGAPUR","pc_no":39,"state":"west-bengal","id":515}},{"type":"Feature","geometry":{"type":"Polygon","coordinates":[[[86.8004,23.8337],[86.8003,23.8335],[86.8213,23.7829],[86.805,23.6966],[86.8578,23.6747],[86.9025,23.6387],[87.0138,23.6323],[87.1413,23.5728],[87.2136,23.5546],[87.2432,23.5831],[87.3029,23.6122],[87.376,23.6016],[87.3916,23.6977],[87.2304,23.7424],[87.1509,23.7501],[87.0866,23.8089],[87.055,23.8226],[86.9126,23.8817],[86.9122,23.8819],[86.8914,23.8738],[86.8912,23.8733],[86.8004,23.8339],[86.8004,23.8337]]]},"properties":{"state_name":"West Bengal","pc_name":"ASANSOL","pc_no":40,"state":"west-bengal","id":516}},{"type":"Feature","geometry":{"type":"Polygon","coordinates":[[[87.8954,24.0738],[87.7775,24.1088],[87.7095,24.1145],[87.6483,24.0147],[87.7725,23.8959],[87.6754,23.8706],[87.5875,23.7762],[87.515,23.7856],[87.5071,23.7404],[87.4144,23.6846],[87.4435,23.6145],[87.5357,23.6104],[87.4546,23.489],[87.6203,23.4084],[87.7783,23.3766],[87.7822,23.372],[87.7574,23.5007],[87.938,23.4896],[88.0499,23.4601],[88.12,23.4786],[88.0948,23.5813],[88.1388,23.652],[88.1952,23.7657],[88.1599,23.7532],[88.0952,23.7523],[88.0058,23.8443],[87.9643,23.8045],[87.8633,23.8741],[87.8676,24.0011],[87.8954,24.0738]]]},"properties":{"state_name":"West Bengal","pc_name":"BOLPUR (SC)","pc_no":41,"state":"west-bengal","id":517}},{"type":"Feature","geometry":{"type":"Polygon","coordinates":[[[87.6394,24.2547],[87.6949,24.1865],[87.7001,24.1764],[87.6943,24.1504],[87.5816,24.1545],[87.5719,24.0892],[87.4976,24.0627],[87.5095,24.0485],[87.5119,24.0382],[87.4601,23.9851],[87.2568,24.0404],[87.2566,24.0406],[87.2553,24.0417],[87.233,24.024],[87.2909,23.8943],[87.0866,23.8089],[87.1509,23.7501],[87.2304,23.7424],[87.3916,23.6977],[87.4144,23.6846],[87.5071,23.7404],[87.515,23.7856],[87.5875,23.7762],[87.6754,23.8706],[87.7725,23.8959],[87.6483,24.0147],[87.7095,24.1145],[87.7775,24.1088],[87.8954,24.0738],[87.8968,24.1535],[87.961,24.1877],[88.0217,24.2523],[87.9568,24.3444],[87.9716,24.3895],[87.9708,24.4],[87.957,24.4885],[87.8908,24.5653],[87.7719,24.5837],[87.7717,24.5826],[87.8152,24.5017],[87.8011,24.3839],[87.6852,24.2467],[87.6394,24.2547]]]},"properties":{"state_name":"West Bengal","pc_name":"BIRBHUM","pc_no":42,"state":"west-bengal","id":518}}]}