{"type":"FeatureCollection","features":[{"type":"Feature","geometry":{"type":"Polygon","coordinates":[[[84.4661,18.9942],[84.4252,18.9504],[84.4394,18.9273],[84.4191,18.898],[84.3743,18.8618],[84.3371,18.8894],[84.3469,18.8483],[84.3594,18.8316],[84.3308,18.818],[84.321,18.787],[84.2865,18.7926],[84.28383689789091,18.791630671646114],[84.2604,18.7831],[84.2263,18.7988],[84.1697,18.7883],[84.0894,18.7568],[84.0764,18.7645],[84.0456,18.8129],[84.0157,18.8088],[83.9655,18.8147],[83.9501,18.8052],[83.9417,18.8084],[83.9423,18.8155],[83.9316,18.8159],[83.92104647217349,18.82398213206967],[83.9158,18.828],[83.8905,18.8267],[83.8483,18.8645],[83.8489,18.8999],[83.819,18.9452],[83.8217,18.9603],[83.7945,19.0176],[83.7451,18.9889],[83.7553,18.9714],[83.7589,18.9507],[83.76627728550395,18.95352681033329],[83.7696,18.9548],[83.7844,18.9336],[83.7538,18.9252],[83.74012269201395,18.95199157070337],[83.733,18.9877],[83.72002604939145,18.9913575499056],[83.7142,18.993],[83.6852,19.0586],[83.6603,19.0845],[83.6628,19.099],[83.6316,19.1409],[83.6372,19.1536],[83.5978,19.1188],[83.60314255210982,19.109325317742755],[83.6106,19.0961],[83.5862,19.0873],[83.5749,19.0614],[83.5417,19.0415],[83.5193,19.0391],[83.5131,19.0484],[83.513510827806,19.049366000516837],[83.5168,19.0571],[83.5117,19.0703],[83.5006,19.0607],[83.4808,19.0786],[83.4707,19.043],[83.4833,19.0336],[83.4678,18.991],[83.4636,18.9553],[83.4148,18.9894],[83.348,19.0169],[83.3104,18.9989],[83.3389,18.9473],[83.397,18.8791],[83.4056,18.8423],[83.3792,18.8309],[83.3693,18.844],[83.3284,18.8177],[83.2818,18.7958],[83.2749,18.782],[83.27825547256451,18.77811191274272],[83.2812,18.7747],[83.2714,18.7648],[83.263,18.7695],[83.26162828540826,18.76941686578232],[83.2432,18.7683],[83.2201,18.7477],[83.1932,18.7532],[83.1779,18.7709],[83.1565,18.7683],[83.139,18.7854],[83.1151,18.7681],[83.0917,18.7225],[83.0726,18.7053],[83.07159421361202,18.7030912142068],[83.0624,18.6829],[83.058,18.6655],[83.0167,18.6501],[83.0152,18.6055],[83.0451,18.5443],[83.0809,18.5541],[83.0935,18.5399],[83.0209,18.4563],[83.0758,18.4057],[83.0544,18.38],[83.03365715790481,18.387467423154266],[83.0219,18.3917],[82.9872,18.3789],[82.9704,18.3601],[82.9397,18.3609],[82.8942,18.3816],[82.8907,18.3905],[82.89581554365398,18.39986648838054],[82.8978,18.4035],[82.895,18.4241],[82.8713,18.4185],[82.8031,18.4493],[82.7821,18.4308],[82.7868,18.4108],[82.79240455267939,18.409034786557672],[82.7995,18.4068],[82.7914,18.3962],[82.7938,18.3861],[82.7742,18.3405],[82.7342,18.3203],[82.6763,18.3066],[82.6574,18.2961],[82.65201132308643,18.298284598748744],[82.6426,18.3021],[82.64318426328396,18.295234906413555],[82.6438,18.288],[82.6423,18.2638],[82.6522,18.2499],[82.6377,18.2367],[82.5878,18.2761],[82.6212,18.3597],[82.6052,18.3821],[82.5624,18.4],[82.5409,18.3995],[82.5395,18.4436],[82.5345655846621,18.45542693200033],[82.5332,18.4587],[82.5283,18.4642],[82.5292,18.5028],[82.5049,18.5135],[82.4817,18.5414],[82.4449,18.5146],[82.434,18.4986],[82.4358746763754,18.49595339805825],[82.4374,18.4938],[82.4091,18.4694],[82.382,18.4326],[82.3855,18.3675],[82.3698,18.3586],[82.3427,18.3205],[82.3889,18.3285],[82.3923,18.298],[82.3765,18.2807],[82.3446,18.2806],[82.3325,18.252],[82.337,18.2243],[82.3108,18.2041],[82.3154,18.1841],[82.3373,18.1722],[82.34765433398591,18.17187642706294],[82.3533,18.1717],[82.3723,18.1482],[82.3632,18.1348],[82.34865912569433,18.136109367828475],[82.3421,18.1367],[82.3357,18.1059],[82.3503,18.0777],[82.3438,18.058],[82.3194,18.0577],[82.3201,18.0448],[82.3077,18.0451],[82.3103,18.054],[82.30396115801327,18.05899728812711],[82.2914,18.0689],[82.2616,18.0419],[82.2734,18.0225],[82.2686,18.001],[82.2495,17.9934],[82.1878,18.0148],[82.1843,18.0288],[82.17316506504928,18.045466483281096],[82.1688,18.052],[82.102,18.0603],[82.0766,18.0753],[82.0658,18.0564],[82.0329,18.0695],[82.0062,18.0522],[82.0103,18.0313],[81.9793,18.0143],[81.9629,17.9993],[81.9199,17.9912],[81.9037,17.9767],[81.8099,17.951],[81.7901,17.9208],[81.7633,17.9026],[81.7746,17.8864],[81.8114,17.8595],[81.7641,17.8271],[81.7467,17.8318],[81.712,17.8103],[81.699,17.7824],[81.634,17.7737],[81.6158,17.751],[81.5835,17.7324],[81.5816,17.6932],[81.5678,17.6817],[81.55184120777687,17.65073315211171],[81.5443,17.6361],[81.5165,17.6003],[81.5367,17.5846],[81.5123,17.545],[81.5105,17.5194],[81.5246,17.5048],[81.4983,17.4815],[81.5031,17.4639],[81.487,17.4352],[81.424,17.3676],[81.3797,17.3635],[81.3342,17.3986],[81.3052,17.3462],[81.274,17.3175],[81.1904,17.3251],[81.1766,17.288],[81.1876,17.255],[81.1736,17.231],[81.1014,17.2225],[81.0794,17.2154],[81.0549,17.2253],[81.032,17.1921],[80.9984,17.1906],[80.9189,17.2199],[80.9238,17.1577],[80.8795,17.1606],[80.877,17.0702],[80.8452,17.0396],[80.7966,17.0622],[80.7389,17.0796],[80.6951,17.0749],[80.6535,17.0689],[80.6704,17.1012],[80.6182,17.1286],[80.58,17.1534],[80.5626,17.1332],[80.5139,17.1223],[80.5055,17.0691],[80.4648,17.0303],[80.4386,17.0379],[80.417,17.0739],[80.3944,17.0764],[80.3958,17.0358],[80.3879,17.0093],[80.365,16.9753],[80.4474,16.9559],[80.4933,16.9272],[80.4971,16.9547],[80.5265,16.9478],[80.5354,16.9612],[80.5808,16.9373],[80.6022,16.9188],[80.595,16.8841],[80.5689,16.8697],[80.576,16.8264],[80.597,16.7929],[80.5701,16.7688],[80.5033,16.7799],[80.465,16.7952],[80.465,16.8203],[80.408,16.8487],[80.4044,16.8324],[80.3734,16.8298],[80.3736,16.8521],[80.3405,16.8597],[80.3218,16.8793],[80.3127,16.9174],[80.3162,16.9486],[80.3033,16.9542],[80.293,16.9769],[80.2831,17.0078],[80.2641,16.9976],[80.2021,17.0173],[80.1702,17.0169],[80.1405,16.9904],[80.0954,16.9904],[80.0914,16.9683],[80.0563,16.9708],[80.0405,16.9197],[80.0172,16.9173],[80.0023,16.8714],[80.0181,16.8537],[80.0466,16.8532],[80.0482,16.8329],[80.0729,16.8182],[80.0543,16.7667],[80.0529,16.7444],[80.031,16.7153],[79.9975,16.7023],[79.9616,16.6429],[79.9324,16.6316],[79.9076,16.6357],[79.8929,16.6522],[79.8784,16.697],[79.8511,16.7062],[79.8173,16.6922],[79.7859,16.7305],[79.7444,16.7192],[79.7242,16.6913],[79.6838,16.6949],[79.6649,16.6883],[79.6331,16.6606],[79.5973,16.6731],[79.5761,16.6504],[79.5434,16.6332],[79.5044,16.6365],[79.4849,16.6232],[79.4411,16.615],[79.4184,16.58],[79.3396,16.5823],[79.2892,16.5608],[79.2571,16.5661],[79.2452,16.5326],[79.2214,16.5155],[79.2149,16.4826],[79.2335,16.4599],[79.2118,16.448],[79.2107,16.3567],[79.2343,16.3349],[79.2227,16.2365],[79.1923,16.2164],[79.1592,16.209],[79.1217,16.2328],[79.0995,16.2235],[79.0509,16.2384],[79.0128,16.2409],[78.9858,16.2111],[78.9603,16.2094],[78.9055,16.1839],[78.9239,16.1377],[78.9214,16.1031],[78.8896,16.085],[78.873,16.1436],[78.8331,16.1377],[78.8404,16.0785],[78.8195,16.0486],[78.7919,16.0247],[78.7356,16.0085],[78.6857,16.0332],[78.6504,16.0728],[78.61,16.0874],[78.587,16.0637],[78.5499,16.043],[78.4749,16.0688],[78.408,16.0752],[78.3655,16.0471],[78.3267,16.0371],[78.322,16.0175],[78.2995,16.0119],[78.261,16.0262],[78.2511,15.973],[78.2511,15.9351],[78.1845,15.9102],[78.19,15.8926],[78.1754,15.8584],[78.1356,15.855],[78.1343,15.8369],[78.0991,15.8364],[78.0715,15.8507],[78.0469,15.8753],[78.0451,15.9045],[78.0256,15.9027],[78.0065,15.8631],[77.9757,15.8835],[77.9364,15.884],[77.8888,15.9061],[77.8598,15.8846],[77.8051,15.8747],[77.7488,15.8856],[77.7242,15.8962],[77.6846,15.8836],[77.6576,15.8863],[77.6115,15.9182],[77.5491,15.9195],[77.5136,15.9271],[77.4237,15.9477],[77.3792,15.9396],[77.3614,15.9496],[77.2844,15.9539],[77.2489,15.9649],[77.2347,15.9574],[77.2051118197428,15.956984935347093],[77.146,15.9463],[77.0316,15.8549],[77.0253,15.8375],[77.0652,15.8278],[77.0491,15.7303],[77.0797,15.7275],[77.0874,15.7155],[77.08223072937425,15.703438368539922],[77.1289,15.6656],[77.1215,15.6311],[77.1063,15.6375],[77.1014,15.6485],[77.10052784674001,15.649012749444056],[77.0326,15.6093],[77.0463,15.3814],[77.0570088381432,15.350092740947456],[77.0644,15.3452],[77.0646,15.3279],[77.1134,15.3341],[77.11826163193021,15.295984805667073],[77.12033945172509,15.29474902471601],[77.1518,15.2923],[77.1522,15.2758],[77.15456915221803,15.212947785274764],[77.162,15.2011],[77.1691,15.172],[77.1573,15.1405],[77.1502,15.1116],[77.13723386218896,15.104633119982127],[77.12942502276637,15.090675341495496],[77.1282,15.0723],[77.113,15.0341],[77.09864702227223,15.035661722965198],[77.0825,15.0068],[77.0441,15.0099],[77.0496,15.0331],[77.00038815250518,15.032385956942907],[76.9661,15.0184],[76.9497,15.0308],[76.8773,15.0306],[76.7998,15.0959],[76.78109241538732,15.045887763749018],[76.7902,15.0208],[76.76,14.9895],[76.8673,14.9696],[76.8638,14.8955],[76.853200096681,14.887526621397209],[76.85285197718684,14.885500271116927],[76.8571,14.8674],[76.8539,14.8429],[76.8366,14.7909],[76.7753,14.6812],[76.765,14.6022],[76.7803,14.5931],[76.78339712777937,14.582385612006526],[76.8325,14.5295],[76.8559,14.5093],[76.86238742931117,14.490427478367513],[76.87308170998949,14.476446600025733],[76.9007,14.4892],[76.9748,14.4854],[76.9599,14.4506],[76.9448,14.4509],[76.9478,14.4132],[76.9158,14.4206],[76.8858,14.3957],[76.91268750460293,14.320614153812581],[76.9457,14.3132],[76.9566,14.2947],[76.9371,14.2804],[76.9282,14.2793],[76.92775016611296,14.27855027685493],[76.9398,14.2449],[76.9856,14.2474],[77.0055,14.2359],[77.0392909817149,14.246356808095154],[77.1102,14.2683],[77.1357,14.3369],[77.1668,14.3422],[77.1974,14.3212],[77.2474,14.3178],[77.2866,14.3401],[77.2888,14.3055],[77.28667339107145,14.296391693834316],[77.3623,14.2761],[77.3801809681602,14.298506398373592],[77.3771,14.3048],[77.3784,14.3201],[77.4109,14.337],[77.4462,14.3175],[77.44603566649512,14.313851796191452],[77.4789,14.2922],[77.5034,14.2598],[77.49675590928175,14.241810810979798],[77.5171,14.1844],[77.5035,14.1571],[77.3937,14.1743],[77.3789,14.1359],[77.3617,14.1154],[77.3974,14.1255],[77.4009,14.1188],[77.36,14.0623],[77.35352084538142,14.061602244887231],[77.3323,14.0307],[77.3902,14.0167],[77.38563921991069,14.005341076004],[77.4259,13.9862],[77.4355,13.948],[77.42041865370595,13.946716481166463],[77.4136,13.8976],[77.3978,13.9065],[77.3546,13.9045],[77.3477,13.916],[77.3715,13.9532],[77.3496,13.9586],[77.361,13.9911],[77.33638577559934,13.9970028291345],[77.2751,14.0117],[77.17239518664047,14.005721660117878],[77.1734,14.0012],[77.1411,14.0039],[77.0317,14.0569],[77.0202,14.1313],[77.0224,14.1773],[76.8907,14.1436],[76.9359,14.1289],[76.9484,14.0921],[76.9735,14.0836],[76.9719,14.0584],[76.93808434297739,14.054975629668595],[76.9312,14.0302],[76.9992,13.9904],[76.99591834575004,13.973505557750201],[77.0417,13.9334],[77.0473,13.9066],[77.02450079293088,13.902847044103849],[77.02042661090307,13.895609599766546],[77.0163,13.8844],[77.0185,13.8725],[77.0066,13.8521],[76.9944628473334,13.849487140745383],[76.9764,13.8174],[77.0127,13.7398],[77.0245,13.7793],[77.0434,13.7778],[77.05785412423829,13.760474851084249],[77.1575,13.8061],[77.16717759674134,13.830156720977598],[77.1537,13.8342],[77.156,13.8444],[77.1322,13.8462],[77.1477,13.8685],[77.1686,13.8645],[77.162,13.9067],[77.1909,13.9119],[77.1857,13.8762],[77.22092541061026,13.871180057196831],[77.2307,13.9034],[77.2483,13.9012],[77.2447,13.8819],[77.2489,13.8676],[77.2503075072344,13.866992840016536],[77.30147025376236,13.85970168125433],[77.3106,13.8629],[77.3113,13.8665],[77.32054469846912,13.85698339863473],[77.35936767205949,13.851450770242437],[77.3628,13.8543],[77.3787,13.8494],[77.37893613252335,13.848662085864518],[77.42277709236187,13.84241434859155],[77.4292,13.8448],[77.443,13.8563],[77.432,13.8411],[77.4515,13.8096],[77.4614,13.7884],[77.4649,13.711],[77.4555,13.6827],[77.48996645510547,13.695114306514842],[77.4856,13.7152],[77.5143,13.713],[77.5131458632661,13.70346318593566],[77.53479727754728,13.71126170459805],[77.5366,13.7306],[77.5474,13.7529],[77.5868,13.7335],[77.6211,13.7685],[77.6513,13.7841],[77.6801,13.7868],[77.6715,13.7605],[77.72001568831452,13.792550823077345],[77.7193,13.8003],[77.7407,13.8124],[77.74729047619047,13.810569312169312],[77.78620975941898,13.836280481162053],[77.7823,13.8441],[77.793,13.849],[77.8054634369287,13.849],[77.8371,13.8699],[77.8138,13.9252],[77.8138,13.9271],[77.8392,13.9359],[77.8866,13.9391],[77.8885,13.9395],[77.93053122135541,13.910857102049302],[77.9459,13.9353],[77.9596,13.9399],[77.9674,13.9602],[77.9875,13.9555],[77.9802,13.9279],[77.9844,13.8976],[77.96085109468609,13.890195103428203],[77.9921,13.8689],[78.04728534498128,13.86582889775361],[78.0509,13.8772],[78.0486,13.8967],[78.0784,13.8818],[78.08127545502434,13.863937324848816],[78.1089,13.8624],[78.1255,13.8317],[78.1187662830696,13.817884270435922],[78.1257,13.7866],[78.09974430022574,13.738745541760725],[78.1046,13.7366],[78.121,13.7155],[78.1135,13.6925],[78.0737,13.6875],[78.0662,13.6769],[78.0993,13.6433],[78.1141,13.6575],[78.1561,13.6585],[78.1693,13.6538],[78.1684320891523,13.633452312348286],[78.2039,13.6284],[78.1962,13.566],[78.1984935180345,13.566509866701514],[78.2029,13.5683],[78.2196,13.5927],[78.2373,13.5987],[78.2593,13.5824],[78.3262,13.5949],[78.3506,13.5869],[78.3933,13.5914],[78.4014,13.5675],[78.3744,13.5091],[78.39646508246497,13.349704478909779],[78.4084,13.3457],[78.4012,13.3155],[78.4404,13.3285],[78.44239579400742,13.316701335426705],[78.4835,13.3179],[78.5743,13.2979],[78.5849,13.2615],[78.5711,13.2469],[78.567,13.201],[78.5801,13.1673],[78.5506,13.1645],[78.5194,13.1199],[78.4977,13.0621],[78.4743,13.044],[78.47115537115845,13.043926297761526],[78.46204326490412,13.028993042952626],[78.4629,13.0058],[78.4747,12.9915],[78.4674,12.975],[78.4525352285338,12.977815997078999],[78.4434,12.9215],[78.4666,12.9054],[78.464,12.8777],[78.4286,12.9021],[78.3886,12.9069],[78.3558,12.9408],[78.3397,12.9032],[78.33576854777792,12.902860244869697],[78.3124,12.8586],[78.2534,12.862],[78.2456,12.788],[78.2307,12.7609],[78.2408,12.7296],[78.2312,12.7126],[78.2072,12.7082],[78.2106,12.6861],[78.2377,12.6858],[78.2445,12.7064],[78.2711,12.7051],[78.3026,12.6663],[78.3436,12.6488],[78.3714,12.6272],[78.4126,12.6269],[78.4717,12.6321],[78.4742,12.6474],[78.4845,12.6717],[78.5038,12.682],[78.503,12.7168],[78.5138,12.7345],[78.5293,12.7092],[78.53103745685812,12.703472827393652],[78.5347,12.6914],[78.555,12.6994],[78.5634,12.7354],[78.5556,12.7559],[78.57671254742998,12.771233774285184],[78.5925,12.7827],[78.6077,12.822],[78.60326051655039,12.8426937212409],[78.6015,12.8509],[78.6336,12.9309],[78.657,12.9322],[78.6209,12.9913],[78.6554,13.016],[78.6562,13.0312],[78.68934854303954,13.02106366865733],[78.7046,13.0164],[78.70660893258824,13.028569051425336],[78.7133,13.0691],[78.7518,13.055],[78.7943,13.0667],[78.8137,13.0891],[78.842,13.0787],[78.8611,13.0837],[78.86496409182,13.087343286573146],[78.8751,13.0969],[78.8956,13.0952],[78.89289119705862,13.086386282966838],[78.8889,13.0734],[78.8916,13.0331],[78.9239,13.0808],[78.9554,13.0759],[78.97518611731996,13.083566207817695],[78.9825,13.0864],[79.0063,13.0825],[79.0634,13.0531],[79.06315493003198,13.04264368136435],[79.0631,13.0403],[79.0809,13.0258],[79.0983,13.0261],[79.0983231018627,13.026130971728028],[79.1074,13.0383],[79.1373,13.0348],[79.16,13.0203],[79.1822,13.0319],[79.1853,13.0797],[79.2344,13.1053],[79.2328,13.1394],[79.2144,13.1565],[79.2421,13.1497],[79.2812,13.1537],[79.2838,13.1229],[79.3116,13.1159],[79.329,13.1308],[79.3575,13.1219],[79.3611,13.1387],[79.35771842966298,13.159461269045952],[79.3568,13.1651],[79.36730360815032,13.164202255713649],[79.3802,13.1631],[79.38394657547778,13.172434140629996],[79.3918,13.192],[79.4324,13.1964],[79.4532,13.2168],[79.4528,13.2386],[79.438,13.2432],[79.42054075230466,13.242932766616908],[79.4184,13.2429],[79.41813812966019,13.252360066025394],[79.4176,13.2718],[79.4347,13.2891],[79.4138,13.3002],[79.40616465684005,13.299341023894506],[79.3898,13.2975],[79.3983,13.3302],[79.4826,13.3408],[79.5259,13.3444],[79.5441,13.3168],[79.5351,13.275],[79.5739,13.2591],[79.5931,13.2647],[79.59548050616341,13.2837440493073],[79.5956,13.2847],[79.6087,13.2875],[79.61391719248529,13.286413972176533],[79.6332,13.2824],[79.6518,13.2919],[79.6783,13.2617],[79.6841,13.2433],[79.7,13.2523],[79.7319,13.2226],[79.7642,13.2191],[79.7947,13.2421],[79.7612,13.2583],[79.7306,13.2829],[79.7563,13.2952],[79.7619,13.3184],[79.7985,13.2988],[79.8092,13.3173],[79.84197159489435,13.316175908354548],[79.8471,13.316],[79.8623,13.3172],[79.9351,13.3534],[79.9579,13.3788],[79.9632,13.3934],[79.9488088560949,13.395886428004546],[79.9441,13.3967],[79.9398,13.4243],[79.9549,13.4254],[79.95741017389217,13.422543595226152],[79.9578,13.4221],[79.9732,13.4294],[79.9724,13.469],[80.0156,13.4999],[80.038,13.539],[80.07714467284796,13.525671266041362],[80.0786,13.4889],[80.0986,13.488],[80.1131,13.5054],[80.1456,13.4907],[80.1822,13.4899],[80.2265,13.4849],[80.2426,13.4709],[80.2638,13.5625],[80.2683,13.5645],[80.2428,13.6158],[80.2339,13.6571],[80.2376,13.7217],[80.2552,13.7794],[80.2181,13.8814],[80.1977,13.919],[80.1438,14.0505],[80.1272,14.1502],[80.1291,14.2154],[80.1436,14.2868],[80.1672,14.3444],[80.1808,14.5151],[80.196,14.5865],[80.1708,14.6141],[80.138,14.7145],[80.1097,14.7392],[80.0885,14.8252],[80.0849,14.8821],[80.0668,14.9353],[80.0542,15.0055],[80.0471,15.0838],[80.0557,15.1238],[80.0895,15.2154],[80.0845,15.2699],[80.1157,15.3546],[80.1407,15.3927],[80.2048,15.4707],[80.2401,15.6062],[80.2696,15.666],[80.3021,15.7091],[80.3456,15.7516],[80.4182,15.7979],[80.5365,15.8527],[80.6052,15.8707],[80.6859,15.8819],[80.7291,15.8789],[80.7819,15.8633],[80.8126,15.8315],[80.8008,15.8062],[80.8158,15.741],[80.8157,15.7138],[80.8326,15.707],[80.928,15.722],[80.9388,15.7166],[81.0082,15.7541],[81.0144,15.7723],[80.9953,15.8035],[81.0009,15.8324],[81.0715,15.9115],[81.1485,15.9756],[81.1474,16.02],[81.1956,16.1155],[81.2137,16.2076],[81.265,16.2785],[81.3243,16.3145],[81.3924,16.3427],[81.4872,16.3554],[81.6906,16.3278],[81.7224,16.3075],[81.7483,16.3243],[81.8662,16.3792],[81.9578,16.3975],[81.992,16.4204],[82.1738,16.5112],[82.2603,16.5525],[82.2995,16.556],[82.3231,16.5778],[82.33,16.6208],[82.3172,16.662],[82.3659,16.7068],[82.3484,16.7162],[82.3443,16.7441],[82.3585,16.8097],[82.3494,16.8506],[82.2642,16.8826],[82.2482,16.9048],[82.2495,16.9356],[82.2686,16.9546],[82.2885,17.0149],[82.307,17.0424],[82.4441,17.1755],[82.5424,17.2489],[82.703,17.3439],[82.992,17.4725],[83.0145,17.5034],[83.1023,17.5417],[83.1619,17.5601],[83.1752,17.5744],[83.2129,17.591],[83.238,17.6123],[83.2396,17.6316],[83.282,17.6606],[83.2948,17.6897],[83.3444,17.7235],[83.3544,17.7557],[83.3857,17.7772],[83.4114,17.8099],[83.4203,17.8571],[83.4447,17.873],[83.4715,17.9126],[83.5418,17.9613],[83.5686,18.0099],[83.6677,18.0795],[83.7506,18.1293],[83.8603,18.1744],[83.8894,18.1962],[83.949,18.2164],[84.0717,18.2766],[84.1258,18.3112],[84.1496,18.3752],[84.2855,18.501],[84.3547,18.555],[84.364,18.5867],[84.4372,18.658],[84.4532,18.693],[84.4937,18.7409],[84.5515,18.7906],[84.5578,18.8178],[84.6036,18.8898],[84.6844,18.9675],[84.7647,19.0773],[84.7036,19.1171],[84.7152,19.156],[84.6708,19.1658],[84.6678,19.1296],[84.602,19.1278],[84.6097,19.1004],[84.6256,19.0989],[84.624,19.0898],[84.63442443523141,19.087109823166088],[84.6364,19.0866],[84.618,19.0662],[84.6011,19.0252],[84.5827,19.031],[84.5834,19.0424],[84.5778,19.0408],[84.5833,19.0497],[84.5832141724692,19.059956389930367],[84.5831,19.0736],[84.5567,19.0563],[84.5166,19.048],[84.4661,18.9942]],[[82.2435,16.7223],[82.3138,16.7294],[82.2945,16.7045],[82.2675,16.6947],[82.239,16.7163],[82.2038,16.7177],[82.2119,16.7511],[82.226,16.7586],[82.2175,16.7328],[82.2435,16.7223]]]},"properties":{"state_name":"Andhra Pradesh","state":"andhra"}},{"type":"Feature","geometry":{"type":"Polygon","coordinates":[[[95.2339,26.6825],[95.431,26.7005],[95.53,26.8263],[95.6778,26.8986],[95.8023,27.0151],[95.9457,27.0514],[96.0537,27.1957],[96.3062,27.2941],[96.3987,27.2901],[96.6057,27.3658],[96.7985,27.344],[96.8599,27.1898],[97.062,27.0992],[97.1636,27.1422],[96.9624,27.4016],[96.8965,27.616],[97.2527,27.901],[97.3747,27.9091],[97.3949,28.0255],[97.2791,28.2687],[97.0901,28.3629],[96.994,28.3095],[96.6628,28.4603],[96.3137,28.3835],[96.326,28.5241],[96.5849,28.717],[96.5185,28.9672],[96.3467,29.029],[96.2482,28.9395],[96.1507,29.0503],[96.2442,29.2326],[96.0887,29.46],[95.8823,29.39],[95.5871,29.2164],[95.4111,29.0324],[95.2678,29.0561],[94.8,29.2094],[94.6441,29.3468],[94.5603,29.2286],[94.4337,29.2267],[94.1873,29.0388],[93.997,28.8409],[93.9621,28.7124],[93.6221,28.6573],[93.3392,28.6399],[93.183,28.4324],[93.2216,28.335],[93.0255,28.3028],[92.818,28.2012],[92.6629,28.0673],[92.7342,27.9767],[92.5621,27.8205],[92.4685,27.8147],[92.2658,27.8576],[91.9973,27.7682],[91.8806,27.7217],[91.7308,27.8084],[91.6305,27.8008],[91.5641,27.5841],[91.655,27.4828],[91.8211,27.4695],[92.0126,27.4814],[92.1206,27.2796],[92.0285,27.078],[92.1082,26.8931],[92.3649,26.9324],[92.4643,26.9607],[92.6115,26.972],[92.6464,27.0146],[92.7697,27.0332],[92.9791,26.9376],[93.1568,26.9334],[93.3986,26.9572],[93.4862,26.9417],[93.6981,26.9943],[93.8359,27.104],[93.806,27.1516],[94.081,27.3964],[94.2213,27.5036],[94.2677,27.5209],[94.2093,27.6077],[94.4987,27.5724],[94.6491,27.6395],[94.8702,27.7333],[95.309,27.868],[95.4718,27.8672],[95.5141,27.8794],[95.5673,27.9348],[95.971,27.9613],[95.887,27.8532],[95.7758,27.7535],[95.7738,27.6517],[95.8741,27.5469],[95.9929,27.3978],[95.8239,27.2793],[95.6338,27.2305],[95.5956,27.2232],[95.4879,27.2431],[95.368,27.1071],[95.1946,27.0317],[95.2285,26.8921],[95.2232,26.7596],[95.2099,26.7287],[95.2339,26.6825]]]},"properties":{"state_name":"Arunachal Pradesh","state":"arunachal-pradesh"}},{"type":"Feature","geometry":{"type":"Polygon","coordinates":[[[88.1034,26.5398],[88.0966,26.4469],[88.0067,26.3611],[87.7926,26.4689],[87.756,26.4085],[87.6458,26.3935],[87.4636,26.4401],[87.3314,26.3546],[87.2194,26.4038],[87.0917,26.4503],[87.0374,26.5613],[86.9319,26.517],[86.8331,26.4394],[86.7249,26.4266],[86.3955,26.5854],[86.3075,26.6204],[86.1998,26.5951],[86.0694,26.6575],[86.0106,26.656],[85.8587,26.569],[85.8174,26.6028],[85.7321,26.656],[85.7345,26.7958],[85.624,26.8739],[85.5233,26.8175],[85.3386,26.7455],[85.2554,26.757],[85.2095,26.7589],[85.1374,26.8701],[85.0577,26.8494],[85.0047,26.8951],[84.9653,26.9583],[84.7576,27.0028],[84.644,27.047],[84.6893,27.2236],[84.648,27.3005],[84.624,27.3368],[84.2753,27.397],[84.2479,27.4533],[84.0977,27.5167],[84.027,27.4388],[83.8737,27.4358],[83.8638,27.3468],[83.9068,27.2756],[83.9874,27.197],[83.9477,27.1125],[84,27.0695],[84.0493,27.0439],[84.0524,26.9064],[84.1619,26.8354],[84.2546,26.856],[84.3078,26.748],[84.3303,26.684],[84.4154,26.6348],[84.2847,26.5996],[84.1567,26.6284],[84.0886,26.6161],[84.0559,26.5481],[83.9314,26.5208],[83.9906,26.4326],[84.1756,26.373],[84.1765,26.3713],[84.1766,26.2646],[84.098,26.2333],[84.0133,26.2301],[84.0562,26.1],[84.1825,25.9949],[84.2073,25.9991],[84.3541,25.9588],[84.4545,25.8878],[84.4897,25.8882],[84.608,25.805],[84.6005,25.7384],[84.5166,25.6771],[84.3845,25.7329],[84.3736,25.7442],[84.3244,25.6712],[84.2222,25.6628],[84.1051,25.7211],[84.0834,25.6447],[83.9519,25.5675],[83.93,25.5575],[83.8762,25.5178],[83.7827,25.3975],[83.7173,25.3974],[83.6283,25.3286],[83.5397,25.3157],[83.4022,25.2125],[83.3556,25.1964],[83.3548,24.9045],[83.3935,24.7823],[83.5204,24.6773],[83.5222,24.5475],[83.5035,24.5255],[83.7567,24.5101],[83.8728,24.5318],[83.937,24.5499],[84.007,24.6435],[84.0631,24.5791],[84.1084,24.4774],[84.2895,24.5629],[84.3277,24.4873],[84.3318,24.4349],[84.439,24.3317],[84.4434,24.332],[84.4917,24.2867],[84.5682,24.4095],[84.6649,24.3908],[84.7484,24.4964],[84.7503,24.4965],[84.9042,24.3951],[85.0307,24.4145],[85.0889,24.3726],[85.2287,24.4677],[85.3708,24.5552],[85.442,24.534],[85.5378,24.5274],[85.5809,24.6006],[85.59195917005833,24.599468948516762],[85.6777,24.5907],[85.6512,24.6783],[85.7085,24.726],[85.7354,24.821],[85.8268,24.8082],[85.889,24.7928],[85.9026,24.7666],[85.9376,24.7349],[86.0552,24.7795],[86.1233,24.7056],[86.1517,24.6003],[86.2498,24.5869],[86.3006,24.5603],[86.316,24.442],[86.35,24.4473],[86.3968,24.4036],[86.4559,24.3719],[86.4914,24.4296],[86.5093,24.5224],[86.6079,24.6082],[86.6696,24.5646],[86.7542,24.621],[86.9148,24.542],[86.928,24.6251],[87.0489,24.6236],[87.094,24.7979],[87.0739,24.8157],[87.1064,24.8542],[87.1206,24.855],[87.1667,25.0439],[87.1657,25.0454],[87.1759,25.0578],[87.3147,25.1606],[87.3346,25.2165],[87.4765,25.1945],[87.4826,25.2495],[87.4963,25.2701],[87.4957,25.2708],[87.5518,25.3324],[87.6988,25.3039],[87.7733,25.2215],[87.8396,25.2018],[87.8593,25.2718],[87.7638,25.4072],[87.8697,25.4968],[87.9033,25.5054],[87.9094,25.5205],[87.9468,25.5393],[87.9478,25.5395],[88.0733,25.4838],[88.0353,25.548],[88.055,25.637],[88.0465,25.6993],[87.9072,25.7733],[87.8923,25.8652],[87.8223,25.8808],[87.8196,25.9337],[87.8206,25.9333],[87.9143,26.0761],[87.9836,26.0792],[87.975,26.1434],[88.0763,26.1783],[88.1148,26.2241],[88.1407,26.228],[88.1445,26.2523],[88.2107,26.2778],[88.2925,26.3516],[88.2437,26.4539],[88.2257,26.4536],[88.2252,26.4537],[88.1034,26.5398]]]},"properties":{"state_name":"Bihar","state":"bihar"}},{"type":"Feature","geometry":{"type":"Polygon","coordinates":[[[83.3298,24.1014],[83.2236,23.9865],[83.2004,23.9155],[83.1416,23.885],[82.952,23.8708],[82.8116,23.9611],[82.6973,23.9197],[82.6646,23.8638],[82.496,23.7859],[82.3346,23.8026],[82.2117,23.8522],[82.0535,23.8188],[82.0088,23.8612],[81.8152,23.8064],[81.6583,23.9164],[81.6038,23.8845],[81.696,23.7211],[81.5769,23.5854],[81.6271,23.491],[81.7254,23.5571],[81.8202,23.5157],[81.9171,23.5353],[81.9837,23.4182],[82.1041,23.3978],[82.1991,23.3137],[82.1486,23.2201],[82.1224,23.1039],[81.946,23.0746],[81.93,23.0211],[81.9504,22.9828],[81.8616,22.8891],[81.7757,22.8742],[81.7691,22.7418],[81.7178,22.6521],[81.6486,22.6153],[81.6227,22.5386],[81.5224,22.5391],[81.479,22.4917],[81.4228,22.4702],[81.3313,22.5255],[81.1993,22.4628],[81.1079,22.3988],[81.1184,22.2906],[81.0469,22.2425],[80.9944,22.0493],[80.9079,22.1096],[80.8321,21.9078],[80.8426,21.8337],[80.817,21.7616],[80.7484,21.7562],[80.717,21.6717],[80.7337,21.4835],[80.66,21.3342],[80.6577,21.2816],[80.6157,21.228],[80.464,21.1751],[80.447,21.0793],[80.4634,20.9297],[80.5417,20.9248],[80.5611,20.8228],[80.5521,20.7808],[80.612,20.6006],[80.6257,20.3305],[80.4244,20.2527],[80.4338,20.1353],[80.5521,20.1181],[80.5433,20.0122],[80.4688,19.8265],[80.6732,19.6929],[80.7754,19.5625],[80.8949,19.5196],[80.8811,19.4509],[80.8118,19.4328],[80.8328,19.3494],[80.7559,19.2892],[80.6804,19.3301],[80.6123,19.3097],[80.5805,19.3983],[80.4862,19.3411],[80.3919,19.2429],[80.3867,19.1799],[80.2735,18.9932],[80.2703,18.9399],[80.3502,18.8149],[80.2717,18.7233],[80.3446,18.5972],[80.3884,18.5967],[80.5147,18.6194],[80.5998,18.5531],[80.6784753337257,18.46258170756672],[80.68706846158574,18.45269506045997],[80.732,18.401],[80.73340050402896,18.351872515533024],[80.7371,18.2221],[80.80748629021812,18.175881841839796],[80.8667,18.137],[80.92135893690272,18.14550684706715],[80.9785,18.1544],[80.9493,18.0829],[80.9853208742246,17.961558806583554],[80.9984,17.9175],[81.0083,17.7981],[81.0733,17.7865],[81.1661,17.8577],[81.2661,17.8095],[81.3918,17.8155],[81.4075,17.8961],[81.4831,17.9772],[81.5358,18.2686],[81.6593,18.3465],[81.7503,18.3526],[81.7691,18.4182],[81.9495,18.5721],[81.9677,18.6964],[82.0909,18.7411],[82.1608,18.7893],[82.1762,18.9027],[82.246,18.9192],[82.2056,19.0602],[82.2087,19.12],[82.1789,19.1919],[82.1678,19.2141],[82.1684,19.4369],[82.0999,19.5168],[82.0315,19.5078],[82.0528,19.6761],[82.0647,19.79],[81.8886,19.8927],[81.8536,19.9183],[81.8794,20.0508],[81.9471,20.1071],[82.0175,20.0483],[82.0649,20.0567],[82.2688,19.9764],[82.344,19.8359],[82.446,19.9092],[82.6034,19.8669],[82.5945,19.7755],[82.7244,19.8758],[82.7122,19.9974],[82.5953,19.9918],[82.3983,20.0582],[82.39,20.1637],[82.4225,20.2208],[82.432,20.4169],[82.3896,20.5177],[82.3322,20.5619],[82.3765,20.6324],[82.3478,20.7511],[82.3461,20.874],[82.4811,20.8513],[82.5595,20.9484],[82.6364,21.0923],[82.641,21.1549],[82.8973,21.1621],[83.0779,21.112],[83.1769,21.1356],[83.2173,21.2547],[83.2762,21.3021],[83.2688,21.3784],[83.3916,21.3426],[83.3989,21.4053],[83.3384,21.4991],[83.3678,21.5885],[83.4866,21.6442],[83.4833,21.794],[83.5788,21.8323],[83.5568,21.9363],[83.5618,22.0987],[83.6092,22.1573],[83.6272,22.2038],[83.8023,22.2898],[83.9065,22.3513],[84.0052,22.3743],[84.0475,22.4699],[84.0181,22.4894],[84.009,22.5257],[84.0842,22.6382],[84.2229,22.6687],[84.2918,22.7734],[84.2914,22.7822],[84.396,22.9392],[84.3735,22.9794],[84.1763,22.9768],[84.1334,23.083],[84.0377,23.1707],[84.0747,23.3336],[83.9671,23.3877],[84.0144,23.5034],[84.016,23.6343],[83.9376,23.5688],[83.7736,23.6101],[83.7418,23.7287],[83.7408,23.7308],[83.6673,23.8422],[83.5699,23.8692],[83.516,24.0255],[83.4322,24.0859],[83.3298,24.1014]]]},"properties":{"state_name":"Chhattisgarh","state":"chhattisgarh"}},{"type":"Feature","geometry":{"type":"Polygon","coordinates":[[[77.2089,28.8585],[77.0513,28.8549],[77.0397,28.8321],[76.9512,28.8177],[76.9497,28.7625],[76.9567,28.6726],[76.8839,28.6248],[76.8726,28.5328],[76.8855,28.501],[77.0137,28.5394],[77.0943,28.5059],[77.1169,28.4904],[77.1221,28.445],[77.1736,28.4055],[77.2059,28.4094],[77.2383,28.4757],[77.2766,28.4931],[77.3017,28.4895],[77.3433,28.5105],[77.3004,28.5631],[77.334,28.6282],[77.3204,28.6583],[77.3322,28.6858],[77.2866,28.7138],[77.2865,28.7246],[77.2139,28.7855],[77.2226,28.8334],[77.2089,28.8585]]]},"properties":{"state_name":"Delhi","state":"delhi"}},{"type":"Feature","geometry":{"type":"Polygon","coordinates":[[[74.1176,15.6517],[74.0172,15.6076],[73.9726,15.628],[73.945,15.6994],[73.8757,15.7511],[73.7319,15.7228],[73.6754,15.727],[73.7304,15.6225],[73.7412,15.5653],[73.7828,15.498],[73.8059,15.4958],[73.8599,15.5261],[73.9194,15.5415],[73.8938,15.5026],[73.8348,15.5003],[73.8081,15.475],[73.8399,15.4491],[73.9349,15.4372],[73.9228,15.4054],[73.8629,15.4014],[73.8292,15.4071],[73.8061,15.3937],[73.8243,15.3708],[73.8544,15.3663],[73.8974,15.3237],[73.9493,15.1434],[73.9818,15.055],[74.0857,14.9006],[74.2535,14.9974],[74.2954,15.0456],[74.3167,15.1869],[74.2514,15.2579],[74.3261,15.2837],[74.2509,15.4933],[74.2786,15.5228],[74.2505,15.6578],[74.1176,15.6517]]]},"properties":{"state_name":"Goa","state":"goa"}},{"type":"Feature","geometry":{"type":"MultiPolygon","coordinates":[[[[72.4575,24.4155],[72.3537,24.5634],[72.2954,24.5465],[72.24137336099407,24.6263506928704],[72.16493153235581,24.621009191045413],[72.1648924502263,24.621006460115638],[72.1648,24.621],[72.0581360816579,24.712269126004056],[72.05758143759874,24.712001220456585],[71.9255,24.6359],[71.91504292066166,24.643151912897306],[71.8491,24.6113],[71.84895230495746,24.611493287860032],[71.8489,24.6113],[71.80301434560408,24.671481185068288],[71.6556,24.6391],[71.65551206097643,24.639124598750925],[71.6554,24.6391],[71.574,24.66192556701031],[71.5101,24.6798],[71.3776,24.6255],[71.2791,24.5249],[71.3341,24.4799],[71.3831,24.3501],[71.2744,24.2576],[71.3272,24.1663],[71.319,23.9837],[71.0973,23.9019],[71.056,23.7867],[71.0814,23.5984],[71.2219,23.6562],[71.3758,23.6496],[71.4482,23.5359],[71.5198,23.5279],[71.564,23.3736],[71.641,23.3387],[71.7627,23.1555],[71.7069,23.1164],[71.6262,23.1427],[71.4672,23.1396],[71.3502,23.1744],[71.2221,23.147],[71.1094,23.2221],[71.0452,23.1693],[70.8362,23.1121],[70.7486,23.146],[70.5608,23.0288],[70.5458,22.9237],[70.4637,22.8326],[70.3762,22.7866],[70.2616,22.7087],[70.2565,22.656],[70.1388,22.5495],[69.9767,22.5429],[69.8064,22.3846],[69.7408,22.4179],[69.6693,22.342],[69.4999,22.3636],[69.4506,22.2824],[69.3875,22.2754],[69.338,22.2992],[69.2417,22.2168],[69.131,22.1969],[69.1693,22.354],[69.0065,22.4395],[68.9365,22.3114],[68.9661,22.2341],[69.2821,21.8956],[69.372,21.8298],[69.643,21.597],[69.9811,21.2284],[70.0677,21.1377],[70.2254,21.0005],[70.4056,20.8835],[70.5858,20.7824],[70.6578,20.7848],[70.7428,20.7199],[70.8736,20.7042],[70.9688,20.7291],[71.0801,20.7384],[71.2042,20.7951],[71.4374,20.8693],[71.5114,20.9444],[71.6775,20.9962],[71.9401,21.1146],[71.9789,21.1541],[72.1174,21.2029],[72.1214,21.2948],[72.2555,21.4983],[72.2998,21.6168],[72.2183,21.7356],[72.1748,21.8049],[72.0737,21.7926],[72.0808,21.8134],[72.1819,21.8442],[72.1753,21.9908],[72.2751,22.1522],[72.2583,22.2733],[72.2928,22.3889],[72.3422,22.3858],[72.4014,22.3591],[72.3345,22.1923],[72.3933,22.1053],[72.5746,22.2324],[72.6605,22.2238],[72.5887,22.2055],[72.5392,22.0634],[72.5646,21.9277],[72.7033,21.918],[72.6132,21.8419],[72.6,21.6637],[72.7338,21.6719],[72.8208,21.6474],[72.9657,21.6709],[72.8577,21.6201],[72.7243,21.5006],[72.7866,21.4221],[72.71,21.4107],[72.6508,21.2561],[72.6877,21.1881],[72.7848,21.2066],[72.7897,21.1841],[72.7036,21.1344],[72.6969,21.0622],[72.8398,20.8037],[72.8493,20.7486],[72.8997,20.5823],[72.8844,20.5319],[72.8818,20.3717],[72.7775,20.3368],[72.7402,20.2432],[72.76763550586267,20.15612548851562],[72.8587,20.2245],[72.86672353477745,20.223393572349877],[72.9366,20.2934],[72.9801,20.2885],[73.0958,20.3614],[73.1651,20.2839],[73.0488,20.2006],[73.2029,20.1198],[73.2833,20.1986],[73.41274588390502,20.206502219656993],[73.41328170403729,20.312795538397236],[73.3803,20.3869],[73.42884476093592,20.44805523906409],[73.4673,20.4966],[73.46748447613824,20.499357761930884],[73.473,20.5848],[73.42383764258555,20.61423764258555],[73.4073,20.6241],[73.40731779451313,20.624129466507334],[73.45467512794268,20.70255],[73.4663,20.7218],[73.46632843914978,20.721781900421174],[73.59962944710648,20.6369449021039],[73.5997,20.6369],[73.60493512123439,20.627017560617194],[73.6283,20.5833],[73.761,20.5739],[73.8308,20.675],[73.85911951236534,20.698969141288412],[73.8823,20.7329],[73.9317,20.7604],[73.94028411537731,20.83955352900247],[73.94017256918849,20.839929424378475],[73.8882,20.9335],[73.8507,20.9981],[73.7374,21.0801],[73.6442,21.1399],[73.67266637512148,21.145533624878524],[73.816,21.174],[73.81716842105263,21.18383157894737],[73.827,21.2674],[73.93454411202715,21.29758293299553],[73.9424,21.3258],[73.9441,21.4],[74.1252,21.4665],[74.1385015609915,21.461526372846656],[74.1605,21.4685],[74.3209,21.4985],[74.29089423755458,21.54167571247803],[74.196,21.5319],[74.09610480864353,21.54952020444979],[73.9823,21.5222],[73.8779,21.502241176470587],[73.8532,21.4975],[73.85319327425645,21.497517831843144],[73.8142,21.6009],[73.8947973611354,21.676004356349218],[73.86215,21.7299],[73.8294,21.7837],[73.81209938650306,21.824298773006134],[73.80693838348186,21.836409926762553],[73.8069,21.8365],[73.9403,21.8709],[74.0179,21.9069],[74.1,21.999],[74.100000148426,21.999000494925767],[74.0999,21.9991],[74.1287,22.0947],[74.12220024751534,22.212195525684464],[74.12122282157677,22.21313153526971],[74.0751,22.2571],[74.0684,22.3604],[74.06840663621766,22.360397782438433],[74.15894383137012,22.33014383137012],[74.18921580016494,22.320028136255882],[74.2526,22.4329],[74.1049,22.4294],[74.08991746540798,22.470834457733805],[74.0292,22.5073],[74.0377,22.5348],[74.0613,22.5499],[74.0933,22.5407],[74.18927981512417,22.553483992024862],[74.2771,22.6459],[74.2771045971881,22.645899490203874],[74.2772,22.646],[74.3233437751004,22.6407718875502],[74.37890445081742,22.634610595738597],[74.3791268213664,22.63513997719559],[74.4015,22.7304],[74.44551036871212,22.79317447940335],[74.4522,22.8091],[74.466,22.8224],[74.46384059284088,22.8592421303065],[74.40431264658304,22.907150637673524],[74.3772,22.9077],[74.34271306887173,22.956726408519113],[74.3379,22.9606],[74.33839299863388,22.96286779371586],[74.3383,22.963],[74.28292753950865,23.11552808933652],[74.25483252413692,23.159911654476304],[74.1208,23.1771],[74.1325,23.2661],[73.9991,23.3356],[73.8935,23.3331],[73.8301,23.4261],[73.7364,23.412665388127852],[73.7207,23.4104],[73.72067401326294,23.410410611947288],[73.6274,23.4485],[73.65538506498294,23.620907989627014],[73.65396952942984,23.621665243605825],[73.48140177269842,23.701918273015874],[73.4736,23.7054],[73.3626,23.8126],[73.37820213378087,23.90313212658835],[73.3783,23.9037],[73.37834606197377,23.904002012251706],[73.3969019614871,24.025666555366207],[73.3615,24.104],[73.24828337988826,24.006820810055867],[73.2429,24.0021],[73.15065390946502,24.101738271604937],[73.06583123045912,24.193358253330274],[73.0657,24.1935],[73.13621470660446,24.324642646697765],[73.1519,24.3539],[73.15163358549916,24.354314837809937],[73.02245729950802,24.465308204291972],[72.9984631561441,24.475476321307358],[72.98176090553382,24.441842235885975],[72.95992857142858,24.362556390977442],[72.9596,24.361],[72.95950073186837,24.36100265783778],[72.72442999804284,24.36729651938942],[72.7243,24.3673],[72.6554,24.4622],[72.5984,24.49021030927835],[72.5392,24.5192],[72.4575,24.4155]]],[[[69.1458,23.7298],[69.0454,23.7142],[68.9762,23.7822],[68.8444,23.8342],[68.72,23.839],[68.6257,23.7434],[68.5509,23.7234],[68.4797,23.547],[68.5151,23.4508],[68.6094,23.4086],[68.7214,23.2589],[68.6469,23.2145],[68.8033,23.0636],[69.0195,22.9503],[69.1222,22.8806],[69.268,22.825],[69.4321,22.803],[69.6094,22.816],[69.7108,22.7812],[69.8007,22.8509],[69.9789,22.9024],[70.09,22.9305],[70.1134,22.9846],[70.2243,23.1608],[70.3022,23.2085],[70.4244,23.2165],[70.579,23.1775],[70.7004,23.2161],[70.8685,23.381],[71.0971,23.4841],[71.001,23.6124],[70.9882,23.6767],[70.8424,23.7736],[70.9204,23.8351],[70.8539,23.8965],[70.6174,23.9574],[70.5394,23.905],[70.6286,23.761],[70.484,23.7672],[70.4948,23.7028],[70.4361,23.643],[70.2907,23.562],[70.2618,23.5044],[70.2282,23.4088],[70.1677,23.4216],[69.9983,23.4728],[70.0235,23.5603],[69.9018,23.685],[69.9542,23.7506],[69.8925,23.871],[69.8466,23.8762],[69.7353,23.9782],[69.6911,23.9387],[69.6843,23.7767],[69.6213,23.7532],[69.5295,23.8217],[69.3501,23.7723],[69.2523,23.8207],[69.141,23.7834],[69.1458,23.7298]],[[69.5867,23.4631],[69.5796,23.5817],[69.4581,23.5153],[69.3373,23.5258],[69.2742,23.5934],[69.1816,23.63],[69.4212,23.6118],[69.6308,23.6333],[69.6337,23.5692],[69.7978,23.5497],[69.8049,23.475],[69.6604,23.5026],[69.5867,23.4631]]],[[[70.1777,23.899],[70.2015,23.853],[70.3532,23.7853],[70.4573,23.8947],[70.4252,23.9327],[70.1777,23.899]]],[[[72.5936,21.5783],[72.6254,21.5206],[72.7954,21.6423],[72.6161,21.626],[72.5936,21.5783]]]]},"properties":{"state_name":"Gujarat","state":"gujarat"}},{"type":"Feature","geometry":{"type":"Polygon","coordinates":[[[77.2089,28.8585],[77.1993,28.9352],[77.1521,29.0797],[77.1361,29.1478],[77.1434,29.1672],[77.1524,29.2975],[77.1311,29.4862],[77.0954,29.594],[77.1357,29.6661],[77.1417,29.6923],[77.1273,29.7709],[77.1844,29.8501],[77.226,29.9391],[77.2849,30.0425],[77.3711,30.0852],[77.4269,30.1594],[77.459,30.1659],[77.5844,30.3095],[77.5872,30.3788],[77.5227,30.443],[77.4443,30.3963],[77.2119,30.4977],[77.1345,30.5698],[77.1664,30.6846],[77.02,30.749],[76.9231,30.9015],[76.7741,30.9071],[76.8474,30.7801],[76.8381,30.7542],[76.8288,30.6807],[76.9256,30.6114],[76.9279,30.5241],[76.8994,30.36],[76.7981,30.4173],[76.7481,30.4288],[76.7266,30.3614],[76.6357,30.2895],[76.6429,30.15],[76.5743,30.1009],[76.4675,30.0989],[76.4291,30.1507],[76.1961,30.1227],[76.2422,30.1006],[76.1713,29.9287],[76.2435,29.8633],[76.2151,29.8418],[76.214,29.8425],[76.1049,29.8121],[75.9465,29.7299],[75.8372,29.7942],[75.7375,29.8147],[75.6982,29.7533],[75.4578,29.7943],[75.4297,29.7739],[75.3465,29.6951],[75.3026,29.5601],[75.1825,29.6307],[75.2096,29.7384],[75.1913,29.8409],[75.135,29.8074],[75.0701,29.8774],[74.9519,29.9029],[74.9265,29.9505],[74.8115,29.9921],[74.7062,29.9766],[74.6305,29.9051],[74.5267,29.9428],[74.5612,29.8706],[74.4773,29.7452],[74.6156,29.7515],[74.5969,29.6833],[74.6133,29.537],[74.6033,29.3274],[74.6511,29.3328],[74.7941,29.3691],[74.8505,29.4036],[74.9383,29.362],[74.9606,29.281],[75.0495,29.2856],[75.1201,29.2229],[75.2455,29.2506],[75.2857,29.2708],[75.3882,29.2608],[75.3914,29.063],[75.5071,29.0112],[75.5275,28.9755],[75.4767,28.932],[75.5615,28.6132],[75.6222,28.6017],[75.6708,28.5181],[75.7881,28.4538],[75.7885,28.4007],[75.8955,28.3895],[76.095,28.1463],[75.9873,28.125],[75.9432,28.1003],[75.9831,28.0812],[75.9314,27.9304],[75.9709,27.8522],[76.0749,27.8439],[76.2255,27.8331],[76.1692,27.9034],[76.1602,27.9946],[76.1897,28.0548],[76.3576,28.0705],[76.3111,28.1786],[76.4527,28.0932],[76.5893,27.9973],[76.6587,28.0085],[76.657,28.0884],[76.7395,28.1223],[76.7954,28.1769],[76.853,28.2206],[76.9684,28.1387],[76.9362,27.9766],[76.9414,27.8417],[76.9117,27.7956],[76.9011,27.7664],[76.9795,27.6537],[77.0453,27.8129],[77.1203,27.7906],[77.2834,27.8019],[77.3353,27.848],[77.4717,27.8836],[77.5262,27.9273],[77.5206,28.014],[77.4748,28.0852],[77.535,28.2075],[77.5044,28.2525],[77.4723,28.3294],[77.4775,28.4188],[77.4111,28.4529],[77.3433,28.5105],[77.3017,28.4895],[77.2766,28.4931],[77.2383,28.4757],[77.2059,28.4094],[77.1736,28.4055],[77.1221,28.445],[77.1169,28.4904],[77.0943,28.5059],[77.0137,28.5394],[76.8855,28.501],[76.8726,28.5328],[76.8839,28.6248],[76.9567,28.6726],[76.9497,28.7625],[76.9512,28.8177],[77.0397,28.8321],[77.0513,28.8549],[77.2089,28.8585]]]},"properties":{"state_name":"Haryana","state":"haryana"}},{"type":"Feature","geometry":{"type":"Polygon","coordinates":[[[77.5872,30.3788],[77.5773,30.3977],[77.6411,30.4318],[77.8178,30.5067],[77.7429,30.6012],[77.7904,30.6341],[77.7038,30.7651],[77.7986,30.8699],[77.8042,30.9219],[77.7716,30.9703],[77.8992,31.1505],[78.1042,31.1856],[78.2459,31.23],[78.3111,31.283],[78.3701,31.2863],[78.4844,31.1991],[78.6477,31.2141],[78.8044,31.1984],[78.8906,31.097],[79.0104,31.1108],[78.9208,31.2539],[78.8431,31.325],[78.8097,31.4477],[78.7356,31.536],[78.8387,31.6254],[78.7491,31.6871],[78.7062,31.7886],[78.7863,31.9952],[78.6665,32.0889],[78.5902,32.1533],[78.6085,32.2143],[78.4819,32.2798],[78.5348,32.4144],[78.3986,32.5257],[78.3877,32.7569],[78.2195,32.6647],[78.1427,32.6818],[78.0158,32.6198],[77.919,32.69],[77.9259,32.7719],[77.7854,32.8605],[77.8109,32.9068],[77.7131,32.9826],[77.6023,32.9428],[77.469,32.8584],[77.4053,32.8832],[77.3386,32.8169],[77.2739,32.8738],[77.1642,32.9189],[77.1497,32.9781],[77.0126,32.9889],[76.9287,33.032],[76.8344,33.2049],[76.7712,33.2496],[76.7466,33.1783],[76.6395,33.1617],[76.5613,33.2095],[76.404,33.1859],[76.2858,33.1025],[76.2207,33.023],[75.9497,32.8728],[75.8326,32.9239],[75.7967,32.8843],[75.9205,32.7477],[75.8967,32.6812],[75.9161,32.6144],[75.832,32.5101],[75.936,32.3977],[75.8713,32.3946],[75.7526,32.2799],[75.704,32.2673],[75.6726,32.1589],[75.6025,32.0867],[75.7429,32.0395],[75.8999,31.9559],[75.9593,31.8575],[75.9354,31.8157],[76.0005,31.6838],[76.1042,31.517],[76.1046,31.5161],[76.1688,31.3973],[76.1566,31.3475],[76.1886,31.2999],[76.2888,31.3064],[76.3738,31.4376],[76.3947,31.4083],[76.4317,31.3268],[76.645,31.2073],[76.6115,31.046],[76.7741,30.9071],[76.9231,30.9015],[77.02,30.749],[77.1664,30.6846],[77.1345,30.5698],[77.2119,30.4977],[77.4443,30.3963],[77.5227,30.443],[77.5872,30.3788]]]},"properties":{"state_name":"Himachal Pradesh","state":"himachal-pradesh"}},{"type":"Feature","geometry":{"type":"Polygon","coordinates":[[[85.59195917005833,24.599468948516762],[85.5378,24.5274],[85.442,24.534],[85.3708,24.5552],[85.2287,24.4677],[85.0889,24.3726],[85.0307,24.4145],[84.9042,24.3951],[84.7503,24.4965],[84.7484,24.4964],[84.6649,24.3908],[84.5682,24.4095],[84.4917,24.2867],[84.4434,24.332],[84.439,24.3317],[84.3318,24.4349],[84.3277,24.4873],[84.2895,24.5629],[84.1084,24.4774],[84.0631,24.5791],[84.007,24.6435],[83.937,24.5499],[83.8728,24.5318],[83.7567,24.5101],[83.5035,24.5255],[83.385,24.4548],[83.4496,24.377],[83.3798,24.3115],[83.4081,24.2623],[83.3298,24.1014],[83.4322,24.0859],[83.516,24.0255],[83.5699,23.8692],[83.6673,23.8422],[83.7408,23.7308],[83.7418,23.7287],[83.7736,23.6101],[83.9376,23.5688],[84.016,23.6343],[84.0144,23.5034],[83.9671,23.3877],[84.0747,23.3336],[84.0377,23.1707],[84.1334,23.083],[84.1763,22.9768],[84.3735,22.9794],[84.396,22.9392],[84.2914,22.7822],[84.2918,22.7734],[84.2229,22.6687],[84.0842,22.6382],[84.009,22.5257],[84.1415,22.4737],[84.1571,22.4071],[84.2944,22.3416],[84.3591,22.3478],[84.4565,22.3812],[84.6288,22.4346],[84.7498,22.4193],[84.7593,22.4468],[84.7955,22.4459],[84.9574,22.4565],[85.0669,22.4834],[85.1031,22.2951],[85.0322,22.1651],[84.9841,22.095],[85.099,22.106],[85.2036,22.0524],[85.2047,22.0515],[85.2391,22.0096],[85.2815,22.0908],[85.4211,22.159],[85.6764,22.0569],[85.7577,22.0853],[85.7598,22.0867],[85.7601,22.0131],[85.9095,21.9878],[86.0312,22.1914],[85.9739,22.2469],[86.0269,22.3863],[85.9626,22.485],[86.0634,22.555],[86.116,22.4871],[86.2687,22.4421],[86.3287,22.3775],[86.4446,22.3124],[86.4872,22.3476],[86.4874,22.3477],[86.541,22.3083],[86.5427,22.3078],[86.7248,22.2184],[86.7818,22.237],[86.8241,22.2667],[86.8578,22.2592],[86.8874,22.2976],[86.7657,22.5755],[86.6527,22.5927],[86.6334,22.6122],[86.5584,22.7109],[86.4472,22.764],[86.4165,22.7893],[86.4354,22.9252],[86.5012,22.9948],[86.2381,22.9962],[86.2242,22.9937],[86.1674,23.029],[86.1174,23.0855],[86.0898,23.0894],[86.0755,23.0943],[86.0375,23.1472],[85.8939,23.1558],[85.8198,23.2682],[85.8677,23.3297],[85.8631,23.4316],[85.8868,23.4848],[85.9488,23.4708],[85.9518,23.4708],[86.0242,23.4866],[86.0466,23.5857],[86.1439,23.5636],[86.1529,23.4793],[86.1545,23.4771],[86.229,23.4444],[86.2336,23.4624],[86.3024,23.413],[86.3574,23.4619],[86.3675,23.5405],[86.447,23.6189],[86.4476,23.6194],[86.4756,23.6335],[86.4769,23.6342],[86.5962,23.6729],[86.5967,23.6731],[86.613,23.6753],[86.6144,23.6751],[86.6972,23.6937],[86.805,23.6966],[86.8213,23.7829],[86.8003,23.8335],[86.8004,23.8339],[86.9122,23.8819],[86.9126,23.8817],[87.0866,23.8089],[87.2909,23.8943],[87.233,24.024],[87.2568,24.0404],[87.4601,23.9851],[87.5119,24.0382],[87.5095,24.0485],[87.4976,24.0627],[87.5816,24.1545],[87.6943,24.1504],[87.6949,24.1865],[87.6394,24.2547],[87.6852,24.2467],[87.8011,24.3839],[87.8152,24.5017],[87.7717,24.5826],[87.7719,24.5837],[87.8908,24.5653],[87.911,24.6044],[87.9117,24.6555],[87.8355,24.7476],[87.8969,24.8568],[87.9469,24.9031],[87.9479,24.9041],[87.9234,25.0002],[87.896,25.0109],[87.7949,25.0879],[87.7733,25.2215],[87.6988,25.3039],[87.5518,25.3324],[87.4957,25.2708],[87.4963,25.2701],[87.4826,25.2495],[87.4765,25.1945],[87.3346,25.2165],[87.3147,25.1606],[87.1759,25.0578],[87.1657,25.0454],[87.1667,25.0439],[87.1206,24.855],[87.1064,24.8542],[87.0739,24.8157],[87.094,24.7979],[87.0489,24.6236],[86.928,24.6251],[86.9148,24.542],[86.7542,24.621],[86.6696,24.5646],[86.6079,24.6082],[86.5093,24.5224],[86.4914,24.4296],[86.4559,24.3719],[86.3968,24.4036],[86.35,24.4473],[86.316,24.442],[86.3006,24.5603],[86.2498,24.5869],[86.1517,24.6003],[86.1233,24.7056],[86.0552,24.7795],[85.9376,24.7349],[85.9026,24.7666],[85.889,24.7928],[85.8268,24.8082],[85.7354,24.821],[85.7085,24.726],[85.6512,24.6783],[85.6777,24.5907],[85.59195917005833,24.599468948516762]]]},"properties":{"state_name":"Jharkhand","state":"jharkhand"}},{"type":"Feature","geometry":{"type":"Polygon","coordinates":[[[78.33576854777792,12.902860244869697],[78.3558,12.9408],[78.4434,12.9215],[78.4525352285338,12.977815997078999],[78.4604,13.0263],[78.46204326490412,13.028993042952626],[78.47115537115845,13.043926297761526],[78.567,13.201],[78.5743,13.2979],[78.4835,13.3179],[78.44239579400742,13.316701335426705],[78.4012,13.3155],[78.39646508246497,13.349704478909779],[78.3744,13.5091],[78.4014,13.5675],[78.3262,13.5949],[78.1984935180345,13.566509866701514],[78.1962,13.566],[78.2039,13.6284],[78.1684320891523,13.633452312348286],[78.0993,13.6433],[78.0662,13.6769],[78.09974430022574,13.738745541760725],[78.1257,13.7866],[78.1187662830696,13.817884270435922],[78.1089,13.8624],[78.08127545502434,13.863937324848816],[78.04728534498128,13.86582889775361],[77.9921,13.8689],[77.96085109468609,13.890195103428203],[77.93053122135541,13.910857102049302],[77.8885,13.9395],[77.8866,13.9391],[77.8138,13.9271],[77.8138,13.9252],[77.8371,13.8699],[77.8054634369287,13.849],[77.78620975941898,13.836280481162053],[77.74729047619047,13.810569312169312],[77.72001568831452,13.792550823077345],[77.6715,13.7605],[77.53479727754728,13.71126170459805],[77.5131458632661,13.70346318593566],[77.48996645510547,13.695114306514842],[77.4555,13.6827],[77.4515,13.8096],[77.432,13.8411],[77.42277709236187,13.84241434859155],[77.37893613252335,13.848662085864518],[77.35936767205949,13.851450770242437],[77.32054469846912,13.85698339863473],[77.30147025376236,13.85970168125433],[77.2503075072344,13.866992840016536],[77.22092541061026,13.871180057196831],[77.1857,13.8762],[77.16717759674134,13.830156720977598],[77.1575,13.8061],[77.05785412423829,13.760474851084249],[77.0127,13.7398],[76.9764,13.8174],[76.9944628473334,13.849487140745383],[77.02042661090307,13.895609599766546],[77.02450079293088,13.902847044103849],[77.0417,13.9334],[76.99591834575004,13.973505557750201],[76.9312,14.0302],[76.93808434297739,14.054975629668595],[76.9484,14.0921],[76.8907,14.1436],[77.0224,14.1773],[77.0317,14.0569],[77.1411,14.0039],[77.17239518664047,14.005721660117878],[77.2751,14.0117],[77.33638577559934,13.9970028291345],[77.361,13.9911],[77.4136,13.8976],[77.42041865370595,13.946716481166463],[77.4259,13.9862],[77.38563921991069,14.005341076004],[77.3323,14.0307],[77.35352084538142,14.061602244887231],[77.3974,14.1255],[77.3617,14.1154],[77.3937,14.1743],[77.5171,14.1844],[77.49675590928175,14.241810810979798],[77.4789,14.2922],[77.44603566649512,14.313851796191452],[77.4109,14.337],[77.3801809681602,14.298506398373592],[77.3623,14.2761],[77.28667339107145,14.296391693834316],[77.1357,14.3369],[77.1102,14.2683],[77.0392909817149,14.246356808095154],[77.0055,14.2359],[76.9398,14.2449],[76.92775016611296,14.27855027685493],[76.91268750460293,14.320614153812581],[76.8858,14.3957],[76.9158,14.4206],[76.87308170998949,14.476446600025733],[76.86238742931117,14.490427478367513],[76.8325,14.5295],[76.78339712777937,14.582385612006526],[76.765,14.6022],[76.7753,14.6812],[76.8366,14.7909],[76.85285197718684,14.885500271116927],[76.853200096681,14.887526621397209],[76.8673,14.9696],[76.76,14.9895],[76.78109241538732,15.045887763749018],[76.7998,15.0959],[76.8773,15.0306],[77.00038815250518,15.032385956942907],[77.0496,15.0331],[77.0825,15.0068],[77.09864702227223,15.035661722965198],[77.12942502276637,15.090675341495496],[77.13723386218896,15.104633119982127],[77.1573,15.1405],[77.15456915221803,15.212947785274764],[77.1522,15.2758],[77.12033945172509,15.29474902471601],[77.11826163193021,15.295984805667073],[77.0646,15.3279],[77.0570088381432,15.350092740947456],[77.0463,15.3814],[77.0326,15.6093],[77.10052784674001,15.649012749444056],[77.1289,15.6656],[77.08223072937425,15.703438368539922],[77.0491,15.7303],[77.0253,15.8375],[77.0316,15.8549],[77.146,15.9463],[77.2051118197428,15.956984935347093],[77.2489,15.9649],[77.4237,15.9477],[77.5136,15.9271],[77.5108,15.9916],[77.49941199575372,16.06101259731069],[77.4898,16.1196],[77.49978798914941,16.222919463916412],[77.5049,16.2758],[77.5883,16.3328],[77.53748630136985,16.35970136986302],[77.4897,16.385],[77.4195,16.3663],[77.36329228156477,16.38449366362146],[77.33670469139022,16.393099700045052],[77.2882,16.4088],[77.2365,16.4733],[77.29483801694998,16.480080418573806],[77.369,16.4887],[77.39368493966508,16.51895654041944],[77.41799268377657,16.548750749041933],[77.44876156522089,16.58646442862601],[77.4678,16.6098],[77.4739,16.7153],[77.4670207151073,16.78078771763778],[77.46257177426419,16.82313964611072],[77.46072144727721,16.840753932065017],[77.456,16.8857],[77.4669,16.916],[77.5024,17.0096],[77.4645,17.1068],[77.378,17.14],[77.3802,17.2225],[77.4587,17.2793],[77.45597419042484,17.330926833353374],[77.4537,17.374],[77.5192,17.3621],[77.6145,17.4475],[77.65444020801385,17.482584089826375],[77.6877,17.5118],[77.64942681415852,17.52309731814291],[77.59644460973601,17.53873638257179],[77.55156133326507,17.551984839485947],[77.55022443354221,17.55237945992744],[77.51936397286228,17.56148872101122],[77.4431,17.584],[77.4487111572098,17.650080330119696],[77.4525,17.6947],[77.5687,17.7491],[77.515,17.8055],[77.5864,17.9086],[77.62133494809689,17.931595155709342],[77.6496,17.9502],[77.6489,17.9989],[77.5834495831579,18.02434910834008],[77.554,18.0358],[77.5968,18.0865],[77.58501685509005,18.16117390629686],[77.57807702312138,18.20515404624278],[77.5719,18.2443],[77.6004,18.2757],[77.5516,18.2921],[77.4651,18.2633],[77.4099,18.3018],[77.4132,18.3914],[77.3352,18.4507],[77.2653,18.4224],[77.2119,18.316],[77.1621,18.2572],[77.1335,18.2063],[77.0636,18.1508],[76.9516,18.1883],[76.9219,18.1147],[76.9528,18.0409],[76.919,17.9167],[76.7746,17.8782],[76.7398,17.9001],[76.7808,17.8034],[76.6913,17.6814],[76.6319,17.7549],[76.4278,17.6446],[76.3308,17.5958],[76.3635,17.3774],[76.4089,17.3712],[76.3822,17.3144],[76.2719,17.3609],[76.1197,17.3706],[76.0726,17.3349],[75.9283,17.3227],[75.8966,17.3503],[75.8942,17.3792],[75.8066,17.368],[75.683,17.4181],[75.6342,17.478],[75.6038,17.3063],[75.6546,17.2727],[75.6282,17.162],[75.6725,17.1153],[75.6766,16.9694],[75.4644,16.9909],[75.3417,16.9581],[75.2802,16.8783],[75.1817,16.8446],[75.09,16.9518],[75.0258,16.9441],[74.9554,16.907],[74.9197,16.7726],[74.6914,16.7163],[74.6854,16.6067],[74.5721,16.5534],[74.5432,16.5951],[74.4718,16.6638],[74.459,16.6567],[74.3953,16.5772],[74.2643,16.5401],[74.3327,16.4555],[74.329,16.3245],[74.3518,16.2794],[74.4966,16.2335],[74.4845,16.1426],[74.3721,16.0782],[74.4623,16.0372],[74.4305,15.9582],[74.3867,15.9044],[74.3405,15.7648],[74.2416,15.7431],[74.2091,15.7812],[74.1217,15.7205],[74.1176,15.6517],[74.2505,15.6578],[74.2786,15.5228],[74.2509,15.4933],[74.3261,15.2837],[74.2514,15.2579],[74.3167,15.1869],[74.2954,15.0456],[74.2535,14.9974],[74.0857,14.9006],[74.1181,14.7859],[74.25,14.7395],[74.2932,14.5969],[74.398,14.4074],[74.4312,14.2652],[74.4695,14.1882],[74.5012,14.0233],[74.5828,13.9254],[74.6689,13.6369],[74.6945,13.4559],[74.7013,13.3447],[74.7763,13.0717],[74.831,12.8337],[74.8697,12.7608],[75.0014,12.7919],[75.0521,12.7133],[75.2238,12.5704],[75.2789,12.6166],[75.3146,12.4985],[75.4162,12.501],[75.3713,12.4379],[75.4105,12.3467],[75.4144,12.2928],[75.4931,12.2742],[75.577,12.1578],[75.6358,12.1492],[75.7148,12.0705],[75.8009,12.0365],[75.8707,11.9523],[75.9403,11.9436],[76.003,11.9314],[76.1124,11.9791],[76.1212,11.851],[76.2075,11.8617],[76.3393,11.7391],[76.414,11.7589],[76.4309,11.6665],[76.5116,11.7051],[76.6139,11.6081],[76.7491,11.6153],[76.8468,11.5951],[76.8455,11.6741],[76.907,11.7954],[77.0128,11.8148],[77.0823,11.74],[77.1888,11.7922],[77.2938,11.8091],[77.4272,11.761],[77.4616,11.9001],[77.6756,11.952],[77.7738,12.1206],[77.7461,12.1574],[77.6093,12.2062],[77.5187,12.1946],[77.4734,12.2431],[77.6168,12.3683],[77.6348,12.4869],[77.5813,12.5509],[77.597,12.6581],[77.7592,12.6971],[77.8356,12.8714],[77.8667,12.8677],[77.9219,12.8842],[78.0085,12.8067],[78.0859,12.8321],[78.1342,12.782],[78.2307,12.7609],[78.2534,12.862],[78.3124,12.8586],[78.33576854777792,12.902860244869697]]]},"properties":{"state_name":"Karnataka","state":"karnataka"}},{"type":"Feature","geometry":{"type":"Polygon","coordinates":[[[75.4162,12.501],[75.3456,12.4628],[75.3146,12.4985],[75.2794,12.5258],[75.2789,12.6166],[75.2238,12.5704],[75.0521,12.7133],[74.9874,12.7423],[75.0014,12.7919],[74.8697,12.7608],[74.9538,12.5584],[74.9756,12.5708],[74.9919,12.4669],[75.0519,12.365],[75.104,12.2424],[75.1647,12.0914],[75.228,12.023],[75.3047,11.9492],[75.3534,11.8709],[75.433,11.8094],[75.5306,11.704],[75.5366,11.6939],[75.5906,11.5618],[75.6186,11.4875],[75.6807,11.4509],[75.732,11.3562],[75.7517,11.3091],[75.7857,11.2095],[75.8261,11.1245],[75.8413,11.0825],[75.8839,10.9127],[75.9129,10.786],[75.9566,10.6866],[76.0671,10.456],[76.1102,10.3505],[76.1671,10.1823],[76.2207,9.9989],[76.2402,9.9746],[76.2773,9.7891],[76.2954,9.6374],[76.3183,9.4939],[76.3846,9.3075],[76.5167,9.0178],[76.5545,8.8942],[76.5911,8.8753],[76.6456,8.8183],[76.7355,8.6966],[76.9086,8.4822],[76.9708,8.4023],[77.0978,8.2925],[77.1484,8.3322],[77.1771,8.3261],[77.1607,8.3741],[77.2135,8.4707],[77.2619,8.5065],[77.269,8.5789],[77.1832,8.7169],[77.1998,8.77],[77.2563,8.8783],[77.2183,8.9182],[77.2183,8.9184],[77.1932,8.9259],[77.1467,9.022],[77.2077,9.0722],[77.2708,9.2023],[77.2819,9.2731],[77.3392,9.4202],[77.4114,9.5075],[77.4024,9.5252],[77.3252,9.5806],[77.2346,9.5815],[77.1806,9.6582],[77.2226,9.7356],[77.2188,9.9047],[77.261,9.9526],[77.2619,10.0219],[77.2013,10.1065],[77.2665,10.1218],[77.2881,10.2317],[77.1765,10.3581],[77.0931,10.3115],[77.0509,10.2627],[76.9826,10.2204],[76.9011,10.2519],[76.83,10.3039],[76.8376,10.338],[76.8162,10.4237],[76.8388,10.5971],[76.8145,10.6358],[76.8785,10.6717],[76.9042,10.7725],[76.8505,10.8189],[76.8125,10.8769],[76.7412,10.8903],[76.6593,10.9306],[76.7109,11.039],[76.8001,11.0551],[76.7475,11.1177],[76.6928,11.1723],[76.7067,11.2381],[76.6292,11.194],[76.4426,11.2039],[76.5219,11.272],[76.5172,11.3695],[76.462,11.3875],[76.3712,11.4544],[76.2644,11.4809],[76.2378,11.5275],[76.234,11.5686],[76.2649,11.5938],[76.3776,11.6019],[76.4309,11.6665],[76.414,11.7589],[76.3393,11.7391],[76.2075,11.8617],[76.1212,11.851],[76.1124,11.9791],[76.003,11.9314],[75.9403,11.9436],[75.8707,11.9523],[75.8009,12.0365],[75.7148,12.0705],[75.6358,12.1492],[75.577,12.1578],[75.4931,12.2742],[75.4144,12.2928],[75.4105,12.3467],[75.3713,12.4379],[75.4162,12.501]]]},"properties":{"state_name":"Kerala","state":"kerala"}},{"type":"Feature","geometry":{"type":"Polygon","coordinates":[[[82.8116,23.9611],[82.7116,24.0896],[82.741,24.1912],[82.735,24.2187],[82.7713,24.3283],[82.713,24.3803],[82.7434,24.4964],[82.806,24.5633],[82.7739,24.6417],[82.6711,24.697],[82.5234,24.6761],[82.429,24.7026],[82.4161,24.5912],[82.2989,24.6051],[82.3034,24.6539],[82.2095,24.7714],[82.1067,24.8043],[81.9529,24.8414],[81.9031,24.8919],[81.8911,24.9958],[81.7424,25.0388],[81.7076,25.0351],[81.5402,25.1859],[81.4287,25.1047],[81.3575,25.17],[81.2896,25.1687],[81.2211,24.9976],[81.2153,24.9329],[81.1229,24.8993],[81.0845,24.9499],[80.861,24.9288],[80.8099,24.9526],[80.9076,25.1591],[80.735,25.1395],[80.7189,25.0638],[80.5924,25.1033],[80.5308,25.0014],[80.4774,24.9763],[80.4523,25.0748],[80.3346,25.0003],[80.2735,25.0261],[80.3555,25.0556],[80.3548,25.1385],[80.4306,25.1732],[80.3742,25.2439],[80.3111,25.2862],[80.2944,25.4106],[80.1045,25.3496],[80.0336,25.3423],[79.9742,25.2647],[79.853,25.2248],[79.8418,25.0955],[79.7493,25.1394],[79.6065,25.1502],[79.5252,25.0974],[79.3929,25.1168],[79.4462,25.2442],[79.3522,25.3299],[79.2789,25.324],[79.2837,25.1928],[79.3233,25.1498],[79.1732,25.1077],[78.9707,25.2163],[78.8841,25.1587],[78.8706,25.1869],[78.961,25.345],[78.863,25.3144],[78.8265,25.255],[78.8195,25.3068],[78.9441,25.4827],[78.904,25.5515],[78.8665,25.4658],[78.7965,25.483],[78.7141,25.3725],[78.662,25.4409],[78.5652,25.3855],[78.5312,25.3001],[78.5563,25.2106],[78.5802,25.1912],[78.6024,25.0944],[78.6526,25.0502],[78.6365,24.9592],[78.715,24.8795],[78.774,24.8511],[78.7811,24.7073],[78.7519,24.6001],[78.8831,24.6411],[78.9528,24.5468],[78.9142,24.4595],[78.9858,24.4413],[78.9917,24.4177],[78.9166,24.2689],[78.7898,24.1771],[78.7026,24.2269],[78.5959,24.3353],[78.5007,24.3894],[78.3878,24.2688],[78.3291,24.3273],[78.3204,24.4099],[78.2652,24.4521],[78.2259,24.5301],[78.2765,24.6633],[78.1751,24.8456],[78.1732,24.8787],[78.3326,24.9942],[78.3385,25.0858],[78.4468,25.1218],[78.3722,25.2595],[78.3117,25.3031],[78.3199,25.3836],[78.4308,25.4736],[78.449,25.5641],[78.5316,25.571],[78.6578,25.5596],[78.819,25.6449],[78.763,25.7204],[78.8574,25.7916],[78.8832,25.9089],[78.9363,25.9523],[78.9583,26.1279],[79.1155,26.3205],[79.0982,26.4124],[79.135,26.4399],[79.0105,26.5544],[79.004,26.6287],[78.7797,26.7587],[78.5455,26.7636],[78.3989,26.8185],[78.3626,26.8692],[78.223,26.8307],[78.1857,26.7856],[78.0957,26.6803],[78.002,26.6947],[77.9427,26.6581],[77.8328,26.5997],[77.7398,26.5377],[77.5363,26.4112],[77.5046,26.4084],[77.376,26.3653],[77.2708,26.2672],[77.1146,26.2175],[76.9988,26.1299],[76.97191943754851,26.122996582824957],[76.8525,26.0439],[76.8364,26.0071],[76.7117,25.8998],[76.5665,25.8489],[76.5153,25.7737],[76.517,25.5268],[76.5697,25.4393],[76.6143,25.3836],[76.6492,25.3692],[76.81388893035549,25.32375568102058],[76.8532,25.3324],[76.9576,25.2841],[77.0827,25.3358],[77.2091,25.3062],[77.234,25.3783],[77.3149,25.4315],[77.3669,25.4012],[77.4115,25.2236],[77.3941,25.1198],[77.3108,25.0799],[77.1742,25.1117],[77.0845,25.0542],[76.8762,25.0411],[76.8624,24.9608],[76.9275,24.8472],[76.8166,24.829],[76.8665,24.7456],[76.9619,24.7571],[77.0654,24.6414],[77.0574,24.537],[76.9774,24.4615],[76.8449,24.4363],[76.8631,24.2734],[76.9456,24.2058],[76.8789,24.1306],[76.7901,24.1227],[76.6759,24.1908],[76.5229,24.1568],[76.4569,24.214],[76.3634,24.2327],[76.212,24.2113],[76.2028,24.3048],[76.1429,24.2827],[76.1267,24.0886],[75.9715,24.0201],[75.9819,23.9296],[75.7938,23.867],[75.6866,23.7558],[75.5839,23.7948],[75.4594,23.9194],[75.5213,24.0246],[75.5817,23.9912],[75.6713,24.0179],[75.67563533345441,24.015353457426496],[75.7816,24.0426],[75.7647,24.1754],[75.83,24.2336],[75.7399,24.3321],[75.7494,24.4245],[75.8999,24.442],[75.9178,24.5396],[75.7848,24.7617],[75.6463,24.6851],[75.5484,24.7034],[75.3715,24.6921],[75.2198,24.7029],[75.1929,24.7733],[75.3513,25.019],[75.1924,25.0335],[75.1137,24.9666],[75.1168,24.8778],[74.9587,24.858],[74.8409,24.967],[74.838,24.7973],[74.8379,24.7971],[74.9729,24.7634],[74.9929,24.6926],[74.8768,24.6427],[74.8097,24.777],[74.8087,24.7807],[74.7804,24.7304],[74.771,24.5787],[74.7168,24.507],[74.8551,24.4243],[74.7568,24.2642],[74.8896,24.2286],[74.9099,24.2098],[74.9059,24.1155],[74.9739,24.0396],[74.9032,23.853],[74.94,23.7644],[74.9365,23.6283],[74.8239,23.5424],[74.7711,23.5425],[74.7284,23.4962],[74.613,23.462],[74.5301,23.3307],[74.5635,23.2931],[74.5733,23.2896],[74.6268,23.2587],[74.7412,23.2264],[74.5281,23.0977],[74.3862,23.1114],[74.3189,23.0586],[74.3384,22.9629],[74.33839299863388,22.96286779371586],[74.3379,22.9606],[74.34271306887173,22.956726408519113],[74.40431264658304,22.907150637673524],[74.46384059284088,22.8592421303065],[74.4752,22.8501],[74.466,22.8224],[74.4522,22.8091],[74.44551036871212,22.79317447940335],[74.3791268213664,22.63513997719559],[74.37890445081742,22.634610595738597],[74.3233437751004,22.6407718875502],[74.2772,22.646],[74.2771045971881,22.645899490203874],[74.2771,22.6459],[74.18927981512417,22.553483992024862],[74.0933,22.5407],[74.0613,22.5499],[74.0377,22.5348],[74.0292,22.5073],[74.08991746540798,22.470834457733805],[74.1331,22.4449],[74.2526,22.433],[74.2526,22.4329],[74.2526,22.3851],[74.1893,22.32],[74.18921580016494,22.320028136255882],[74.15894383137012,22.33014383137012],[74.06840663621766,22.360397782438433],[74.0684,22.3604],[74.0751,22.2571],[74.12122282157677,22.21313153526971],[74.12220024751534,22.212195525684464],[74.1287,22.0947],[74.0999,21.9991],[74.100000148426,21.999000494925767],[74.1466,21.9527],[74.2815,21.9329],[74.4318,22.0302],[74.5091,21.9369],[74.5136,21.8589],[74.5016,21.7825],[74.5823,21.6649],[74.7709,21.6157],[74.8714,21.6316],[74.9726,21.5962],[75.0537,21.5641],[75.1074,21.4628],[75.207,21.4131],[75.3829,21.3796],[75.6166,21.3884],[75.7595,21.38],[75.7931,21.3845],[75.9866,21.3689],[76.0968,21.3719],[76.1511,21.2438],[76.1737,21.0895],[76.3843,21.0765],[76.456,21.1081],[76.4984,21.1935],[76.6239,21.1854],[76.6628,21.2806],[76.6216,21.3326],[76.7395,21.4107],[76.7956,21.4896],[76.7811,21.5608],[76.902,21.5971],[77.0658,21.7124],[77.2102,21.6898],[77.28,21.7584],[77.5019,21.7462],[77.5726,21.6168],[77.5751,21.5263],[77.4551,21.5535],[77.4882,21.3743],[77.7098,21.3572],[77.8366,21.4004],[77.9037,21.3774],[78.0168,21.4188],[78.1762,21.5005],[78.2648,21.5915],[78.3427,21.589],[78.3903,21.6147],[78.4361,21.4998],[78.5117,21.5288],[78.5861,21.4875],[78.7077,21.4705],[78.7559,21.4906],[78.9367,21.4859],[78.9141,21.5888],[78.9737,21.6124],[79.0138,21.5998],[79.2229,21.6489],[79.2309,21.7188],[79.3928,21.674],[79.4962,21.6744],[79.51,21.596],[79.5392,21.543],[79.6563,21.5594],[79.7362,21.6041],[79.9191,21.5244],[79.9636,21.5582],[80.0755,21.5599],[80.1859,21.6275],[80.2726,21.6127],[80.3372,21.544],[80.4221,21.4406],[80.6214,21.3205],[80.66,21.3342],[80.7337,21.4835],[80.717,21.6717],[80.7484,21.7562],[80.817,21.7616],[80.8426,21.8337],[80.8321,21.9078],[80.9079,22.1096],[80.9944,22.0493],[81.0469,22.2425],[81.1184,22.2906],[81.1079,22.3988],[81.1993,22.4628],[81.3313,22.5255],[81.4228,22.4702],[81.479,22.4917],[81.5224,22.5391],[81.6227,22.5386],[81.6486,22.6153],[81.7178,22.6521],[81.7691,22.7418],[81.7757,22.8742],[81.8616,22.8891],[81.9504,22.9828],[81.93,23.0211],[81.946,23.0746],[82.1224,23.1039],[82.1486,23.2201],[82.1991,23.3137],[82.1041,23.3978],[81.9837,23.4182],[81.9171,23.5353],[81.8202,23.5157],[81.7254,23.5571],[81.6271,23.491],[81.5769,23.5854],[81.696,23.7211],[81.6038,23.8845],[81.6583,23.9164],[81.8152,23.8064],[82.0088,23.8612],[82.0535,23.8188],[82.2117,23.8522],[82.3346,23.8026],[82.496,23.7859],[82.6646,23.8638],[82.6973,23.9197],[82.8116,23.9611]]]},"properties":{"state_name":"Madhya Pradesh","state":"madhya-pradesh"}},{"type":"Feature","geometry":{"type":"Polygon","coordinates":[[[80.66,21.3342],[80.6214,21.3205],[80.4221,21.4406],[80.3372,21.544],[80.2726,21.6127],[80.1859,21.6275],[80.0755,21.5599],[79.9636,21.5582],[79.9191,21.5244],[79.7362,21.6041],[79.6563,21.5594],[79.5392,21.543],[79.51,21.596],[79.4962,21.6744],[79.3928,21.674],[79.2309,21.7188],[79.2229,21.6489],[79.0138,21.5998],[78.9737,21.6124],[78.9141,21.5888],[78.9367,21.4859],[78.7559,21.4906],[78.7077,21.4705],[78.5861,21.4875],[78.5117,21.5288],[78.4361,21.4998],[78.3903,21.6147],[78.3427,21.589],[78.2648,21.5915],[78.1762,21.5005],[78.0168,21.4188],[77.9037,21.3774],[77.8366,21.4004],[77.7098,21.3572],[77.4882,21.3743],[77.4551,21.5535],[77.5751,21.5263],[77.5726,21.6168],[77.5019,21.7462],[77.28,21.7584],[77.2102,21.6898],[77.0658,21.7124],[76.902,21.5971],[76.7811,21.5608],[76.7956,21.4896],[76.7395,21.4107],[76.6216,21.3326],[76.6628,21.2806],[76.6239,21.1854],[76.4984,21.1935],[76.456,21.1081],[76.3843,21.0765],[76.1737,21.0895],[76.1511,21.2438],[76.0968,21.3719],[75.9866,21.3689],[75.7931,21.3845],[75.7595,21.38],[75.6166,21.3884],[75.3829,21.3796],[75.207,21.4131],[75.1074,21.4628],[75.0537,21.5641],[74.9726,21.5962],[74.8714,21.6316],[74.7709,21.6157],[74.5823,21.6649],[74.5016,21.7825],[74.5136,21.8589],[74.5091,21.9369],[74.4318,22.0302],[74.2815,21.9329],[74.1466,21.9527],[74.0179,21.9069],[73.9403,21.8709],[73.8069,21.8365],[73.80693838348186,21.836409926762553],[73.81209938650306,21.824298773006134],[73.8294,21.7837],[73.86215,21.7299],[73.8947973611354,21.676004356349218],[73.8142,21.6009],[73.85319327425645,21.497517831843144],[73.8532,21.4975],[73.8779,21.502241176470587],[73.9824,21.5223],[74.0024,21.5414],[74.0554,21.5567],[74.09610480864353,21.54952020444979],[74.196,21.5319],[74.29089423755458,21.54167571247803],[74.3319,21.5459],[74.3209,21.4985],[74.1929,21.4597],[74.1482,21.4579],[74.1385015609915,21.461526372846656],[74.1252,21.4665],[73.9441,21.4],[73.9424,21.3258],[73.93454411202715,21.29758293299553],[73.9326,21.2906],[73.8271,21.2674],[73.81716842105263,21.18383157894737],[73.816,21.174],[73.67266637512148,21.145533624878524],[73.6443,21.1399],[73.7373,21.0802],[73.8507,20.9983],[73.8883,20.9336],[73.9257,20.8887],[73.94017256918849,20.839929424378475],[73.94028411537731,20.83955352900247],[73.9317,20.7604],[73.8823,20.7329],[73.85911951236534,20.698969141288412],[73.8547,20.6925],[73.8384,20.6211],[73.7612,20.5738],[73.6282,20.5831],[73.60493512123439,20.627017560617194],[73.5997,20.6369],[73.59962944710648,20.6369449021039],[73.46632843914978,20.721781900421174],[73.4663,20.7218],[73.45467512794268,20.70255],[73.40731779451313,20.624129466507334],[73.4073,20.6241],[73.42383764258555,20.61423764258555],[73.473,20.5848],[73.46748447613824,20.499357761930884],[73.4673,20.4966],[73.42884476093592,20.44805523906409],[73.3804,20.3869],[73.4135,20.3561],[73.41328170403729,20.312795538397236],[73.41274588390502,20.206502219656993],[73.4127,20.1974],[73.2834,20.1986],[73.2494,20.1225],[73.2106,20.1207],[73.179,20.0476],[73.0983,20.0894],[72.961,20.1344],[72.9624,20.2102],[72.86672353477745,20.223393572349877],[72.8587,20.2245],[72.76763550586267,20.15612548851562],[72.7391,20.1347],[72.7081,20.0711],[72.7729,19.9083],[72.6637,19.9342],[72.6547,19.8353],[72.7294,19.6016],[72.7854,19.6045],[72.7678,19.5074],[72.8795,19.5265],[72.8128,19.4857],[72.7729,19.4862],[72.7577,19.3759],[72.799,19.3305],[72.8681,19.3077],[72.786,19.3056],[72.7842,19.2637],[72.8024,19.139],[72.8217,19.1227],[72.8217,19.073],[72.8393,19.0439],[72.8195,19.0188],[72.8058,18.9775],[72.818,18.9508],[72.8093,18.8947],[72.8456,18.9458],[72.8563,18.9983],[72.8788,19.0212],[72.9063,18.9963],[72.9504,19.0388],[72.9348,19.0617],[72.9058,19.0608],[72.9344,19.0993],[72.9533,19.1503],[72.9864,19.187],[72.998,19.1115],[73.0414,19.0065],[73.034,19.0015],[72.9572,18.8796],[72.9994,18.8076],[72.9938,18.7757],[72.8684,18.7996],[72.8557,18.6993],[72.9237,18.5457],[72.895,18.4633],[72.912,18.3683],[72.9701,18.3],[73.0399,18.2917],[72.9455,18.223],[73.0394,17.9803],[73.1755,17.5842],[73.1944,17.4648],[73.1764,17.3891],[73.2494,17.2956],[73.2448,17.2225],[73.2911,17.0783],[73.2768,16.892],[73.3176,16.8063],[73.3055,16.7302],[73.3511,16.6127],[73.3322,16.565],[73.3144,16.541],[73.4363,16.1998],[73.5104,15.9373],[73.5887,15.9098],[73.6754,15.727],[73.7319,15.7228],[73.8757,15.7511],[73.945,15.6994],[73.9726,15.628],[74.0172,15.6076],[74.1176,15.6517],[74.1217,15.7205],[74.2091,15.7812],[74.2416,15.7431],[74.3405,15.7648],[74.3867,15.9044],[74.4305,15.9582],[74.4623,16.0372],[74.3721,16.0782],[74.4845,16.1426],[74.4966,16.2335],[74.3518,16.2794],[74.329,16.3245],[74.3327,16.4555],[74.2643,16.5401],[74.3953,16.5772],[74.459,16.6567],[74.4718,16.6638],[74.5432,16.5951],[74.5721,16.5534],[74.6854,16.6067],[74.6914,16.7163],[74.9197,16.7726],[74.9554,16.907],[75.0258,16.9441],[75.09,16.9518],[75.1817,16.8446],[75.2802,16.8783],[75.3417,16.9581],[75.4644,16.9909],[75.6766,16.9694],[75.6725,17.1153],[75.6282,17.162],[75.6546,17.2727],[75.6038,17.3063],[75.6342,17.478],[75.683,17.4181],[75.8066,17.368],[75.8942,17.3792],[75.8966,17.3503],[75.9283,17.3227],[76.0726,17.3349],[76.1197,17.3706],[76.2719,17.3609],[76.3822,17.3144],[76.4089,17.3712],[76.3635,17.3774],[76.3308,17.5958],[76.4278,17.6446],[76.6319,17.7549],[76.6913,17.6814],[76.7808,17.8034],[76.7398,17.9001],[76.7746,17.8782],[76.919,17.9167],[76.9528,18.0409],[76.9219,18.1147],[76.9516,18.1883],[77.0636,18.1508],[77.1335,18.2063],[77.1621,18.2572],[77.2119,18.316],[77.2653,18.4224],[77.3352,18.4507],[77.4132,18.3914],[77.4099,18.3018],[77.4651,18.2633],[77.5516,18.2921],[77.5259,18.3422],[77.53915687212194,18.381069299281034],[77.5965,18.5492],[77.63993238956166,18.555140508272213],[77.7398,18.5688],[77.7311,18.6443],[77.7874,18.6828],[77.8444,18.8073],[77.9484,18.8447],[77.89934186461137,18.875075977467606],[77.8431,18.9099],[77.81827987875694,18.947588681641243],[77.81621564584597,18.950723163389075],[77.79492505630631,18.983052346766407],[77.7619,19.0332],[77.77659766781441,19.055935454900432],[77.8067,19.1025],[77.83438344507205,19.13410375864435],[77.8526,19.1549],[77.85642738380305,19.20714905595368],[77.8635,19.3037],[77.9517,19.3404],[77.9538,19.3397],[78.03750366547148,19.25550250759358],[78.0555,19.2374],[78.12633954823758,19.242065737313638],[78.18,19.2456],[78.1924,19.3261],[78.203,19.4196],[78.2543485744358,19.4381664303625],[78.3045,19.4563],[78.2744,19.5542],[78.3057,19.6072],[78.2763,19.6926],[78.3648,19.7814],[78.301,19.8407],[78.3065,19.9143],[78.32846292982764,19.899828763698164],[78.35436680935322,19.88276086043158],[78.3838011732387,19.863366743229385],[78.4582952267151,19.81428308001147],[78.4909,19.7928],[78.5955,19.8177],[78.77185775650302,19.77765463906556],[78.78856271298334,19.773861463052704],[78.8408,19.762],[78.8576,19.6581],[78.89027548773889,19.65823714790237],[78.9529,19.6585],[78.9405,19.5521],[79.0461,19.5485],[79.2039,19.4943],[79.2385834901922,19.54685226372102],[79.273,19.599],[79.32023126893662,19.576885359247893],[79.4146,19.5327],[79.44516889623877,19.528342740847922],[79.51566628477696,19.518294115310187],[79.5942,19.5071],[79.6322,19.5753],[79.7441,19.6089],[79.8065,19.579],[79.8312,19.5403],[79.89180677246515,19.502794224433973],[79.9448,19.47],[79.96090548673601,19.342682692532424],[79.9659,19.3032],[79.93228736379949,19.200138687447442],[79.9145,19.1456],[79.8691,19.0434],[79.9371,19.0429],[79.94603067415886,18.982137066973003],[79.9631,18.866],[79.9154,18.8254],[79.99768919679074,18.766235420543573],[80.05072594541095,18.72810287033982],[80.07549575806914,18.71029378231502],[80.1161,18.6811],[80.2717,18.7233],[80.3502,18.8149],[80.2703,18.9399],[80.2735,18.9932],[80.3867,19.1799],[80.3919,19.2429],[80.4862,19.3411],[80.5805,19.3983],[80.6123,19.3097],[80.6804,19.3301],[80.7559,19.2892],[80.8328,19.3494],[80.8118,19.4328],[80.8811,19.4509],[80.8949,19.5196],[80.7754,19.5625],[80.6732,19.6929],[80.4688,19.8265],[80.5433,20.0122],[80.5521,20.1181],[80.4338,20.1353],[80.4244,20.2527],[80.6257,20.3305],[80.612,20.6006],[80.5521,20.7808],[80.5611,20.8228],[80.5417,20.9248],[80.4634,20.9297],[80.447,21.0793],[80.464,21.1751],[80.6157,21.228],[80.6577,21.2816],[80.66,21.3342]]]},"properties":{"state_name":"Maharashtra","state":"maharashtra"}},{"type":"Feature","geometry":{"type":"Polygon","coordinates":[[[94.6755,25.4456],[94.5539,25.5026],[94.5847,25.6846],[94.4917,25.6087],[94.4268,25.5871],[94.4166,25.5366],[94.3009,25.5063],[94.2186,25.4916],[94.1921,25.5486],[94.1357,25.5184],[94.1073,25.5242],[94.0891,25.5477],[94.0481,25.5756],[93.9349,25.559],[93.7703,25.5337],[93.805,25.4634],[93.6887,25.3601],[93.6052,25.199],[93.5015,25.2421],[93.4706,25.3051],[93.381,25.2399],[93.3322,25.0935],[93.2638,25.0493],[93.2502,24.9736],[93.2486,24.9148],[93.1755,24.7939],[93.1113,24.8002],[93.0878,24.5725],[93.0087,24.4118],[93.0403,24.3414],[93.024,24.2338],[92.9715,24.1163],[93.0994,24.0432],[93.1505,24.0841],[93.2045,24.0496],[93.3262,24.0485],[93.3597,24.0915],[93.4166,24.0719],[93.5055,23.9424],[93.6238,24.0114],[93.7441,24.0026],[93.8196,23.9236],[93.8937,23.953],[94.0165,23.927],[94.1566,23.8482],[94.1697,23.9284],[94.2545,24.0825],[94.2597,24.1653],[94.4083,24.4399],[94.4057,24.4821],[94.4545,24.566],[94.605,24.7159],[94.6316,24.839],[94.6876,24.8893],[94.7346,25.0197],[94.7369,25.1346],[94.5875,25.2044],[94.5851,25.2668],[94.6755,25.4456]]]},"properties":{"state_name":"Manipur","state":"manipur"}},{"type":"Feature","geometry":{"type":"Polygon","coordinates":[[[91.3422,25.8366],[91.2572,25.748],[91.178,25.778],[91.204,25.8436],[91.0013,25.8249],[91.0303,25.886],[90.9567,25.9363],[90.795,25.9392],[90.7177,25.9551],[90.6238,25.898],[90.6006,25.9516],[90.5137,25.8973],[90.5337,25.9596],[90.4772,26.013],[90.3328,25.987],[90.2129,25.9527],[90.1191,25.9581],[90.0625,25.9109],[90.0235,25.8687],[89.9592,25.7833],[89.9515,25.763],[89.8959,25.7302],[90.0283,25.6052],[89.9746,25.5752],[89.8815,25.5529],[89.8702,25.4844],[89.8533,25.4772],[89.814,25.3699],[89.8839,25.291],[89.9081,25.3078],[90.0874,25.2389],[90.2336,25.2038],[90.4446,25.1438],[90.6369,25.1783],[90.6935,25.1598],[90.9696,25.1726],[91.0815,25.2019],[91.2521,25.1975],[91.3881,25.1703],[91.4931,25.1347],[91.6029,25.1737],[91.6608,25.1294],[91.8218,25.1742],[92.0161,25.1877],[92.1918,25.1347],[92.2293,25.0972],[92.4222,25.0301],[92.4817,25.1065],[92.5393,25.0988],[92.7428,25.2067],[92.7818,25.3331],[92.5724,25.4657],[92.6615,25.5725],[92.5838,25.5507],[92.4855,25.6466],[92.4308,25.7324],[92.3686,25.747],[92.1562,25.6723],[92.1539,25.7074],[92.1774,25.8729],[92.1647,25.9709],[92.2735,26.0659],[92.1755,26.0778],[92.1279,26.0456],[91.8983,26.0234],[91.8198,26.116],[91.7314,26.0596],[91.7203,25.9539],[91.5709,26.0256],[91.5177,25.9497],[91.4779,25.8581],[91.3819,25.8456],[91.3422,25.8366]]]},"properties":{"state_name":"Meghalaya","state":"meghalaya"}},{"type":"Feature","geometry":{"type":"Polygon","coordinates":[[[93.0087,24.4118],[92.8883,24.3983],[92.8229,24.3868],[92.7635,24.5212],[92.6846,24.3467],[92.612,24.2537],[92.5296,24.1788],[92.4654,24.1361],[92.4227,24.2549],[92.2996,24.2525],[92.3319,24.1827],[92.3167,24.0719],[92.3311,23.9207],[92.2603,23.8131],[92.2664,23.7241],[92.2915,23.6276],[92.327,23.4492],[92.3934,23.2664],[92.364,23.1566],[92.3918,23.0574],[92.3762,22.9291],[92.4612,22.8613],[92.5079,22.737],[92.5524,22.4097],[92.6105,22.1382],[92.5976,22.0093],[92.6809,22.0154],[92.6992,22.1551],[92.8511,22.0654],[92.9214,21.9929],[92.9941,22.0422],[93.0627,22.2078],[93.1993,22.256],[93.1786,22.4325],[93.1131,22.5594],[93.1402,22.5927],[93.0909,22.7048],[93.0959,22.7865],[93.1497,22.9084],[93.1218,23.0061],[93.1936,23.054],[93.2944,23.007],[93.343,23.0588],[93.3804,23.1869],[93.3688,23.3182],[93.4014,23.3842],[93.3952,23.4918],[93.4355,23.6782],[93.369,23.933],[93.3262,24.0485],[93.2045,24.0496],[93.1505,24.0841],[93.0994,24.0432],[92.9715,24.1163],[93.024,24.2338],[93.0403,24.3414],[93.0087,24.4118]]]},"properties":{"state_name":"Mizoram","state":"mizoram"}},{"type":"Feature","geometry":{"type":"Polygon","coordinates":[[[95.2232,26.7596],[95.1809,26.856],[95.2285,26.8921],[95.1946,27.0317],[95.0923,26.9558],[94.9458,26.9352],[94.879,26.922],[94.8185,26.8485],[94.7888,26.796],[94.7386,26.7687],[94.6994,26.7378],[94.5941,26.7253],[94.561,26.6857],[94.4084,26.613],[94.3959,26.5276],[94.3157,26.4582],[94.2808,26.535],[94.2066,26.4863],[94.1614,26.3471],[94.0474,26.2492],[93.9964,26.1536],[93.9549,25.969],[93.9783,25.9277],[93.9561,25.9021],[93.8756,25.8416],[93.778,25.8508],[93.7773,25.969],[93.7326,25.9233],[93.6836,25.8984],[93.6389,25.8107],[93.5113,25.6752],[93.3303,25.5423],[93.4579,25.4314],[93.4706,25.3051],[93.5015,25.2421],[93.6052,25.199],[93.6887,25.3601],[93.805,25.4634],[93.7703,25.5337],[93.9349,25.559],[94.0481,25.5756],[94.0891,25.5477],[94.1073,25.5242],[94.1357,25.5184],[94.1921,25.5486],[94.3009,25.5063],[94.4166,25.5366],[94.4268,25.5871],[94.4917,25.6087],[94.5847,25.6846],[94.5539,25.5026],[94.6755,25.4456],[94.8055,25.4918],[94.8814,25.585],[94.9365,25.668],[95.0408,25.7423],[95.0187,25.8584],[95.1857,26.0733],[95.1264,26.1292],[95.1425,26.2116],[95.1081,26.3952],[95.0728,26.4723],[95.1135,26.5315],[95.1486,26.6127],[95.2339,26.6825],[95.2099,26.7287],[95.2232,26.7596]]]},"properties":{"state_name":"Nagaland","state":"nagaland"}},{"type":"Feature","geometry":{"type":"Polygon","coordinates":[[[84.5832141724692,19.059956389930367],[84.618,19.0662],[84.63442443523141,19.087109823166088],[84.624,19.0898],[84.6256,19.0989],[84.6097,19.1004],[84.602,19.1278],[84.6678,19.1296],[84.6708,19.1658],[84.7152,19.156],[84.7036,19.1171],[84.7647,19.0773],[84.8244,19.1741],[84.9141,19.2614],[85.0794,19.375],[85.1724,19.4673],[85.405,19.6163],[85.6791,19.7451],[85.8019,19.7879],[85.9359,19.8262],[86.1928,19.8893],[86.3878,19.9723],[86.5204,20.1702],[86.7766,20.3347],[86.7308,20.4114],[86.7538,20.5185],[87.0556,20.715],[87.0411,20.7589],[86.8548,20.7735],[86.8163,20.7318],[86.795,20.7409],[86.8694,20.7945],[86.9718,20.7939],[86.9768,20.8609],[86.9129,20.974],[86.8446,21.1254],[86.8588,21.2097],[86.9068,21.2861],[87.0139,21.4058],[87.2032,21.5315],[87.3417,21.5702],[87.4837,21.613],[87.4541,21.74],[87.4403,21.77],[87.3228,21.791],[87.3194,21.7908],[87.2521,21.8777],[87.2518,21.8782],[87.2257,21.9579],[87.1053,21.9231],[87.0979,21.8666],[86.9999,21.9137],[87.0265,22.0369],[86.9657,22.0851],[86.8177,22.1166],[86.8159,22.1173],[86.7196,22.1474],[86.7248,22.2184],[86.5427,22.3078],[86.541,22.3083],[86.4874,22.3477],[86.4872,22.3476],[86.4446,22.3124],[86.3287,22.3775],[86.2687,22.4421],[86.116,22.4871],[86.0634,22.555],[85.9626,22.485],[86.0269,22.3863],[85.9739,22.2469],[86.0312,22.1914],[86.0071,22.117],[85.9095,21.9878],[85.8243,21.9754],[85.7601,22.0131],[85.7598,22.0867],[85.7577,22.0853],[85.6764,22.0569],[85.4211,22.159],[85.2815,22.0908],[85.2391,22.0096],[85.2047,22.0515],[85.2036,22.0524],[85.099,22.106],[84.9841,22.095],[85.0322,22.1651],[85.1031,22.2951],[85.0669,22.4834],[84.9574,22.4565],[84.9112,22.4236],[84.7955,22.4459],[84.7498,22.4193],[84.6288,22.4346],[84.4565,22.3812],[84.3591,22.3478],[84.2944,22.3416],[84.1571,22.4071],[84.1415,22.4737],[84.009,22.5257],[84.0181,22.4894],[84.0475,22.4699],[84.0052,22.3743],[83.9065,22.3513],[83.8023,22.2898],[83.6272,22.2038],[83.6092,22.1573],[83.5618,22.0987],[83.5568,21.9363],[83.5788,21.8323],[83.4833,21.794],[83.4866,21.6442],[83.3678,21.5885],[83.3384,21.4991],[83.3989,21.4053],[83.3916,21.3426],[83.2688,21.3784],[83.2762,21.3021],[83.2173,21.2547],[83.1769,21.1356],[83.0779,21.112],[82.8973,21.1621],[82.641,21.1549],[82.6364,21.0923],[82.5595,20.9484],[82.4811,20.8513],[82.3461,20.874],[82.3478,20.7511],[82.3765,20.6324],[82.3322,20.5619],[82.3896,20.5177],[82.432,20.4169],[82.4225,20.2208],[82.39,20.1637],[82.3983,20.0582],[82.5953,19.9918],[82.7122,19.9974],[82.7244,19.8758],[82.5945,19.7755],[82.6034,19.8669],[82.446,19.9092],[82.344,19.8359],[82.2688,19.9764],[82.0649,20.0567],[82.0175,20.0483],[81.9471,20.1071],[81.8794,20.0508],[81.8536,19.9183],[81.8886,19.8927],[82.0647,19.79],[82.0528,19.6761],[82.0315,19.5078],[82.0999,19.5168],[82.1684,19.4369],[82.1678,19.2141],[82.1789,19.1919],[82.2087,19.12],[82.2056,19.0602],[82.246,18.9192],[82.1762,18.9027],[82.1608,18.7893],[82.0909,18.7411],[81.9677,18.6964],[81.9495,18.5721],[81.7691,18.4182],[81.7503,18.3526],[81.6593,18.3465],[81.5358,18.2686],[81.4831,17.9772],[81.4075,17.8961],[81.3918,17.8155],[81.41838074277854,17.81628074277854],[81.48651401595042,17.81828198711737],[81.52390723771296,17.81938031939878],[81.6165,17.8221],[81.6619,17.8812],[81.7633,17.9026],[81.8099,17.951],[81.9793,18.0143],[82.0062,18.0522],[82.0329,18.0695],[82.0658,18.0564],[82.0766,18.0753],[82.102,18.0603],[82.1688,18.052],[82.17316506504928,18.045466483281096],[82.2616,18.0419],[82.2914,18.0689],[82.30396115801327,18.05899728812711],[82.3503,18.0777],[82.3357,18.1059],[82.3421,18.1367],[82.34865912569433,18.136109367828475],[82.34765433398591,18.17187642706294],[82.3373,18.1722],[82.3154,18.1841],[82.3108,18.2041],[82.337,18.2243],[82.3325,18.252],[82.3446,18.2806],[82.3923,18.298],[82.3889,18.3285],[82.3427,18.3205],[82.3698,18.3586],[82.3855,18.3675],[82.382,18.4326],[82.4091,18.4694],[82.4358746763754,18.49595339805825],[82.434,18.4986],[82.4449,18.5146],[82.4817,18.5414],[82.5292,18.5028],[82.5345655846621,18.45542693200033],[82.5395,18.4436],[82.5409,18.3995],[82.5624,18.4],[82.6052,18.3821],[82.6212,18.3597],[82.5878,18.2761],[82.64318426328396,18.295234906413555],[82.6426,18.3021],[82.65201132308643,18.298284598748744],[82.7742,18.3405],[82.79240455267939,18.409034786557672],[82.7868,18.4108],[82.7821,18.4308],[82.8031,18.4493],[82.8713,18.4185],[82.895,18.4241],[82.8978,18.4035],[82.89581554365398,18.39986648838054],[82.9704,18.3601],[82.9872,18.3789],[83.0219,18.3917],[83.03365715790481,18.387467423154266],[83.0758,18.4057],[83.0209,18.4563],[83.0451,18.5443],[83.0152,18.6055],[83.0167,18.6501],[83.07159421361202,18.7030912142068],[83.0726,18.7053],[83.0917,18.7225],[83.1151,18.7681],[83.139,18.7854],[83.1565,18.7683],[83.1779,18.7709],[83.1932,18.7532],[83.2201,18.7477],[83.2432,18.7683],[83.26162828540826,18.76941686578232],[83.27825547256451,18.77811191274272],[83.2749,18.782],[83.2818,18.7958],[83.3284,18.8177],[83.3693,18.844],[83.3792,18.8309],[83.397,18.8791],[83.3389,18.9473],[83.3104,18.9989],[83.348,19.0169],[83.4148,18.9894],[83.4636,18.9553],[83.4678,18.991],[83.4833,19.0336],[83.4707,19.043],[83.4808,19.0786],[83.5006,19.0607],[83.5117,19.0703],[83.5168,19.0571],[83.513510827806,19.049366000516837],[83.5862,19.0873],[83.60314255210982,19.109325317742755],[83.5978,19.1188],[83.6372,19.1536],[83.72002604939145,18.9913575499056],[83.733,18.9877],[83.74012269201395,18.95199157070337],[83.7538,18.9252],[83.76627728550395,18.95352681033329],[83.7589,18.9507],[83.7553,18.9714],[83.7451,18.9889],[83.7945,19.0176],[83.8905,18.8267],[83.9158,18.828],[83.92104647217349,18.82398213206967],[84.0456,18.8129],[84.0894,18.7568],[84.1697,18.7883],[84.2263,18.7988],[84.28383689789091,18.791630671646114],[84.2865,18.7926],[84.321,18.787],[84.3308,18.818],[84.3594,18.8316],[84.3469,18.8483],[84.3371,18.8894],[84.4252,18.9504],[84.4661,18.9942],[84.5166,19.048],[84.5567,19.0563],[84.5831,19.0736],[84.5832141724692,19.059956389930367]]]},"properties":{"state_name":"Odisha","state":"odisha"}},{"type":"Feature","geometry":{"type":"MultiPolygon","coordinates":[[[[82.226,16.7586],[82.2038,16.7177],[82.2435,16.7223],[82.2175,16.7328],[82.226,16.7586]]],[[[79.7697,11.944],[79.7491,11.9295],[79.7094,11.8837],[79.757,11.8682],[79.77,11.8746],[79.8077,11.8364],[79.835,11.9271],[79.8389,11.9561],[79.8032,11.9532],[79.7697,11.944]]],[[[79.8571,12.0068],[79.8738,12.0426],[79.8488,12.0492],[79.8571,12.0068]]],[[[79.807,11.8335],[79.7295,11.837],[79.7958,11.7855],[79.807,11.8335]]],[[[79.8544,10.9833],[79.7481,10.9964],[79.7627,10.9621],[79.7449,10.9146],[79.7615,10.9128],[79.7769,10.9055],[79.7952,10.9027],[79.8413,10.828],[79.8532,10.9152],[79.8544,10.9833]]]]},"properties":{"state_name":"Puducherry","state":"puducherry"}},{"type":"Feature","geometry":{"type":"Polygon","coordinates":[[[76.8288,30.6807],[76.7967,30.6678],[76.7174,30.7631],[76.8381,30.7542],[76.8474,30.7801],[76.7741,30.9071],[76.6115,31.046],[76.645,31.2073],[76.4317,31.3268],[76.3947,31.4083],[76.3738,31.4376],[76.2888,31.3064],[76.1886,31.2999],[76.1566,31.3475],[76.1688,31.3973],[76.1046,31.5161],[76.1042,31.517],[76.0005,31.6838],[75.9354,31.8157],[75.9593,31.8575],[75.8999,31.9559],[75.7429,32.0395],[75.6025,32.0867],[75.6726,32.1589],[75.704,32.2673],[75.7526,32.2799],[75.8713,32.3946],[75.936,32.3977],[75.832,32.5101],[75.6873,32.3909],[75.6325,32.38],[75.5395,32.2951],[75.3758,32.3356],[75.3384,32.3421],[75.327,32.214],[75.2408,32.0922],[74.9828,32.0402],[74.9083,32.0515],[74.8189,31.9587],[74.6346,31.8843],[74.5706,31.837],[74.5019,31.6956],[74.5448,31.6484],[74.6108,31.499],[74.6546,31.4263],[74.5517,31.3644],[74.5103,31.132],[74.6891,31.128],[74.6957,31.0743],[74.5682,31.0548],[74.5162,30.9795],[74.3659,30.8929],[74.3736,30.8593],[74.3204,30.8466],[74.1693,30.6487],[74.0909,30.5494],[73.9927,30.5142],[73.9644,30.4242],[73.8841,30.3669],[73.9727,30.1983],[73.9755,30.1205],[73.8941,29.9743],[74.0652,29.9684],[74.5267,29.9428],[74.6305,29.9051],[74.7062,29.9766],[74.8115,29.9921],[74.9265,29.9505],[74.9519,29.9029],[75.0701,29.8774],[75.135,29.8074],[75.1913,29.8409],[75.2096,29.7384],[75.1825,29.6307],[75.3026,29.5601],[75.3465,29.6951],[75.4297,29.7739],[75.4578,29.7943],[75.6982,29.7533],[75.7375,29.8147],[75.8372,29.7942],[75.9465,29.7299],[76.1049,29.8121],[76.214,29.8425],[76.2151,29.8418],[76.2435,29.8633],[76.1713,29.9287],[76.2422,30.1006],[76.1961,30.1227],[76.4291,30.1507],[76.4675,30.0989],[76.5743,30.1009],[76.6429,30.15],[76.6357,30.2895],[76.7266,30.3614],[76.7481,30.4288],[76.7981,30.4173],[76.8994,30.36],[76.9279,30.5241],[76.9256,30.6114],[76.8288,30.6807]]]},"properties":{"state_name":"Punjab","state":"punjab"}},{"type":"Feature","geometry":{"type":"Polygon","coordinates":[[[72.4575,24.4155],[72.5392,24.5192],[72.5984,24.49021030927835],[72.6554,24.4622],[72.7243,24.3673],[72.72442999804284,24.36729651938942],[72.95950073186837,24.36100265783778],[72.9596,24.361],[72.95992857142858,24.362556390977442],[72.9729,24.424],[72.973,24.4242],[72.98176090553382,24.441842235885975],[72.9984631561441,24.475476321307358],[73.0021,24.4828],[73.02245729950802,24.465308204291972],[73.15163358549916,24.354314837809937],[73.1519,24.3539],[73.13621470660446,24.324642646697765],[73.0657,24.1935],[73.06583123045912,24.193358253330274],[73.15065390946502,24.101738271604937],[73.2429,24.0021],[73.24828337988826,24.006820810055867],[73.3599,24.1047],[73.3616,24.104],[73.3857,24.0652],[73.3986,24.0368],[73.3969019614871,24.025666555366207],[73.37834606197377,23.904002012251706],[73.3783,23.9037],[73.37820213378087,23.90313212658835],[73.3626,23.8126],[73.4736,23.7054],[73.48140177269842,23.701918273015874],[73.589,23.6539],[73.5939,23.6538],[73.65396952942984,23.621665243605825],[73.65538506498294,23.620907989627014],[73.6274,23.4485],[73.72067401326294,23.410410611947288],[73.7207,23.4104],[73.7364,23.412665388127852],[73.8302,23.4262],[73.9575,23.3793],[73.9992,23.3356],[74.1327,23.2661],[74.1208,23.1771],[74.2411,23.1826],[74.2418,23.1805],[74.25483252413692,23.159911654476304],[74.28292753950865,23.11552808933652],[74.3189,23.0587],[74.3189,23.0586],[74.3862,23.1114],[74.5281,23.0977],[74.7412,23.2264],[74.6268,23.2587],[74.5733,23.2896],[74.5635,23.2931],[74.5301,23.3307],[74.613,23.462],[74.7711,23.5425],[74.8239,23.5424],[74.9365,23.6283],[74.94,23.7644],[74.9032,23.853],[74.9739,24.0396],[74.9059,24.1155],[74.9099,24.2098],[74.8896,24.2286],[74.7568,24.2642],[74.8551,24.4243],[74.7168,24.507],[74.771,24.5787],[74.7804,24.7304],[74.8087,24.7807],[74.8097,24.777],[74.8768,24.6427],[74.9929,24.6926],[74.9729,24.7634],[74.8379,24.7971],[74.838,24.7973],[74.8409,24.967],[74.9587,24.858],[75.1168,24.8778],[75.1137,24.9666],[75.1924,25.0335],[75.3513,25.019],[75.1929,24.7733],[75.2198,24.7029],[75.3715,24.6921],[75.5484,24.7034],[75.6463,24.6851],[75.7848,24.7617],[75.9178,24.5396],[75.8999,24.442],[75.7494,24.4245],[75.7399,24.3321],[75.83,24.2336],[75.7647,24.1754],[75.7816,24.0426],[75.67563533345441,24.015353457426496],[75.5817,23.9912],[75.4594,23.9194],[75.5839,23.7948],[75.6866,23.7558],[75.7938,23.867],[75.9819,23.9296],[75.9715,24.0201],[76.1267,24.0886],[76.1429,24.2827],[76.2028,24.3048],[76.212,24.2113],[76.3634,24.2327],[76.4569,24.214],[76.5229,24.1568],[76.6759,24.1908],[76.7901,24.1227],[76.8789,24.1306],[76.9456,24.2058],[76.8631,24.2734],[76.8449,24.4363],[76.9774,24.4615],[77.0574,24.537],[77.0654,24.6414],[76.9619,24.7571],[76.8665,24.7456],[76.8166,24.829],[76.9275,24.8472],[76.8624,24.9608],[76.8762,25.0411],[77.0845,25.0542],[77.1742,25.1117],[77.3108,25.0799],[77.3941,25.1198],[77.4115,25.2236],[77.3669,25.4012],[77.234,25.3783],[77.2091,25.3062],[77.0827,25.3358],[76.9576,25.2841],[76.81388893035549,25.32375568102058],[76.6492,25.3692],[76.6143,25.3836],[76.5697,25.4393],[76.517,25.5268],[76.5153,25.7737],[76.5665,25.8489],[76.7117,25.8998],[76.8364,26.0071],[76.8525,26.0439],[76.97191943754851,26.122996582824957],[77.1146,26.2175],[77.2708,26.2672],[77.376,26.3653],[77.5046,26.4084],[77.5363,26.4112],[77.7398,26.5377],[77.8328,26.5997],[77.9427,26.6581],[78.002,26.6947],[78.0957,26.6803],[78.1857,26.7856],[78.223,26.8307],[78.2643,26.9274],[78.1014,26.9175],[77.8923,26.8877],[77.8788,26.9007],[77.7595,26.9327],[77.675,26.8577],[77.5006,26.8163],[77.4549,26.742],[77.4603,26.8855],[77.7628,27.0032],[77.5644,27.0333],[77.6186,27.1725],[77.6461,27.2424],[77.6028,27.2922],[77.3389,27.5499],[77.3549,27.5923],[77.3178,27.6059],[77.3528,27.6507],[77.2834,27.8019],[77.1203,27.7906],[77.0453,27.8129],[76.9795,27.6537],[76.9011,27.7664],[76.9117,27.7956],[76.9362,27.9766],[76.9684,28.1387],[76.853,28.2206],[76.7954,28.1769],[76.7395,28.1223],[76.6587,28.0085],[76.5893,27.9973],[76.4527,28.0932],[76.3111,28.1786],[76.3576,28.0705],[76.1897,28.0548],[76.1602,27.9946],[76.2255,27.8331],[76.0749,27.8439],[75.9709,27.8522],[75.9314,27.9304],[75.9432,28.1003],[75.9873,28.125],[76.095,28.1463],[75.8955,28.3895],[75.7885,28.4007],[75.6708,28.5181],[75.5615,28.6132],[75.4767,28.932],[75.5275,28.9755],[75.5071,29.0112],[75.3914,29.063],[75.3882,29.2608],[75.2857,29.2708],[75.2455,29.2506],[75.1201,29.2229],[74.9606,29.281],[74.9383,29.362],[74.7941,29.3691],[74.6511,29.3328],[74.6033,29.3274],[74.6133,29.537],[74.5969,29.6833],[74.4773,29.7452],[74.5612,29.8706],[74.5267,29.9428],[74.0652,29.9684],[73.8941,29.9743],[73.9755,30.1205],[73.9727,30.1983],[73.8062,30.0677],[73.6954,30.0423],[73.3971,29.9458],[73.325,29.7074],[73.2822,29.572],[73.0904,29.246],[72.9458,29.0279],[72.6624,28.9103],[72.4037,28.7832],[72.2993,28.6695],[72.2033,28.3908],[72.0043,28.2185],[71.9282,28.1223],[71.8918,27.9599],[71.6668,27.878],[71.3326,27.8615],[71.2055,27.8352],[70.9063,27.7093],[70.7595,27.721],[70.6847,27.8281],[70.6777,27.9217],[70.5057,28.0369],[70.3722,28.0117],[70.1325,27.8059],[70.0259,27.5627],[69.863,27.402],[69.5867,27.1832],[69.5132,27.0097],[69.4848,26.8051],[69.5103,26.7434],[69.8861,26.5786],[70.0563,26.6004],[70.1743,26.5512],[70.1752,26.2513],[70.1412,26.1558],[70.0834,26.0832],[70.0995,25.9383],[70.2684,25.7135],[70.3868,25.674],[70.6088,25.7148],[70.6743,25.6756],[70.6647,25.3966],[70.7846,25.2456],[70.8884,25.148],[70.9377,24.9383],[71.0977,24.6863],[71.189,24.6473],[71.2875,24.616],[71.5099,24.6799],[71.574,24.66192556701031],[71.6554,24.6391],[71.65551206097643,24.639124598750925],[71.6556,24.6391],[71.80301434560408,24.671481185068288],[71.8489,24.6113],[71.84895230495746,24.611493287860032],[71.8663,24.6756],[71.8671,24.6764],[71.91504292066166,24.643151912897306],[71.9255,24.6359],[72.05758143759874,24.712001220456585],[72.0581360816579,24.712269126004056],[72.1648,24.621],[72.1648924502263,24.621006460115638],[72.16493153235581,24.621009191045413],[72.24137336099407,24.6263506928704],[72.3351,24.6329],[72.4575,24.4155]]]},"properties":{"state_name":"Rajasthan","state":"rajasthan"}},{"type":"Feature","geometry":{"type":"Polygon","coordinates":[[[88.7132,27.1621],[88.7635,27.1804],[88.7472,27.2418],[88.6261,27.2475],[88.6718,27.2979],[88.6489,27.3033],[88.6336,27.3622],[88.6517,27.3903],[88.6482,27.4425],[88.6079,27.4639],[88.5489,27.4331],[88.5713,27.507],[88.6691,27.5446],[88.6347,27.5744],[88.5722,27.5503],[88.4414,27.5774],[88.496,27.5068],[88.4827,27.4197],[88.4365,27.4013],[88.4413,27.3535],[88.3857,27.2939],[88.361,27.3056],[88.3773,27.3889],[88.3511,27.4055],[88.2829,27.4003],[88.177,27.361],[88.2008,27.3049],[88.0598,27.2796],[88.1119,27.2356],[88.1629,27.2329],[88.2303,27.2365],[88.2491,27.1856],[88.1832,27.1698],[88.1578,27.1789],[88.1247,27.1525],[88.0767,27.1946],[88.0965,27.1331],[88.1806,27.1329],[88.2792,27.1322],[88.3155,27.1263],[88.3238,27.1104],[88.4358,27.0807],[88.5334,27.1749],[88.5338,27.1757],[88.5539,27.184],[88.6619,27.161],[88.7132,27.1621]]]},"properties":{"state_name":"Sikkim","state":"sikkim"}},{"type":"Feature","geometry":{"type":"Polygon","coordinates":[[[79.95741017389217,13.422543595226152],[79.9488088560949,13.395886428004546],[79.9632,13.3934],[79.9579,13.3788],[79.9351,13.3534],[79.8623,13.3172],[79.8471,13.316],[79.84197159489435,13.316175908354548],[79.7985,13.2988],[79.7619,13.3184],[79.7563,13.2952],[79.7306,13.2829],[79.7612,13.2583],[79.7947,13.2421],[79.7642,13.2191],[79.7319,13.2226],[79.7,13.2523],[79.6841,13.2433],[79.6518,13.2919],[79.6332,13.2824],[79.61391719248529,13.286413972176533],[79.59548050616341,13.2837440493073],[79.5931,13.2647],[79.5739,13.2591],[79.5351,13.275],[79.4826,13.3408],[79.3983,13.3302],[79.40616465684005,13.299341023894506],[79.4138,13.3002],[79.4347,13.2891],[79.4176,13.2718],[79.41813812966019,13.252360066025394],[79.42054075230466,13.242932766616908],[79.438,13.2432],[79.4528,13.2386],[79.4532,13.2168],[79.4324,13.1964],[79.38394657547778,13.172434140629996],[79.3802,13.1631],[79.36730360815032,13.164202255713649],[79.35771842966298,13.159461269045952],[79.3611,13.1387],[79.3575,13.1219],[79.329,13.1308],[79.3116,13.1159],[79.2838,13.1229],[79.2144,13.1565],[79.2328,13.1394],[79.2344,13.1053],[79.1853,13.0797],[79.1822,13.0319],[79.16,13.0203],[79.0983231018627,13.026130971728028],[79.0983,13.0261],[79.0809,13.0258],[79.0631,13.0403],[79.06315493003198,13.04264368136435],[79.0063,13.0825],[78.97518611731996,13.083566207817695],[78.9554,13.0759],[78.9239,13.0808],[78.8916,13.0331],[78.8889,13.0734],[78.89289119705862,13.086386282966838],[78.86496409182,13.087343286573146],[78.8611,13.0837],[78.842,13.0787],[78.8137,13.0891],[78.7943,13.0667],[78.70660893258824,13.028569051425336],[78.7046,13.0164],[78.68934854303954,13.02106366865733],[78.6209,12.9913],[78.657,12.9322],[78.6336,12.9309],[78.6033,12.8428],[78.60326051655039,12.8426937212409],[78.6077,12.822],[78.5925,12.7827],[78.57671254742998,12.771233774285184],[78.5634,12.7354],[78.555,12.6994],[78.5347,12.6914],[78.53103745685812,12.703472827393652],[78.4742,12.6474],[78.4717,12.6321],[78.4126,12.6269],[78.3714,12.6272],[78.3436,12.6488],[78.3026,12.6663],[78.2711,12.7051],[78.2445,12.7064],[78.2377,12.6858],[78.2106,12.6861],[78.2072,12.7082],[78.2312,12.7126],[78.2408,12.7296],[78.2307,12.7609],[78.1342,12.782],[78.0859,12.8321],[78.0085,12.8067],[77.9219,12.8842],[77.8667,12.8677],[77.8356,12.8714],[77.7592,12.6971],[77.597,12.6581],[77.5813,12.5509],[77.6348,12.4869],[77.6168,12.3683],[77.4734,12.2431],[77.5187,12.1946],[77.6093,12.2062],[77.7461,12.1574],[77.7738,12.1206],[77.6756,11.952],[77.4616,11.9001],[77.4272,11.761],[77.2938,11.8091],[77.1888,11.7922],[77.0823,11.74],[77.0128,11.8148],[76.907,11.7954],[76.8455,11.6741],[76.8468,11.5951],[76.7491,11.6153],[76.6139,11.6081],[76.5116,11.7051],[76.4309,11.6665],[76.3776,11.6019],[76.234,11.5686],[76.2378,11.5275],[76.2644,11.4809],[76.3712,11.4544],[76.5172,11.3695],[76.5219,11.272],[76.4426,11.2039],[76.6292,11.194],[76.7067,11.2381],[76.6928,11.1723],[76.7475,11.1177],[76.8001,11.0551],[76.7109,11.039],[76.6593,10.9306],[76.8125,10.8769],[76.8505,10.8189],[76.9042,10.7725],[76.8785,10.6717],[76.8145,10.6358],[76.8388,10.5971],[76.8162,10.4237],[76.8376,10.338],[76.9011,10.2519],[76.9826,10.2204],[77.0509,10.2627],[77.0931,10.3115],[77.1765,10.3581],[77.2881,10.2317],[77.2665,10.1218],[77.2619,10.0219],[77.261,9.9526],[77.2188,9.9047],[77.2226,9.7356],[77.1806,9.6582],[77.2346,9.5815],[77.3252,9.5806],[77.4024,9.5252],[77.4114,9.5075],[77.3392,9.4202],[77.2819,9.2731],[77.2708,9.2023],[77.2077,9.0722],[77.1467,9.022],[77.2183,8.9184],[77.2183,8.9182],[77.2563,8.8783],[77.1998,8.77],[77.1832,8.7169],[77.269,8.5789],[77.2619,8.5065],[77.1607,8.3741],[77.1771,8.3261],[77.1484,8.3322],[77.0978,8.2925],[77.2275,8.19],[77.3042,8.1367],[77.4115,8.1036],[77.5559,8.0766],[77.5898,8.1403],[77.7937,8.1623],[77.8411,8.2517],[77.9735,8.3375],[78.0066,8.3559],[78.1433,8.5017],[78.1379,8.6534],[78.1599,8.7163],[78.1666,8.8261],[78.185,8.9104],[78.22,8.9656],[78.3853,9.0943],[78.4151,9.1141],[78.6574,9.1577],[78.7289,9.2096],[79.0665,9.298],[78.982,9.3604],[78.9236,9.4264],[78.9268,9.5851],[78.9803,9.6896],[79.1135,9.8469],[79.1289,9.8949],[79.2555,10.0451],[79.2272,10.1367],[79.2669,10.229],[79.3632,10.2927],[79.4723,10.3157],[79.7103,10.2778],[79.8619,10.2831],[79.8587,10.5542],[79.851,10.7552],[79.8413,10.828],[79.7952,10.9027],[79.7769,10.9055],[79.7615,10.9128],[79.7449,10.9146],[79.7627,10.9621],[79.7481,10.9964],[79.8544,10.9833],[79.8551,11.1856],[79.813,11.424],[79.7572,11.5672],[79.7769,11.7],[79.7958,11.7855],[79.7295,11.837],[79.807,11.8335],[79.8077,11.8364],[79.77,11.8746],[79.757,11.8682],[79.7094,11.8837],[79.7491,11.9295],[79.7697,11.944],[79.8032,11.9532],[79.8389,11.9561],[79.8571,12.0068],[79.8488,12.0492],[79.8738,12.0426],[80.0043,12.2478],[80.1377,12.4106],[80.1652,12.5259],[80.2547,12.7808],[80.2495,12.8573],[80.2669,12.9753],[80.2982,13.1019],[80.301,13.143],[80.3318,13.2355],[80.3468,13.3134],[80.3261,13.4449],[80.2683,13.5645],[80.2426,13.4709],[80.1822,13.4899],[80.1456,13.4907],[80.1131,13.5054],[80.0986,13.488],[80.0786,13.4889],[80.07714467284796,13.525671266041362],[80.038,13.539],[80.0156,13.4999],[79.9724,13.469],[79.9732,13.4294],[79.9578,13.4221],[79.95741017389217,13.422543595226152]]]},"properties":{"state_name":"Tamil Nadu","state":"tamil-nadu"}},{"type":"Feature","geometry":{"type":"Polygon","coordinates":[[[81.5165,17.6003],[81.55184120777687,17.65073315211171],[81.5678,17.6817],[81.5816,17.6932],[81.5835,17.7324],[81.634,17.7737],[81.699,17.7824],[81.712,17.8103],[81.7467,17.8318],[81.7641,17.8271],[81.8114,17.8595],[81.7746,17.8864],[81.7633,17.9026],[81.7096,17.8718],[81.6619,17.8812],[81.6408,17.8402],[81.6165,17.8221],[81.52390723771296,17.81938031939878],[81.5184,17.8163],[81.49,17.8127],[81.48651401595042,17.81828198711737],[81.41838074277854,17.81628074277854],[81.4156,17.8135],[81.3918,17.8155],[81.2661,17.8095],[81.1661,17.8577],[81.0733,17.7865],[81.0436,17.7828],[81.0083,17.7981],[80.9964,17.8484],[80.9984,17.9175],[80.9877,17.9442],[80.9853208742246,17.961558806583554],[80.9493,18.0829],[80.9555,18.1291],[80.9785,18.1544],[80.92135893690272,18.14550684706715],[80.9142,18.1412],[80.8667,18.137],[80.80748629021812,18.175881841839796],[80.7991,18.1682],[80.737,18.1768],[80.7371,18.2221],[80.73340050402896,18.351872515533024],[80.7315,18.3548],[80.732,18.401],[80.699,18.4214],[80.6983,18.4377],[80.688,18.4474],[80.68706846158574,18.45269506045997],[80.6784753337257,18.46258170756672],[80.6553,18.4759],[80.5998,18.5531],[80.5345,18.5884],[80.5147,18.6194],[80.3884,18.5967],[80.3446,18.5972],[80.2717,18.7233],[80.1161,18.6811],[80.07549575806914,18.71029378231502],[80.0746,18.7105],[80.0528,18.7251],[80.05072594541095,18.72810287033982],[79.99768919679074,18.766235420543573],[79.963,18.7747],[79.9237,18.808],[79.9154,18.8254],[79.9631,18.866],[79.94603067415886,18.982137066973003],[79.9371,19.0429],[79.8691,19.0434],[79.8584,19.0961],[79.8738,19.1243],[79.9145,19.1456],[79.93228736379949,19.200138687447442],[79.9255,19.2109],[79.9364,19.2643],[79.9659,19.3032],[79.9591,19.3362],[79.96090548673601,19.342682692532424],[79.9448,19.47],[79.89180677246515,19.502794224433973],[79.8646,19.5107],[79.8312,19.5403],[79.8065,19.579],[79.7441,19.6089],[79.709,19.5847],[79.6322,19.5753],[79.5942,19.5071],[79.51566628477696,19.518294115310187],[79.4984,19.5059],[79.469,19.5098],[79.44516889623877,19.528342740847922],[79.4146,19.5327],[79.32023126893662,19.576885359247893],[79.273,19.599],[79.2385834901922,19.54685226372102],[79.2401,19.5354],[79.2039,19.4943],[79.2236,19.4693],[79.1904,19.4592],[79.1614,19.4885],[79.1054,19.5226],[79.0461,19.5485],[78.9981,19.5403],[78.9405,19.5521],[78.9529,19.6585],[78.89027548773889,19.65823714790237],[78.8874,19.6554],[78.8576,19.6581],[78.8408,19.762],[78.7946,19.7601],[78.78856271298334,19.773861463052704],[78.77185775650302,19.77765463906556],[78.7568,19.7721],[78.7401,19.7833],[78.7242,19.7679],[78.6983,19.789],[78.5955,19.8177],[78.4909,19.7928],[78.4582952267151,19.81428308001147],[78.4533,19.8131],[78.4231,19.8177],[78.3861,19.8461],[78.3838011732387,19.863366743229385],[78.35436680935322,19.88276086043158],[78.3321,19.8851],[78.3244,19.8956],[78.32846292982764,19.899828763698164],[78.3065,19.9143],[78.301,19.8407],[78.3365,19.8381],[78.3648,19.7814],[78.3432,19.7135],[78.3119,19.6912],[78.2763,19.6926],[78.3057,19.6072],[78.2937,19.5592],[78.2744,19.5542],[78.3093,19.4812],[78.3045,19.4563],[78.2543485744358,19.4381664303625],[78.2356,19.427],[78.203,19.4196],[78.1924,19.3261],[78.18,19.2456],[78.1443,19.2295],[78.12633954823758,19.242065737313638],[78.0555,19.2374],[78.0362,19.2508],[78.03750366547148,19.25550250759358],[77.9538,19.3397],[77.9517,19.3404],[77.9117,19.3164],[77.8635,19.3037],[77.8657,19.284],[77.9036,19.2781],[77.8715,19.2552],[77.8661,19.2266],[77.85642738380305,19.20714905595368],[77.8526,19.1549],[77.83438344507205,19.13410375864435],[77.8417,19.1183],[77.8505,19.0888],[77.8314,19.0863],[77.8067,19.1025],[77.8003,19.0507],[77.77659766781441,19.055935454900432],[77.7619,19.0332],[77.79492505630631,18.983052346766407],[77.8214,18.9797],[77.81621564584597,18.950723163389075],[77.81827987875694,18.947588681641243],[77.832,18.9431],[77.8582,18.9502],[77.8431,18.9099],[77.8851,18.9058],[77.89934186461137,18.875075977467606],[77.9484,18.8447],[77.9403,18.8252],[77.9066,18.8278],[77.8444,18.8073],[77.7874,18.6828],[77.7311,18.6443],[77.7458,18.6215],[77.7505,18.5894],[77.7398,18.5688],[77.7017,18.5554],[77.656,18.5311],[77.646,18.539],[77.6522,18.552],[77.63993238956166,18.555140508272213],[77.5965,18.5492],[77.5732,18.4697],[77.5856,18.4467],[77.5645,18.4372],[77.5519,18.3889],[77.53915687212194,18.381069299281034],[77.5259,18.3422],[77.5582,18.3315],[77.5715,18.3089],[77.5516,18.2921],[77.5729,18.2931],[77.6004,18.2757],[77.5719,18.2443],[77.5855,18.22],[77.57807702312138,18.20515404624278],[77.58501685509005,18.16117390629686],[77.5969,18.1558],[77.5968,18.0865],[77.554,18.0358],[77.5806,18.0314],[77.5834495831579,18.02434910834008],[77.6489,17.9989],[77.6496,17.9502],[77.62133494809689,17.931595155709342],[77.622,17.9296],[77.6191,17.9041],[77.5864,17.9086],[77.5675,17.8454],[77.515,17.8055],[77.5687,17.7491],[77.546,17.7272],[77.5219,17.7262],[77.4525,17.6947],[77.4487111572098,17.650080330119696],[77.4558,17.6325],[77.4431,17.584],[77.51936397286228,17.56148872101122],[77.5284,17.5754],[77.5375,17.5754],[77.55022443354221,17.55237945992744],[77.55156133326507,17.551984839485947],[77.5938,17.5645],[77.59644460973601,17.53873638257179],[77.64942681415852,17.52309731814291],[77.6621,17.5228],[77.6877,17.5118],[77.6887,17.4756],[77.65444020801385,17.482584089826375],[77.6145,17.4475],[77.5192,17.3621],[77.4836,17.3553],[77.4537,17.374],[77.45597419042484,17.330926833353374],[77.4587,17.2793],[77.3802,17.2225],[77.378,17.14],[77.4645,17.1068],[77.481,17.0792],[77.5024,17.0096],[77.4669,16.916],[77.456,16.8857],[77.4641,16.8506],[77.46072144727721,16.840753932065017],[77.46257177426419,16.82313964611072],[77.4633,16.8222],[77.4657,16.8059],[77.4743,16.8023],[77.4746,16.7815],[77.4673,16.7807],[77.4670207151073,16.78078771763778],[77.4739,16.7153],[77.4678,16.6098],[77.462,16.585],[77.44876156522089,16.58646442862601],[77.41799268377657,16.548750749041933],[77.4165,16.5183],[77.4022,16.5215],[77.39368493966508,16.51895654041944],[77.369,16.4887],[77.29483801694998,16.480080418573806],[77.2941,16.477],[77.2365,16.4733],[77.2621,16.4518],[77.2882,16.4088],[77.33670469139022,16.393099700045052],[77.36329228156477,16.38449366362146],[77.3787,16.3854],[77.4195,16.3663],[77.441,16.3808],[77.4897,16.385],[77.5234,16.3758],[77.53748630136985,16.35970136986302],[77.5883,16.3328],[77.5954,16.3181],[77.5451,16.2917],[77.537,16.2665],[77.5049,16.2758],[77.49978798914941,16.222919463916412],[77.4898,16.1196],[77.5069,16.0797],[77.5027,16.0592],[77.4996,16.0614],[77.49941199575372,16.06101259731069],[77.5108,15.9916],[77.5197,15.967],[77.5136,15.9271],[77.6115,15.9182],[77.6576,15.8863],[77.6846,15.8836],[77.7242,15.8962],[77.7488,15.8856],[77.8051,15.8747],[77.8598,15.8846],[77.8888,15.9061],[77.9364,15.884],[77.9757,15.8835],[78.0065,15.8631],[78.0256,15.9027],[78.0451,15.9045],[78.0469,15.8753],[78.0715,15.8507],[78.0991,15.8364],[78.1343,15.8369],[78.1356,15.855],[78.1754,15.8584],[78.19,15.8926],[78.1845,15.9102],[78.2511,15.9351],[78.2511,15.973],[78.261,16.0262],[78.2995,16.0119],[78.322,16.0175],[78.3267,16.0371],[78.3655,16.0471],[78.408,16.0752],[78.4749,16.0688],[78.5499,16.043],[78.587,16.0637],[78.61,16.0874],[78.6504,16.0728],[78.6857,16.0332],[78.7356,16.0085],[78.7919,16.0247],[78.8195,16.0486],[78.8404,16.0785],[78.8331,16.1377],[78.873,16.1436],[78.8896,16.085],[78.9214,16.1031],[78.9239,16.1377],[78.9055,16.1839],[78.9603,16.2094],[78.9858,16.2111],[79.0128,16.2409],[79.0509,16.2384],[79.0995,16.2235],[79.1217,16.2328],[79.1592,16.209],[79.1923,16.2164],[79.2227,16.2365],[79.2343,16.3349],[79.2107,16.3567],[79.2118,16.448],[79.2335,16.4599],[79.2149,16.4826],[79.2214,16.5155],[79.2452,16.5326],[79.2571,16.5661],[79.2892,16.5608],[79.3396,16.5823],[79.4184,16.58],[79.4411,16.615],[79.4849,16.6232],[79.5044,16.6365],[79.5434,16.6332],[79.5761,16.6504],[79.5973,16.6731],[79.6331,16.6606],[79.6649,16.6883],[79.6838,16.6949],[79.7242,16.6913],[79.7444,16.7192],[79.7859,16.7305],[79.8173,16.6922],[79.8511,16.7062],[79.8784,16.697],[79.8929,16.6522],[79.9076,16.6357],[79.9324,16.6316],[79.9616,16.6429],[79.9975,16.7023],[80.031,16.7153],[80.0529,16.7444],[80.0543,16.7667],[80.0729,16.8182],[80.0482,16.8329],[80.0466,16.8532],[80.0181,16.8537],[80.0023,16.8714],[80.0172,16.9173],[80.0405,16.9197],[80.0563,16.9708],[80.0914,16.9683],[80.0954,16.9904],[80.1405,16.9904],[80.1702,17.0169],[80.2021,17.0173],[80.2641,16.9976],[80.2831,17.0078],[80.293,16.9769],[80.3033,16.9542],[80.3162,16.9486],[80.3127,16.9174],[80.3218,16.8793],[80.3405,16.8597],[80.3736,16.8521],[80.3734,16.8298],[80.4044,16.8324],[80.408,16.8487],[80.465,16.8203],[80.465,16.7952],[80.5033,16.7799],[80.5701,16.7688],[80.597,16.7929],[80.576,16.8264],[80.5689,16.8697],[80.595,16.8841],[80.6022,16.9188],[80.5808,16.9373],[80.5354,16.9612],[80.5265,16.9478],[80.4971,16.9547],[80.4933,16.9272],[80.4474,16.9559],[80.365,16.9753],[80.3879,17.0093],[80.3958,17.0358],[80.3944,17.0764],[80.417,17.0739],[80.4386,17.0379],[80.4648,17.0303],[80.5055,17.0691],[80.5139,17.1223],[80.5626,17.1332],[80.58,17.1534],[80.6182,17.1286],[80.6704,17.1012],[80.6535,17.0689],[80.6951,17.0749],[80.7389,17.0796],[80.7966,17.0622],[80.8452,17.0396],[80.877,17.0702],[80.8795,17.1606],[80.9238,17.1577],[80.9189,17.2199],[80.9984,17.1906],[81.032,17.1921],[81.0549,17.2253],[81.0794,17.2154],[81.1014,17.2225],[81.1736,17.231],[81.1876,17.255],[81.1766,17.288],[81.1904,17.3251],[81.274,17.3175],[81.3052,17.3462],[81.3342,17.3986],[81.3797,17.3635],[81.424,17.3676],[81.487,17.4352],[81.5031,17.4639],[81.4983,17.4815],[81.5246,17.5048],[81.5105,17.5194],[81.5123,17.545],[81.5367,17.5846],[81.5165,17.6003]]]},"properties":{"state_name":"Telangana","state":"telangana"}},{"type":"Feature","geometry":{"type":"Polygon","coordinates":[[[92.2996,24.2525],[92.2387,24.3122],[92.2565,24.4189],[92.2303,24.5024],[92.1601,24.4546],[92.1638,24.4221],[92.0915,24.3751],[91.9933,24.3287],[91.9401,24.2839],[91.9101,24.1411],[91.8408,24.2224],[91.7467,24.2455],[91.7584,24.142],[91.6465,24.1748],[91.6324,24.1016],[91.5849,24.0771],[91.4772,24.0986],[91.3745,24.108],[91.3864,24.0201],[91.2999,23.976],[91.245,23.9077],[91.2496,23.8358],[91.2316,23.7984],[91.2305,23.7728],[91.1666,23.7492],[91.2019,23.6626],[91.1625,23.5953],[91.2467,23.4897],[91.2711,23.4215],[91.3122,23.2741],[91.3508,23.1012],[91.4086,23.2826],[91.4504,23.2627],[91.5356,23.058],[91.5552,22.9825],[91.6185,22.9449],[91.771,23.0418],[91.8159,23.1039],[91.7855,23.3073],[91.8636,23.4083],[91.9756,23.4829],[91.9359,23.6819],[91.9769,23.7333],[92.0741,23.6462],[92.1681,23.7385],[92.2664,23.7241],[92.2603,23.8131],[92.3311,23.9207],[92.3167,24.0719],[92.3319,24.1827],[92.2996,24.2525]]]},"properties":{"state_name":"Tripura","state":"tripura"}},{"type":"Feature","geometry":{"type":"Polygon","coordinates":[[[83.8638,27.3468],[83.7352,27.4141],[83.6149,27.4691],[83.388,27.4793],[83.4094,27.4125],[83.3375,27.3338],[83.2928,27.3361],[83.1882,27.4539],[83.1042,27.4542],[82.9668,27.4643],[82.9298,27.5013],[82.7362,27.5027],[82.7542,27.5854],[82.6993,27.7221],[82.447,27.6814],[82.2052,27.8444],[82.0696,27.9235],[81.968,27.9289],[81.8851,27.8562],[81.7482,27.9484],[81.5315,28.0562],[81.4274,28.1712],[81.3187,28.202],[81.2387,28.2811],[81.214,28.3576],[81.0565,28.404],[80.701,28.5755],[80.6587,28.6377],[80.507,28.6659],[80.4606,28.6244],[80.3279,28.6723],[80.2691,28.7436],[80.0651,28.8362],[80.0066,28.7411],[79.863,28.8404],[79.8105,28.7988],[79.822,28.8863],[79.6835,28.85],[79.5841,28.8463],[79.554,28.8942],[79.4223,28.9012],[79.416,28.943],[79.2524,28.9992],[79.2485,29.0052],[79.1657,29.0201],[79.1039,29.1328],[78.9325,29.1268],[78.8835,29.2115],[78.7712,29.2645],[78.7664,29.3375],[78.8561,29.3499],[78.921,29.4342],[78.7051,29.5013],[78.5811,29.5852],[78.496,29.7346],[78.3435,29.7915],[78.2424,29.6984],[78.1314,29.6447],[78.1125,29.6419],[77.9983,29.5413],[77.9741,29.5782],[77.9481,29.7107],[77.8202,29.6735],[77.7536,29.8269],[77.7183,29.8649],[77.7791,30.0176],[77.7753,30.0369],[77.9427,30.2397],[77.7217,30.3305],[77.6477,30.4046],[77.5773,30.3977],[77.5872,30.3788],[77.5844,30.3095],[77.459,30.1659],[77.4269,30.1594],[77.3711,30.0852],[77.2849,30.0425],[77.226,29.9391],[77.1844,29.8501],[77.1273,29.7709],[77.1417,29.6923],[77.1357,29.6661],[77.0954,29.594],[77.1311,29.4862],[77.1524,29.2975],[77.1434,29.1672],[77.1361,29.1478],[77.1521,29.0797],[77.1993,28.9352],[77.2089,28.8585],[77.2226,28.8334],[77.2139,28.7855],[77.2865,28.7246],[77.2866,28.7138],[77.3322,28.6858],[77.3204,28.6583],[77.334,28.6282],[77.3004,28.5631],[77.3433,28.5105],[77.4111,28.4529],[77.4775,28.4188],[77.4723,28.3294],[77.5044,28.2525],[77.535,28.2075],[77.4748,28.0852],[77.5206,28.014],[77.5262,27.9273],[77.4717,27.8836],[77.3353,27.848],[77.2834,27.8019],[77.3528,27.6507],[77.3178,27.6059],[77.3549,27.5923],[77.3389,27.5499],[77.6028,27.2922],[77.6461,27.2424],[77.6186,27.1725],[77.5644,27.0333],[77.7628,27.0032],[77.4603,26.8855],[77.4549,26.742],[77.5006,26.8163],[77.675,26.8577],[77.7595,26.9327],[77.8788,26.9007],[77.8923,26.8877],[78.1014,26.9175],[78.1251,26.9493],[78.2643,26.9274],[78.223,26.8307],[78.3626,26.8692],[78.3989,26.8185],[78.5455,26.7636],[78.7797,26.7587],[79.004,26.6287],[79.0105,26.5544],[79.135,26.4399],[79.0982,26.4124],[79.1155,26.3205],[78.9583,26.1279],[78.9363,25.9523],[78.8832,25.9089],[78.8574,25.7916],[78.763,25.7204],[78.819,25.6449],[78.6578,25.5596],[78.5316,25.571],[78.449,25.5641],[78.4308,25.4736],[78.3199,25.3836],[78.3117,25.3031],[78.3722,25.2595],[78.4468,25.1218],[78.3385,25.0858],[78.3326,24.9942],[78.1732,24.8787],[78.1751,24.8456],[78.2765,24.6633],[78.2259,24.5301],[78.2652,24.4521],[78.3204,24.4099],[78.3291,24.3273],[78.3878,24.2688],[78.5007,24.3894],[78.5959,24.3353],[78.7026,24.2269],[78.7898,24.1771],[78.9166,24.2689],[78.9917,24.4177],[78.9858,24.4413],[78.9142,24.4595],[78.9528,24.5468],[78.8831,24.6411],[78.7519,24.6001],[78.7811,24.7073],[78.774,24.8511],[78.715,24.8795],[78.6365,24.9592],[78.6526,25.0502],[78.6024,25.0944],[78.5802,25.1912],[78.5563,25.2106],[78.5312,25.3001],[78.5652,25.3855],[78.662,25.4409],[78.7141,25.3725],[78.7965,25.483],[78.8665,25.4658],[78.904,25.5515],[78.9441,25.4827],[78.8195,25.3068],[78.8265,25.255],[78.863,25.3144],[78.961,25.345],[78.8706,25.1869],[78.8841,25.1587],[78.9707,25.2163],[79.1732,25.1077],[79.3233,25.1498],[79.2837,25.1928],[79.2789,25.324],[79.3522,25.3299],[79.4462,25.2442],[79.3929,25.1168],[79.5252,25.0974],[79.6065,25.1502],[79.7493,25.1394],[79.8418,25.0955],[79.853,25.2248],[79.9742,25.2647],[80.0336,25.3423],[80.1045,25.3496],[80.2944,25.4106],[80.3111,25.2862],[80.3742,25.2439],[80.4306,25.1732],[80.3548,25.1385],[80.3555,25.0556],[80.2735,25.0261],[80.3346,25.0003],[80.4523,25.0748],[80.4774,24.9763],[80.5308,25.0014],[80.5924,25.1033],[80.7189,25.0638],[80.735,25.1395],[80.9076,25.1591],[80.8099,24.9526],[80.861,24.9288],[81.0845,24.9499],[81.1229,24.8993],[81.2153,24.9329],[81.2211,24.9976],[81.2896,25.1687],[81.3575,25.17],[81.4287,25.1047],[81.5402,25.1859],[81.7076,25.0351],[81.7424,25.0388],[81.8911,24.9958],[81.9031,24.8919],[81.9529,24.8414],[82.1067,24.8043],[82.2095,24.7714],[82.3034,24.6539],[82.2989,24.6051],[82.4161,24.5912],[82.429,24.7026],[82.5234,24.6761],[82.6711,24.697],[82.7739,24.6417],[82.806,24.5633],[82.7434,24.4964],[82.713,24.3803],[82.7713,24.3283],[82.735,24.2187],[82.741,24.1912],[82.7116,24.0896],[82.8116,23.9611],[82.952,23.8708],[83.1416,23.885],[83.2004,23.9155],[83.2236,23.9865],[83.3298,24.1014],[83.4081,24.2623],[83.3798,24.3115],[83.4496,24.377],[83.385,24.4548],[83.4028,24.5037],[83.5035,24.5255],[83.5222,24.5475],[83.5204,24.6773],[83.3935,24.7823],[83.3548,24.9045],[83.3556,25.1964],[83.4022,25.2125],[83.5397,25.3157],[83.6283,25.3286],[83.7173,25.3974],[83.7827,25.3975],[83.8762,25.5178],[83.93,25.5575],[83.9519,25.5675],[84.0834,25.6447],[84.1051,25.7211],[84.2222,25.6628],[84.3244,25.6712],[84.3736,25.7442],[84.3845,25.7329],[84.5166,25.6771],[84.6005,25.7384],[84.608,25.805],[84.4897,25.8882],[84.4545,25.8878],[84.3541,25.9588],[84.2073,25.9991],[84.1825,25.9949],[84.0562,26.1],[84.0133,26.2301],[84.098,26.2333],[84.1766,26.2646],[84.1765,26.3713],[84.1756,26.373],[83.9906,26.4326],[83.9314,26.5208],[84.0559,26.5481],[84.0886,26.6161],[84.1567,26.6284],[84.2847,26.5996],[84.4154,26.6348],[84.3303,26.684],[84.3078,26.748],[84.2546,26.856],[84.1619,26.8354],[84.0524,26.9064],[84.0493,27.0439],[84,27.0695],[83.9477,27.1125],[83.9874,27.197],[83.9068,27.2756],[83.8638,27.3468]]]},"properties":{"state_name":"Uttar Pradesh","state":"uttar-pradesh"}},{"type":"Feature","geometry":{"type":"Polygon","coordinates":[[[77.5773,30.3977],[77.6477,30.4046],[77.7217,30.3305],[77.9427,30.2397],[77.7753,30.0369],[77.7791,30.0176],[77.7183,29.8649],[77.7536,29.8269],[77.8202,29.6735],[77.9481,29.7107],[77.9741,29.5782],[77.9983,29.5413],[78.1125,29.6419],[78.1314,29.6447],[78.2424,29.6984],[78.3435,29.7915],[78.496,29.7346],[78.5811,29.5852],[78.7051,29.5013],[78.921,29.4342],[78.8561,29.3499],[78.7664,29.3375],[78.7712,29.2645],[78.8835,29.2115],[78.9325,29.1268],[79.1039,29.1328],[79.1657,29.0201],[79.2485,29.0052],[79.2524,28.9992],[79.416,28.943],[79.4223,28.9012],[79.554,28.8942],[79.5841,28.8463],[79.6835,28.85],[79.822,28.8863],[79.8105,28.7988],[79.863,28.8404],[80.0066,28.7411],[80.0651,28.8362],[80.0744,28.9347],[80.1196,28.9854],[80.1507,29.1047],[80.2725,29.1451],[80.2631,29.2106],[80.3179,29.304],[80.245,29.4426],[80.3481,29.5427],[80.423,29.6356],[80.3685,29.7318],[80.4948,29.7962],[80.5709,29.9231],[80.7426,30.0021],[80.8731,30.1305],[80.8662,30.1719],[81.0412,30.1985],[81.0067,30.2649],[80.824,30.3143],[80.7503,30.3925],[80.5972,30.4816],[80.5027,30.4834],[80.3203,30.5611],[80.2241,30.5766],[80.2507,30.732],[80.181,30.8015],[80.1,30.7862],[80.0576,30.8384],[79.8883,30.9248],[79.8657,30.9747],[79.7559,31.0012],[79.6008,30.9375],[79.515,31.0336],[79.4061,31.0743],[79.3389,31.1244],[79.2631,31.2892],[79.1432,31.4335],[79.0712,31.4671],[78.9208,31.2539],[79.0104,31.1108],[78.8906,31.097],[78.8044,31.1984],[78.6477,31.2141],[78.4844,31.1991],[78.3701,31.2863],[78.3111,31.283],[78.2459,31.23],[78.1042,31.1856],[77.8992,31.1505],[77.7716,30.9703],[77.8042,30.9219],[77.7986,30.8699],[77.7038,30.7651],[77.7904,30.6341],[77.7429,30.6012],[77.8178,30.5067],[77.6411,30.4318],[77.5773,30.3977]]]},"properties":{"state_name":"Uttarakhand","state":"uttarakhand"}},{"type":"Feature","geometry":{"type":"Polygon","coordinates":[[[87.7733,25.2215],[87.7949,25.0879],[87.896,25.0109],[87.9234,25.0002],[87.9479,24.9041],[87.9469,24.9031],[87.8969,24.8568],[87.8355,24.7476],[87.9077,24.7215],[87.9117,24.6555],[87.911,24.6044],[87.8908,24.5653],[87.7719,24.5837],[87.7717,24.5826],[87.8152,24.5017],[87.8011,24.3839],[87.6852,24.2467],[87.6394,24.2547],[87.6949,24.1865],[87.6943,24.1504],[87.5816,24.1545],[87.5719,24.0892],[87.4976,24.0627],[87.5095,24.0485],[87.5119,24.0382],[87.4601,23.9851],[87.2568,24.0404],[87.233,24.024],[87.2909,23.8943],[87.0866,23.8089],[86.9126,23.8817],[86.9122,23.8819],[86.8004,23.8339],[86.8003,23.8335],[86.8213,23.7829],[86.805,23.6966],[86.6972,23.6937],[86.6144,23.6751],[86.613,23.6753],[86.5967,23.6731],[86.5962,23.6729],[86.4769,23.6342],[86.4756,23.6335],[86.4476,23.6194],[86.447,23.6189],[86.3675,23.5405],[86.3574,23.4619],[86.3024,23.413],[86.2336,23.4624],[86.229,23.4444],[86.1545,23.4771],[86.1529,23.4793],[86.1439,23.5636],[86.0466,23.5857],[86.0242,23.4866],[85.9518,23.4708],[85.9488,23.4708],[85.8868,23.4848],[85.8631,23.4316],[85.8677,23.3297],[85.8198,23.2682],[85.8939,23.1558],[86.0375,23.1472],[86.0755,23.0943],[86.0898,23.0894],[86.1174,23.0855],[86.1674,23.029],[86.2242,22.9937],[86.2381,22.9962],[86.5012,22.9948],[86.4354,22.9252],[86.4165,22.7893],[86.4472,22.764],[86.5584,22.7109],[86.6334,22.6122],[86.6527,22.5927],[86.7657,22.5755],[86.8874,22.2976],[86.8578,22.2592],[86.8241,22.2667],[86.7818,22.237],[86.7248,22.2184],[86.7196,22.1474],[86.8159,22.1173],[86.8177,22.1166],[86.9657,22.0851],[87.0265,22.0369],[86.9999,21.9137],[87.0979,21.8666],[87.1053,21.9231],[87.2257,21.9579],[87.2518,21.8782],[87.2521,21.8777],[87.3194,21.7908],[87.3228,21.791],[87.4403,21.77],[87.4541,21.74],[87.4837,21.613],[87.7308,21.6819],[87.8142,21.718],[87.9079,21.801],[87.9977,21.8171],[87.902,21.6869],[87.9918,21.513],[88.2288,21.4837],[88.3338,21.543],[88.434,21.5469],[88.5287,21.5276],[88.6345,21.5503],[88.8699,21.5323],[89.1357,21.5863],[89.145,21.6489],[89.0277,21.788],[89.0275,21.924],[89.0751,22.0142],[89.0383,22.0985],[89.0692,22.1815],[88.9847,22.327],[88.9959,22.4692],[88.9449,22.5575],[88.9282,22.7186],[88.9686,22.8446],[88.8984,22.8983],[88.8751,23.0218],[88.8693,23.0988],[88.9178,23.1292],[88.9069,23.2361],[88.7517,23.2404],[88.7372,23.3457],[88.7822,23.4414],[88.697,23.5165],[88.6452,23.6096],[88.5588,23.6514],[88.5911,23.8536],[88.7334,23.9111],[88.7421,24.0335],[88.7,24.0946],[88.7408,24.2541],[88.6964,24.3154],[88.5591,24.305],[88.5332,24.3331],[88.3901,24.3721],[88.2211,24.4561],[88.0913,24.5643],[88.0374,24.6457],[88.0097,24.6692],[88.1116,24.8137],[88.1659,24.8635],[88.1648,24.9439],[88.2008,24.9571],[88.3027,24.8719],[88.3867,24.9392],[88.452,25.0357],[88.4389,25.2079],[88.6149,25.2036],[88.7588,25.1863],[88.9322,25.1809],[88.9284,25.3097],[88.8806,25.3294],[88.8237,25.4011],[88.8075,25.5132],[88.5738,25.5089],[88.4454,25.5968],[88.318,25.7429],[88.2595,25.8138],[88.1566,25.779],[88.102,25.8303],[88.0901,25.9241],[88.1785,26.0216],[88.174,26.1287],[88.197,26.1636],[88.3513,26.2221],[88.3497,26.2822],[88.4962,26.4373],[88.3353,26.497],[88.4092,26.6352],[88.4368,26.5445],[88.5264,26.4817],[88.6116,26.4711],[88.6942,26.346],[88.7569,26.3103],[89.0276,26.2832],[88.9513,26.4351],[89.0518,26.3987],[89.1328,26.2988],[89.1553,26.1387],[89.2595,26.0932],[89.3644,26.0082],[89.4076,26.0416],[89.5025,26.0028],[89.6486,26.0684],[89.5982,26.154],[89.6345,26.2267],[89.6807,26.231],[89.6816,26.1636],[89.709,26.1737],[89.7173,26.191],[89.704,26.2183],[89.7273,26.2424],[89.7544,26.2889],[89.7599,26.3169],[89.7816,26.3287],[89.7829,26.3513],[89.813,26.357],[89.8556,26.39],[89.856,26.4156],[89.871,26.4664],[89.8579,26.5055],[89.8595,26.7041],[89.671,26.739],[89.6177,26.728],[89.6508,26.7764],[89.4389,26.8405],[89.328,26.8437],[89.1346,26.8077],[89.1015,26.8425],[89.096,26.8915],[88.8724,26.9642],[88.8692,27.1113],[88.746,27.1428],[88.7132,27.1621],[88.6619,27.161],[88.5539,27.184],[88.5338,27.1757],[88.5334,27.1749],[88.4358,27.0807],[88.3238,27.1104],[88.3155,27.1263],[88.2792,27.1322],[88.1806,27.1329],[88.0965,27.1331],[88.0767,27.1946],[88.0143,27.212],[87.9901,27.1089],[88.0775,27.0361],[88.1444,26.9217],[88.1774,26.8043],[88.1636,26.6599],[88.1034,26.5398],[88.2252,26.4537],[88.2257,26.4536],[88.2437,26.4539],[88.2925,26.3516],[88.2107,26.2778],[88.1445,26.2523],[88.1407,26.228],[88.1148,26.2241],[88.0763,26.1783],[87.975,26.1434],[87.9836,26.0792],[87.9143,26.0761],[87.8206,25.9333],[87.8196,25.9337],[87.8223,25.8808],[87.8923,25.8652],[87.9072,25.7733],[88.0465,25.6993],[88.055,25.637],[88.0353,25.548],[88.0733,25.4838],[87.9478,25.5395],[87.9468,25.5393],[87.9094,25.5205],[87.9033,25.5054],[87.8697,25.4968],[87.7638,25.4072],[87.8593,25.2718],[87.8396,25.2018],[87.7733,25.2215]]]},"properties":{"state_name":"West Bengal","state":"west-bengal"}}]}