{"type":"FeatureCollection","features":[{"type":"Feature","geometry":{"type":"Polygon","coordinates":[[[89.0506,26.5263],[88.9692,26.5444],[88.9465,26.4759],[88.852,26.3901],[88.7569,26.3103],[89.0276,26.2832],[88.9513,26.4351],[89.0518,26.3987],[89.0635,26.4942],[89.0506,26.5263]]]},"properties":{"AC_NO":1,"AC_NAME":"MEKLIGANJ (SC)","PC_NO":3,"PC_NAME":"JALPAIGURI (SC)","district":"KOCH BIH>R"}},{"type":"Feature","geometry":{"type":"Polygon","coordinates":[[[89.1244,26.522],[89.0506,26.5263],[89.0635,26.4942],[89.1809,26.4001],[89.2089,26.2881],[89.2769,26.278],[89.3313,26.3254],[89.2872,26.4873],[89.1244,26.522]]]},"properties":{"AC_NO":2,"AC_NAME":"MATHABHANGA (SC)","PC_NO":1,"PC_NAME":"COOCHBEHAR (SC)","district":"KOCH BIH>R"}},{"type":"Feature","geometry":{"type":"Polygon","coordinates":[[[89.5581,26.4101],[89.5374,26.4709],[89.3307,26.4928],[89.2872,26.4873],[89.3313,26.3254],[89.4627,26.3256],[89.5424,26.3362],[89.5581,26.4101]]]},"properties":{"AC_NO":3,"AC_NAME":"COOCHBEHAR UTTAR (SC)","PC_NO":1,"PC_NAME":"COOCHBEHAR (SC)","district":"KOCH BIH>R"}},{"type":"Feature","geometry":{"type":"Polygon","coordinates":[[[89.4627,26.3256],[89.3313,26.3254],[89.2769,26.278],[89.3081,26.184],[89.4649,26.2274],[89.4627,26.3256]]]},"properties":{"AC_NO":4,"AC_NAME":"COOCHBEHAR DAKSHIN","PC_NO":1,"PC_NAME":"COOCHBEHAR (SC)","district":"KOCH BIH>R"}},{"type":"Feature","geometry":{"type":"Polygon","coordinates":[[[89.2769,26.278],[89.2089,26.2881],[89.1809,26.4001],[89.0635,26.4942],[89.0518,26.3987],[89.1328,26.2988],[89.1553,26.1387],[89.2595,26.0932],[89.3081,26.184],[89.2769,26.278]]]},"properties":{"AC_NO":5,"AC_NAME":"SITALKUCHI (SC)","PC_NO":1,"PC_NAME":"COOCHBEHAR (SC)","district":"KOCH BIH>R"}},{"type":"Feature","geometry":{"type":"Polygon","coordinates":[[[89.4969,26.2144],[89.4649,26.2274],[89.3081,26.184],[89.2595,26.0932],[89.3644,26.0082],[89.4076,26.0416],[89.5025,26.0028],[89.4969,26.2144]]]},"properties":{"AC_NO":6,"AC_NAME":"SITAI (SC)","PC_NO":1,"PC_NAME":"COOCHBEHAR (SC)","district":"KOCH BIH>R"}},{"type":"Feature","geometry":{"type":"Polygon","coordinates":[[[89.5025,26.0028],[89.6486,26.0684],[89.5982,26.154],[89.6345,26.2267],[89.4969,26.2144],[89.5025,26.0028]]]},"properties":{"AC_NO":7,"AC_NAME":"DINHATA","PC_NO":1,"PC_NAME":"COOCHBEHAR (SC)","district":"KOCH BIH>R"}},{"type":"Feature","geometry":{"type":"Polygon","coordinates":[[[89.6037,26.4079],[89.5581,26.4101],[89.5424,26.3362],[89.4627,26.3256],[89.4649,26.2274],[89.4969,26.2144],[89.6345,26.2267],[89.6807,26.231],[89.672,26.2417],[89.6107,26.3819],[89.6189,26.3954],[89.6037,26.4079]]]},"properties":{"AC_NO":8,"AC_NAME":"NATABARI","PC_NO":1,"PC_NAME":"COOCHBEHAR (SC)","district":"KOCH BIH>R"}},{"type":"Feature","geometry":{"type":"Polygon","coordinates":[[[89.8357,26.4121],[89.7487,26.4634],[89.6189,26.3954],[89.6107,26.3819],[89.672,26.2417],[89.6807,26.231],[89.6816,26.1636],[89.7225,26.1675],[89.7281,26.1732],[89.7287,26.1739],[89.7297,26.1743],[89.7304,26.1742],[89.7353,26.1736],[89.7333,26.1771],[89.7285,26.1778],[89.709,26.1737],[89.7048,26.1774],[89.7034,26.1817],[89.7025,26.1845],[89.7019,26.1856],[89.6988,26.1908],[89.7155,26.1897],[89.7173,26.191],[89.7148,26.2049],[89.718,26.2063],[89.7211,26.2064],[89.7231,26.2065],[89.7237,26.2063],[89.7246,26.206],[89.7256,26.2059],[89.7272,26.2064],[89.7276,26.2065],[89.7324,26.2104],[89.732,26.2158],[89.7292,26.2168],[89.729,26.2169],[89.7227,26.2167],[89.7036,26.214],[89.7005,26.2185],[89.704,26.2183],[89.7136,26.2272],[89.7195,26.2317],[89.7208,26.2322],[89.7227,26.2327],[89.7273,26.2424],[89.716,26.2581],[89.7044,26.2566],[89.7035,26.2572],[89.7031,26.2574],[89.7114,26.2708],[89.7117,26.2708],[89.7148,26.2699],[89.7149,26.2599],[89.7172,26.2591],[89.7197,26.2577],[89.7209,26.2575],[89.7211,26.2575],[89.7245,26.2577],[89.7249,26.2577],[89.7267,26.258],[89.7281,26.2582],[89.7356,26.2614],[89.7356,26.2617],[89.7386,26.2712],[89.7382,26.272],[89.7179,26.2958],[89.7238,26.3092],[89.7297,26.2936],[89.7342,26.2928],[89.7357,26.2926],[89.7376,26.2927],[89.7379,26.2928],[89.7404,26.294],[89.7412,26.2943],[89.7424,26.2947],[89.7475,26.2918],[89.7487,26.2911],[89.749,26.2909],[89.7497,26.2905],[89.7507,26.2902],[89.7526,26.2894],[89.7528,26.2894],[89.7543,26.289],[89.7544,26.2889],[89.7567,26.2888],[89.7568,26.2885],[89.7579,26.2882],[89.7578,26.2893],[89.7583,26.2895],[89.7592,26.2898],[89.7596,26.29],[89.7599,26.2906],[89.7602,26.2913],[89.7605,26.2923],[89.7606,26.2925],[89.7598,26.2937],[89.7576,26.2981],[89.7541,26.3021],[89.7538,26.3029],[89.7538,26.3036],[89.7527,26.3081],[89.7524,26.3094],[89.7522,26.3118],[89.7521,26.3122],[89.7517,26.3145],[89.7516,26.3157],[89.7511,26.3211],[89.7537,26.3229],[89.7557,26.3229],[89.758,26.3196],[89.7582,26.319],[89.7583,26.3189],[89.7599,26.3169],[89.7603,26.3168],[89.7622,26.3162],[89.7626,26.3163],[89.7675,26.3197],[89.7688,26.3218],[89.7701,26.3249],[89.7727,26.3254],[89.7762,26.3262],[89.7779,26.3267],[89.7792,26.3272],[89.7816,26.3287],[89.7824,26.3295],[89.7832,26.3309],[89.7834,26.3322],[89.7834,26.3337],[89.7833,26.3351],[89.7814,26.3418],[89.7824,26.3492],[89.7829,26.3513],[89.7832,26.3517],[89.785,26.3534],[89.7911,26.3578],[89.7922,26.3584],[89.7929,26.3587],[89.794,26.3591],[89.795,26.3594],[89.7995,26.3607],[89.8031,26.362],[89.8056,26.3635],[89.8074,26.3649],[89.8082,26.3655],[89.8098,26.3675],[89.8105,26.3685],[89.8138,26.3711],[89.8156,26.3715],[89.8162,26.3714],[89.8172,26.3711],[89.8197,26.3709],[89.8198,26.3709],[89.8213,26.372],[89.8218,26.3721],[89.8218,26.3716],[89.8212,26.3684],[89.8208,26.3679],[89.8185,26.3657],[89.8183,26.3656],[89.8174,26.3651],[89.8153,26.3641],[89.8145,26.3628],[89.813,26.3602],[89.8128,26.3588],[89.8128,26.3582],[89.813,26.357],[89.8138,26.356],[89.8147,26.3546],[89.815,26.354],[89.8155,26.3531],[89.8161,26.3529],[89.8177,26.3527],[89.8189,26.3523],[89.8202,26.3516],[89.8205,26.3516],[89.8217,26.3515],[89.8246,26.3535],[89.8249,26.3539],[89.8253,26.356],[89.8237,26.3576],[89.8218,26.3608],[89.8221,26.3632],[89.8231,26.3644],[89.8237,26.3647],[89.8241,26.3649],[89.8263,26.3661],[89.8276,26.3665],[89.8277,26.3666],[89.8285,26.3718],[89.8284,26.372],[89.8273,26.3738],[89.8271,26.3744],[89.8275,26.3753],[89.8272,26.3758],[89.8258,26.3775],[89.8261,26.3781],[89.8266,26.3787],[89.8269,26.3791],[89.8278,26.3809],[89.8286,26.3816],[89.8329,26.3841],[89.8347,26.384],[89.8349,26.384],[89.8356,26.3837],[89.8365,26.382],[89.8367,26.3814],[89.8371,26.3811],[89.8375,26.3808],[89.8386,26.3794],[89.8388,26.3791],[89.841,26.3783],[89.8423,26.378],[89.8435,26.3781],[89.8442,26.3786],[89.8446,26.3822],[89.8448,26.3828],[89.8503,26.3854],[89.8517,26.3853],[89.8544,26.3824],[89.8578,26.3833],[89.8583,26.3837],[89.8585,26.384],[89.8576,26.3858],[89.8568,26.3871],[89.8556,26.39],[89.8556,26.3918],[89.8566,26.3948],[89.8572,26.3956],[89.856,26.3974],[89.8555,26.3976],[89.8544,26.3978],[89.8535,26.3999],[89.8533,26.4002],[89.8523,26.4006],[89.8515,26.4016],[89.8511,26.4023],[89.8503,26.4033],[89.8501,26.4034],[89.8499,26.4035],[89.849,26.4039],[89.8477,26.4041],[89.8473,26.4012],[89.847,26.3993],[89.8469,26.3991],[89.8459,26.397],[89.8431,26.3939],[89.8387,26.3914],[89.8326,26.3917],[89.8311,26.3928],[89.8301,26.394],[89.83,26.3948],[89.83,26.396],[89.8298,26.3971],[89.8299,26.3974],[89.8304,26.3984],[89.8313,26.3995],[89.8324,26.4007],[89.832,26.4022],[89.8324,26.4035],[89.8328,26.4053],[89.8329,26.4078],[89.8329,26.4085],[89.8329,26.4086],[89.8345,26.4111],[89.8353,26.4121],[89.8357,26.4121]]]},"properties":{"AC_NO":9,"AC_NAME":"TUFANGANJ","PC_NO":2,"PC_NAME":"ALIPURDUARS (ST)","district":"KOCH BIH>R"}},{"type":"Feature","geometry":{"type":"Polygon","coordinates":[[[89.8595,26.7041],[89.671,26.739],[89.6177,26.728],[89.6654,26.6649],[89.659,26.5852],[89.6338,26.5356],[89.639,26.5077],[89.659,26.5043],[89.6522,26.4993],[89.6037,26.4079],[89.6189,26.3954],[89.7487,26.4634],[89.8357,26.4121],[89.8408,26.4117],[89.8449,26.4116],[89.846,26.4118],[89.849,26.4127],[89.8494,26.4128],[89.8507,26.4128],[89.8529,26.4126],[89.8535,26.4124],[89.8544,26.412],[89.8573,26.412],[89.8573,26.4129],[89.856,26.4156],[89.8553,26.4161],[89.8551,26.4161],[89.8547,26.4163],[89.8542,26.4166],[89.8527,26.4179],[89.8497,26.4205],[89.8496,26.4229],[89.8507,26.4228],[89.8514,26.4227],[89.853,26.4235],[89.8532,26.4235],[89.855,26.4243],[89.8558,26.425],[89.856,26.432],[89.857,26.4337],[89.8589,26.4364],[89.8588,26.4368],[89.8582,26.4384],[89.8582,26.4388],[89.8583,26.4391],[89.8592,26.4407],[89.8594,26.4409],[89.8604,26.4417],[89.8606,26.4419],[89.8612,26.4426],[89.8638,26.4457],[89.864,26.4467],[89.866,26.4474],[89.8668,26.448],[89.869,26.4495],[89.8711,26.4509],[89.8717,26.4513],[89.8718,26.4526],[89.8705,26.4558],[89.8702,26.4568],[89.8719,26.4609],[89.8724,26.462],[89.871,26.4664],[89.8697,26.4676],[89.8676,26.4684],[89.8659,26.4682],[89.8657,26.4684],[89.8645,26.4709],[89.8643,26.4732],[89.8643,26.4736],[89.864,26.4741],[89.8631,26.476],[89.8616,26.4822],[89.8622,26.4832],[89.8583,26.4846],[89.8566,26.4852],[89.8559,26.4855],[89.8551,26.4866],[89.8544,26.4877],[89.8543,26.4881],[89.854,26.4891],[89.854,26.4923],[89.8558,26.4948],[89.8562,26.4954],[89.8576,26.5004],[89.8579,26.5055],[89.8595,26.7041]]]},"properties":{"AC_NO":10,"AC_NAME":"KUMARGRAM (ST)","PC_NO":2,"PC_NAME":"ALIPURDUARS (ST)","district":">L|PUR DU>R"}},{"type":"Feature","geometry":{"type":"Polygon","coordinates":[[[89.6177,26.728],[89.6508,26.7764],[89.4389,26.8405],[89.328,26.8437],[89.2872,26.6489],[89.2926,26.6406],[89.4125,26.6323],[89.447,26.5551],[89.639,26.5077],[89.6338,26.5356],[89.659,26.5852],[89.6654,26.6649],[89.6177,26.728]]]},"properties":{"AC_NO":11,"AC_NAME":"KALCHINI (ST)","PC_NO":2,"PC_NAME":"ALIPURDUARS (ST)","district":">L|PUR DU>R"}},{"type":"Feature","geometry":{"type":"Polygon","coordinates":[[[89.639,26.5077],[89.447,26.5551],[89.4125,26.6323],[89.2926,26.6406],[89.3307,26.4928],[89.5374,26.4709],[89.5581,26.4101],[89.6037,26.4079],[89.6522,26.4993],[89.659,26.5043],[89.639,26.5077]]]},"properties":{"AC_NO":12,"AC_NAME":"ALIPURDUARS","PC_NO":2,"PC_NAME":"ALIPURDUARS (ST)","district":">L|PUR DU>R"}},{"type":"Feature","geometry":{"type":"Polygon","coordinates":[[[89.2872,26.6489],[89.1157,26.6664],[89.0734,26.7048],[89.046,26.636],[89.1244,26.522],[89.2872,26.4873],[89.3307,26.4928],[89.2926,26.6406],[89.2872,26.6489]]]},"properties":{"AC_NO":13,"AC_NAME":"FALAKATA (SC)","PC_NO":2,"PC_NAME":"ALIPURDUARS (ST)","district":">L|PUR DU>R"}},{"type":"Feature","geometry":{"type":"Polygon","coordinates":[[[89.328,26.8437],[89.1346,26.8077],[89.1015,26.8425],[89.0927,26.8045],[89.0734,26.7048],[89.1157,26.6664],[89.2872,26.6489],[89.328,26.8437]]]},"properties":{"AC_NO":14,"AC_NAME":"MADARIHAT (ST)","PC_NO":2,"PC_NAME":"ALIPURDUARS (ST)","district":">L|PUR DU>R"}},{"type":"Feature","geometry":{"type":"Polygon","coordinates":[[[89.0927,26.8045],[88.9826,26.8119],[88.8791,26.7105],[88.8891,26.6157],[88.9692,26.5444],[89.0506,26.5263],[89.1244,26.522],[89.046,26.636],[89.0734,26.7048],[89.0927,26.8045]]]},"properties":{"AC_NO":15,"AC_NAME":"DHUPGURI (SC)","PC_NO":3,"PC_NAME":"JALPAIGURI (SC)","district":"JALP>IGURI"}},{"type":"Feature","geometry":{"type":"Polygon","coordinates":[[[88.8791,26.7105],[88.786,26.702],[88.7474,26.5973],[88.7488,26.5075],[88.852,26.3901],[88.9465,26.4759],[88.9692,26.5444],[88.8891,26.6157],[88.8791,26.7105]]]},"properties":{"AC_NO":16,"AC_NAME":"MAYNAGURI (SC)","PC_NO":3,"PC_NAME":"JALPAIGURI (SC)","district":"JALP>IGURI"}},{"type":"Feature","geometry":{"type":"Polygon","coordinates":[[[88.7474,26.5973],[88.7391,26.6074],[88.6116,26.4711],[88.6942,26.346],[88.7569,26.3103],[88.852,26.3901],[88.7488,26.5075],[88.7474,26.5973]]]},"properties":{"AC_NO":17,"AC_NAME":"JALPAIGURI (SC)","PC_NO":3,"PC_NAME":"JALPAIGURI (SC)","district":"JALP>IGURI"}},{"type":"Feature","geometry":{"type":"Polygon","coordinates":[[[88.7391,26.6074],[88.6804,26.6308],[88.5761,26.7956],[88.544,26.8092],[88.5562,26.7387],[88.401,26.6483],[88.4092,26.6352],[88.4368,26.5445],[88.5264,26.4817],[88.6116,26.4711],[88.7391,26.6074]]]},"properties":{"AC_NO":18,"AC_NAME":"RAJGANJ (SC)","PC_NO":3,"PC_NAME":"JALPAIGURI (SC)","district":"JALP>IGURI"}},{"type":"Feature","geometry":{"type":"Polygon","coordinates":[[[88.5065,26.84],[88.4829,26.8529],[88.4401,26.8351],[88.4223,26.7316],[88.4493,26.7042],[88.4091,26.6981],[88.3915,26.6768],[88.401,26.6483],[88.5562,26.7387],[88.544,26.8092],[88.5065,26.84]]]},"properties":{"AC_NO":19,"AC_NAME":"DABGRAM-PHULBARI","PC_NO":3,"PC_NAME":"JALPAIGURI (SC)","district":"JALP>IGURI"}},{"type":"Feature","geometry":{"type":"Polygon","coordinates":[[[88.7418,26.9259],[88.6087,26.8816],[88.4858,26.8768],[88.5065,26.84],[88.544,26.8092],[88.5761,26.7956],[88.6804,26.6308],[88.7391,26.6074],[88.7474,26.5973],[88.786,26.702],[88.7418,26.9259]]]},"properties":{"AC_NO":20,"AC_NAME":"MAL (ST)","PC_NO":3,"PC_NAME":"JALPAIGURI (SC)","district":"JALP>IGURI"}},{"type":"Feature","geometry":{"type":"Polygon","coordinates":[[[89.1015,26.8425],[89.096,26.8915],[88.8724,26.9642],[88.8153,26.9907],[88.7418,26.9259],[88.786,26.702],[88.8791,26.7105],[88.9826,26.8119],[89.0927,26.8045],[89.1015,26.8425]]]},"properties":{"AC_NO":21,"AC_NAME":"NAGRAKATA (ST)","PC_NO":2,"PC_NAME":"ALIPURDUARS (ST)","district":"JALP>IGURI"}},{"type":"Feature","geometry":{"type":"Polygon","coordinates":[[[88.6619,27.161],[88.5539,27.184],[88.553,27.1835],[88.5338,27.1757],[88.5334,27.1749],[88.4688,27.1158],[88.4684,27.1154],[88.4683,27.1152],[88.4358,27.0807],[88.4225,26.9804],[88.4858,26.8768],[88.6087,26.8816],[88.7418,26.9259],[88.8153,26.9907],[88.8724,26.9642],[88.8692,27.1113],[88.746,27.1428],[88.7142,27.1616],[88.7132,27.1621],[88.6624,27.1613],[88.6622,27.1612],[88.6619,27.161]]]},"properties":{"AC_NO":22,"AC_NAME":"KALIMPONG","PC_NO":4,"PC_NAME":"DARJEELING","district":"K>LIMPONG"}},{"type":"Feature","geometry":{"type":"Polygon","coordinates":[[[88.0772,27.1949],[88.0143,27.212],[87.9901,27.1089],[88.0775,27.0361],[88.1444,26.9217],[88.3239,27.0284],[88.3238,27.1104],[88.3155,27.1263],[88.3153,27.1263],[88.2792,27.1322],[88.1812,27.1333],[88.1811,27.1332],[88.1806,27.1329],[88.0965,27.1331],[88.0763,27.1945],[88.0767,27.1946],[88.0772,27.1949]]]},"properties":{"AC_NO":23,"AC_NAME":"DARJEELING","PC_NO":4,"PC_NAME":"DARJEELING","district":"D>RJILING"}},{"type":"Feature","geometry":{"type":"Polygon","coordinates":[[[88.3467,27.1056],[88.3238,27.1104],[88.3239,27.0284],[88.1444,26.9217],[88.1774,26.8043],[88.2746,26.7665],[88.2961,26.7593],[88.4401,26.8351],[88.4829,26.8529],[88.5065,26.84],[88.4858,26.8768],[88.4225,26.9804],[88.4358,27.0807],[88.3471,27.1049],[88.347,27.1051],[88.3467,27.1056]]]},"properties":{"AC_NO":24,"AC_NAME":"KURSEONG","PC_NO":4,"PC_NAME":"DARJEELING","district":"D>RJILING"}},{"type":"Feature","geometry":{"type":"Polygon","coordinates":[[[88.4401,26.8351],[88.2961,26.7593],[88.2746,26.7665],[88.1774,26.8043],[88.1636,26.6599],[88.2762,26.7024],[88.3915,26.6768],[88.4091,26.6981],[88.4223,26.7316],[88.4401,26.8351]]]},"properties":{"AC_NO":25,"AC_NAME":"MATIGARA-NAXALBARI(SC)","PC_NO":4,"PC_NAME":"DARJEELING","district":"D>RJILING"}},{"type":"Feature","geometry":{"type":"Polygon","coordinates":[[[88.4091,26.6981],[88.4493,26.7042],[88.4223,26.7316],[88.4091,26.6981]]]},"properties":{"AC_NO":26,"AC_NAME":"SILIGURI","PC_NO":4,"PC_NAME":"DARJEELING","district":"D>RJILING"}},{"type":"Feature","geometry":{"type":"Polygon","coordinates":[[[88.3915,26.6768],[88.2762,26.7024],[88.1636,26.6599],[88.1034,26.5398],[88.2252,26.4537],[88.2257,26.4536],[88.2437,26.4539],[88.3353,26.497],[88.4092,26.6352],[88.401,26.6483],[88.3915,26.6768]]]},"properties":{"AC_NO":27,"AC_NAME":"PHANSIDEWA (ST)","PC_NO":4,"PC_NAME":"DARJEELING","district":"D>RJILING"}},{"type":"Feature","geometry":{"type":"Polygon","coordinates":[[[88.3353,26.497],[88.2437,26.4539],[88.2925,26.3516],[88.2949,26.2694],[88.3513,26.2221],[88.3497,26.2822],[88.4962,26.4373],[88.3353,26.497]]]},"properties":{"AC_NO":28,"AC_NAME":"CHOPRA","PC_NO":4,"PC_NAME":"DARJEELING","district":"UTTAR DIN>JPUR"}},{"type":"Feature","geometry":{"type":"Polygon","coordinates":[[[88.2925,26.3516],[88.2107,26.2778],[88.1974,26.2719],[88.1445,26.2523],[88.1407,26.228],[88.1148,26.2241],[88.0912,26.2023],[88.0763,26.1783],[88.174,26.1287],[88.197,26.1636],[88.3513,26.2221],[88.2949,26.2694],[88.2925,26.3516]]]},"properties":{"AC_NO":29,"AC_NAME":"ISLAMPUR","PC_NO":5,"PC_NAME":"RAIGANJ","district":"UTTAR DIN>JPUR"}},{"type":"Feature","geometry":{"type":"Polygon","coordinates":[[[88.174,26.1287],[88.0763,26.1783],[87.9783,26.1438],[87.9765,26.1435],[87.975,26.1434],[87.9836,26.0792],[88.0275,26.0796],[88.011,26.0474],[88.0532,26.0349],[88.0135,25.9239],[88.0901,25.9241],[88.1785,26.0216],[88.174,26.1287]]]},"properties":{"AC_NO":30,"AC_NAME":"GOALPOKHAR","PC_NO":5,"PC_NAME":"RAIGANJ","district":"UTTAR DIN>JPUR"}},{"type":"Feature","geometry":{"type":"Polygon","coordinates":[[[87.9836,26.0792],[87.9845,26.0789],[87.9165,26.0759],[87.9143,26.0761],[87.8206,25.9333],[87.8196,25.9337],[87.8074,25.9293],[87.8074,25.9292],[87.8074,25.9287],[87.8222,25.9123],[87.9511,25.8901],[87.9579,25.8828],[88.0135,25.9239],[88.0532,26.0349],[88.011,26.0474],[88.0275,26.0796],[87.9836,26.0792]]]},"properties":{"AC_NO":31,"AC_NAME":"CHAKULIA","PC_NO":5,"PC_NAME":"RAIGANJ","district":"UTTAR DIN>JPUR"}},{"type":"Feature","geometry":{"type":"Polygon","coordinates":[[[88.0901,25.9241],[88.0135,25.9239],[87.9579,25.8828],[87.9511,25.8901],[87.8222,25.9123],[87.8223,25.8808],[87.8923,25.8652],[87.9072,25.7733],[88.0465,25.6993],[88.046,25.8147],[88.102,25.8303],[88.0901,25.9241]]]},"properties":{"AC_NO":32,"AC_NAME":"KARANDIGHI","PC_NO":5,"PC_NAME":"RAIGANJ","district":"UTTAR DIN>JPUR"}},{"type":"Feature","geometry":{"type":"Polygon","coordinates":[[[88.102,25.8303],[88.046,25.8147],[88.0465,25.6993],[88.055,25.637],[88.1751,25.6406],[88.2128,25.5999],[88.318,25.7429],[88.2595,25.8138],[88.1566,25.779],[88.102,25.8303]]]},"properties":{"AC_NO":33,"AC_NAME":"HEMTABAD (SC)","PC_NO":5,"PC_NAME":"RAIGANJ","district":"UTTAR DIN>JPUR"}},{"type":"Feature","geometry":{"type":"Polygon","coordinates":[[[88.4454,25.5968],[88.318,25.7429],[88.2128,25.5999],[88.1751,25.6406],[88.1828,25.5296],[88.2698,25.4825],[88.3955,25.5957],[88.4454,25.5968]]]},"properties":{"AC_NO":34,"AC_NAME":"KALIAGANJ (SC)","PC_NO":5,"PC_NAME":"RAIGANJ","district":"UTTAR DIN>JPUR"}},{"type":"Feature","geometry":{"type":"Polygon","coordinates":[[[88.1751,25.6406],[88.055,25.637],[88.0353,25.548],[88.1828,25.5296],[88.1751,25.6406]]]},"properties":{"AC_NO":35,"AC_NAME":"RAIGANJ","PC_NO":5,"PC_NAME":"RAIGANJ","district":"UTTAR DIN>JPUR"}},{"type":"Feature","geometry":{"type":"Polygon","coordinates":[[[88.1828,25.5296],[88.0353,25.548],[88.0733,25.4838],[88.1029,25.3799],[88.1054,25.2744],[88.2091,25.308],[88.203,25.4338],[88.2652,25.4477],[88.2698,25.4825],[88.1828,25.5296]]]},"properties":{"AC_NO":36,"AC_NAME":"ITAHAR","PC_NO":6,"PC_NAME":"BALURGHAT","district":"UTTAR DIN>JPUR"}},{"type":"Feature","geometry":{"type":"Polygon","coordinates":[[[88.5738,25.5089],[88.4454,25.5968],[88.3955,25.5957],[88.2698,25.4825],[88.2652,25.4477],[88.3879,25.4607],[88.4556,25.417],[88.5549,25.4283],[88.5738,25.5089]]]},"properties":{"AC_NO":37,"AC_NAME":"KUSHMANDI (SC)","PC_NO":6,"PC_NAME":"BALURGHAT","district":"DAKSHIN DIN>JPUR"}},{"type":"Feature","geometry":{"type":"Polygon","coordinates":[[[88.8806,25.3294],[88.8237,25.4011],[88.8075,25.5132],[88.5738,25.5089],[88.5549,25.4283],[88.6113,25.3546],[88.815,25.3199],[88.8806,25.3294]]]},"properties":{"AC_NO":38,"AC_NAME":"KUMARGANJ","PC_NO":6,"PC_NAME":"BALURGHAT","district":"DAKSHIN DIN>JPUR"}},{"type":"Feature","geometry":{"type":"Polygon","coordinates":[[[88.7588,25.1863],[88.9322,25.1809],[88.9284,25.3097],[88.8252,25.2644],[88.7588,25.1863]]]},"properties":{"AC_NO":39,"AC_NAME":"BALURGHAT","PC_NO":6,"PC_NAME":"BALURGHAT","district":"DAKSHIN DIN>JPUR"}},{"type":"Feature","geometry":{"type":"Polygon","coordinates":[[[88.8806,25.3294],[88.815,25.3199],[88.6113,25.3546],[88.5611,25.2495],[88.6149,25.2036],[88.7588,25.1863],[88.8252,25.2644],[88.9284,25.3097],[88.8806,25.3294]]]},"properties":{"AC_NO":40,"AC_NAME":"TAPAN(ST)","PC_NO":6,"PC_NAME":"BALURGHAT","district":"DAKSHIN DIN>JPUR"}},{"type":"Feature","geometry":{"type":"Polygon","coordinates":[[[88.6113,25.3546],[88.5549,25.4283],[88.4556,25.417],[88.4172,25.3142],[88.4389,25.2079],[88.6149,25.2036],[88.5611,25.2495],[88.6113,25.3546]]]},"properties":{"AC_NO":41,"AC_NAME":"GANGARAMPUR (SC)","PC_NO":6,"PC_NAME":"BALURGHAT","district":"DAKSHIN DIN>JPUR"}},{"type":"Feature","geometry":{"type":"Polygon","coordinates":[[[88.4556,25.417],[88.3879,25.4607],[88.2652,25.4477],[88.203,25.4338],[88.2091,25.308],[88.4064,25.2954],[88.4172,25.3142],[88.4556,25.417]]]},"properties":{"AC_NO":42,"AC_NAME":"HARIRAMPUR","PC_NO":6,"PC_NAME":"BALURGHAT","district":"DAKSHIN DIN>JPUR"}},{"type":"Feature","geometry":{"type":"Polygon","coordinates":[[[88.4389,25.2079],[88.4172,25.3142],[88.4064,25.2954],[88.327,25.1343],[88.2248,25.0888],[88.2008,24.9571],[88.3027,24.8719],[88.3867,24.9392],[88.452,25.0357],[88.4389,25.2079]]]},"properties":{"AC_NO":43,"AC_NAME":"HABIBPUR (ST)","PC_NO":7,"PC_NAME":"MALDAHA UTTAR","district":"M>LDAH"}},{"type":"Feature","geometry":{"type":"Polygon","coordinates":[[[88.4064,25.2954],[88.2091,25.308],[88.1054,25.2744],[88.0722,25.1201],[88.2248,25.0888],[88.327,25.1343],[88.4064,25.2954]]]},"properties":{"AC_NO":44,"AC_NAME":"GAZOLE (SC)","PC_NO":7,"PC_NAME":"MALDAHA UTTAR","district":"M>LDAH"}},{"type":"Feature","geometry":{"type":"Polygon","coordinates":[[[88.0733,25.4838],[87.9478,25.5395],[87.9468,25.5393],[87.9094,25.5205],[87.9033,25.5054],[87.8697,25.4968],[87.9565,25.403],[88.0463,25.3437],[88.1029,25.3799],[88.0733,25.4838]]]},"properties":{"AC_NO":45,"AC_NAME":"CHANCHAL","PC_NO":7,"PC_NAME":"MALDAHA UTTAR","district":"M>LDAH"}},{"type":"Feature","geometry":{"type":"Polygon","coordinates":[[[87.9565,25.403],[87.8697,25.4968],[87.7638,25.4072],[87.7638,25.4071],[87.7639,25.4071],[87.8593,25.2718],[87.8792,25.2775],[87.9565,25.403]]]},"properties":{"AC_NO":46,"AC_NAME":"HARISCHANDRAPUR","PC_NO":7,"PC_NAME":"MALDAHA UTTAR","district":"M>LDAH"}},{"type":"Feature","geometry":{"type":"Polygon","coordinates":[[[88.1029,25.3799],[88.0463,25.3437],[87.9565,25.403],[87.8792,25.2775],[88.0157,25.2349],[88.0056,25.122],[88.0459,25.0933],[88.0722,25.1201],[88.1054,25.2744],[88.1029,25.3799]]]},"properties":{"AC_NO":47,"AC_NAME":"MALATIPUR","PC_NO":7,"PC_NAME":"MALDAHA UTTAR","district":"M>LDAH"}},{"type":"Feature","geometry":{"type":"Polygon","coordinates":[[[88.0459,25.0933],[88.0056,25.122],[88.0157,25.2349],[87.8792,25.2775],[87.8593,25.2718],[87.8396,25.2018],[87.8392,25.2019],[87.866,25.169],[87.943,25.163],[88.0145,25.0523],[88.0459,25.0933]]]},"properties":{"AC_NO":48,"AC_NAME":"RATUA","PC_NO":7,"PC_NAME":"MALDAHA UTTAR","district":"M>LDAH"}},{"type":"Feature","geometry":{"type":"Polygon","coordinates":[[[87.8392,25.2019],[87.7733,25.2215],[87.7949,25.0879],[87.896,25.0109],[87.9832,24.9908],[88.056,25.0265],[88.0145,25.0523],[87.943,25.163],[87.866,25.169],[87.8392,25.2019]]]},"properties":{"AC_NO":49,"AC_NAME":"MANIKCHAK","PC_NO":8,"PC_NAME":"MALDAHA DAKSHIN","district":"M>LDAH"}},{"type":"Feature","geometry":{"type":"Polygon","coordinates":[[[88.2248,25.0888],[88.0722,25.1201],[88.0459,25.0933],[88.0145,25.0523],[88.056,25.0265],[88.1648,24.9439],[88.2008,24.9571],[88.2248,25.0888]]]},"properties":{"AC_NO":50,"AC_NAME":"MALDAHA (SC)","PC_NO":7,"PC_NAME":"MALDAHA UTTAR","district":"M>LDAH"}},{"type":"Feature","geometry":{"type":"Polygon","coordinates":[[[88.1648,24.9439],[88.056,25.0265],[87.9832,24.9908],[88.0689,24.9127],[88.094,24.84],[88.1116,24.8137],[88.1659,24.8635],[88.1648,24.9439]]]},"properties":{"AC_NO":51,"AC_NAME":"ENGLISH BAZAR","PC_NO":8,"PC_NAME":"MALDAHA DAKSHIN","district":"M>LDAH"}},{"type":"Feature","geometry":{"type":"Polygon","coordinates":[[[87.9832,24.9908],[87.896,25.0109],[87.9055,25.0006],[87.9234,25.0002],[87.9479,24.9041],[87.9469,24.9031],[87.8969,24.8568],[87.8976,24.8556],[87.9789,24.8472],[88.0689,24.9127],[87.9832,24.9908]]]},"properties":{"AC_NO":52,"AC_NAME":"MOTHABARI","PC_NO":8,"PC_NAME":"MALDAHA DAKSHIN","district":"M>LDAH"}},{"type":"Feature","geometry":{"type":"Polygon","coordinates":[[[88.094,24.84],[88.0689,24.9127],[87.9789,24.8472],[88.094,24.84]]]},"properties":{"AC_NO":53,"AC_NAME":"SUJAPUR","PC_NO":8,"PC_NAME":"MALDAHA DAKSHIN","district":"M>LDAH"}},{"type":"Feature","geometry":{"type":"Polygon","coordinates":[[[87.9789,24.8472],[87.8976,24.8556],[87.9685,24.756],[87.9678,24.68],[88.0097,24.6692],[88.1116,24.8137],[88.094,24.84],[87.9789,24.8472]]]},"properties":{"AC_NO":54,"AC_NAME":"BAISNABNAGAR","PC_NO":8,"PC_NAME":"MALDAHA DAKSHIN","district":"M>LDAH"}},{"type":"Feature","geometry":{"type":"Polygon","coordinates":[[[87.9678,24.68],[87.9685,24.756],[87.8976,24.8556],[87.8969,24.8568],[87.8355,24.7476],[87.9077,24.7215],[87.9117,24.6555],[87.9678,24.68]]]},"properties":{"AC_NO":55,"AC_NAME":"FARAKKA","PC_NO":8,"PC_NAME":"MALDAHA DAKSHIN","district":"MURSHID>B>D"}},{"type":"Feature","geometry":{"type":"Polygon","coordinates":[[[88.0097,24.6692],[87.9678,24.68],[87.9117,24.6555],[87.9112,24.6079],[88.0374,24.6457],[88.0097,24.6692]]]},"properties":{"AC_NO":56,"AC_NAME":"SAMSERGANJ","PC_NO":8,"PC_NAME":"MALDAHA DAKSHIN","district":"MURSHID>B>D"}},{"type":"Feature","geometry":{"type":"Polygon","coordinates":[[[88.0913,24.5643],[88.0374,24.6457],[87.9112,24.6079],[87.911,24.6044],[87.8908,24.5653],[87.957,24.4885],[88.0733,24.5282],[88.0913,24.5643]]]},"properties":{"AC_NO":57,"AC_NAME":"SUTI","PC_NO":9,"PC_NAME":"JANGIPUR","district":"MURSHID>B>D"}},{"type":"Feature","geometry":{"type":"Polygon","coordinates":[[[88.0733,24.5282],[87.957,24.4885],[87.9708,24.4],[87.9716,24.3895],[88.1203,24.3982],[88.0733,24.5282]]]},"properties":{"AC_NO":58,"AC_NAME":"JANGIPUR","PC_NO":9,"PC_NAME":"JANGIPUR","district":"MURSHID>B>D"}},{"type":"Feature","geometry":{"type":"Polygon","coordinates":[[[88.2211,24.4561],[88.0913,24.5643],[88.0733,24.5282],[88.1203,24.3982],[88.1613,24.3929],[88.2211,24.4561]]]},"properties":{"AC_NO":59,"AC_NAME":"RAGHUNATHGANJ","PC_NO":9,"PC_NAME":"JANGIPUR","district":"MURSHID>B>D"}},{"type":"Feature","geometry":{"type":"Polygon","coordinates":[[[88.1613,24.3929],[88.1203,24.3982],[87.9716,24.3895],[87.9568,24.3444],[88.0217,24.2523],[88.1997,24.2325],[88.2346,24.2803],[88.2185,24.3401],[88.1613,24.3929]]]},"properties":{"AC_NO":60,"AC_NAME":"SAGARDIGHI","PC_NO":9,"PC_NAME":"JANGIPUR","district":"MURSHID>B>D"}},{"type":"Feature","geometry":{"type":"Polygon","coordinates":[[[88.3901,24.3721],[88.2211,24.4561],[88.1613,24.3929],[88.2185,24.3401],[88.3901,24.3721]]]},"properties":{"AC_NO":61,"AC_NAME":"LALGOLA","PC_NO":9,"PC_NAME":"JANGIPUR","district":"MURSHID>B>D"}},{"type":"Feature","geometry":{"type":"Polygon","coordinates":[[[88.5332,24.3331],[88.3901,24.3721],[88.2185,24.3401],[88.2346,24.2803],[88.3945,24.2245],[88.4618,24.3081],[88.5332,24.3331]]]},"properties":{"AC_NO":62,"AC_NAME":"BHAGABANGOLA","PC_NO":11,"PC_NAME":"MURSHIDABAD","district":"MURSHID>B>D"}},{"type":"Feature","geometry":{"type":"Polygon","coordinates":[[[88.5591,24.305],[88.5332,24.3331],[88.4618,24.3081],[88.3945,24.2245],[88.4282,24.1741],[88.476,24.1393],[88.5881,24.1559],[88.6265,24.1924],[88.5591,24.305]]]},"properties":{"AC_NO":63,"AC_NAME":"RANINAGAR","PC_NO":11,"PC_NAME":"MURSHIDABAD","district":"MURSHID>B>D"}},{"type":"Feature","geometry":{"type":"Polygon","coordinates":[[[88.3945,24.2245],[88.2346,24.2803],[88.1997,24.2325],[88.2398,24.1383],[88.365,24.1576],[88.4282,24.1741],[88.3945,24.2245]]]},"properties":{"AC_NO":64,"AC_NAME":"MURSHIDABAD","PC_NO":11,"PC_NAME":"MURSHIDABAD","district":"MURSHID>B>D"}},{"type":"Feature","geometry":{"type":"Polygon","coordinates":[[[88.1997,24.2325],[88.0217,24.2523],[87.961,24.1877],[88.0521,24.1009],[88.1574,24.0499],[88.2338,24.0678],[88.2398,24.1383],[88.1997,24.2325]]]},"properties":{"AC_NO":65,"AC_NAME":"NABAGRAM (SC)","PC_NO":9,"PC_NAME":"JANGIPUR","district":"MURSHID>B>D"}},{"type":"Feature","geometry":{"type":"Polygon","coordinates":[[[87.961,24.1877],[87.8968,24.1535],[87.8954,24.0738],[87.8676,24.0011],[87.9652,23.9538],[88.0256,23.9828],[88.0521,24.1009],[87.961,24.1877]]]},"properties":{"AC_NO":66,"AC_NAME":"KHARGRAM (SC)","PC_NO":9,"PC_NAME":"JANGIPUR","district":"MURSHID>B>D"}},{"type":"Feature","geometry":{"type":"Polygon","coordinates":[[[87.9652,23.9538],[87.8676,24.0011],[87.8633,23.8741],[87.9643,23.8045],[88.0058,23.8443],[88.0245,23.9147],[87.9652,23.9538]]]},"properties":{"AC_NO":67,"AC_NAME":"BURWAN (SC)","PC_NO":10,"PC_NAME":"BAHARAMPUR","district":"MURSHID>B>D"}},{"type":"Feature","geometry":{"type":"Polygon","coordinates":[[[88.1574,24.0499],[88.0521,24.1009],[88.0256,23.9828],[87.9652,23.9538],[88.0245,23.9147],[88.1404,23.9162],[88.1894,23.9282],[88.1574,24.0499]]]},"properties":{"AC_NO":68,"AC_NAME":"KANDI","PC_NO":10,"PC_NAME":"BAHARAMPUR","district":"MURSHID>B>D"}},{"type":"Feature","geometry":{"type":"Polygon","coordinates":[[[88.1404,23.9162],[88.0245,23.9147],[88.0058,23.8443],[88.0952,23.7523],[88.1599,23.7532],[88.1404,23.9162]]]},"properties":{"AC_NO":69,"AC_NAME":"BHARATPUR","PC_NO":10,"PC_NAME":"BAHARAMPUR","district":"MURSHID>B>D"}},{"type":"Feature","geometry":{"type":"Polygon","coordinates":[[[88.2633,23.9193],[88.1894,23.9282],[88.1404,23.9162],[88.1599,23.7532],[88.1952,23.7657],[88.323,23.8093],[88.3237,23.8848],[88.2633,23.9193]]]},"properties":{"AC_NO":70,"AC_NAME":"REJINAGAR","PC_NO":10,"PC_NAME":"BAHARAMPUR","district":"MURSHID>B>D"}},{"type":"Feature","geometry":{"type":"Polygon","coordinates":[[[88.3196,24.0813],[88.2338,24.0678],[88.1574,24.0499],[88.1894,23.9282],[88.2633,23.9193],[88.3073,23.9917],[88.3196,24.0813]]]},"properties":{"AC_NO":71,"AC_NAME":"BELDANGA","PC_NO":10,"PC_NAME":"BAHARAMPUR","district":"MURSHID>B>D"}},{"type":"Feature","geometry":{"type":"Polygon","coordinates":[[[88.365,24.1576],[88.2398,24.1383],[88.2338,24.0678],[88.3196,24.0813],[88.365,24.1576]]]},"properties":{"AC_NO":72,"AC_NAME":"BAHARAMPUR","PC_NO":10,"PC_NAME":"BAHARAMPUR","district":"MURSHID>B>D"}},{"type":"Feature","geometry":{"type":"Polygon","coordinates":[[[88.4282,24.1741],[88.365,24.1576],[88.3196,24.0813],[88.3073,23.9917],[88.3914,23.9334],[88.4819,24.0055],[88.476,24.1393],[88.4282,24.1741]]]},"properties":{"AC_NO":73,"AC_NAME":"HARIHARPARA","PC_NO":11,"PC_NAME":"MURSHIDABAD","district":"MURSHID>B>D"}},{"type":"Feature","geometry":{"type":"Polygon","coordinates":[[[88.3073,23.9917],[88.2633,23.9193],[88.3237,23.8848],[88.323,23.8093],[88.3422,23.8137],[88.4667,23.8233],[88.4769,23.9408],[88.4819,24.0055],[88.3914,23.9334],[88.3073,23.9917]]]},"properties":{"AC_NO":74,"AC_NAME":"NAODA","PC_NO":10,"PC_NAME":"BAHARAMPUR","district":"MURSHID>B>D"}},{"type":"Feature","geometry":{"type":"Polygon","coordinates":[[[88.5881,24.1559],[88.476,24.1393],[88.4819,24.0055],[88.4769,23.9408],[88.5079,23.9496],[88.5119,23.9919],[88.6315,24.0339],[88.6673,24.0835],[88.5881,24.1559]]]},"properties":{"AC_NO":75,"AC_NAME":"DOMKAL","PC_NO":11,"PC_NAME":"MURSHIDABAD","district":"MURSHID>B>D"}},{"type":"Feature","geometry":{"type":"Polygon","coordinates":[[[88.7,24.0946],[88.7408,24.2541],[88.6964,24.3154],[88.5591,24.305],[88.6265,24.1924],[88.5881,24.1559],[88.6673,24.0835],[88.7,24.0946]]]},"properties":{"AC_NO":76,"AC_NAME":"JALANGI","PC_NO":11,"PC_NAME":"MURSHIDABAD","district":"MURSHID>B>D"}},{"type":"Feature","geometry":{"type":"Polygon","coordinates":[[[88.67,23.884],[88.7334,23.9111],[88.7421,24.0335],[88.7,24.0946],[88.6673,24.0835],[88.6315,24.0339],[88.5119,23.9919],[88.5079,23.9496],[88.67,23.884]]]},"properties":{"AC_NO":77,"AC_NAME":"KARIMPUR","PC_NO":11,"PC_NAME":"MURSHIDABAD","district":"NADIA"}},{"type":"Feature","geometry":{"type":"Polygon","coordinates":[[[88.5079,23.9496],[88.4769,23.9408],[88.4667,23.8233],[88.4691,23.7755],[88.5673,23.7005],[88.5911,23.8536],[88.67,23.884],[88.5079,23.9496]]]},"properties":{"AC_NO":78,"AC_NAME":"TEHATTA","PC_NO":12,"PC_NAME":"KRISHNANAGAR","district":"NADIA"}},{"type":"Feature","geometry":{"type":"Polygon","coordinates":[[[88.4667,23.8233],[88.3422,23.8137],[88.3201,23.6711],[88.4511,23.6342],[88.5588,23.6514],[88.5673,23.7005],[88.4691,23.7755],[88.4667,23.8233]]]},"properties":{"AC_NO":79,"AC_NAME":"PALASHIPARA","PC_NO":12,"PC_NAME":"KRISHNANAGAR","district":"NADIA"}},{"type":"Feature","geometry":{"type":"Polygon","coordinates":[[[88.3422,23.8137],[88.323,23.8093],[88.1952,23.7657],[88.1388,23.652],[88.2041,23.6167],[88.3201,23.6711],[88.3422,23.8137]]]},"properties":{"AC_NO":80,"AC_NAME":"KALIGANJ","PC_NO":12,"PC_NAME":"KRISHNANAGAR","district":"NADIA"}},{"type":"Feature","geometry":{"type":"Polygon","coordinates":[[[88.3201,23.6711],[88.2041,23.6167],[88.2699,23.6003],[88.2751,23.5381],[88.3666,23.5302],[88.4931,23.5368],[88.5257,23.6188],[88.4511,23.6342],[88.3201,23.6711]]]},"properties":{"AC_NO":81,"AC_NAME":"NAKASHIPARA","PC_NO":12,"PC_NAME":"KRISHNANAGAR","district":"NADIA"}},{"type":"Feature","geometry":{"type":"Polygon","coordinates":[[[88.697,23.5165],[88.6452,23.6096],[88.5588,23.6514],[88.4511,23.6342],[88.5257,23.6188],[88.4931,23.5368],[88.5449,23.4592],[88.6471,23.4563],[88.697,23.5165]]]},"properties":{"AC_NO":82,"AC_NAME":"CHAPRA","PC_NO":12,"PC_NAME":"KRISHNANAGAR","district":"NADIA"}},{"type":"Feature","geometry":{"type":"Polygon","coordinates":[[[88.6471,23.4563],[88.5449,23.4592],[88.4745,23.4114],[88.5269,23.3571],[88.6471,23.4563]]]},"properties":{"AC_NO":83,"AC_NAME":"KRISHNANAGAR UTTAR","PC_NO":12,"PC_NAME":"KRISHNANAGAR","district":"NADIA"}},{"type":"Feature","geometry":{"type":"Polygon","coordinates":[[[88.4181,23.3029],[88.4134,23.4523],[88.3634,23.4719],[88.3305,23.4146],[88.3325,23.3254],[88.4181,23.3029]]]},"properties":{"AC_NO":84,"AC_NAME":"NABADWIP","PC_NO":12,"PC_NAME":"KRISHNANAGAR","district":"NADIA"}},{"type":"Feature","geometry":{"type":"Polygon","coordinates":[[[88.4931,23.5368],[88.3666,23.5302],[88.3634,23.4719],[88.4134,23.4523],[88.4181,23.3029],[88.4291,23.3021],[88.5099,23.3047],[88.5269,23.3571],[88.4745,23.4114],[88.5449,23.4592],[88.4931,23.5368]]]},"properties":{"AC_NO":85,"AC_NAME":"KRISHNANAGAR DAKSHIN","PC_NO":13,"PC_NAME":"RANAGHAT (SC)","district":"NADIA"}},{"type":"Feature","geometry":{"type":"Polygon","coordinates":[[[88.4181,23.3029],[88.3325,23.3254],[88.3363,23.2803],[88.4147,23.2112],[88.469,23.1986],[88.497,23.1972],[88.4291,23.3021],[88.4181,23.3029]]]},"properties":{"AC_NO":86,"AC_NAME":"SANTIPUR","PC_NO":13,"PC_NAME":"RANAGHAT (SC)","district":"NADIA"}},{"type":"Feature","geometry":{"type":"Polygon","coordinates":[[[88.5099,23.3047],[88.4291,23.3021],[88.497,23.1972],[88.5846,23.1719],[88.5815,23.3079],[88.5099,23.3047]]]},"properties":{"AC_NO":87,"AC_NAME":"RANAGHAT UTTAR PASCHIM","PC_NO":13,"PC_NAME":"RANAGHAT (SC)","district":"NADIA"}},{"type":"Feature","geometry":{"type":"Polygon","coordinates":[[[88.7372,23.3457],[88.7822,23.4414],[88.697,23.5165],[88.6471,23.4563],[88.5269,23.3571],[88.5099,23.3047],[88.5815,23.3079],[88.6328,23.3526],[88.7372,23.3457]]]},"properties":{"AC_NO":88,"AC_NAME":"KRISHNAGANJ (SC)","PC_NO":13,"PC_NAME":"RANAGHAT (SC)","district":"NADIA"}},{"type":"Feature","geometry":{"type":"Polygon","coordinates":[[[88.7372,23.3457],[88.6328,23.3526],[88.5815,23.3079],[88.5846,23.1719],[88.7157,23.1809],[88.7517,23.2404],[88.7372,23.3457]]]},"properties":{"AC_NO":89,"AC_NAME":"RANAGHAT UTTAR PURBA(SC)","PC_NO":13,"PC_NAME":"RANAGHAT (SC)","district":"NADIA"}},{"type":"Feature","geometry":{"type":"Polygon","coordinates":[[[88.5846,23.1719],[88.497,23.1972],[88.469,23.1986],[88.5053,23.1025],[88.5608,23.1228],[88.6754,23.0959],[88.697,23.1576],[88.7157,23.1809],[88.5846,23.1719]]]},"properties":{"AC_NO":90,"AC_NAME":"RANAGHAT DAKSHIN (SC)","PC_NO":13,"PC_NAME":"RANAGHAT (SC)","district":"NADIA"}},{"type":"Feature","geometry":{"type":"Polygon","coordinates":[[[88.6754,23.0959],[88.5608,23.1228],[88.5053,23.1025],[88.4996,23.0846],[88.5479,23.0168],[88.6792,23.0151],[88.6824,23.0788],[88.6754,23.0959]]]},"properties":{"AC_NO":91,"AC_NAME":"CHAKDAHA","PC_NO":13,"PC_NAME":"RANAGHAT (SC)","district":"NADIA"}},{"type":"Feature","geometry":{"type":"Polygon","coordinates":[[[88.5479,23.0168],[88.4996,23.0846],[88.4049,22.9858],[88.4078,22.966],[88.4127,22.9431],[88.4611,22.9506],[88.5089,22.9443],[88.5479,23.0168]]]},"properties":{"AC_NO":92,"AC_NAME":"KALYANI (SC)","PC_NO":14,"PC_NAME":"BANGAON (SC)","district":"NADIA"}},{"type":"Feature","geometry":{"type":"Polygon","coordinates":[[[88.6792,23.0151],[88.5479,23.0168],[88.5089,22.9443],[88.5106,22.9366],[88.5582,22.9216],[88.6624,22.8828],[88.6792,22.9453],[88.6792,23.0151]]]},"properties":{"AC_NO":93,"AC_NAME":"HARINGHATA (SC)","PC_NO":14,"PC_NAME":"BANGAON (SC)","district":"NADIA"}},{"type":"Feature","geometry":{"type":"Polygon","coordinates":[[[88.8693,23.0988],[88.9178,23.1292],[88.9069,23.2361],[88.7517,23.2404],[88.7157,23.1809],[88.697,23.1576],[88.8693,23.0988]]]},"properties":{"AC_NO":94,"AC_NAME":"BAGDA (SC)","PC_NO":14,"PC_NAME":"BANGAON (SC)","district":"NORTH TWENTY-FOUR PARGANAS"}},{"type":"Feature","geometry":{"type":"Polygon","coordinates":[[[88.8693,23.0988],[88.697,23.1576],[88.6754,23.0959],[88.6824,23.0788],[88.8751,23.0218],[88.8693,23.0988]]]},"properties":{"AC_NO":95,"AC_NAME":"BANGAON UTTAR (SC)","PC_NO":14,"PC_NAME":"BANGAON (SC)","district":"NORTH TWENTY-FOUR PARGANAS"}},{"type":"Feature","geometry":{"type":"Polygon","coordinates":[[[88.8751,23.0218],[88.6824,23.0788],[88.6792,23.0151],[88.6792,22.9453],[88.7577,22.9493],[88.855,22.8962],[88.8984,22.8983],[88.8751,23.0218]]]},"properties":{"AC_NO":96,"AC_NAME":"BANGAON DAKSHIN (SC)","PC_NO":14,"PC_NAME":"BANGAON (SC)","district":"NORTH TWENTY-FOUR PARGANAS"}},{"type":"Feature","geometry":{"type":"Polygon","coordinates":[[[88.855,22.8962],[88.7577,22.9493],[88.6792,22.9453],[88.6624,22.8828],[88.6636,22.8709],[88.7374,22.8194],[88.744,22.8095],[88.7739,22.858],[88.855,22.8962]]]},"properties":{"AC_NO":97,"AC_NAME":"GAIGHATA (SC)","PC_NO":14,"PC_NAME":"BANGAON (SC)","district":"NORTH TWENTY-FOUR PARGANAS"}},{"type":"Feature","geometry":{"type":"Polygon","coordinates":[[[88.855,22.8962],[88.7739,22.858],[88.8748,22.7555],[88.8852,22.7],[88.9282,22.7186],[88.9686,22.8446],[88.8984,22.8983],[88.855,22.8962]]]},"properties":{"AC_NO":98,"AC_NAME":"SWARUPNAGAR","PC_NO":14,"PC_NAME":"BANGAON (SC)","district":"NORTH TWENTY-FOUR PARGANAS"}},{"type":"Feature","geometry":{"type":"Polygon","coordinates":[[[88.7739,22.858],[88.744,22.8095],[88.7087,22.7192],[88.842,22.6902],[88.8852,22.7],[88.8748,22.7555],[88.7739,22.858]]]},"properties":{"AC_NO":99,"AC_NAME":"BADURIA","PC_NO":18,"PC_NAME":"BASIRHAT","district":"NORTH TWENTY-FOUR PARGANAS"}},{"type":"Feature","geometry":{"type":"Polygon","coordinates":[[[88.7374,22.8194],[88.6636,22.8709],[88.582,22.7899],[88.5874,22.7627],[88.661,22.7647],[88.7374,22.8194]]]},"properties":{"AC_NO":100,"AC_NAME":"HABRA","PC_NO":17,"PC_NAME":"BARASAT","district":"NORTH TWENTY-FOUR PARGANAS"}},{"type":"Feature","geometry":{"type":"Polygon","coordinates":[[[88.6624,22.8828],[88.5582,22.9216],[88.5285,22.8185],[88.582,22.7899],[88.6636,22.8709],[88.6624,22.8828]]]},"properties":{"AC_NO":101,"AC_NAME":"ASHOKNAGAR","PC_NO":17,"PC_NAME":"BARASAT","district":"NORTH TWENTY-FOUR PARGANAS"}},{"type":"Feature","geometry":{"type":"Polygon","coordinates":[[[88.5582,22.9216],[88.5106,22.9366],[88.48,22.8818],[88.4111,22.7965],[88.4079,22.7809],[88.432,22.7587],[88.4948,22.7382],[88.5355,22.7345],[88.5874,22.7627],[88.582,22.7899],[88.5285,22.8185],[88.5582,22.9216]]]},"properties":{"AC_NO":102,"AC_NAME":"AMDANGA","PC_NO":15,"PC_NAME":"BARRACKPUR","district":"NORTH TWENTY-FOUR PARGANAS"}},{"type":"Feature","geometry":{"type":"Polygon","coordinates":[[[88.4611,22.9506],[88.4127,22.9431],[88.4092,22.9291],[88.4611,22.9506]]]},"properties":{"AC_NO":103,"AC_NAME":"BIJPUR","PC_NO":15,"PC_NAME":"BARRACKPUR","district":"NORTH TWENTY-FOUR PARGANAS"}},{"type":"Feature","geometry":{"type":"Polygon","coordinates":[[[88.5089,22.9443],[88.4611,22.9506],[88.4092,22.9291],[88.408,22.8844],[88.48,22.8818],[88.5106,22.9366],[88.5089,22.9443]]]},"properties":{"AC_NO":104,"AC_NAME":"NAIHATI","PC_NO":15,"PC_NAME":"BARRACKPUR","district":"NORTH TWENTY-FOUR PARGANAS"}},{"type":"Feature","geometry":{"type":"Polygon","coordinates":[[[88.3897,22.8326],[88.3899,22.8696],[88.3853,22.8682],[88.3748,22.8364],[88.3769,22.8351],[88.3897,22.8326]]]},"properties":{"AC_NO":105,"AC_NAME":"BHATPARA","PC_NO":15,"PC_NAME":"BARRACKPUR","district":"NORTH TWENTY-FOUR PARGANAS"}},{"type":"Feature","geometry":{"type":"Polygon","coordinates":[[[88.48,22.8818],[88.408,22.8844],[88.3899,22.8696],[88.3897,22.8326],[88.4111,22.7965],[88.48,22.8818]]]},"properties":{"AC_NO":106,"AC_NAME":"JAGATDAL","PC_NO":15,"PC_NAME":"BARRACKPUR","district":"NORTH TWENTY-FOUR PARGANAS"}},{"type":"Feature","geometry":{"type":"Polygon","coordinates":[[[88.3897,22.8326],[88.3769,22.8351],[88.348,22.7595],[88.3865,22.7538],[88.4079,22.7809],[88.4111,22.7965],[88.3897,22.8326]]]},"properties":{"AC_NO":107,"AC_NAME":"NOAPARA","PC_NO":15,"PC_NAME":"BARRACKPUR","district":"NORTH TWENTY-FOUR PARGANAS"}},{"type":"Feature","geometry":{"type":"Polygon","coordinates":[[[88.3865,22.7538],[88.348,22.7595],[88.3616,22.7418],[88.3865,22.7538]]]},"properties":{"AC_NO":108,"AC_NAME":"BARRACKPUR","PC_NO":15,"PC_NAME":"BARRACKPUR","district":"NORTH TWENTY-FOUR PARGANAS"}},{"type":"Feature","geometry":{"type":"Polygon","coordinates":[[[88.432,22.7587],[88.4079,22.7809],[88.3865,22.7538],[88.3616,22.7418],[88.3597,22.7334],[88.3589,22.7186],[88.4215,22.6867],[88.4331,22.6709],[88.432,22.7587]]]},"properties":{"AC_NO":109,"AC_NAME":"KHARDAHA","PC_NO":16,"PC_NAME":"DUM DUM","district":"NORTH TWENTY-FOUR PARGANAS"}},{"type":"Feature","geometry":{"type":"Polygon","coordinates":[[[88.4215,22.6867],[88.4027,22.6793],[88.4015,22.652],[88.4408,22.6581],[88.4331,22.6709],[88.4215,22.6867]]]},"properties":{"AC_NO":110,"AC_NAME":"DUM DUM UTTAR","PC_NO":16,"PC_NAME":"DUM DUM","district":"NORTH TWENTY-FOUR PARGANAS"}},{"type":"Feature","geometry":{"type":"Polygon","coordinates":[[[88.4215,22.6867],[88.3589,22.7186],[88.3594,22.7109],[88.3629,22.6841],[88.4027,22.6793],[88.4215,22.6867]]]},"properties":{"AC_NO":111,"AC_NAME":"PANIHATI","PC_NO":16,"PC_NAME":"DUM DUM","district":"NORTH TWENTY-FOUR PARGANAS"}},{"type":"Feature","geometry":{"type":"Polygon","coordinates":[[[88.4027,22.6793],[88.3629,22.6841],[88.3531,22.6594],[88.3999,22.6475],[88.4015,22.652],[88.4027,22.6793]]]},"properties":{"AC_NO":112,"AC_NAME":"KAMARHATI","PC_NO":16,"PC_NAME":"DUM DUM","district":"NORTH TWENTY-FOUR PARGANAS"}},{"type":"Feature","geometry":{"type":"Polygon","coordinates":[[[88.3531,22.6594],[88.3525,22.6558],[88.3612,22.6314],[88.3928,22.6271],[88.3999,22.6475],[88.3531,22.6594]]]},"properties":{"AC_NO":113,"AC_NAME":"BARANAGAR","PC_NO":16,"PC_NAME":"DUM DUM","district":"NORTH TWENTY-FOUR PARGANAS"}},{"type":"Feature","geometry":{"type":"Polygon","coordinates":[[[88.4608,22.6528],[88.4408,22.6581],[88.4015,22.652],[88.3999,22.6475],[88.3928,22.6271],[88.3937,22.6048],[88.4453,22.6338],[88.4608,22.6528]]]},"properties":{"AC_NO":114,"AC_NAME":"DUM DUM","PC_NO":16,"PC_NAME":"DUM DUM","district":"NORTH TWENTY-FOUR PARGANAS"}},{"type":"Feature","geometry":{"type":"Polygon","coordinates":[[[88.4964,22.6284],[88.4608,22.6528],[88.4453,22.6338],[88.4373,22.5718],[88.5226,22.5509],[88.5581,22.6199],[88.4964,22.6284]]]},"properties":{"AC_NO":115,"AC_NAME":"RAJARHAT NEW TOWN","PC_NO":17,"PC_NAME":"BARASAT","district":"NORTH TWENTY-FOUR PARGANAS"}},{"type":"Feature","geometry":{"type":"Polygon","coordinates":[[[88.4373,22.5718],[88.4087,22.5624],[88.4081,22.5608],[88.4003,22.559],[88.4271,22.5144],[88.4443,22.5015],[88.4373,22.5718]]]},"properties":{"AC_NO":116,"AC_NAME":"BIDHANNAGAR","PC_NO":17,"PC_NAME":"BARASAT","district":"NORTH TWENTY-FOUR PARGANAS"}},{"type":"Feature","geometry":{"type":"Polygon","coordinates":[[[88.4373,22.5718],[88.4453,22.6338],[88.3937,22.6048],[88.3958,22.5919],[88.4087,22.5624],[88.4373,22.5718]]]},"properties":{"AC_NO":117,"AC_NAME":"RAJARHAT GOPALPUR","PC_NO":16,"PC_NAME":"DUM DUM","district":"NORTH TWENTY-FOUR PARGANAS"}},{"type":"Feature","geometry":{"type":"Polygon","coordinates":[[[88.4948,22.7382],[88.432,22.7587],[88.4331,22.6709],[88.4408,22.6581],[88.4608,22.6528],[88.4964,22.6284],[88.5633,22.6863],[88.5243,22.6883],[88.4948,22.7382]]]},"properties":{"AC_NO":118,"AC_NAME":"MADHYAMGRAM","PC_NO":17,"PC_NAME":"BARASAT","district":"NORTH TWENTY-FOUR PARGANAS"}},{"type":"Feature","geometry":{"type":"Polygon","coordinates":[[[88.4948,22.7382],[88.5243,22.6883],[88.5355,22.7345],[88.4948,22.7382]]]},"properties":{"AC_NO":119,"AC_NAME":"BARASAT","PC_NO":17,"PC_NAME":"BARASAT","district":"NORTH TWENTY-FOUR PARGANAS"}},{"type":"Feature","geometry":{"type":"Polygon","coordinates":[[[88.7087,22.7192],[88.744,22.8095],[88.7374,22.8194],[88.661,22.7647],[88.5874,22.7627],[88.5355,22.7345],[88.5243,22.6883],[88.5633,22.6863],[88.7228,22.6512],[88.7087,22.7192]]]},"properties":{"AC_NO":120,"AC_NAME":"DEGANGA","PC_NO":17,"PC_NAME":"BARASAT","district":"NORTH TWENTY-FOUR PARGANAS"}},{"type":"Feature","geometry":{"type":"Polygon","coordinates":[[[88.7228,22.6512],[88.5633,22.6863],[88.4964,22.6284],[88.5581,22.6199],[88.5886,22.6154],[88.6655,22.6247],[88.7898,22.5709],[88.7228,22.6512]]]},"properties":{"AC_NO":121,"AC_NAME":"HAROA","PC_NO":18,"PC_NAME":"BASIRHAT","district":"NORTH TWENTY-FOUR PARGANAS"}},{"type":"Feature","geometry":{"type":"Polygon","coordinates":[[[88.7898,22.5709],[88.6655,22.6247],[88.5886,22.6154],[88.6569,22.5076],[88.757,22.3933],[88.7415,22.4742],[88.8477,22.5019],[88.7898,22.5709]]]},"properties":{"AC_NO":122,"AC_NAME":"MINAKHAN (SC)","PC_NO":18,"PC_NAME":"BASIRHAT","district":"NORTH TWENTY-FOUR PARGANAS"}},{"type":"Feature","geometry":{"type":"Polygon","coordinates":[[[88.9398,22.261],[88.9024,22.306],[88.9278,22.3997],[88.848,22.5016],[88.8477,22.5019],[88.7415,22.4742],[88.757,22.3933],[88.8197,22.3652],[88.811,22.3152],[88.9398,22.261]]]},"properties":{"AC_NO":123,"AC_NAME":"SANDESHKHALI (ST)","PC_NO":18,"PC_NAME":"BASIRHAT","district":"NORTH TWENTY-FOUR PARGANAS"}},{"type":"Feature","geometry":{"type":"Polygon","coordinates":[[[88.9449,22.5575],[88.9282,22.7186],[88.8852,22.7],[88.842,22.6902],[88.8307,22.5922],[88.9135,22.5659],[88.9449,22.5575]]]},"properties":{"AC_NO":124,"AC_NAME":"BASIRHAT DAKSHIN","PC_NO":18,"PC_NAME":"BASIRHAT","district":"NORTH TWENTY-FOUR PARGANAS"}},{"type":"Feature","geometry":{"type":"Polygon","coordinates":[[[88.842,22.6902],[88.7087,22.7192],[88.7228,22.6512],[88.7898,22.5709],[88.8477,22.5019],[88.848,22.5016],[88.9135,22.5659],[88.8307,22.5922],[88.842,22.6902]]]},"properties":{"AC_NO":125,"AC_NAME":"BASIRHAT UTTAR","PC_NO":18,"PC_NAME":"BASIRHAT","district":"NORTH TWENTY-FOUR PARGANAS"}},{"type":"Feature","geometry":{"type":"Polygon","coordinates":[[[88.9449,22.5575],[88.9135,22.5659],[88.848,22.5016],[88.9278,22.3997],[88.9024,22.306],[88.9398,22.261],[88.9781,22.2022],[89.0692,22.1815],[88.9847,22.327],[88.9959,22.4692],[88.9449,22.5575]]]},"properties":{"AC_NO":126,"AC_NAME":"HINGALGANJ (SC)","PC_NO":18,"PC_NAME":"BASIRHAT","district":"NORTH TWENTY-FOUR PARGANAS"}},{"type":"Feature","geometry":{"type":"Polygon","coordinates":[[[88.9398,22.261],[88.811,22.3152],[88.745,22.1977],[88.7396,22.0177],[88.6979,21.9179],[88.6518,21.704],[88.6762,21.6365],[88.6345,21.5503],[88.8699,21.5323],[89.1357,21.5863],[89.145,21.6489],[89.0277,21.788],[89.0275,21.924],[89.0751,22.0142],[89.0383,22.0985],[89.0692,22.1815],[88.9781,22.2022],[88.9398,22.261]]]},"properties":{"AC_NO":127,"AC_NAME":"GOSABA (SC)","PC_NO":19,"PC_NAME":"JAYNAGAR (SC)","district":"SOUTH 24PARGANAS"}},{"type":"Feature","geometry":{"type":"Polygon","coordinates":[[[88.811,22.3152],[88.8197,22.3652],[88.6996,22.3529],[88.6653,22.3171],[88.6244,22.2125],[88.6349,22.1272],[88.6272,21.9255],[88.6979,21.9179],[88.7396,22.0177],[88.745,22.1977],[88.811,22.3152]]]},"properties":{"AC_NO":128,"AC_NAME":"BASANTI (SC)","PC_NO":19,"PC_NAME":"JAYNAGAR (SC)","district":"SOUTH 24PARGANAS"}},{"type":"Feature","geometry":{"type":"Polygon","coordinates":[[[88.6349,22.1272],[88.5867,22.2055],[88.5422,22.1734],[88.4842,22.1013],[88.4622,22.0145],[88.4857,21.8836],[88.4957,21.7795],[88.4504,21.7135],[88.4761,21.6284],[88.434,21.5469],[88.5287,21.5276],[88.6345,21.5503],[88.6762,21.6365],[88.6518,21.704],[88.6979,21.9179],[88.6272,21.9255],[88.6349,22.1272]]]},"properties":{"AC_NO":129,"AC_NAME":"KULTALI (SC)","PC_NO":19,"PC_NAME":"JAYNAGAR (SC)","district":"SOUTH 24PARGANAS"}},{"type":"Feature","geometry":{"type":"Polygon","coordinates":[[[88.4857,21.8836],[88.3968,21.9001],[88.2992,21.9747],[88.3007,21.9467],[88.3468,21.8344],[88.2478,21.7909],[88.2692,21.6938],[88.3309,21.6115],[88.3338,21.543],[88.434,21.5469],[88.4761,21.6284],[88.4504,21.7135],[88.4957,21.7795],[88.4857,21.8836]]]},"properties":{"AC_NO":130,"AC_NAME":"PATHARPRATIMA","PC_NO":20,"PC_NAME":"MATHURAPUR (SC)","district":"SOUTH 24PARGANAS"}},{"type":"Feature","geometry":{"type":"Polygon","coordinates":[[[88.3007,21.9467],[88.1515,22.0228],[88.128,22.0013],[88.0993,21.969],[88.194,21.7398],[88.2692,21.6938],[88.2478,21.7909],[88.3468,21.8344],[88.3007,21.9467]]]},"properties":{"AC_NO":131,"AC_NAME":"KAKDWIP","PC_NO":20,"PC_NAME":"MATHURAPUR (SC)","district":"SOUTH 24PARGANAS"}},{"type":"Feature","geometry":{"type":"Polygon","coordinates":[[[88.2692,21.6938],[88.194,21.7398],[88.0993,21.969],[88.0686,21.9061],[87.9977,21.8171],[87.902,21.6869],[87.9918,21.513],[88.2288,21.4837],[88.3338,21.543],[88.3309,21.6115],[88.2692,21.6938]]]},"properties":{"AC_NO":132,"AC_NAME":"SAGAR","PC_NO":20,"PC_NAME":"MATHURAPUR (SC)","district":"SOUTH 24PARGANAS"}},{"type":"Feature","geometry":{"type":"Polygon","coordinates":[[[88.2934,22.1602],[88.2476,22.1658],[88.1926,22.1445],[88.1749,22.0483],[88.1515,22.0228],[88.3007,21.9467],[88.2992,21.9747],[88.3169,22.0302],[88.2934,22.1602]]]},"properties":{"AC_NO":133,"AC_NAME":"KULPI","PC_NO":20,"PC_NAME":"MATHURAPUR (SC)","district":"SOUTH 24PARGANAS"}},{"type":"Feature","geometry":{"type":"Polygon","coordinates":[[[88.4842,22.1013],[88.4242,22.1464],[88.3169,22.0302],[88.2992,21.9747],[88.3968,21.9001],[88.4857,21.8836],[88.4622,22.0145],[88.4842,22.1013]]]},"properties":{"AC_NO":134,"AC_NAME":"RAIDIGHI","PC_NO":20,"PC_NAME":"MATHURAPUR (SC)","district":"SOUTH 24PARGANAS"}},{"type":"Feature","geometry":{"type":"Polygon","coordinates":[[[88.3687,22.183],[88.2934,22.1602],[88.3169,22.0302],[88.4242,22.1464],[88.4093,22.182],[88.3687,22.183]]]},"properties":{"AC_NO":135,"AC_NAME":"MANDIRBAZAR (SC)","PC_NO":20,"PC_NAME":"MATHURAPUR (SC)","district":"SOUTH 24PARGANAS"}},{"type":"Feature","geometry":{"type":"Polygon","coordinates":[[[88.5422,22.1734],[88.4234,22.2235],[88.4093,22.182],[88.4242,22.1464],[88.4842,22.1013],[88.5422,22.1734]]]},"properties":{"AC_NO":136,"AC_NAME":"JAYNAGAR (SC)","PC_NO":19,"PC_NAME":"JAYNAGAR (SC)","district":"SOUTH 24PARGANAS"}},{"type":"Feature","geometry":{"type":"Polygon","coordinates":[[[88.5171,22.391],[88.4587,22.4117],[88.4393,22.2681],[88.4234,22.2235],[88.5422,22.1734],[88.5867,22.2055],[88.5171,22.391]]]},"properties":{"AC_NO":137,"AC_NAME":"BARUIPUR PURBA(SC)","PC_NO":22,"PC_NAME":"JADAVPUR","district":"SOUTH 24PARGANAS"}},{"type":"Feature","geometry":{"type":"Polygon","coordinates":[[[88.6653,22.3171],[88.5654,22.3521],[88.5385,22.4181],[88.5171,22.391],[88.5867,22.2055],[88.6349,22.1272],[88.6244,22.2125],[88.6653,22.3171]]]},"properties":{"AC_NO":138,"AC_NAME":"CANNING PASCHIM(SC)","PC_NO":19,"PC_NAME":"JAYNAGAR (SC)","district":"SOUTH 24PARGANAS"}},{"type":"Feature","geometry":{"type":"Polygon","coordinates":[[[88.6569,22.5076],[88.535,22.4846],[88.4704,22.5045],[88.5385,22.4181],[88.5654,22.3521],[88.6653,22.3171],[88.6996,22.3529],[88.8197,22.3652],[88.757,22.3933],[88.6569,22.5076]]]},"properties":{"AC_NO":139,"AC_NAME":"CANNING PURBA","PC_NO":19,"PC_NAME":"JAYNAGAR (SC)","district":"SOUTH 24PARGANAS"}},{"type":"Feature","geometry":{"type":"Polygon","coordinates":[[[88.4393,22.2681],[88.4587,22.4117],[88.3815,22.3565],[88.3919,22.3243],[88.4393,22.2681]]]},"properties":{"AC_NO":140,"AC_NAME":"BARUIPUR PASCHIM","PC_NO":22,"PC_NAME":"JADAVPUR","district":"SOUTH 24PARGANAS"}},{"type":"Feature","geometry":{"type":"Polygon","coordinates":[[[88.3919,22.3243],[88.3216,22.3261],[88.3193,22.2386],[88.3687,22.183],[88.4093,22.182],[88.4234,22.2235],[88.4393,22.2681],[88.3919,22.3243]]]},"properties":{"AC_NO":141,"AC_NAME":"MAGRAHAT PURBA(SC)","PC_NO":19,"PC_NAME":"JAYNAGAR (SC)","district":"SOUTH 24PARGANAS"}},{"type":"Feature","geometry":{"type":"Polygon","coordinates":[[[88.3216,22.3261],[88.2839,22.3361],[88.262,22.3247],[88.2652,22.2545],[88.2476,22.1658],[88.2934,22.1602],[88.3687,22.183],[88.3193,22.2386],[88.3216,22.3261]]]},"properties":{"AC_NO":142,"AC_NAME":"MAGRAHAT PASCHIM","PC_NO":20,"PC_NAME":"MATHURAPUR (SC)","district":"SOUTH 24PARGANAS"}},{"type":"Feature","geometry":{"type":"Polygon","coordinates":[[[88.2652,22.2545],[88.1562,22.2866],[88.0807,22.2517],[88.06,22.2061],[88.0885,22.1986],[88.1926,22.1445],[88.2476,22.1658],[88.2652,22.2545]]]},"properties":{"AC_NO":143,"AC_NAME":"DIAMOND HARBOUR","PC_NO":21,"PC_NAME":"DIAMOND HARBOUR","district":"SOUTH 24PARGANAS"}},{"type":"Feature","geometry":{"type":"Polygon","coordinates":[[[88.262,22.3247],[88.0911,22.3654],[88.0964,22.3027],[88.0807,22.2517],[88.1562,22.2866],[88.2652,22.2545],[88.262,22.3247]]]},"properties":{"AC_NO":144,"AC_NAME":"FALTA","PC_NO":21,"PC_NAME":"DIAMOND HARBOUR","district":"SOUTH 24PARGANAS"}},{"type":"Feature","geometry":{"type":"Polygon","coordinates":[[[88.2839,22.3361],[88.2234,22.4565],[88.1295,22.398],[88.0911,22.3654],[88.262,22.3247],[88.2839,22.3361]]]},"properties":{"AC_NO":145,"AC_NAME":"SATGACHHIA","PC_NO":21,"PC_NAME":"DIAMOND HARBOUR","district":"SOUTH 24PARGANAS"}},{"type":"Feature","geometry":{"type":"Polygon","coordinates":[[[88.272,22.4785],[88.2331,22.476],[88.2234,22.4565],[88.2839,22.3361],[88.3216,22.3261],[88.3919,22.3243],[88.3815,22.3565],[88.3786,22.3792],[88.3406,22.4289],[88.2974,22.4449],[88.272,22.4785]]]},"properties":{"AC_NO":146,"AC_NAME":"BISHNUPUR (SC)","PC_NO":21,"PC_NAME":"DIAMOND HARBOUR","district":"SOUTH 24PARGANAS"}},{"type":"Feature","geometry":{"type":"Polygon","coordinates":[[[88.5385,22.4181],[88.4704,22.5045],[88.4638,22.5],[88.4731,22.4455],[88.3786,22.3792],[88.3815,22.3565],[88.4587,22.4117],[88.5171,22.391],[88.5385,22.4181]]]},"properties":{"AC_NO":147,"AC_NAME":"SONARPUR DAKSHIN","PC_NO":22,"PC_NAME":"JADAVPUR","district":"SOUTH 24PARGANAS"}},{"type":"Feature","geometry":{"type":"Polygon","coordinates":[[[88.5886,22.6154],[88.5581,22.6199],[88.5226,22.5509],[88.4373,22.5718],[88.4443,22.5015],[88.4638,22.5],[88.4704,22.5045],[88.535,22.4846],[88.6569,22.5076],[88.5886,22.6154]]]},"properties":{"AC_NO":148,"AC_NAME":"BHANGAR","PC_NO":22,"PC_NAME":"JADAVPUR","district":"SOUTH 24PARGANAS"}},{"type":"Feature","geometry":{"type":"Polygon","coordinates":[[[88.4271,22.5144],[88.4003,22.559],[88.3974,22.5508],[88.3837,22.5322],[88.3705,22.5134],[88.3686,22.5048],[88.4108,22.4759],[88.4271,22.5144]]]},"properties":{"AC_NO":149,"AC_NAME":"KASBA","PC_NO":23,"PC_NAME":"KOLKATA DAKSHIN","district":"KOLK>TA"}},{"type":"Feature","geometry":{"type":"Polygon","coordinates":[[[88.4108,22.4759],[88.3686,22.5048],[88.3476,22.4993],[88.389,22.4542],[88.4108,22.4759]]]},"properties":{"AC_NO":150,"AC_NAME":"JADAVPUR","PC_NO":22,"PC_NAME":"JADAVPUR","district":"KOLK>TA"}},{"type":"Feature","geometry":{"type":"Polygon","coordinates":[[[88.3786,22.3792],[88.4731,22.4455],[88.4638,22.5],[88.4443,22.5015],[88.4271,22.5144],[88.4108,22.4759],[88.389,22.4542],[88.346,22.4472],[88.3406,22.4289],[88.3786,22.3792]]]},"properties":{"AC_NO":151,"AC_NAME":"SONARPUR UTTAR","PC_NO":22,"PC_NAME":"JADAVPUR","district":"SOUTH 24PARGANAS"}},{"type":"Feature","geometry":{"type":"Polygon","coordinates":[[[88.389,22.4542],[88.3476,22.4993],[88.3293,22.508],[88.3263,22.494],[88.346,22.4472],[88.389,22.4542]]]},"properties":{"AC_NO":152,"AC_NAME":"TOLLYGANJ","PC_NO":22,"PC_NAME":"JADAVPUR","district":"KOLK>TA"}},{"type":"Feature","geometry":{"type":"Polygon","coordinates":[[[88.346,22.4472],[88.3263,22.494],[88.2974,22.4449],[88.3406,22.4289],[88.346,22.4472]]]},"properties":{"AC_NO":153,"AC_NAME":"BEHALA PURBA","PC_NO":23,"PC_NAME":"KOLKATA DAKSHIN","district":"KOLK>TA"}},{"type":"Feature","geometry":{"type":"Polygon","coordinates":[[[88.3148,22.51],[88.2965,22.5153],[88.272,22.4785],[88.2974,22.4449],[88.3263,22.494],[88.3293,22.508],[88.3148,22.51]]]},"properties":{"AC_NO":154,"AC_NAME":"BEHALA PASCHIM","PC_NO":23,"PC_NAME":"KOLKATA DAKSHIN","district":"KOLK>TA"}},{"type":"Feature","geometry":{"type":"Polygon","coordinates":[[[88.2891,22.5193],[88.239,22.5234],[88.2017,22.5121],[88.2331,22.476],[88.272,22.4785],[88.2965,22.5153],[88.2891,22.5193]]]},"properties":{"AC_NO":155,"AC_NAME":"MAHESHTALA","PC_NO":21,"PC_NAME":"DIAMOND HARBOUR","district":"SOUTH 24PARGANAS"}},{"type":"Feature","geometry":{"type":"Polygon","coordinates":[[[88.2331,22.476],[88.2017,22.5121],[88.1942,22.5063],[88.1232,22.445],[88.1295,22.398],[88.2234,22.4565],[88.2331,22.476]]]},"properties":{"AC_NO":156,"AC_NAME":"BUDGE BUDGE","PC_NO":21,"PC_NAME":"DIAMOND HARBOUR","district":"SOUTH 24PARGANAS"}},{"type":"Feature","geometry":{"type":"Polygon","coordinates":[[[88.2717,22.5568],[88.2349,22.5556],[88.239,22.5234],[88.2891,22.5193],[88.2717,22.5568]]]},"properties":{"AC_NO":157,"AC_NAME":"METIABURUZ","PC_NO":21,"PC_NAME":"DIAMOND HARBOUR","district":"KOLK>TA"}},{"type":"Feature","geometry":{"type":"Polygon","coordinates":[[[88.2717,22.5568],[88.2891,22.5193],[88.2965,22.5153],[88.3148,22.51],[88.3174,22.5186],[88.3217,22.5524],[88.2717,22.5568]]]},"properties":{"AC_NO":158,"AC_NAME":"KOLKATA PORT","PC_NO":23,"PC_NAME":"KOLKATA DAKSHIN","district":"KOLK>TA"}},{"type":"Feature","geometry":{"type":"Polygon","coordinates":[[[88.3559,22.553],[88.3347,22.5701],[88.3217,22.5524],[88.3174,22.5186],[88.3509,22.5235],[88.3559,22.553]]]},"properties":{"AC_NO":159,"AC_NAME":"BHABANIPUR","PC_NO":23,"PC_NAME":"KOLKATA DAKSHIN","district":"KOLK>TA"}},{"type":"Feature","geometry":{"type":"Polygon","coordinates":[[[88.3705,22.5134],[88.3509,22.5235],[88.3174,22.5186],[88.3148,22.51],[88.3293,22.508],[88.3476,22.4993],[88.3686,22.5048],[88.3705,22.5134]]]},"properties":{"AC_NO":160,"AC_NAME":"RASHBEHARI","PC_NO":23,"PC_NAME":"KOLKATA DAKSHIN","district":"KOLK>TA"}},{"type":"Feature","geometry":{"type":"Polygon","coordinates":[[[88.3837,22.5322],[88.3651,22.5547],[88.3559,22.553],[88.3509,22.5235],[88.3705,22.5134],[88.3837,22.5322]]]},"properties":{"AC_NO":161,"AC_NAME":"BALLYGUNGE","PC_NO":23,"PC_NAME":"KOLKATA DAKSHIN","district":"KOLK>TA"}},{"type":"Feature","geometry":{"type":"Polygon","coordinates":[[[88.3728,22.5707],[88.3436,22.5808],[88.3347,22.5701],[88.3559,22.553],[88.3651,22.5547],[88.3691,22.5644],[88.3728,22.5707]]]},"properties":{"AC_NO":162,"AC_NAME":"CHOWRANGEE","PC_NO":24,"PC_NAME":"KOLKATA UTTAR","district":"KOLK>TA"}},{"type":"Feature","geometry":{"type":"Polygon","coordinates":[[[88.3974,22.5508],[88.3691,22.5644],[88.3651,22.5547],[88.3837,22.5322],[88.3974,22.5508]]]},"properties":{"AC_NO":163,"AC_NAME":"ENTALLY","PC_NO":24,"PC_NAME":"KOLKATA UTTAR","district":"KOLK>TA"}},{"type":"Feature","geometry":{"type":"Polygon","coordinates":[[[88.4003,22.559],[88.4081,22.5608],[88.3744,22.5835],[88.3728,22.5707],[88.3691,22.5644],[88.3974,22.5508],[88.4003,22.559]]]},"properties":{"AC_NO":164,"AC_NAME":"BELEGHATA","PC_NO":24,"PC_NAME":"KOLKATA UTTAR","district":"KOLK>TA"}},{"type":"Feature","geometry":{"type":"Polygon","coordinates":[[[88.3744,22.5835],[88.3679,22.5879],[88.3459,22.5876],[88.3436,22.5808],[88.3728,22.5707],[88.3744,22.5835]]]},"properties":{"AC_NO":165,"AC_NAME":"JORASANKO","PC_NO":24,"PC_NAME":"KOLKATA UTTAR","district":"KOLK>TA"}},{"type":"Feature","geometry":{"type":"Polygon","coordinates":[[[88.3679,22.5879],[88.3724,22.6052],[88.3654,22.6092],[88.3459,22.5876],[88.3679,22.5879]]]},"properties":{"AC_NO":166,"AC_NAME":"SHYAMPUKUR","PC_NO":24,"PC_NAME":"KOLKATA UTTAR","district":"KOLK>TA"}},{"type":"Feature","geometry":{"type":"Polygon","coordinates":[[[88.4081,22.5608],[88.4087,22.5624],[88.3958,22.5919],[88.3724,22.6052],[88.3679,22.5879],[88.3744,22.5835],[88.4081,22.5608]]]},"properties":{"AC_NO":167,"AC_NAME":"MANIKTALA","PC_NO":24,"PC_NAME":"KOLKATA UTTAR","district":"KOLK>TA"}},{"type":"Feature","geometry":{"type":"Polygon","coordinates":[[[88.3928,22.6271],[88.3612,22.6314],[88.3659,22.6166],[88.3654,22.6092],[88.3724,22.6052],[88.3958,22.5919],[88.3937,22.6048],[88.3928,22.6271]]]},"properties":{"AC_NO":168,"AC_NAME":"KASHIPURBELGACHHIA","PC_NO":24,"PC_NAME":"KOLKATA UTTAR","district":"KOLK>TA"}},{"type":"Feature","geometry":{"type":"Polygon","coordinates":[[[88.3525,22.6558],[88.3423,22.6599],[88.3383,22.613],[88.3659,22.6166],[88.3612,22.6314],[88.3525,22.6558]]]},"properties":{"AC_NO":169,"AC_NAME":"BALLY","PC_NO":25,"PC_NAME":"HOWRAH","district":"H>ORA"}},{"type":"Feature","geometry":{"type":"Polygon","coordinates":[[[88.3654,22.6092],[88.3659,22.6166],[88.3383,22.613],[88.3167,22.6009],[88.317,22.5816],[88.3347,22.5701],[88.3436,22.5808],[88.3459,22.5876],[88.3654,22.6092]]]},"properties":{"AC_NO":170,"AC_NAME":"HOWRAH UTTAR","PC_NO":25,"PC_NAME":"HOWRAH","district":"H>ORA"}},{"type":"Feature","geometry":{"type":"Polygon","coordinates":[[[88.3347,22.5701],[88.317,22.5816],[88.3043,22.5812],[88.3217,22.5524],[88.3347,22.5701]]]},"properties":{"AC_NO":171,"AC_NAME":"HOWRAH MADHYA","PC_NO":25,"PC_NAME":"HOWRAH","district":"H>ORA"}},{"type":"Feature","geometry":{"type":"Polygon","coordinates":[[[88.3167,22.6009],[88.2773,22.5916],[88.3043,22.5812],[88.317,22.5816],[88.3167,22.6009]]]},"properties":{"AC_NO":172,"AC_NAME":"SHIBPUR","PC_NO":25,"PC_NAME":"HOWRAH","district":"H>ORA"}},{"type":"Feature","geometry":{"type":"Polygon","coordinates":[[[88.2773,22.5916],[88.2465,22.6036],[88.2395,22.5867],[88.2349,22.5556],[88.2717,22.5568],[88.3217,22.5524],[88.3043,22.5812],[88.2773,22.5916]]]},"properties":{"AC_NO":173,"AC_NAME":"HOWRAH DAKSHIN","PC_NO":25,"PC_NAME":"HOWRAH","district":"H>ORA"}},{"type":"Feature","geometry":{"type":"Polygon","coordinates":[[[88.2395,22.5867],[88.1777,22.6058],[88.1772,22.5161],[88.1942,22.5063],[88.2017,22.5121],[88.239,22.5234],[88.2349,22.5556],[88.2395,22.5867]]]},"properties":{"AC_NO":174,"AC_NAME":"SANKRAIL (SC)","PC_NO":25,"PC_NAME":"HOWRAH","district":"H>ORA"}},{"type":"Feature","geometry":{"type":"Polygon","coordinates":[[[88.1777,22.6058],[88.06,22.6058],[88.0366,22.5907],[88.1215,22.526],[88.1772,22.5161],[88.1777,22.6058]]]},"properties":{"AC_NO":175,"AC_NAME":"PANCHLA","PC_NO":25,"PC_NAME":"HOWRAH","district":"H>ORA"}},{"type":"Feature","geometry":{"type":"Polygon","coordinates":[[[88.1772,22.5161],[88.1215,22.526],[88.0724,22.4808],[88.1232,22.445],[88.1942,22.5063],[88.1772,22.5161]]]},"properties":{"AC_NO":176,"AC_NAME":"ULUBERIA PURBA","PC_NO":26,"PC_NAME":"ULUBERIA","district":"H>ORA"}},{"type":"Feature","geometry":{"type":"Polygon","coordinates":[[[88.0366,22.5907],[87.9664,22.6184],[87.9739,22.5247],[88.0027,22.4834],[88.0724,22.4808],[88.1215,22.526],[88.0366,22.5907]]]},"properties":{"AC_NO":177,"AC_NAME":"ULUBERIA UTTAR (SC)","PC_NO":26,"PC_NAME":"ULUBERIA","district":"H>ORA"}},{"type":"Feature","geometry":{"type":"Polygon","coordinates":[[[88.0724,22.4808],[88.0027,22.4834],[88.0247,22.3984],[88.0964,22.3027],[88.0911,22.3654],[88.1295,22.398],[88.1232,22.445],[88.0724,22.4808]]]},"properties":{"AC_NO":178,"AC_NAME":"ULUBERIA DAKSHIN","PC_NO":26,"PC_NAME":"ULUBERIA","district":"H>ORA"}},{"type":"Feature","geometry":{"type":"Polygon","coordinates":[[[88.0247,22.3984],[87.9398,22.3939],[87.9604,22.2665],[88.06,22.2061],[88.0807,22.2517],[88.0964,22.3027],[88.0247,22.3984]]]},"properties":{"AC_NO":179,"AC_NAME":"SHYAMPUR","PC_NO":26,"PC_NAME":"ULUBERIA","district":"H>ORA"}},{"type":"Feature","geometry":{"type":"Polygon","coordinates":[[[88.0027,22.4834],[87.9739,22.5247],[87.8989,22.4755],[87.9106,22.4272],[87.9398,22.3939],[88.0247,22.3984],[88.0027,22.4834]]]},"properties":{"AC_NO":180,"AC_NAME":"BAGNAN","PC_NO":26,"PC_NAME":"ULUBERIA","district":"H>ORA"}},{"type":"Feature","geometry":{"type":"Polygon","coordinates":[[[87.9664,22.6184],[87.9377,22.6341],[87.8517,22.5952],[87.8858,22.5096],[87.8989,22.4755],[87.9739,22.5247],[87.9664,22.6184]]]},"properties":{"AC_NO":181,"AC_NAME":"AMTA","PC_NO":26,"PC_NAME":"ULUBERIA","district":"H>ORA"}},{"type":"Feature","geometry":{"type":"Polygon","coordinates":[[[87.9862,22.7805],[87.9256,22.6882],[87.9377,22.6341],[87.9664,22.6184],[88.0366,22.5907],[88.06,22.6058],[88.0656,22.6856],[87.994,22.7034],[87.9862,22.7805]]]},"properties":{"AC_NO":182,"AC_NAME":"UDAYNARAYANPUR","PC_NO":26,"PC_NAME":"ULUBERIA","district":"H>ORA"}},{"type":"Feature","geometry":{"type":"Polygon","coordinates":[[[88.175,22.6857],[88.0656,22.6856],[88.06,22.6058],[88.1777,22.6058],[88.2395,22.5867],[88.2465,22.6036],[88.2262,22.6722],[88.175,22.6857]]]},"properties":{"AC_NO":183,"AC_NAME":"JAGATBALLAVPUR","PC_NO":27,"PC_NAME":"SREERAMPUR","district":"H>ORA"}},{"type":"Feature","geometry":{"type":"Polygon","coordinates":[[[88.3206,22.6688],[88.2262,22.6722],[88.2465,22.6036],[88.2773,22.5916],[88.3167,22.6009],[88.3383,22.613],[88.3423,22.6599],[88.3206,22.6688]]]},"properties":{"AC_NO":184,"AC_NAME":"DOMJUR","PC_NO":27,"PC_NAME":"SREERAMPUR","district":"H>ORA"}},{"type":"Feature","geometry":{"type":"Polygon","coordinates":[[[88.3594,22.7109],[88.32,22.7046],[88.3206,22.6688],[88.3423,22.6599],[88.3525,22.6558],[88.3531,22.6594],[88.3629,22.6841],[88.3594,22.7109]]]},"properties":{"AC_NO":185,"AC_NAME":"UTTARPARA","PC_NO":27,"PC_NAME":"SREERAMPUR","district":"HUGLI"}},{"type":"Feature","geometry":{"type":"Polygon","coordinates":[[[88.3597,22.7334],[88.3003,22.7439],[88.2803,22.7158],[88.32,22.7046],[88.3594,22.7109],[88.3589,22.7186],[88.3597,22.7334]]]},"properties":{"AC_NO":186,"AC_NAME":"SREERAMPUR","PC_NO":27,"PC_NAME":"SREERAMPUR","district":"HUGLI"}},{"type":"Feature","geometry":{"type":"Polygon","coordinates":[[[88.3748,22.8364],[88.3394,22.8355],[88.3003,22.7439],[88.3597,22.7334],[88.3616,22.7418],[88.348,22.7595],[88.3769,22.8351],[88.3748,22.8364]]]},"properties":{"AC_NO":187,"AC_NAME":"CHAMPDANI","PC_NO":27,"PC_NAME":"SREERAMPUR","district":"HUGLI"}},{"type":"Feature","geometry":{"type":"Polygon","coordinates":[[[88.3159,22.8761],[88.219,22.8757],[88.2108,22.7699],[88.2147,22.7659],[88.2803,22.7158],[88.3003,22.7439],[88.3394,22.8355],[88.3266,22.8734],[88.3159,22.8761]]]},"properties":{"AC_NO":188,"AC_NAME":"SINGUR","PC_NO":28,"PC_NAME":"HOOGHLY","district":"HUGLI"}},{"type":"Feature","geometry":{"type":"Polygon","coordinates":[[[88.3853,22.8682],[88.3266,22.8734],[88.3394,22.8355],[88.3748,22.8364],[88.3853,22.8682]]]},"properties":{"AC_NO":189,"AC_NAME":"CHANDANNAGAR","PC_NO":28,"PC_NAME":"HOOGHLY","district":"HUGLI"}},{"type":"Feature","geometry":{"type":"Polygon","coordinates":[[[88.4078,22.966],[88.3583,22.9871],[88.3159,22.8761],[88.3266,22.8734],[88.3853,22.8682],[88.3899,22.8696],[88.408,22.8844],[88.4092,22.9291],[88.4127,22.9431],[88.4078,22.966]]]},"properties":{"AC_NO":190,"AC_NAME":"CHUNCHURA","PC_NO":28,"PC_NAME":"HOOGHLY","district":"HUGLI"}},{"type":"Feature","geometry":{"type":"Polygon","coordinates":[[[88.5053,23.1025],[88.469,23.1986],[88.4147,23.2112],[88.3524,23.1183],[88.326,23.021],[88.4049,22.9858],[88.4996,23.0846],[88.5053,23.1025]]]},"properties":{"AC_NO":191,"AC_NAME":"BALAGARH (SC)","PC_NO":28,"PC_NAME":"HOOGHLY","district":"HUGLI"}},{"type":"Feature","geometry":{"type":"Polygon","coordinates":[[[88.3524,23.1183],[88.1862,23.16],[88.1579,23.1029],[88.1504,23.0851],[88.239,22.9941],[88.326,23.021],[88.3524,23.1183]]]},"properties":{"AC_NO":192,"AC_NAME":"PANDUA","PC_NO":28,"PC_NAME":"HOOGHLY","district":"HUGLI"}},{"type":"Feature","geometry":{"type":"Polygon","coordinates":[[[88.326,23.021],[88.239,22.9941],[88.2193,22.8784],[88.219,22.8757],[88.3159,22.8761],[88.3583,22.9871],[88.4078,22.966],[88.4049,22.9858],[88.326,23.021]]]},"properties":{"AC_NO":193,"AC_NAME":"SAPTAGRAM","PC_NO":28,"PC_NAME":"HOOGHLY","district":"HUGLI"}},{"type":"Feature","geometry":{"type":"Polygon","coordinates":[[[88.2803,22.7158],[88.2147,22.7659],[88.175,22.6857],[88.2262,22.6722],[88.3206,22.6688],[88.32,22.7046],[88.2803,22.7158]]]},"properties":{"AC_NO":194,"AC_NAME":"CHANDITALA","PC_NO":27,"PC_NAME":"SREERAMPUR","district":"HUGLI"}},{"type":"Feature","geometry":{"type":"Polygon","coordinates":[[[88.0159,22.7868],[87.9798,22.7937],[87.9862,22.7805],[87.994,22.7034],[88.0656,22.6856],[88.175,22.6857],[88.2147,22.7659],[88.2108,22.7699],[88.0159,22.7868]]]},"properties":{"AC_NO":195,"AC_NAME":"JANGIPARA","PC_NO":27,"PC_NAME":"SREERAMPUR","district":"HUGLI"}},{"type":"Feature","geometry":{"type":"Polygon","coordinates":[[[88.0992,22.9056],[88.0159,22.7868],[88.2108,22.7699],[88.219,22.8757],[88.2193,22.8784],[88.0992,22.9056]]]},"properties":{"AC_NO":196,"AC_NAME":"HARIPAL","PC_NO":29,"PC_NAME":"ARAMBAG (SC)","district":"HUGLI"}},{"type":"Feature","geometry":{"type":"Polygon","coordinates":[[[88.239,22.9941],[88.1504,23.0851],[88.0648,23.0497],[88.0087,22.9678],[88.0992,22.9056],[88.2193,22.8784],[88.239,22.9941]]]},"properties":{"AC_NO":197,"AC_NAME":"DHANEKHALI(SC)","PC_NO":28,"PC_NAME":"HOOGHLY","district":"HUGLI"}},{"type":"Feature","geometry":{"type":"Polygon","coordinates":[[[88.0992,22.9056],[88.0087,22.9678],[87.9612,22.9519],[87.9798,22.7937],[88.0159,22.7868],[88.0992,22.9056]]]},"properties":{"AC_NO":198,"AC_NAME":"TARAKESWAR","PC_NO":29,"PC_NAME":"ARAMBAG (SC)","district":"HUGLI"}},{"type":"Feature","geometry":{"type":"Polygon","coordinates":[[[87.9612,22.9519],[87.9556,22.9534],[87.9337,22.944],[87.8599,22.8742],[87.8785,22.775],[87.9256,22.6882],[87.9862,22.7805],[87.9798,22.7937],[87.9612,22.9519]]]},"properties":{"AC_NO":199,"AC_NAME":"PURSURAH","PC_NO":29,"PC_NAME":"ARAMBAG (SC)","district":"HUGLI"}},{"type":"Feature","geometry":{"type":"Polygon","coordinates":[[[87.9337,22.944],[87.7591,22.9636],[87.751,22.7733],[87.8785,22.775],[87.8599,22.8742],[87.9337,22.944]]]},"properties":{"AC_NO":200,"AC_NAME":"ARAMBAG (SC)","PC_NO":29,"PC_NAME":"ARAMBAG (SC)","district":"HUGLI"}},{"type":"Feature","geometry":{"type":"Polygon","coordinates":[[[87.7113,23.0105],[87.6442,22.988],[87.6115,22.8886],[87.522,22.9298],[87.5424,22.8648],[87.6967,22.7786],[87.7429,22.7701],[87.751,22.7733],[87.7591,22.9636],[87.7267,22.9968],[87.7113,23.0105]]]},"properties":{"AC_NO":201,"AC_NAME":"GOGHAT (SC)","PC_NO":29,"PC_NAME":"ARAMBAG (SC)","district":"HUGLI"}},{"type":"Feature","geometry":{"type":"Polygon","coordinates":[[[87.9256,22.6882],[87.8785,22.775],[87.751,22.7733],[87.7429,22.7701],[87.8004,22.6393],[87.8517,22.5952],[87.9377,22.6341],[87.9256,22.6882]]]},"properties":{"AC_NO":202,"AC_NAME":"KHANAKUL","PC_NO":29,"PC_NAME":"ARAMBAG (SC)","district":"HUGLI"}},{"type":"Feature","geometry":{"type":"Polygon","coordinates":[[[87.9398,22.3939],[87.9106,22.4272],[87.8453,22.3724],[87.852,22.3216],[87.9474,22.2604],[87.9604,22.2665],[87.9398,22.3939]]]},"properties":{"AC_NO":203,"AC_NAME":"TAMLUK","PC_NO":30,"PC_NAME":"TAMLUK","district":"PURBA MEDIN|PUR"}},{"type":"Feature","geometry":{"type":"Polygon","coordinates":[[[87.8858,22.5096],[87.7567,22.4733],[87.7557,22.4165],[87.8403,22.3645],[87.8453,22.3724],[87.9106,22.4272],[87.8989,22.4755],[87.8858,22.5096]]]},"properties":{"AC_NO":204,"AC_NAME":"PANSKURA PURBA","PC_NO":30,"PC_NAME":"TAMLUK","district":"PURBA MEDIN|PUR"}},{"type":"Feature","geometry":{"type":"Polygon","coordinates":[[[87.7567,22.4733],[87.6899,22.5059],[87.646,22.4352],[87.6473,22.3257],[87.7194,22.3103],[87.8403,22.3645],[87.7557,22.4165],[87.7567,22.4733]]]},"properties":{"AC_NO":205,"AC_NAME":"PANSKURA PASCHIM","PC_NO":32,"PC_NAME":"GHATAL","district":"PURBA MEDIN|PUR"}},{"type":"Feature","geometry":{"type":"Polygon","coordinates":[[[87.852,22.3216],[87.8453,22.3724],[87.8403,22.3645],[87.7194,22.3103],[87.7092,22.2894],[87.7127,22.1705],[87.8401,22.1673],[87.8016,22.1946],[87.852,22.3216]]]},"properties":{"AC_NO":206,"AC_NAME":"MOYNA","PC_NO":30,"PC_NAME":"TAMLUK","district":"PURBA MEDIN|PUR"}},{"type":"Feature","geometry":{"type":"Polygon","coordinates":[[[87.9474,22.2604],[87.852,22.3216],[87.8016,22.1946],[87.8401,22.1673],[87.9203,22.1298],[87.9474,22.2604]]]},"properties":{"AC_NO":207,"AC_NAME":"NANDAKUMAR","PC_NO":30,"PC_NAME":"TAMLUK","district":"PURBA MEDIN|PUR"}},{"type":"Feature","geometry":{"type":"Polygon","coordinates":[[[88.06,22.2061],[87.9604,22.2665],[87.9474,22.2604],[87.9203,22.1298],[87.9617,22.0929],[88.0704,21.9997],[88.128,22.0013],[88.1515,22.0228],[88.1749,22.0483],[88.0687,22.1622],[88.0885,22.1986],[88.06,22.2061]]]},"properties":{"AC_NO":208,"AC_NAME":"MAHISADAL","PC_NO":30,"PC_NAME":"TAMLUK","district":"PURBA MEDIN|PUR"}},{"type":"Feature","geometry":{"type":"Polygon","coordinates":[[[88.1926,22.1445],[88.0885,22.1986],[88.0687,22.1622],[88.1749,22.0483],[88.1926,22.1445]]]},"properties":{"AC_NO":209,"AC_NAME":"HALDIA (SC)","PC_NO":30,"PC_NAME":"TAMLUK","district":"PURBA MEDIN|PUR"}},{"type":"Feature","geometry":{"type":"Polygon","coordinates":[[[88.128,22.0013],[88.0704,21.9997],[87.9617,22.0929],[87.8623,22.0345],[87.9047,21.9663],[88.0686,21.9061],[88.0993,21.969],[88.128,22.0013]]]},"properties":{"AC_NO":210,"AC_NAME":"NANDIGRAM","PC_NO":30,"PC_NAME":"TAMLUK","district":"PURBA MEDIN|PUR"}},{"type":"Feature","geometry":{"type":"Polygon","coordinates":[[[87.8401,22.1673],[87.7127,22.1705],[87.672,22.1045],[87.689,22.0649],[87.8075,22.0724],[87.8374,22.0356],[87.8623,22.0345],[87.9617,22.0929],[87.9203,22.1298],[87.8401,22.1673]]]},"properties":{"AC_NO":211,"AC_NAME":"CHANDIPUR","PC_NO":31,"PC_NAME":"KANTHI","district":"PURBA MEDIN|PUR"}},{"type":"Feature","geometry":{"type":"Polygon","coordinates":[[[87.672,22.1045],[87.482,22.079],[87.468,22.0266],[87.4958,21.9406],[87.6204,21.9268],[87.641,21.9237],[87.6164,22.0256],[87.689,22.0649],[87.672,22.1045]]]},"properties":{"AC_NO":212,"AC_NAME":"PATASHPUR","PC_NO":31,"PC_NAME":"KANTHI","district":"PURBA MEDIN|PUR"}},{"type":"Feature","geometry":{"type":"Polygon","coordinates":[[[87.9079,21.801],[87.8548,21.9],[87.7622,21.9197],[87.641,21.9237],[87.6204,21.9268],[87.6515,21.815],[87.7748,21.7982],[87.8142,21.718],[87.9079,21.801]]]},"properties":{"AC_NO":213,"AC_NAME":"KANTHI UTTAR","PC_NO":31,"PC_NAME":"KANTHI","district":"PURBA MEDIN|PUR"}},{"type":"Feature","geometry":{"type":"Polygon","coordinates":[[[87.8374,22.0356],[87.8075,22.0724],[87.689,22.0649],[87.6164,22.0256],[87.641,21.9237],[87.7622,21.9197],[87.7848,22.0348],[87.8374,22.0356]]]},"properties":{"AC_NO":214,"AC_NAME":"BHAGABANPUR","PC_NO":31,"PC_NAME":"KANTHI","district":"PURBA MEDIN|PUR"}},{"type":"Feature","geometry":{"type":"Polygon","coordinates":[[[87.8623,22.0345],[87.8374,22.0356],[87.7848,22.0348],[87.7622,21.9197],[87.8548,21.9],[87.9079,21.801],[87.9977,21.8171],[88.0686,21.9061],[87.9047,21.9663],[87.8623,22.0345]]]},"properties":{"AC_NO":215,"AC_NAME":"KHEJURI (SC)","PC_NO":31,"PC_NAME":"KANTHI","district":"PURBA MEDIN|PUR"}},{"type":"Feature","geometry":{"type":"Polygon","coordinates":[[[87.8142,21.718],[87.7748,21.7982],[87.6515,21.815],[87.593,21.7605],[87.7308,21.6819],[87.8142,21.718]]]},"properties":{"AC_NO":216,"AC_NAME":"KANTHI DAKSHIN","PC_NO":31,"PC_NAME":"KANTHI","district":"PURBA MEDIN|PUR"}},{"type":"Feature","geometry":{"type":"Polygon","coordinates":[[[87.7308,21.6819],[87.593,21.7605],[87.4541,21.74],[87.4837,21.613],[87.7308,21.6819]]]},"properties":{"AC_NO":217,"AC_NAME":"RAMNAGAR","PC_NO":31,"PC_NAME":"KANTHI","district":"PURBA MEDIN|PUR"}},{"type":"Feature","geometry":{"type":"Polygon","coordinates":[[[87.6204,21.9268],[87.4958,21.9406],[87.4487,21.8911],[87.4403,21.77],[87.4541,21.74],[87.593,21.7605],[87.6515,21.815],[87.6204,21.9268]]]},"properties":{"AC_NO":218,"AC_NAME":"EGRA","PC_NO":34,"PC_NAME":"MEDINIPUR","district":"PURBA MEDIN|PUR"}},{"type":"Feature","geometry":{"type":"Polygon","coordinates":[[[87.2519,21.878],[87.2521,21.8777],[87.3194,21.7908],[87.3228,21.791],[87.4403,21.77],[87.4487,21.8911],[87.4958,21.9406],[87.468,22.0266],[87.384,21.9865],[87.3688,21.989],[87.3331,21.9966],[87.326,21.8656],[87.252,21.878],[87.2519,21.878]]]},"properties":{"AC_NO":219,"AC_NAME":"DANTAN","PC_NO":34,"PC_NAME":"MEDINIPUR","district":"PASCHIM MEDIN|PUR"}},{"type":"Feature","geometry":{"type":"Polygon","coordinates":[[[86.8241,22.2667],[86.788,22.2317],[86.7818,22.237],[86.7248,22.2184],[86.7196,22.1474],[86.7226,22.1468],[86.7234,22.1467],[86.8159,22.1173],[86.8177,22.1166],[86.9657,22.0851],[87.0265,22.0369],[86.9999,21.9137],[87.0979,21.8666],[87.1053,21.9231],[87.2257,21.9579],[87.1353,22.0882],[87.0862,22.1407],[87.0486,22.1694],[86.8578,22.2592],[86.851,22.2657],[86.8241,22.2667]]]},"properties":{"AC_NO":220,"AC_NAME":"NAYAGRAM (ST)","PC_NO":33,"PC_NAME":"JHARGRAM (ST)","district":"JHARGRAM"}},{"type":"Feature","geometry":{"type":"Polygon","coordinates":[[[87.2501,22.4144],[87.1161,22.4282],[87.1168,22.3696],[86.9643,22.4015],[86.9542,22.3851],[86.9322,22.3739],[86.9158,22.3731],[86.9214,22.3685],[86.8874,22.2976],[86.8578,22.2592],[87.0486,22.1694],[87.0862,22.1407],[87.1353,22.0882],[87.1601,22.1505],[87.1796,22.1389],[87.2254,22.2363],[87.1815,22.37],[87.2501,22.4144]]]},"properties":{"AC_NO":221,"AC_NAME":"GOPIBALLAVPUR","PC_NO":33,"PC_NAME":"JHARGRAM (ST)","district":"JHARGRAM"}},{"type":"Feature","geometry":{"type":"Polygon","coordinates":[[[87.0767,22.7269],[86.9538,22.6373],[86.9148,22.5892],[86.9427,22.4544],[86.9056,22.3881],[86.9158,22.3731],[86.9322,22.3739],[86.9542,22.3851],[86.9643,22.4015],[87.1168,22.3696],[87.1161,22.4282],[87.1042,22.55],[87.0767,22.7269]]]},"properties":{"AC_NO":222,"AC_NAME":"JHARGRAM","PC_NO":33,"PC_NAME":"JHARGRAM (ST)","district":"JHARGRAM"}},{"type":"Feature","geometry":{"type":"Polygon","coordinates":[[[87.2254,22.2363],[87.1796,22.1389],[87.1601,22.1505],[87.1353,22.0882],[87.2257,21.9579],[87.2518,21.8782],[87.2519,21.878],[87.252,21.878],[87.326,21.8656],[87.3331,21.9966],[87.2805,22.0029],[87.3107,22.1371],[87.2885,22.215],[87.2254,22.2363]]]},"properties":{"AC_NO":223,"AC_NAME":"KESHIARY (ST)","PC_NO":34,"PC_NAME":"MEDINIPUR","district":"PASCHIM MEDIN|PUR"}},{"type":"Feature","geometry":{"type":"Polygon","coordinates":[[[87.3579,22.3422],[87.3258,22.3678],[87.2696,22.3525],[87.3292,22.3185],[87.3579,22.3422]]]},"properties":{"AC_NO":224,"AC_NAME":"KHARAGPUR SADAR","PC_NO":34,"PC_NAME":"MEDINIPUR","district":"PASCHIM MEDIN|PUR"}},{"type":"Feature","geometry":{"type":"Polygon","coordinates":[[[87.5049,22.2297],[87.3666,22.262],[87.2885,22.215],[87.3107,22.1371],[87.2805,22.0029],[87.3331,21.9966],[87.3688,21.989],[87.384,21.9865],[87.468,22.0266],[87.482,22.079],[87.5049,22.2297]]]},"properties":{"AC_NO":225,"AC_NAME":"NARAYANGARH","PC_NO":34,"PC_NAME":"MEDINIPUR","district":"PASCHIM MEDIN|PUR"}},{"type":"Feature","geometry":{"type":"Polygon","coordinates":[[[87.7092,22.2894],[87.6056,22.2877],[87.5049,22.2297],[87.482,22.079],[87.672,22.1045],[87.7127,22.1705],[87.7092,22.2894]]]},"properties":{"AC_NO":226,"AC_NAME":"SABANG","PC_NO":32,"PC_NAME":"GHATAL","district":"PASCHIM MEDIN|PUR"}},{"type":"Feature","geometry":{"type":"Polygon","coordinates":[[[87.5092,22.4359],[87.4955,22.4597],[87.37,22.4003],[87.3579,22.3422],[87.3292,22.3185],[87.3666,22.262],[87.5049,22.2297],[87.6056,22.2877],[87.7092,22.2894],[87.7194,22.3103],[87.6473,22.3257],[87.4778,22.3117],[87.5092,22.4359]]]},"properties":{"AC_NO":227,"AC_NAME":"PINGLA","PC_NO":32,"PC_NAME":"GHATAL","district":"PASCHIM MEDIN|PUR"}},{"type":"Feature","geometry":{"type":"Polygon","coordinates":[[[87.4955,22.4597],[87.3567,22.4986],[87.3288,22.3948],[87.2501,22.4144],[87.1815,22.37],[87.2254,22.2363],[87.2885,22.215],[87.3666,22.262],[87.3292,22.3185],[87.2696,22.3525],[87.3258,22.3678],[87.3579,22.3422],[87.37,22.4003],[87.4955,22.4597]]]},"properties":{"AC_NO":228,"AC_NAME":"KHARAGPUR","PC_NO":34,"PC_NAME":"MEDINIPUR","district":"PASCHIM MEDIN|PUR"}},{"type":"Feature","geometry":{"type":"Polygon","coordinates":[[[87.6302,22.5466],[87.5705,22.5552],[87.5092,22.4359],[87.4778,22.3117],[87.6473,22.3257],[87.646,22.4352],[87.6899,22.5059],[87.6594,22.53],[87.6302,22.5466]]]},"properties":{"AC_NO":229,"AC_NAME":"DEBRA","PC_NO":32,"PC_NAME":"GHATAL","district":"PASCHIM MEDIN|PUR"}},{"type":"Feature","geometry":{"type":"Polygon","coordinates":[[[87.8004,22.6393],[87.7245,22.6422],[87.6594,22.53],[87.6899,22.5059],[87.7567,22.4733],[87.8858,22.5096],[87.8517,22.5952],[87.8004,22.6393]]]},"properties":{"AC_NO":230,"AC_NAME":"DASPUR","PC_NO":32,"PC_NAME":"GHATAL","district":"PASCHIM MEDIN|PUR"}},{"type":"Feature","geometry":{"type":"Polygon","coordinates":[[[87.7429,22.7701],[87.6967,22.7786],[87.6251,22.6786],[87.6302,22.5466],[87.6594,22.53],[87.7245,22.6422],[87.8004,22.6393],[87.7429,22.7701]]]},"properties":{"AC_NO":231,"AC_NAME":"GHATAL (SC)","PC_NO":32,"PC_NAME":"GHATAL","district":"PASCHIM MEDIN|PUR"}},{"type":"Feature","geometry":{"type":"Polygon","coordinates":[[[87.6967,22.7786],[87.5424,22.8648],[87.4778,22.8289],[87.5056,22.6984],[87.5705,22.5552],[87.6302,22.5466],[87.6251,22.6786],[87.6967,22.7786]]]},"properties":{"AC_NO":232,"AC_NAME":"CHANDRAKONA (SC)","PC_NO":29,"PC_NAME":"ARAMBAG (SC)","district":"PASCHIM MEDIN|PUR"}},{"type":"Feature","geometry":{"type":"Polygon","coordinates":[[[87.4159,22.932],[87.3586,22.9554],[87.2203,22.9064],[87.142,22.8523],[87.1814,22.8049],[87.3081,22.7621],[87.3302,22.8009],[87.4778,22.8289],[87.5424,22.8648],[87.522,22.9298],[87.4159,22.932]]]},"properties":{"AC_NO":233,"AC_NAME":"GARBETA","PC_NO":33,"PC_NAME":"JHARGRAM (ST)","district":"PASCHIM MEDIN|PUR"}},{"type":"Feature","geometry":{"type":"Polygon","coordinates":[[[87.4778,22.8289],[87.3302,22.8009],[87.3081,22.7621],[87.1814,22.8049],[87.142,22.8523],[87.0601,22.8437],[87.0767,22.7269],[87.1042,22.55],[87.1559,22.5446],[87.2727,22.6338],[87.3257,22.6428],[87.5056,22.6984],[87.4778,22.8289]]]},"properties":{"AC_NO":234,"AC_NAME":"SALBONI","PC_NO":33,"PC_NAME":"JHARGRAM (ST)","district":"PASCHIM MEDIN|PUR"}},{"type":"Feature","geometry":{"type":"Polygon","coordinates":[[[87.5705,22.5552],[87.5056,22.6984],[87.3257,22.6428],[87.3567,22.4986],[87.4955,22.4597],[87.5092,22.4359],[87.5705,22.5552]]]},"properties":{"AC_NO":235,"AC_NAME":"KESHPUR (SC)","PC_NO":32,"PC_NAME":"GHATAL","district":"PASCHIM MEDIN|PUR"}},{"type":"Feature","geometry":{"type":"Polygon","coordinates":[[[87.3257,22.6428],[87.2727,22.6338],[87.1559,22.5446],[87.1042,22.55],[87.1161,22.4282],[87.2501,22.4144],[87.3288,22.3948],[87.3567,22.4986],[87.3257,22.6428]]]},"properties":{"AC_NO":236,"AC_NAME":"MEDINIPUR","PC_NO":34,"PC_NAME":"MEDINIPUR","district":"PASCHIM MEDIN|PUR"}},{"type":"Feature","geometry":{"type":"Polygon","coordinates":[[[86.8038,22.7088],[86.611,22.7978],[86.5584,22.7109],[86.6334,22.6122],[86.6331,22.6114],[86.6508,22.5933],[86.6513,22.5931],[86.6527,22.5927],[86.7657,22.5755],[86.8874,22.2976],[86.9214,22.3685],[86.9158,22.3731],[86.9056,22.3881],[86.9427,22.4544],[86.9148,22.5892],[86.9538,22.6373],[86.9174,22.6261],[86.8038,22.7088]]]},"properties":{"AC_NO":237,"AC_NAME":"BINPUR (ST)","PC_NO":33,"PC_NAME":"JHARGRAM (ST)","district":"JHARGRAM"}},{"type":"Feature","geometry":{"type":"Polygon","coordinates":[[[86.4419,23.1752],[86.3851,23.204],[86.2876,23.1701],[86.3218,23.1054],[86.2545,23.0163],[86.1674,23.029],[86.2242,22.9937],[86.2381,22.9962],[86.5012,22.9948],[86.4354,22.9252],[86.4166,22.7902],[86.4165,22.7893],[86.4464,22.7647],[86.4472,22.764],[86.5584,22.7109],[86.611,22.7978],[86.7031,22.8728],[86.7078,22.9547],[86.5802,23.0517],[86.5449,23.0593],[86.4419,23.1752]]]},"properties":{"AC_NO":238,"AC_NAME":"BANDWAN (ST)","PC_NO":33,"PC_NAME":"JHARGRAM (ST)","district":"PURULIYA"}},{"type":"Feature","geometry":{"type":"Polygon","coordinates":[[[86.3024,23.413],[86.2336,23.4624],[86.233,23.4623],[86.229,23.4444],[86.2163,23.2985],[86.1968,23.2031],[86.1174,23.0855],[86.1674,23.029],[86.2545,23.0163],[86.3218,23.1054],[86.2876,23.1701],[86.3851,23.204],[86.4012,23.2827],[86.3024,23.413]]]},"properties":{"AC_NO":239,"AC_NAME":"BALARAMPUR","PC_NO":35,"PC_NAME":"PURULIA","district":"PURULIYA"}},{"type":"Feature","geometry":{"type":"Polygon","coordinates":[[[85.9488,23.4708],[85.8871,23.4846],[85.8868,23.4848],[85.8631,23.4316],[85.8677,23.3297],[85.8198,23.2682],[85.8939,23.1558],[86.0375,23.1472],[86.0755,23.0943],[86.0898,23.0894],[86.1174,23.0855],[86.1968,23.2031],[86.2163,23.2985],[86.1107,23.2994],[85.9612,23.3745],[85.9524,23.4709],[85.9518,23.4708],[85.9488,23.4708]]]},"properties":{"AC_NO":240,"AC_NAME":"BAGHMUNDI","PC_NO":35,"PC_NAME":"PURULIA","district":"PURULIYA"}},{"type":"Feature","geometry":{"type":"Polygon","coordinates":[[[86.0471,23.5857],[86.0466,23.5857],[86.0242,23.4866],[85.9524,23.4709],[85.9612,23.3745],[86.1107,23.2994],[86.2163,23.2985],[86.229,23.4444],[86.1545,23.4771],[86.1529,23.4793],[86.1439,23.5636],[86.0476,23.5856],[86.0471,23.5857]]]},"properties":{"AC_NO":241,"AC_NAME":"JOYPUR","PC_NO":35,"PC_NAME":"PURULIA","district":"PURULIYA"}},{"type":"Feature","geometry":{"type":"Polygon","coordinates":[[[86.5254,23.442],[86.4393,23.4898],[86.3574,23.4619],[86.3024,23.413],[86.4012,23.2827],[86.3851,23.204],[86.4419,23.1752],[86.5103,23.2669],[86.4957,23.3742],[86.5254,23.442]]]},"properties":{"AC_NO":242,"AC_NAME":"PURULIA","PC_NO":35,"PC_NAME":"PURULIA","district":"PURULIYA"}},{"type":"Feature","geometry":{"type":"Polygon","coordinates":[[[86.7702,23.2413],[86.6778,23.2498],[86.6438,23.3657],[86.5103,23.2669],[86.4419,23.1752],[86.5449,23.0593],[86.5802,23.0517],[86.7078,22.9547],[86.7522,23.0865],[86.7422,23.166],[86.7702,23.2413]]]},"properties":{"AC_NO":243,"AC_NAME":"MANBAZAR (ST)","PC_NO":35,"PC_NAME":"PURULIA","district":"PURULIYA"}},{"type":"Feature","geometry":{"type":"Polygon","coordinates":[[[86.8266,23.4667],[86.8149,23.5068],[86.6462,23.5075],[86.5952,23.4806],[86.5254,23.442],[86.4957,23.3742],[86.5103,23.2669],[86.6438,23.3657],[86.6778,23.2498],[86.7702,23.2413],[86.7892,23.3403],[86.8523,23.3851],[86.8266,23.4667]]]},"properties":{"AC_NO":244,"AC_NAME":"KASHIPUR","PC_NO":35,"PC_NAME":"PURULIA","district":"PURULIYA"}},{"type":"Feature","geometry":{"type":"Polygon","coordinates":[[[86.5952,23.4806],[86.6737,23.5619],[86.6131,23.6753],[86.613,23.6753],[86.5967,23.6731],[86.5962,23.6729],[86.4769,23.6342],[86.4756,23.6335],[86.4476,23.6194],[86.447,23.6189],[86.3675,23.5405],[86.3574,23.4619],[86.4393,23.4898],[86.5254,23.442],[86.5952,23.4806]]]},"properties":{"AC_NO":245,"AC_NAME":"PARA (SC)","PC_NO":35,"PC_NAME":"PURULIA","district":"PURULIYA"}},{"type":"Feature","geometry":{"type":"Polygon","coordinates":[[[86.8578,23.6747],[86.805,23.6966],[86.6972,23.6937],[86.692,23.6917],[86.6144,23.6751],[86.6131,23.6753],[86.6737,23.5619],[86.5952,23.4806],[86.6462,23.5075],[86.8149,23.5068],[86.8266,23.4667],[86.8944,23.494],[86.9025,23.6387],[86.8578,23.6747]]]},"properties":{"AC_NO":246,"AC_NAME":"RAGHUNATHPUR(SC)","PC_NO":36,"PC_NAME":"BANKURA","district":"PURULIYA"}},{"type":"Feature","geometry":{"type":"Polygon","coordinates":[[[87.1413,23.5728],[87.0138,23.6323],[86.9025,23.6387],[86.8944,23.494],[87.0091,23.3738],[87.0372,23.3681],[87.2166,23.4508],[87.2477,23.5212],[87.2136,23.5546],[87.1413,23.5728]]]},"properties":{"AC_NO":247,"AC_NAME":"SALTORA (SC)","PC_NO":36,"PC_NAME":"BANKURA","district":"B>NKURA"}},{"type":"Feature","geometry":{"type":"Polygon","coordinates":[[[87.0091,23.3738],[86.8944,23.494],[86.8266,23.4667],[86.8523,23.3851],[86.7892,23.3403],[86.7702,23.2413],[86.7422,23.166],[86.9593,23.0359],[87.0255,23.0814],[86.9882,23.1551],[86.889,23.2169],[86.9255,23.2874],[86.9993,23.2956],[87.0091,23.3738]]]},"properties":{"AC_NO":248,"AC_NAME":"CHHATNA","PC_NO":36,"PC_NAME":"BANKURA","district":"B>NKURA"}},{"type":"Feature","geometry":{"type":"Polygon","coordinates":[[[86.9593,23.0359],[86.7422,23.166],[86.7522,23.0865],[86.7078,22.9547],[86.7031,22.8728],[86.611,22.7978],[86.8038,22.7088],[86.8374,22.8278],[86.9203,22.9017],[86.9755,22.9677],[86.9593,23.0359]]]},"properties":{"AC_NO":249,"AC_NAME":"RANIBANDH (ST)","PC_NO":36,"PC_NAME":"BANKURA","district":"B>NKURA"}},{"type":"Feature","geometry":{"type":"Polygon","coordinates":[[[86.9203,22.9017],[86.8374,22.8278],[86.8038,22.7088],[86.9174,22.6261],[86.9538,22.6373],[87.0767,22.7269],[87.0601,22.8437],[86.9203,22.9017]]]},"properties":{"AC_NO":250,"AC_NAME":"RAIPUR (ST)","PC_NO":36,"PC_NAME":"BANKURA","district":"B>NKURA"}},{"type":"Feature","geometry":{"type":"Polygon","coordinates":[[[87.1924,23.0059],[87.1388,23.0559],[87.0255,23.0814],[86.9593,23.0359],[86.9755,22.9677],[86.9203,22.9017],[87.0601,22.8437],[87.142,22.8523],[87.2203,22.9064],[87.1924,23.0059]]]},"properties":{"AC_NO":251,"AC_NAME":"TALDANGRA","PC_NO":36,"PC_NAME":"BANKURA","district":"B>NKURA"}},{"type":"Feature","geometry":{"type":"Polygon","coordinates":[[[87.0372,23.3681],[87.0091,23.3738],[86.9993,23.2956],[86.9255,23.2874],[86.889,23.2169],[86.9882,23.1551],[87.0499,23.1775],[87.142,23.3023],[87.0372,23.3681]]]},"properties":{"AC_NO":252,"AC_NAME":"BANKURA","PC_NO":36,"PC_NAME":"BANKURA","district":"B>NKURA"}},{"type":"Feature","geometry":{"type":"Polygon","coordinates":[[[87.3401,23.4662],[87.2477,23.5212],[87.2166,23.4508],[87.0372,23.3681],[87.142,23.3023],[87.2491,23.2529],[87.3205,23.2669],[87.3297,23.3669],[87.4033,23.4309],[87.3401,23.4662]]]},"properties":{"AC_NO":253,"AC_NAME":"BARJORA","PC_NO":37,"PC_NAME":"BISHNUPUR (SC)","district":"B>NKURA"}},{"type":"Feature","geometry":{"type":"Polygon","coordinates":[[[87.2491,23.2529],[87.142,23.3023],[87.0499,23.1775],[86.9882,23.1551],[87.0255,23.0814],[87.1388,23.0559],[87.1924,23.0059],[87.278,23.0234],[87.2553,23.1282],[87.2732,23.2228],[87.2491,23.2529]]]},"properties":{"AC_NO":254,"AC_NAME":"ONDA","PC_NO":37,"PC_NAME":"BISHNUPUR (SC)","district":"B>NKURA"}},{"type":"Feature","geometry":{"type":"Polygon","coordinates":[[[87.4049,23.19],[87.2732,23.2228],[87.2553,23.1282],[87.278,23.0234],[87.1924,23.0059],[87.2203,22.9064],[87.3586,22.9554],[87.4159,22.932],[87.4166,23.1138],[87.4049,23.19]]]},"properties":{"AC_NO":255,"AC_NAME":"BISHNUPUR","PC_NO":37,"PC_NAME":"BISHNUPUR (SC)","district":"B>NKURA"}},{"type":"Feature","geometry":{"type":"Polygon","coordinates":[[[87.6442,22.988],[87.512,23.1247],[87.4166,23.1138],[87.4159,22.932],[87.522,22.9298],[87.6115,22.8886],[87.6442,22.988]]]},"properties":{"AC_NO":256,"AC_NAME":"KATULPUR (SC)","PC_NO":37,"PC_NAME":"BISHNUPUR (SC)","district":"B>NKURA"}},{"type":"Feature","geometry":{"type":"Polygon","coordinates":[[[87.7113,23.0105],[87.7641,23.0769],[87.691,23.1288],[87.6233,23.2469],[87.6162,23.2101],[87.4049,23.19],[87.4166,23.1138],[87.512,23.1247],[87.6442,22.988],[87.7113,23.0105]]]},"properties":{"AC_NO":257,"AC_NAME":"INDUS (SC)","PC_NO":37,"PC_NAME":"BISHNUPUR (SC)","district":"B>NKURA"}},{"type":"Feature","geometry":{"type":"Polygon","coordinates":[[[87.5953,23.2651],[87.4436,23.4067],[87.4033,23.4309],[87.3297,23.3669],[87.3205,23.2669],[87.2491,23.2529],[87.2732,23.2228],[87.4049,23.19],[87.6162,23.2101],[87.6233,23.2469],[87.5953,23.2651]]]},"properties":{"AC_NO":258,"AC_NAME":"SONAMUKHI (SC)","PC_NO":37,"PC_NAME":"BISHNUPUR (SC)","district":"B>NKURA"}},{"type":"Feature","geometry":{"type":"Polygon","coordinates":[[[87.8002,23.3714],[87.7822,23.372],[87.7783,23.3766],[87.6771,23.3409],[87.5953,23.2651],[87.6233,23.2469],[87.691,23.1288],[87.7641,23.0769],[87.7113,23.0105],[87.7267,22.9968],[87.7932,23.0708],[87.8592,23.2139],[87.7768,23.2578],[87.8002,23.3714]]]},"properties":{"AC_NO":259,"AC_NAME":"KHANDAGHOSH (SC)","PC_NO":37,"PC_NAME":"BISHNUPUR (SC)","district":"PURBA BARDDHAM>N"}},{"type":"Feature","geometry":{"type":"Polygon","coordinates":[[[87.8788,23.2631],[87.824,23.2407],[87.8821,23.2228],[87.8788,23.2631]]]},"properties":{"AC_NO":260,"AC_NAME":"BARDHAMAN DAKSHIN","PC_NO":39,"PC_NAME":"BARDHAMAN-DURGAPUR","district":"PURBA BARDDHAM>N"}},{"type":"Feature","geometry":{"type":"Polygon","coordinates":[[[87.9592,23.1744],[87.8592,23.2139],[87.7932,23.0708],[87.7267,22.9968],[87.7591,22.9636],[87.9337,22.944],[87.9556,22.9534],[87.9304,23.1283],[87.9592,23.1744]]]},"properties":{"AC_NO":261,"AC_NAME":"RAINA (SC)","PC_NO":38,"PC_NAME":"BARDHAMAN PURBA(SC)","district":"PURBA BARDDHAM>N"}},{"type":"Feature","geometry":{"type":"Polygon","coordinates":[[[88.1579,23.1029],[87.9852,23.1978],[87.9592,23.1744],[87.9304,23.1283],[87.9556,22.9534],[87.9612,22.9519],[88.0087,22.9678],[88.0648,23.0497],[88.1504,23.0851],[88.1579,23.1029]]]},"properties":{"AC_NO":262,"AC_NAME":"JAMALPUR (SC)","PC_NO":38,"PC_NAME":"BARDHAMAN PURBA(SC)","district":"PURBA BARDDHAM>N"}},{"type":"Feature","geometry":{"type":"Polygon","coordinates":[[[88.2283,23.4127],[88.1439,23.4832],[88.12,23.4786],[88.0499,23.4601],[88.0226,23.3597],[88.0375,23.2778],[88.0915,23.2503],[88.2211,23.2566],[88.2283,23.4127]]]},"properties":{"AC_NO":263,"AC_NAME":"MONTESWAR","PC_NO":39,"PC_NAME":"BARDHAMAN-DURGAPUR","district":"PURBA BARDDHAM>N"}},{"type":"Feature","geometry":{"type":"Polygon","coordinates":[[[88.4147,23.2112],[88.3363,23.2803],[88.2139,23.2366],[88.1862,23.16],[88.3524,23.1183],[88.4147,23.2112]]]},"properties":{"AC_NO":264,"AC_NAME":"KALNA (SC)","PC_NO":38,"PC_NAME":"BARDHAMAN PURBA(SC)","district":"PURBA BARDDHAM>N"}},{"type":"Feature","geometry":{"type":"Polygon","coordinates":[[[88.0375,23.2778],[87.9852,23.1978],[88.1579,23.1029],[88.1862,23.16],[88.2139,23.2366],[88.2211,23.2566],[88.0915,23.2503],[88.0375,23.2778]]]},"properties":{"AC_NO":265,"AC_NAME":"MEMARI","PC_NO":38,"PC_NAME":"BARDHAMAN PURBA(SC)","district":"PURBA BARDDHAM>N"}},{"type":"Feature","geometry":{"type":"Polygon","coordinates":[[[88.0226,23.3597],[88.0067,23.3167],[87.8002,23.3714],[87.7768,23.2578],[87.8592,23.2139],[87.9592,23.1744],[87.9852,23.1978],[88.0375,23.2778],[88.0226,23.3597]],[[87.8788,23.2631],[87.8821,23.2228],[87.824,23.2407],[87.8788,23.2631]]]},"properties":{"AC_NO":266,"AC_NAME":"BARDHAMAN UTTAR","PC_NO":39,"PC_NAME":"BARDHAMAN-DURGAPUR","district":"PURBA BARDDHAM>N"}},{"type":"Feature","geometry":{"type":"Polygon","coordinates":[[[88.0499,23.4601],[87.938,23.4896],[87.7574,23.5007],[87.7822,23.372],[87.8002,23.3714],[88.0067,23.3167],[88.0226,23.3597],[88.0499,23.4601]]]},"properties":{"AC_NO":267,"AC_NAME":"BHATAR","PC_NO":39,"PC_NAME":"BARDHAMAN-DURGAPUR","district":"PURBA BARDDHAM>N"}},{"type":"Feature","geometry":{"type":"Polygon","coordinates":[[[88.3305,23.4146],[88.2283,23.4127],[88.2211,23.2566],[88.2139,23.2366],[88.3363,23.2803],[88.3325,23.3254],[88.3305,23.4146]]]},"properties":{"AC_NO":268,"AC_NAME":"PURBASTHALI DAKSHIN","PC_NO":38,"PC_NAME":"BARDHAMAN PURBA(SC)","district":"PURBA BARDDHAM>N"}},{"type":"Feature","geometry":{"type":"Polygon","coordinates":[[[88.3666,23.5302],[88.2751,23.5381],[88.2699,23.6003],[88.2137,23.4836],[88.1439,23.4832],[88.2283,23.4127],[88.3305,23.4146],[88.3634,23.4719],[88.3666,23.5302]]]},"properties":{"AC_NO":269,"AC_NAME":"PURBASTHALI UTTAR","PC_NO":38,"PC_NAME":"BARDHAMAN PURBA(SC)","district":"PURBA BARDDHAM>N"}},{"type":"Feature","geometry":{"type":"Polygon","coordinates":[[[88.1388,23.652],[88.0948,23.5813],[88.12,23.4786],[88.1439,23.4832],[88.2137,23.4836],[88.2699,23.6003],[88.2041,23.6167],[88.1388,23.652]]]},"properties":{"AC_NO":270,"AC_NAME":"KATWA","PC_NO":38,"PC_NAME":"BARDHAMAN PURBA(SC)","district":"PURBA BARDDHAM>N"}},{"type":"Feature","geometry":{"type":"Polygon","coordinates":[[[88.1599,23.7532],[88.0952,23.7523],[88.0058,23.8443],[87.9643,23.8045],[87.9437,23.7763],[87.9174,23.696],[87.9577,23.6324],[88.0948,23.5813],[88.1388,23.652],[88.1952,23.7657],[88.1599,23.7532]]]},"properties":{"AC_NO":271,"AC_NAME":"KETUGRAM","PC_NO":41,"PC_NAME":"BOLPUR (SC)","district":"PURBA BARDDHAM>N"}},{"type":"Feature","geometry":{"type":"Polygon","coordinates":[[[88.0948,23.5813],[87.9577,23.6324],[87.9064,23.543],[87.7362,23.5866],[87.7574,23.5007],[87.938,23.4896],[88.0499,23.4601],[88.12,23.4786],[88.0948,23.5813]]]},"properties":{"AC_NO":272,"AC_NAME":"MANGALKOT","PC_NO":41,"PC_NAME":"BOLPUR (SC)","district":"PURBA BARDDHAM>N"}},{"type":"Feature","geometry":{"type":"Polygon","coordinates":[[[87.7362,23.5866],[87.6717,23.6209],[87.5357,23.6104],[87.4546,23.489],[87.6203,23.4084],[87.7783,23.3766],[87.7822,23.372],[87.7574,23.5007],[87.7362,23.5866]]]},"properties":{"AC_NO":273,"AC_NAME":"AUSGRAM (SC)","PC_NO":41,"PC_NAME":"BOLPUR (SC)","district":"PURBA BARDDHAM>N"}},{"type":"Feature","geometry":{"type":"Polygon","coordinates":[[[87.5357,23.6104],[87.4435,23.6145],[87.4144,23.6846],[87.3916,23.6977],[87.376,23.6016],[87.4266,23.5406],[87.4436,23.4067],[87.5953,23.2651],[87.6771,23.3409],[87.7783,23.3766],[87.6203,23.4084],[87.4546,23.489],[87.5357,23.6104]]]},"properties":{"AC_NO":274,"AC_NAME":"GALSI (SC)","PC_NO":39,"PC_NAME":"BARDHAMAN-DURGAPUR","district":"PURBA BARDDHAM>N"}},{"type":"Feature","geometry":{"type":"Polygon","coordinates":[[[87.3916,23.6977],[87.2304,23.7424],[87.1743,23.6555],[87.2432,23.5831],[87.3029,23.6122],[87.376,23.6016],[87.3916,23.6977]]]},"properties":{"AC_NO":275,"AC_NAME":"PANDABESWAR","PC_NO":40,"PC_NAME":"ASANSOL","district":"PASCHIM BARDDHAM>N"}},{"type":"Feature","geometry":{"type":"Polygon","coordinates":[[[87.376,23.6016],[87.3029,23.6122],[87.3401,23.4662],[87.4033,23.4309],[87.4436,23.4067],[87.4266,23.5406],[87.376,23.6016]]]},"properties":{"AC_NO":276,"AC_NAME":"DURGAPUR PURBA","PC_NO":39,"PC_NAME":"BARDHAMAN-DURGAPUR","district":"PASCHIM BARDDHAM>N"}},{"type":"Feature","geometry":{"type":"Polygon","coordinates":[[[87.3401,23.4662],[87.3029,23.6122],[87.2432,23.5831],[87.2136,23.5546],[87.2477,23.5212],[87.3401,23.4662]]]},"properties":{"AC_NO":277,"AC_NAME":"DURGAPUR PASCHIM","PC_NO":39,"PC_NAME":"BARDHAMAN-DURGAPUR","district":"PASCHIM BARDDHAM>N"}},{"type":"Feature","geometry":{"type":"Polygon","coordinates":[[[87.2432,23.5831],[87.1743,23.6555],[87.0891,23.6514],[87.1413,23.5728],[87.2136,23.5546],[87.2432,23.5831]]]},"properties":{"AC_NO":278,"AC_NAME":"RANIGANJ","PC_NO":40,"PC_NAME":"ASANSOL","district":"PASCHIM BARDDHAM>N"}},{"type":"Feature","geometry":{"type":"Polygon","coordinates":[[[87.0866,23.8089],[87.055,23.8226],[87.0261,23.717],[87.0198,23.6823],[87.0891,23.6514],[87.1743,23.6555],[87.2304,23.7424],[87.1509,23.7501],[87.0866,23.8089]]]},"properties":{"AC_NO":279,"AC_NAME":"JAMURIA","PC_NO":40,"PC_NAME":"ASANSOL","district":"PASCHIM BARDDHAM>N"}},{"type":"Feature","geometry":{"type":"Polygon","coordinates":[[[87.0198,23.6823],[86.9116,23.6971],[86.8578,23.6747],[86.9025,23.6387],[87.0138,23.6323],[87.1413,23.5728],[87.0891,23.6514],[87.0198,23.6823]]]},"properties":{"AC_NO":280,"AC_NAME":"ASANSOL DAKSHIN","PC_NO":40,"PC_NAME":"ASANSOL","district":"PASCHIM BARDDHAM>N"}},{"type":"Feature","geometry":{"type":"Polygon","coordinates":[[[87.0261,23.717],[86.9058,23.7294],[86.9116,23.6971],[87.0198,23.6823],[87.0261,23.717]]]},"properties":{"AC_NO":281,"AC_NAME":"ASANSOL UTTAR","PC_NO":40,"PC_NAME":"ASANSOL","district":"PASCHIM BARDDHAM>N"}},{"type":"Feature","geometry":{"type":"Polygon","coordinates":[[[86.9058,23.7294],[86.8213,23.7829],[86.805,23.6966],[86.8578,23.6747],[86.9116,23.6971],[86.9058,23.7294]]]},"properties":{"AC_NO":282,"AC_NAME":"KULTI","PC_NO":40,"PC_NAME":"ASANSOL","district":"PASCHIM BARDDHAM>N"}},{"type":"Feature","geometry":{"type":"Polygon","coordinates":[[[87.055,23.8226],[86.9126,23.8817],[86.9122,23.8819],[86.8914,23.8738],[86.8912,23.8733],[86.8004,23.8339],[86.8003,23.8335],[86.8213,23.7829],[86.9058,23.7294],[87.0261,23.717],[87.055,23.8226]]]},"properties":{"AC_NO":283,"AC_NAME":"BARABANI","PC_NO":40,"PC_NAME":"ASANSOL","district":"PASCHIM BARDDHAM>N"}},{"type":"Feature","geometry":{"type":"Polygon","coordinates":[[[87.2909,23.8943],[87.0866,23.8089],[87.1509,23.7501],[87.2304,23.7424],[87.3916,23.6977],[87.4144,23.6846],[87.5071,23.7404],[87.3554,23.869],[87.2909,23.8943]]]},"properties":{"AC_NO":284,"AC_NAME":"DUBRAJPUR (SC)","PC_NO":42,"PC_NAME":"BIRBHUM","district":"B|RBH@M"}},{"type":"Feature","geometry":{"type":"Polygon","coordinates":[[[87.2553,24.0417],[87.233,24.024],[87.2909,23.8943],[87.3554,23.869],[87.5071,23.7404],[87.515,23.7856],[87.5626,23.913],[87.4601,23.9851],[87.2568,24.0404],[87.2566,24.0406],[87.2553,24.0417]]]},"properties":{"AC_NO":285,"AC_NAME":"SURI","PC_NO":42,"PC_NAME":"BIRBHUM","district":"B|RBH@M"}},{"type":"Feature","geometry":{"type":"Polygon","coordinates":[[[87.5875,23.7762],[87.515,23.7856],[87.5071,23.7404],[87.4144,23.6846],[87.4435,23.6145],[87.5357,23.6104],[87.6717,23.6209],[87.687,23.6897],[87.6211,23.7517],[87.5875,23.7762]]]},"properties":{"AC_NO":286,"AC_NAME":"BOLPUR","PC_NO":41,"PC_NAME":"BOLPUR (SC)","district":"B|RBH@M"}},{"type":"Feature","geometry":{"type":"Polygon","coordinates":[[[87.9437,23.7763],[87.8557,23.784],[87.7268,23.7455],[87.6211,23.7517],[87.687,23.6897],[87.6717,23.6209],[87.7362,23.5866],[87.9064,23.543],[87.9577,23.6324],[87.9174,23.696],[87.9437,23.7763]]]},"properties":{"AC_NO":287,"AC_NAME":"NANOOR (SC)","PC_NO":41,"PC_NAME":"BOLPUR (SC)","district":"B|RBH@M"}},{"type":"Feature","geometry":{"type":"Polygon","coordinates":[[[87.7725,23.8959],[87.6754,23.8706],[87.5875,23.7762],[87.6211,23.7517],[87.7268,23.7455],[87.8557,23.784],[87.9437,23.7763],[87.9643,23.8045],[87.8633,23.8741],[87.7725,23.8959]]]},"properties":{"AC_NO":288,"AC_NAME":"LABPUR","PC_NO":41,"PC_NAME":"BOLPUR (SC)","district":"B|RBH@M"}},{"type":"Feature","geometry":{"type":"Polygon","coordinates":[[[87.6483,24.0147],[87.5848,24.0593],[87.5119,24.0382],[87.4601,23.9851],[87.5626,23.913],[87.515,23.7856],[87.5875,23.7762],[87.6754,23.8706],[87.7725,23.8959],[87.6483,24.0147]]]},"properties":{"AC_NO":289,"AC_NAME":"SAINTHIA (SC)","PC_NO":42,"PC_NAME":"BIRBHUM","district":"B|RBH@M"}},{"type":"Feature","geometry":{"type":"Polygon","coordinates":[[[87.7775,24.1088],[87.7095,24.1145],[87.6483,24.0147],[87.7725,23.8959],[87.8633,23.8741],[87.8676,24.0011],[87.8954,24.0738],[87.7775,24.1088]]]},"properties":{"AC_NO":290,"AC_NAME":"MAYURESWAR","PC_NO":41,"PC_NAME":"BOLPUR (SC)","district":"B|RBH@M"}},{"type":"Feature","geometry":{"type":"Polygon","coordinates":[[[87.8239,24.2461],[87.6852,24.2467],[87.6394,24.2547],[87.6949,24.1865],[87.6943,24.1504],[87.5816,24.1545],[87.5719,24.0892],[87.4976,24.0627],[87.5095,24.0485],[87.5119,24.0382],[87.5848,24.0593],[87.6483,24.0147],[87.7095,24.1145],[87.7775,24.1088],[87.8485,24.1783],[87.8239,24.2461]]]},"properties":{"AC_NO":291,"AC_NAME":"RAMPURHAT","PC_NO":42,"PC_NAME":"BIRBHUM","district":"B|RBH@M"}},{"type":"Feature","geometry":{"type":"Polygon","coordinates":[[[87.9568,24.3444],[87.9398,24.2293],[87.8239,24.2461],[87.8485,24.1783],[87.7775,24.1088],[87.8954,24.0738],[87.8968,24.1535],[87.961,24.1877],[88.0217,24.2523],[87.9568,24.3444]]]},"properties":{"AC_NO":292,"AC_NAME":"HANSAN","PC_NO":42,"PC_NAME":"BIRBHUM","district":"B|RBH@M"}},{"type":"Feature","geometry":{"type":"Polygon","coordinates":[[[87.9708,24.4],[87.8011,24.3839],[87.6852,24.2467],[87.8239,24.2461],[87.9398,24.2293],[87.9568,24.3444],[87.9716,24.3895],[87.9708,24.4]]]},"properties":{"AC_NO":293,"AC_NAME":"NALHATI","PC_NO":42,"PC_NAME":"BIRBHUM","district":"B|RBH@M"}},{"type":"Feature","geometry":{"type":"Polygon","coordinates":[[[87.8908,24.5653],[87.7719,24.5837],[87.7717,24.5826],[87.8152,24.5017],[87.8011,24.3839],[87.9708,24.4],[87.957,24.4885],[87.8908,24.5653]]]},"properties":{"AC_NO":294,"AC_NAME":"MURARAI","PC_NO":42,"PC_NAME":"BIRBHUM","district":"B|RBH@M"}}]}