{"type":"FeatureCollection", "features": [
{"type":"Feature","geometry":{"type":"Polygon","coordinates":[[[84.648,27.3005],[84.624,27.3368],[84.4222,27.3715],[84.3384,27.3756],[84.2753,27.397],[84.2479,27.4533],[84.1487,27.4861],[84.0977,27.5167],[84.0522,27.4433],[84.027,27.4388],[84.0943,27.4056],[84.1508,27.3289],[84.2,27.3193],[84.2219,27.2749],[84.2097,27.2536],[84.2342,27.1787],[84.2678,27.1553],[84.3048,27.0631],[84.3465,27.1071],[84.3985,27.1258],[84.3932,27.1822],[84.453,27.1662],[84.5701,27.197],[84.5588,27.227],[84.648,27.3005]]]},"properties":{"AC_NO":2,"AC_NAME":"Ramnagar (SC)","district":"PASHCHIMI CHAMPARAN","PC_NO":1,"PC_NAME":"VALMIKI NAGAR"}},
{"type":"Feature","geometry":{"type":"Polygon","coordinates":[[[84.2219,27.2749],[84.2,27.3193],[84.1508,27.3289],[84.0943,27.4056],[84.027,27.4388],[83.9943,27.4461],[83.8737,27.4358],[83.8624,27.3357],[83.9319,27.3125],[83.9118,27.246],[83.9557,27.2353],[83.9874,27.197],[83.9477,27.1125],[83.9642,27.0841],[84.0493,27.0439],[84.0524,26.9064],[84.0814,26.8774],[84.1818,26.8335],[84.2195,26.8717],[84.2546,26.856],[84.256,26.7268],[84.3078,26.748],[84.3602,26.7672],[84.3743,26.8283],[84.3101,26.8343],[84.2727,26.8995],[84.2836,26.944],[84.1821,27.0207],[84.0596,27.0908],[84.1267,27.1403],[84.1417,27.2296],[84.187,27.2761],[84.2219,27.2749]]]},"properties":{"AC_NO":1,"AC_NAME":"Valmiki Nagar","district":"PASHCHIMI CHAMPARAN","PC_NO":1,"PC_NAME":"VALMIKI NAGAR"}},
{"type":"Feature","geometry":{"type":"Polygon","coordinates":[[[84.648,27.3005],[84.5588,27.227],[84.5701,27.197],[84.5877,27.1857],[84.5693,27.099],[84.524,27.0306],[84.5677,26.9971],[84.5767,26.953],[84.6308,26.9458],[84.6409,26.8805],[84.6811,26.8898],[84.6991,26.9398],[84.7411,26.9544],[84.7576,27.0028],[84.644,27.047],[84.6868,27.1601],[84.6893,27.2236],[84.648,27.3005]]]},"properties":{"AC_NO":9,"AC_NAME":"Sikta","district":"PASHCHIMI CHAMPARAN","PC_NO":1,"PC_NAME":"VALMIKI NAGAR"}},
{"type":"Feature","geometry":{"type":"Polygon","coordinates":[[[84.2219,27.2749],[84.187,27.2761],[84.1417,27.2296],[84.1267,27.1403],[84.0596,27.0908],[84.1821,27.0207],[84.2836,26.944],[84.3245,27.0002],[84.34,27.0339],[84.3048,27.0631],[84.2678,27.1553],[84.2342,27.1787],[84.2097,27.2536],[84.2219,27.2749]]]},"properties":{"AC_NO":4,"AC_NAME":"Bagaha","district":"PASHCHIMI CHAMPARAN","PC_NO":1,"PC_NAME":"VALMIKI NAGAR"}},
{"type":"Feature","geometry":{"type":"Polygon","coordinates":[[[84.3048,27.0631],[84.34,27.0339],[84.3245,27.0002],[84.4373,27.034],[84.5055,27.0084],[84.524,27.0306],[84.5693,27.099],[84.5877,27.1857],[84.5701,27.197],[84.453,27.1662],[84.3932,27.1822],[84.3985,27.1258],[84.3465,27.1071],[84.3048,27.0631]]]},"properties":{"AC_NO":3,"AC_NAME":"Narkatiaganj","district":"PASHCHIMI CHAMPARAN","PC_NO":1,"PC_NAME":"VALMIKI NAGAR"}},
{"type":"Feature","geometry":{"type":"Polygon","coordinates":[[[84.3743,26.8283],[84.4342,26.8412],[84.4477,26.9024],[84.4266,26.9315],[84.4569,26.9729],[84.5141,26.9532],[84.5767,26.953],[84.5677,26.9971],[84.524,27.0306],[84.5055,27.0084],[84.4373,27.034],[84.3245,27.0002],[84.2836,26.944],[84.2727,26.8995],[84.3101,26.8343],[84.3743,26.8283]]]},"properties":{"AC_NO":5,"AC_NAME":"Lauriya","district":"PASHCHIMI CHAMPARAN","PC_NO":1,"PC_NAME":"VALMIKI NAGAR"}},
{"type":"Feature","geometry":{"type":"Polygon","coordinates":[[[84.7576,27.0028],[84.7411,26.9544],[84.6991,26.9398],[84.6811,26.8898],[84.6859,26.8938],[84.7236,26.9271],[84.8573,26.9249],[84.8616,26.8442],[85.0047,26.8951],[84.9653,26.9583],[84.8586,26.9888],[84.8257,27.0209],[84.7576,27.0028]]]},"properties":{"AC_NO":10,"AC_NAME":"Raxaul","district":"PURBI CHAMPARAN","PC_NO":2,"PC_NAME":"PASCHIM CHAMPARAN"}},
{"type":"Feature","geometry":{"type":"Polygon","coordinates":[[[84.5767,26.953],[84.5141,26.9532],[84.4569,26.9729],[84.4266,26.9315],[84.4477,26.9024],[84.4342,26.8412],[84.4792,26.8117],[84.6079,26.8178],[84.6386,26.7711],[84.7199,26.8251],[84.6859,26.8938],[84.6811,26.8898],[84.6409,26.8805],[84.6308,26.9458],[84.5767,26.953]]]},"properties":{"AC_NO":7,"AC_NAME":"Chanpatia","district":"PASHCHIMI CHAMPARAN","PC_NO":2,"PC_NAME":"PASCHIM CHAMPARAN"}},
{"type":"Feature","geometry":{"type":"Polygon","coordinates":[[[84.6859,26.8938],[84.7199,26.8251],[84.7221,26.7447],[84.6806,26.6999],[84.6867,26.6869],[84.7416,26.7094],[84.7921,26.6963],[84.8338,26.7338],[84.8616,26.8442],[84.8573,26.9249],[84.7236,26.9271],[84.6859,26.8938]]]},"properties":{"AC_NO":11,"AC_NAME":"Sugauli","district":"PURBI CHAMPARAN","PC_NO":2,"PC_NAME":"PASCHIM CHAMPARAN"}},
{"type":"Feature","geometry":{"type":"Polygon","coordinates":[[[85.0047,26.8951],[84.8616,26.8442],[84.8338,26.7338],[84.7921,26.6963],[84.8245,26.6994],[84.8665,26.642],[84.8984,26.6441],[84.9248,26.7144],[84.9191,26.7724],[84.9911,26.778],[85.0027,26.7447],[85.0816,26.7616],[85.0574,26.8305],[85.1192,26.8365],[85.1374,26.8701],[85.0577,26.8494],[85.0047,26.8951]]]},"properties":{"AC_NO":12,"AC_NAME":"Narkatia","district":"PURBI CHAMPARAN","PC_NO":2,"PC_NAME":"PASCHIM CHAMPARAN"}},
{"type":"Feature","geometry":{"type":"Polygon","coordinates":[[[85.5233,26.8175],[85.5989,26.7835],[85.6217,26.6584],[85.7321,26.656],[85.7234,26.6745],[85.7345,26.7958],[85.7214,26.8205],[85.624,26.8739],[85.5233,26.8175]]]},"properties":{"AC_NO":25,"AC_NAME":"Parihar","district":"SITAMARHI","PC_NO":5,"PC_NAME":"SITAMARHI"}},
{"type":"Feature","geometry":{"type":"Polygon","coordinates":[[[85.1374,26.8701],[85.1192,26.8365],[85.0574,26.8305],[85.0816,26.7616],[85.1452,26.7192],[85.1665,26.6487],[85.2264,26.635],[85.2675,26.648],[85.2646,26.6501],[85.2554,26.757],[85.2095,26.7589],[85.1769,26.8152],[85.1909,26.87],[85.1374,26.8701]]]},"properties":{"AC_NO":21,"AC_NAME":"Dhaka","district":"PURBI CHAMPARAN","PC_NO":4,"PC_NAME":"SHEOHAR"}},
{"type":"Feature","geometry":{"type":"Polygon","coordinates":[[[84.3078,26.748],[84.3303,26.684],[84.4065,26.6726],[84.4154,26.6348],[84.4086,26.5873],[84.4579,26.6219],[84.491,26.6032],[84.5996,26.6947],[84.5667,26.7159],[84.4792,26.8117],[84.4342,26.8412],[84.3743,26.8283],[84.3602,26.7672],[84.3078,26.748]]]},"properties":{"AC_NO":6,"AC_NAME":"Nautan","district":"PASHCHIMI CHAMPARAN","PC_NO":2,"PC_NAME":"PASCHIM CHAMPARAN"}},
{"type":"Feature","geometry":{"type":"Polygon","coordinates":[[[84.4792,26.8117],[84.5667,26.7159],[84.5996,26.6947],[84.6511,26.6788],[84.6806,26.6999],[84.7221,26.7447],[84.7199,26.8251],[84.6386,26.7711],[84.6079,26.8178],[84.4792,26.8117]]]},"properties":{"AC_NO":8,"AC_NAME":"Bettiah","district":"PASHCHIMI CHAMPARAN","PC_NO":2,"PC_NAME":"PASCHIM CHAMPARAN"}},
{"type":"Feature","geometry":{"type":"Polygon","coordinates":[[[85.5233,26.8175],[85.4542,26.7822],[85.4077,26.7917],[85.3386,26.7455],[85.3619,26.7045],[85.4079,26.7076],[85.4688,26.6598],[85.4917,26.6351],[85.5244,26.6158],[85.5857,26.5793],[85.5995,26.6178],[85.6217,26.6584],[85.5989,26.7835],[85.5233,26.8175]]]},"properties":{"AC_NO":24,"AC_NAME":"Bathnaha (SC)","district":"SITAMARHI","PC_NO":5,"PC_NAME":"SITAMARHI"}},
{"type":"Feature","geometry":{"type":"Polygon","coordinates":[[[84.8984,26.6441],[84.8788,26.5401],[84.906,26.5378],[84.9586,26.5332],[85.0026,26.5597],[85.0419,26.5309],[85.0503,26.5989],[84.9794,26.6952],[85.0027,26.7447],[84.9911,26.778],[84.9191,26.7724],[84.9248,26.7144],[84.8984,26.6441]]]},"properties":{"AC_NO":19,"AC_NAME":"Motihari","district":"PURBI CHAMPARAN","PC_NO":3,"PC_NAME":"PURVI CHAMPARAN"}},
{"type":"Feature","geometry":{"type":"Polygon","coordinates":[[[85.0027,26.7447],[84.9794,26.6952],[85.0503,26.5989],[85.079,26.6177],[85.1348,26.5476],[85.2181,26.5392],[85.2595,26.588],[85.2675,26.648],[85.2264,26.635],[85.1665,26.6487],[85.1452,26.7192],[85.0816,26.7616],[85.0027,26.7447]]]},"properties":{"AC_NO":20,"AC_NAME":"Chiraia","district":"PURBI CHAMPARAN","PC_NO":4,"PC_NAME":"SHEOHAR"}},
{"type":"Feature","geometry":{"type":"Polygon","coordinates":[[[85.2554,26.757],[85.2646,26.6501],[85.334,26.6562],[85.3648,26.6303],[85.3812,26.5568],[85.4382,26.5483],[85.4362,26.6258],[85.4688,26.6598],[85.4079,26.7076],[85.3619,26.7045],[85.3386,26.7455],[85.2554,26.757]]]},"properties":{"AC_NO":23,"AC_NAME":"Riga","district":"SITAMARHI","PC_NO":4,"PC_NAME":"SHEOHAR"}},
{"type":"Feature","geometry":{"type":"Polygon","coordinates":[[[84.6867,26.6869],[84.6603,26.6623],[84.6319,26.5888],[84.7061,26.5609],[84.6982,26.5107],[84.7632,26.5371],[84.7895,26.5595],[84.8788,26.5401],[84.8984,26.6441],[84.8665,26.642],[84.8245,26.6994],[84.7921,26.6963],[84.7416,26.7094],[84.6867,26.6869]]]},"properties":{"AC_NO":13,"AC_NAME":"Harsidhi (SC)","district":"PURBI CHAMPARAN","PC_NO":3,"PC_NAME":"PURVI CHAMPARAN"}},
{"type":"Feature","geometry":{"type":"Polygon","coordinates":[[[84.6867,26.6869],[84.6806,26.6999],[84.6511,26.6788],[84.5996,26.6947],[84.491,26.6032],[84.5385,26.4845],[84.6026,26.4418],[84.6516,26.4666],[84.6983,26.4342],[84.6982,26.5107],[84.7061,26.5609],[84.6319,26.5888],[84.6603,26.6623],[84.6867,26.6869]]]},"properties":{"AC_NO":14,"AC_NAME":"Govindganj","district":"PURBI CHAMPARAN","PC_NO":3,"PC_NAME":"PURVI CHAMPARAN"}},
{"type":"Feature","geometry":{"type":"Polygon","coordinates":[[[86.0106,26.656],[86.0321,26.6085],[85.9857,26.5858],[85.9779,26.5097],[86.0816,26.5186],[86.115,26.4977],[86.1096,26.4245],[86.1844,26.4511],[86.1488,26.4662],[86.1998,26.5951],[86.0694,26.6575],[86.0106,26.656]]]},"properties":{"AC_NO":33,"AC_NAME":"Khajauli","district":"MADHUBANI","PC_NO":7,"PC_NAME":"JHANJHARPUR"}},
{"type":"Feature","geometry":{"type":"Polygon","coordinates":[[[85.9779,26.5097],[85.9857,26.5858],[86.0321,26.6085],[86.0106,26.656],[85.8587,26.569],[85.8174,26.6028],[85.7982,26.4963],[85.8041,26.4604],[85.8527,26.4345],[85.9779,26.5097]]]},"properties":{"AC_NO":31,"AC_NAME":"Harlakhi","district":"MADHUBANI","PC_NO":6,"PC_NAME":"MADHUBANI"}},
{"type":"Feature","geometry":{"type":"Polygon","coordinates":[[[85.6217,26.6584],[85.5995,26.6178],[85.6596,26.6006],[85.7164,26.5375],[85.6426,26.515],[85.6497,26.48],[85.7055,26.4392],[85.7685,26.4327],[85.8041,26.4604],[85.7982,26.4963],[85.8174,26.6028],[85.7321,26.656],[85.6217,26.6584]]]},"properties":{"AC_NO":26,"AC_NAME":"Sursand","district":"SITAMARHI","PC_NO":5,"PC_NAME":"SITAMARHI"}},
{"type":"Feature","geometry":{"type":"Polygon","coordinates":[[[85.2646,26.6501],[85.2675,26.648],[85.2595,26.588],[85.2181,26.5392],[85.1846,26.4988],[85.2062,26.4285],[85.2851,26.3957],[85.2806,26.3487],[85.3727,26.3351],[85.3652,26.379],[85.3598,26.4349],[85.3858,26.5078],[85.3812,26.5568],[85.3648,26.6303],[85.334,26.6562],[85.2646,26.6501]]]},"properties":{"AC_NO":22,"AC_NAME":"Sheohar","district":"SHEOHAR","PC_NO":4,"PC_NAME":"SHEOHAR"}},
{"type":"Feature","geometry":{"type":"Polygon","coordinates":[[[85.5244,26.6158],[85.4917,26.6351],[85.4688,26.6598],[85.4362,26.6258],[85.4382,26.5483],[85.4724,26.4975],[85.5868,26.4733],[85.5857,26.5793],[85.5244,26.6158]]]},"properties":{"AC_NO":28,"AC_NAME":"Sitamarhi","district":"SITAMARHI","PC_NO":5,"PC_NAME":"SITAMARHI"}},
{"type":"Feature","geometry":{"type":"Polygon","coordinates":[[[88.2256,26.4536],[88.1787,26.4957],[88.2301,26.535],[88.2109,26.561],[88.1062,26.4934],[88.0966,26.4469],[88.0067,26.3611],[87.9916,26.3926],[87.926,26.4184],[87.8999,26.4776],[87.8484,26.4366],[87.7926,26.4689],[87.756,26.4085],[87.789,26.3959],[87.8151,26.3312],[87.8661,26.3412],[87.895,26.3121],[87.9575,26.3114],[87.9522,26.2291],[87.9949,26.2252],[88.0341,26.2823],[88.0998,26.3295],[88.111,26.3672],[88.2134,26.4305],[88.2256,26.4536]]]},"properties":{"AC_NO":53,"AC_NAME":"Thakurganj","district":"KISHANGANJ","PC_NO":10,"PC_NAME":"KISHANGANJ"}},
{"type":"Feature","geometry":{"type":"Polygon","coordinates":[[[86.1844,26.4511],[86.2239,26.4208],[86.3342,26.4161],[86.3934,26.3982],[86.3783,26.5639],[86.3955,26.5854],[86.3075,26.6204],[86.1998,26.5951],[86.1488,26.4662],[86.1844,26.4511]]]},"properties":{"AC_NO":34,"AC_NAME":"Babubarhi","district":"MADHUBANI","PC_NO":7,"PC_NAME":"JHANJHARPUR"}},
{"type":"Feature","geometry":{"type":"Polygon","coordinates":[[[87.0374,26.5613],[87.0728,26.377],[87.0437,26.3362],[87.0621,26.2528],[87.1077,26.1898],[87.0976,26.1394],[87.0601,26.1073],[87.091,26.0513],[87.1226,26.0285],[87.2078,26.0363],[87.1741,26.1042],[87.1814,26.1513],[87.1772,26.225],[87.2238,26.2528],[87.2194,26.4038],[87.1628,26.4039],[87.0917,26.4503],[87.0724,26.5858],[87.0374,26.5613]]]},"properties":{"AC_NO":46,"AC_NAME":"Narpatganj","district":"ARARIA","PC_NO":9,"PC_NAME":"ARARIA"}},
{"type":"Feature","geometry":{"type":"Polygon","coordinates":[[[85.5857,26.5793],[85.5868,26.4733],[85.5841,26.4281],[85.6416,26.3924],[85.5878,26.3593],[85.6512,26.3176],[85.7053,26.3054],[85.7304,26.3418],[85.6887,26.4134],[85.7055,26.4392],[85.6497,26.48],[85.6426,26.515],[85.7164,26.5375],[85.6596,26.6006],[85.5995,26.6178],[85.5857,26.5793]]]},"properties":{"AC_NO":27,"AC_NAME":"Bajpatti","district":"SITAMARHI","PC_NO":5,"PC_NAME":"SITAMARHI"}},
{"type":"Feature","geometry":{"type":"Polygon","coordinates":[[[85.0419,26.5309],[85.0205,26.5127],[85.0528,26.4571],[85.1266,26.3983],[85.2062,26.4285],[85.1846,26.4988],[85.2181,26.5392],[85.1348,26.5476],[85.079,26.6177],[85.0503,26.5989],[85.0419,26.5309]]]},"properties":{"AC_NO":18,"AC_NAME":"Madhuban","district":"PURBI CHAMPARAN","PC_NO":4,"PC_NAME":"SHEOHAR"}},
{"type":"Feature","geometry":{"type":"Polygon","coordinates":[[[84.4086,26.5873],[84.4154,26.6348],[84.3795,26.6145],[84.2847,26.5996],[84.1567,26.6284],[84.1321,26.6051],[84.1315,26.5429],[84.1694,26.4911],[84.199,26.4875],[84.2841,26.4994],[84.3341,26.4897],[84.4218,26.5187],[84.3953,26.5486],[84.4086,26.5873]]]},"properties":{"AC_NO":102,"AC_NAME":"Kuchaikote","district":"GOPALGANJ","PC_NO":17,"PC_NAME":"GOPALGANJ (SC)"}},
{"type":"Feature","geometry":{"type":"Polygon","coordinates":[[[84.1567,26.6284],[84.0866,26.6392],[84.0891,26.6031],[84.0483,26.5364],[83.9767,26.5334],[83.9151,26.5027],[83.9109,26.4498],[83.9906,26.4326],[84.0681,26.3884],[84.1761,26.372],[84.1783,26.4418],[84.199,26.4875],[84.1694,26.4911],[84.1315,26.5429],[84.1321,26.6051],[84.1567,26.6284]]]},"properties":{"AC_NO":103,"AC_NAME":"Bhorey (SC)","district":"GOPALGANJ","PC_NO":17,"PC_NAME":"GOPALGANJ (SC)"}},
{"type":"Feature","geometry":{"type":"Polygon","coordinates":[[[84.491,26.6032],[84.4579,26.6219],[84.4086,26.5873],[84.3953,26.5486],[84.4218,26.5187],[84.3341,26.4897],[84.2841,26.4994],[84.2827,26.4405],[84.3512,26.4289],[84.3629,26.3684],[84.4267,26.3739],[84.4225,26.4399],[84.5385,26.4845],[84.491,26.6032]]]},"properties":{"AC_NO":101,"AC_NAME":"Gopalganj","district":"GOPALGANJ","PC_NO":17,"PC_NAME":"GOPALGANJ (SC)"}},
{"type":"Feature","geometry":{"type":"Polygon","coordinates":[[[86.3934,26.3982],[86.3703,26.3589],[86.4789,26.3652],[86.5665,26.3187],[86.6323,26.3329],[86.663,26.3678],[86.7043,26.3681],[86.7249,26.4266],[86.6925,26.4513],[86.5704,26.4966],[86.5421,26.5383],[86.4976,26.5424],[86.3955,26.5854],[86.3783,26.5639],[86.3934,26.3982]]]},"properties":{"AC_NO":40,"AC_NAME":"Laukaha","district":"MADHUBANI","PC_NO":7,"PC_NAME":"JHANJHARPUR"}},
{"type":"Feature","geometry":{"type":"Polygon","coordinates":[[[87.0601,26.1073],[87.0976,26.1394],[87.1077,26.1898],[87.0621,26.2528],[87.0437,26.3362],[87.0728,26.377],[87.0374,26.5613],[87.0124,26.5311],[86.9319,26.517],[86.8938,26.4617],[86.8331,26.4394],[86.9327,26.4156],[86.968,26.3595],[86.9931,26.2729],[86.9655,26.1811],[87.0196,26.1236],[87.0601,26.1073]]]},"properties":{"AC_NO":45,"AC_NAME":"Chhatapur","district":"SUPAUL","PC_NO":8,"PC_NAME":"SUPAUL"}},
{"type":"Feature","geometry":{"type":"Polygon","coordinates":[[[84.8788,26.5401],[84.7895,26.5595],[84.7632,26.5371],[84.7836,26.4471],[84.8377,26.4358],[84.8331,26.3883],[84.9195,26.3798],[84.9509,26.3954],[84.9996,26.3329],[85.0316,26.3235],[85.0448,26.3418],[85.0857,26.3809],[85.0199,26.4298],[84.9377,26.4391],[84.906,26.5378],[84.8788,26.5401]]]},"properties":{"AC_NO":16,"AC_NAME":"Kalyanpur","district":"PURBI CHAMPARAN","PC_NO":3,"PC_NAME":"PURVI CHAMPARAN"}},
{"type":"Feature","geometry":{"type":"Polygon","coordinates":[[[85.3812,26.5568],[85.3858,26.5078],[85.3598,26.4349],[85.3652,26.379],[85.4212,26.3811],[85.421,26.4351],[85.4724,26.4975],[85.4382,26.5483],[85.3812,26.5568]]]},"properties":{"AC_NO":30,"AC_NAME":"Belsand","district":"SITAMARHI","PC_NO":4,"PC_NAME":"SHEOHAR"}},
{"type":"Feature","geometry":{"type":"Polygon","coordinates":[[[85.9779,26.5097],[85.8527,26.4345],[85.8041,26.4604],[85.7685,26.4327],[85.8356,26.3819],[85.9093,26.4175],[85.9686,26.4042],[86.0861,26.4155],[86.1096,26.4245],[86.115,26.4977],[86.0816,26.5186],[85.9779,26.5097]]]},"properties":{"AC_NO":32,"AC_NAME":"Benipatti","district":"MADHUBANI","PC_NO":6,"PC_NAME":"MADHUBANI"}},
{"type":"Feature","geometry":{"type":"Polygon","coordinates":[[[84.906,26.5378],[84.9377,26.4391],[85.0199,26.4298],[85.0857,26.3809],[85.0448,26.3418],[85.1112,26.3143],[85.229,26.3001],[85.2806,26.3487],[85.2851,26.3957],[85.2062,26.4285],[85.1266,26.3983],[85.0528,26.4571],[85.0205,26.5127],[85.0419,26.5309],[85.0026,26.5597],[84.9586,26.5332],[84.906,26.5378]]]},"properties":{"AC_NO":17,"AC_NAME":"Pipra","district":"PURBI CHAMPARAN","PC_NO":3,"PC_NAME":"PURVI CHAMPARAN"}},
{"type":"Feature","geometry":{"type":"Polygon","coordinates":[[[87.9783,26.1438],[88.011,26.1455],[88.1407,26.228],[88.1555,26.2581],[88.227,26.2909],[88.2759,26.3785],[88.2256,26.4536],[88.2134,26.4305],[88.111,26.3672],[88.0998,26.3295],[88.0341,26.2823],[87.9949,26.2252],[87.9522,26.2291],[87.9462,26.2215],[87.9983,26.1918],[87.9783,26.1438]]]},"properties":{"AC_NO":54,"AC_NAME":"Kishanganj","district":"KISHANGANJ","PC_NO":10,"PC_NAME":"KISHANGANJ"}},
{"type":"Feature","geometry":{"type":"Polygon","coordinates":[[[84.6982,26.5107],[84.6983,26.4342],[84.768,26.3374],[84.8077,26.3226],[84.8734,26.2556],[84.9022,26.3236],[84.9996,26.3329],[84.9509,26.3954],[84.9195,26.3798],[84.8331,26.3883],[84.8377,26.4358],[84.7836,26.4471],[84.7632,26.5371],[84.6982,26.5107]]]},"properties":{"AC_NO":15,"AC_NAME":"Kesaria","district":"PURBI CHAMPARAN","PC_NO":3,"PC_NAME":"PURVI CHAMPARAN"}},
{"type":"Feature","geometry":{"type":"Polygon","coordinates":[[[85.3652,26.379],[85.3727,26.3351],[85.4119,26.2715],[85.4398,26.2725],[85.5044,26.3808],[85.5878,26.3593],[85.6416,26.3924],[85.5841,26.4281],[85.5868,26.4733],[85.4724,26.4975],[85.421,26.4351],[85.4212,26.3811],[85.3652,26.379]]]},"properties":{"AC_NO":29,"AC_NAME":"Runnisaidpur","district":"SITAMARHI","PC_NO":5,"PC_NAME":"SITAMARHI"}},
{"type":"Feature","geometry":{"type":"Polygon","coordinates":[[[87.9522,26.2291],[87.9575,26.3114],[87.895,26.3121],[87.8661,26.3412],[87.8151,26.3312],[87.789,26.3959],[87.756,26.4085],[87.7126,26.4274],[87.6458,26.3935],[87.6194,26.3234],[87.6548,26.306],[87.6658,26.2499],[87.6931,26.1994],[87.7625,26.2165],[87.8351,26.1988],[87.9462,26.2215],[87.9522,26.2291]]]},"properties":{"AC_NO":52,"AC_NAME":"Bahadurganj","district":"KISHANGANJ","PC_NO":10,"PC_NAME":"KISHANGANJ"}},
{"type":"Feature","geometry":{"type":"Polygon","coordinates":[[[87.6658,26.2499],[87.6548,26.306],[87.6194,26.3234],[87.6458,26.3935],[87.5846,26.3933],[87.5475,26.4183],[87.4636,26.4401],[87.3885,26.419],[87.3314,26.3546],[87.3382,26.3124],[87.418,26.2502],[87.4246,26.2931],[87.4792,26.3074],[87.5321,26.2474],[87.6217,26.2364],[87.6658,26.2499]]]},"properties":{"AC_NO":51,"AC_NAME":"Sikti","district":"ARARIA","PC_NO":9,"PC_NAME":"ARARIA"}},
{"type":"Feature","geometry":{"type":"Polygon","coordinates":[[[86.7249,26.4266],[86.7043,26.3681],[86.663,26.3678],[86.6323,26.3329],[86.5665,26.3187],[86.5621,26.3059],[86.614,26.3085],[86.6886,26.2511],[86.8632,26.2259],[86.9017,26.2195],[86.8879,26.3035],[86.9181,26.3592],[86.968,26.3595],[86.9327,26.4156],[86.8331,26.4394],[86.7665,26.4588],[86.7249,26.4266]]]},"properties":{"AC_NO":41,"AC_NAME":"Nirmali","district":"SUPAUL","PC_NO":8,"PC_NAME":"SUPAUL"}},
{"type":"Feature","geometry":{"type":"Polygon","coordinates":[[[84.199,26.4875],[84.1783,26.4418],[84.1761,26.372],[84.177,26.3699],[84.2761,26.3073],[84.3163,26.3281],[84.3629,26.3684],[84.3512,26.4289],[84.2827,26.4405],[84.2841,26.4994],[84.199,26.4875]]]},"properties":{"AC_NO":104,"AC_NAME":"Hathua","district":"GOPALGANJ","PC_NO":17,"PC_NAME":"GOPALGANJ (SC)"}},
{"type":"Feature","geometry":{"type":"Polygon","coordinates":[[[84.6026,26.4418],[84.5385,26.4845],[84.4225,26.4399],[84.4267,26.3739],[84.4285,26.3743],[84.5389,26.3039],[84.5757,26.3249],[84.6342,26.3016],[84.6057,26.3691],[84.6295,26.4291],[84.6026,26.4418]]]},"properties":{"AC_NO":100,"AC_NAME":"Barauli","district":"GOPALGANJ","PC_NO":17,"PC_NAME":"GOPALGANJ (SC)"}},
{"type":"Feature","geometry":{"type":"Polygon","coordinates":[[[86.1096,26.4245],[86.0861,26.4155],[86.0729,26.3671],[86.0853,26.3293],[86.151,26.3158],[86.2027,26.3261],[86.2568,26.3442],[86.2571,26.2832],[86.3274,26.2919],[86.3488,26.3205],[86.3703,26.3589],[86.3934,26.3982],[86.3342,26.4161],[86.2239,26.4208],[86.1844,26.4511],[86.1096,26.4245]]]},"properties":{"AC_NO":37,"AC_NAME":"Rajnagar (SC)","district":"MADHUBANI","PC_NO":7,"PC_NAME":"JHANJHARPUR"}},
{"type":"Feature","geometry":{"type":"Polygon","coordinates":[[[87.2194,26.4038],[87.2238,26.2528],[87.1772,26.225],[87.1814,26.1513],[87.2475,26.1455],[87.28,26.1693],[87.3994,26.1565],[87.4323,26.2264],[87.418,26.2502],[87.3382,26.3124],[87.3314,26.3546],[87.2194,26.4038]]]},"properties":{"AC_NO":48,"AC_NAME":"Forbesganj","district":"ARARIA","PC_NO":9,"PC_NAME":"ARARIA"}},
{"type":"Feature","geometry":{"type":"Polygon","coordinates":[[[85.7685,26.4327],[85.7055,26.4392],[85.6887,26.4134],[85.7304,26.3418],[85.7053,26.3054],[85.6965,26.2262],[85.7252,26.1926],[85.7488,26.1505],[85.7921,26.2696],[85.8248,26.2883],[85.8356,26.3819],[85.7685,26.4327]]]},"properties":{"AC_NO":87,"AC_NAME":"Jale","district":"DARBHANGA","PC_NO":6,"PC_NAME":"MADHUBANI"}},
{"type":"Feature","geometry":{"type":"Polygon","coordinates":[[[84.6983,26.4342],[84.6516,26.4666],[84.6026,26.4418],[84.6295,26.4291],[84.6057,26.3691],[84.6342,26.3016],[84.7644,26.2064],[84.8206,26.2118],[84.8936,26.2165],[84.8734,26.2556],[84.8077,26.3226],[84.768,26.3374],[84.6983,26.4342]]]},"properties":{"AC_NO":99,"AC_NAME":"Baikunthpur","district":"GOPALGANJ","PC_NO":17,"PC_NAME":"GOPALGANJ (SC)"}},
{"type":"Feature","geometry":{"type":"Polygon","coordinates":[[[86.3703,26.3589],[86.3488,26.3205],[86.3865,26.3098],[86.3903,26.2661],[86.359,26.1708],[86.3883,26.154],[86.3589,26.0766],[86.362,26.0698],[86.3885,26.0335],[86.4408,26.0739],[86.4711,26.1191],[86.515,26.1173],[86.5404,26.151],[86.4224,26.1579],[86.4511,26.2137],[86.5152,26.2183],[86.5055,26.2556],[86.5621,26.3059],[86.5665,26.3187],[86.4789,26.3652],[86.3703,26.3589]]]},"properties":{"AC_NO":39,"AC_NAME":"Phulparas","district":"MADHUBANI","PC_NO":7,"PC_NAME":"JHANJHARPUR"}},
{"type":"Feature","geometry":{"type":"Polygon","coordinates":[[[86.0861,26.4155],[85.9686,26.4042],[85.9093,26.4175],[85.8356,26.3819],[85.8248,26.2883],[85.9197,26.2839],[85.9791,26.323],[86.0133,26.3017],[86.0346,26.3477],[86.0729,26.3671],[86.0861,26.4155]]]},"properties":{"AC_NO":35,"AC_NAME":"Bisfi","district":"MADHUBANI","PC_NO":6,"PC_NAME":"MADHUBANI"}},
{"type":"Feature","geometry":{"type":"Polygon","coordinates":[[[87.091,26.0513],[87.0601,26.1073],[87.0196,26.1236],[86.9655,26.1811],[86.9931,26.2729],[86.968,26.3595],[86.9181,26.3592],[86.8879,26.3035],[86.9017,26.2195],[86.8632,26.2259],[86.8129,26.1911],[86.826,26.1269],[86.8075,26.1009],[87.091,26.0513]]]},"properties":{"AC_NO":44,"AC_NAME":"Triveniganj (SC)","district":"SUPAUL","PC_NO":8,"PC_NAME":"SUPAUL"}},
{"type":"Feature","geometry":{"type":"Polygon","coordinates":[[[85.7053,26.3054],[85.6512,26.3176],[85.5878,26.3593],[85.5044,26.3808],[85.4398,26.2725],[85.4894,26.2523],[85.5328,26.217],[85.6193,26.2535],[85.6802,26.176],[85.7252,26.1926],[85.6965,26.2262],[85.7053,26.3054]]]},"properties":{"AC_NO":89,"AC_NAME":"Aurai","district":"MUZAFFARPUR","PC_NO":15,"PC_NAME":"MUZAFFARPUR"}},
{"type":"Feature","geometry":{"type":"Polygon","coordinates":[[[87.418,26.2502],[87.4323,26.2264],[87.3994,26.1565],[87.3911,26.0931],[87.4259,25.9918],[87.5089,25.9892],[87.5137,26.1421],[87.5533,26.1875],[87.5321,26.2474],[87.4792,26.3074],[87.4246,26.2931],[87.418,26.2502]]]},"properties":{"AC_NO":49,"AC_NAME":"Araria","district":"ARARIA","PC_NO":9,"PC_NAME":"ARARIA"}},
{"type":"Feature","geometry":{"type":"Polygon","coordinates":[[[86.0729,26.3671],[86.0346,26.3477],[86.0133,26.3017],[86.0143,26.248],[86.0595,26.2083],[86.1187,26.2019],[86.1803,26.2223],[86.2027,26.3261],[86.151,26.3158],[86.0853,26.3293],[86.0729,26.3671]]]},"properties":{"AC_NO":36,"AC_NAME":"Madhubani","district":"MADHUBANI","PC_NO":6,"PC_NAME":"MADHUBANI"}},
{"type":"Feature","geometry":{"type":"Polygon","coordinates":[[[86.2027,26.3261],[86.1803,26.2223],[86.2438,26.2045],[86.3253,26.161],[86.3235,26.1228],[86.3589,26.0766],[86.3883,26.154],[86.359,26.1708],[86.3903,26.2661],[86.3865,26.3098],[86.3488,26.3205],[86.3274,26.2919],[86.2571,26.2832],[86.2568,26.3442],[86.2027,26.3261]]]},"properties":{"AC_NO":38,"AC_NAME":"Jhanjharpur","district":"MADHUBANI","PC_NO":7,"PC_NAME":"JHANJHARPUR"}},
{"type":"Feature","geometry":{"type":"Polygon","coordinates":[[[85.3727,26.3351],[85.2806,26.3487],[85.229,26.3001],[85.2292,26.2356],[85.3067,26.2339],[85.3809,26.212],[85.4492,26.1487],[85.4923,26.2203],[85.4894,26.2523],[85.4398,26.2725],[85.4119,26.2715],[85.3727,26.3351]]]},"properties":{"AC_NO":90,"AC_NAME":"Minapur","district":"MUZAFFARPUR","PC_NO":16,"PC_NAME":"VAISHALI"}},
{"type":"Feature","geometry":{"type":"Polygon","coordinates":[[[86.614,26.3085],[86.5864,26.2716],[86.6063,26.2235],[86.5536,26.1761],[86.6296,26.1527],[86.6069,26.0639],[86.6923,26.0275],[86.7408,26.1122],[86.7625,26.1058],[86.8075,26.1009],[86.826,26.1269],[86.8129,26.1911],[86.8632,26.2259],[86.6886,26.2511],[86.614,26.3085]]]},"properties":{"AC_NO":42,"AC_NAME":"Pipra","district":"SUPAUL","PC_NO":8,"PC_NAME":"SUPAUL"}},
{"type":"Feature","geometry":{"type":"Polygon","coordinates":[[[84.4267,26.3739],[84.3629,26.3684],[84.3163,26.3281],[84.2817,26.2656],[84.296,26.1996],[84.3268,26.222],[84.3839,26.1989],[84.3702,26.2512],[84.4006,26.2727],[84.4285,26.3743],[84.4267,26.3739]]]},"properties":{"AC_NO":105,"AC_NAME":"Siwan","district":"SIWAN","PC_NO":18,"PC_NAME":"SIWAN"}},
{"type":"Feature","geometry":{"type":"Polygon","coordinates":[[[84.5389,26.3039],[84.4285,26.3743],[84.4006,26.2727],[84.3702,26.2512],[84.3839,26.1989],[84.3848,26.1283],[84.4523,26.1511],[84.4975,26.195],[84.5389,26.3039]]]},"properties":{"AC_NO":110,"AC_NAME":"Barharia","district":"SIWAN","PC_NO":18,"PC_NAME":"SIWAN"}},
{"type":"Feature","geometry":{"type":"Polygon","coordinates":[[[84.3163,26.3281],[84.2761,26.3073],[84.177,26.3699],[84.1766,26.2646],[84.098,26.2333],[84.1879,26.195],[84.1946,26.1334],[84.308,26.1126],[84.296,26.1996],[84.2817,26.2656],[84.3163,26.3281]]]},"properties":{"AC_NO":106,"AC_NAME":"Ziradei","district":"SIWAN","PC_NO":18,"PC_NAME":"SIWAN"}},
{"type":"Feature","geometry":{"type":"Polygon","coordinates":[[[86.5621,26.3059],[86.5055,26.2556],[86.5152,26.2183],[86.4511,26.2137],[86.4224,26.1579],[86.5404,26.151],[86.515,26.1173],[86.4711,26.1191],[86.4408,26.0739],[86.5291,25.9951],[86.559,26.0269],[86.6479,26.0203],[86.6923,26.0275],[86.6069,26.0639],[86.6296,26.1527],[86.5536,26.1761],[86.6063,26.2235],[86.5864,26.2716],[86.614,26.3085],[86.5621,26.3059]]]},"properties":{"AC_NO":43,"AC_NAME":"Supaul","district":"SUPAUL","PC_NO":8,"PC_NAME":"SUPAUL"}},
{"type":"Feature","geometry":{"type":"Polygon","coordinates":[[[85.8248,26.2883],[85.7921,26.2696],[85.7488,26.1505],[85.7132,26.0947],[85.8146,26.1444],[85.7997,26.1633],[85.8134,26.2105],[85.908,26.1931],[85.941,26.2194],[86.0143,26.248],[86.0133,26.3017],[85.9791,26.323],[85.9197,26.2839],[85.8248,26.2883]]]},"properties":{"AC_NO":86,"AC_NAME":"Keoti","district":"DARBHANGA","PC_NO":6,"PC_NAME":"MADHUBANI"}},
{"type":"Feature","geometry":{"type":"Polygon","coordinates":[[[85.0448,26.3418],[85.0316,26.3235],[85.0144,26.2178],[85.0486,26.156],[85.1679,26.1651],[85.2292,26.2356],[85.229,26.3001],[85.1112,26.3143],[85.0448,26.3418]]]},"properties":{"AC_NO":96,"AC_NAME":"Baruraj","district":"MUZAFFARPUR","PC_NO":16,"PC_NAME":"VAISHALI"}},
{"type":"Feature","geometry":{"type":"Polygon","coordinates":[[[85.0316,26.3235],[84.9996,26.3329],[84.9022,26.3236],[84.8734,26.2556],[84.8936,26.2165],[84.9415,26.1194],[84.9425,26.0148],[84.9988,26.0087],[85.0412,26.0653],[85.0486,26.156],[85.0144,26.2178],[85.0316,26.3235]]]},"properties":{"AC_NO":98,"AC_NAME":"Sahebganj","district":"MUZAFFARPUR","PC_NO":16,"PC_NAME":"VAISHALI"}},
{"type":"Feature","geometry":{"type":"Polygon","coordinates":[[[87.6931,26.1994],[87.6658,26.2499],[87.6217,26.2364],[87.5321,26.2474],[87.5533,26.1875],[87.5137,26.1421],[87.5089,25.9892],[87.562,26.0031],[87.6228,26.0266],[87.6267,26.0847],[87.6751,26.1113],[87.6821,26.1786],[87.6921,26.1934],[87.6931,26.1994]]]},"properties":{"AC_NO":50,"AC_NAME":"Jokihat","district":"ARARIA","PC_NO":9,"PC_NAME":"ARARIA"}},
{"type":"Feature","geometry":{"type":"Polygon","coordinates":[[[84.6342,26.3016],[84.5757,26.3249],[84.5389,26.3039],[84.4975,26.195],[84.62,26.1617],[84.6963,26.1746],[84.7596,26.1662],[84.7644,26.2064],[84.6342,26.3016]]]},"properties":{"AC_NO":111,"AC_NAME":"Goriakothi","district":"SIWAN","PC_NO":19,"PC_NAME":"MAHARAJGANJ"}},
{"type":"Feature","geometry":{"type":"Polygon","coordinates":[[[85.4894,26.2523],[85.4923,26.2203],[85.4492,26.1487],[85.3809,26.212],[85.3747,26.1471],[85.4101,26.1226],[85.3606,26.0873],[85.4151,26.0606],[85.4849,26.049],[85.5372,26.081],[85.5595,26.1875],[85.5328,26.217],[85.4894,26.2523]]]},"properties":{"AC_NO":91,"AC_NAME":"Bochaha (SC)","district":"MUZAFFARPUR","PC_NO":15,"PC_NAME":"MUZAFFARPUR"}},
{"type":"Feature","geometry":{"type":"Polygon","coordinates":[[[86.1803,26.2223],[86.1187,26.2019],[86.0595,26.2083],[86.0143,26.248],[85.941,26.2194],[85.9399,26.1502],[86.0491,26.1257],[86.1708,26.1295],[86.2226,26.1613],[86.2438,26.2045],[86.1803,26.2223]]]},"properties":{"AC_NO":82,"AC_NAME":"Darbhanga Rural","district":"DARBHANGA","PC_NO":14,"PC_NAME":"DARBHANGA"}},
{"type":"Feature","geometry":{"type":"Polygon","coordinates":[[[85.7488,26.1505],[85.7252,26.1926],[85.6802,26.176],[85.6193,26.2535],[85.5328,26.217],[85.5595,26.1875],[85.5372,26.081],[85.5334,26.0543],[85.6336,26.0042],[85.6829,26.0278],[85.7138,26.0894],[85.7132,26.0947],[85.7488,26.1505]]]},"properties":{"AC_NO":88,"AC_NAME":"Gaighat","district":"MUZAFFARPUR","PC_NO":15,"PC_NAME":"MUZAFFARPUR"}},
{"type":"Feature","geometry":{"type":"Polygon","coordinates":[[[85.2292,26.2356],[85.1679,26.1651],[85.2137,26.0707],[85.2593,26.051],[85.3106,26.1075],[85.3747,26.1471],[85.3809,26.212],[85.3067,26.2339],[85.2292,26.2356]]]},"properties":{"AC_NO":95,"AC_NAME":"Kanti","district":"MUZAFFARPUR","PC_NO":16,"PC_NAME":"VAISHALI"}},
{"type":"Feature","geometry":{"type":"Polygon","coordinates":[[[85.7997,26.1633],[85.8444,26.1828],[85.8856,26.1432],[85.9399,26.1502],[85.941,26.2194],[85.908,26.1931],[85.8134,26.2105],[85.7997,26.1633]]]},"properties":{"AC_NO":83,"AC_NAME":"Darbhanga","district":"DARBHANGA","PC_NO":14,"PC_NAME":"DARBHANGA"}},
{"type":"Feature","geometry":{"type":"Polygon","coordinates":[[[86.3589,26.0766],[86.3235,26.1228],[86.3253,26.161],[86.2438,26.2045],[86.2226,26.1613],[86.1708,26.1295],[86.1912,26.0312],[86.3193,26.0077],[86.362,26.0698],[86.3589,26.0766]]]},"properties":{"AC_NO":81,"AC_NAME":"Alinagar","district":"DARBHANGA","PC_NO":14,"PC_NAME":"DARBHANGA"}},
{"type":"Feature","geometry":{"type":"Polygon","coordinates":[[[87.1226,26.0285],[87.0967,26.032],[87.0784,25.9618],[87.164,25.9428],[87.2785,25.9856],[87.3003,25.9655],[87.3489,25.978],[87.3996,25.9624],[87.4259,25.9918],[87.3911,26.0931],[87.3994,26.1565],[87.28,26.1693],[87.2475,26.1455],[87.1814,26.1513],[87.1741,26.1042],[87.2078,26.0363],[87.1226,26.0285]]]},"properties":{"AC_NO":47,"AC_NAME":"Raniganj (SC)","district":"ARARIA","PC_NO":9,"PC_NAME":"ARARIA"}},
{"type":"Feature","geometry":{"type":"Polygon","coordinates":[[[84.308,26.1126],[84.1946,26.1334],[84.1879,26.195],[84.098,26.2333],[84.0312,26.2169],[84.0085,26.1888],[84.0501,26.13],[84.2073,25.9991],[84.2354,26.0758],[84.308,26.1126]]]},"properties":{"AC_NO":107,"AC_NAME":"Darauli (SC)","district":"SIWAN","PC_NO":18,"PC_NAME":"SIWAN"}},
{"type":"Feature","geometry":{"type":"Polygon","coordinates":[[[84.8936,26.2165],[84.8206,26.2118],[84.8217,26.0852],[84.7566,26.0396],[84.7804,25.9766],[84.8076,25.99],[84.9168,25.9863],[84.9425,26.0148],[84.9415,26.1194],[84.8936,26.2165]]]},"properties":{"AC_NO":116,"AC_NAME":"Taraiya","district":"SARAN","PC_NO":19,"PC_NAME":"MAHARAJGANJ"}},
{"type":"Feature","geometry":{"type":"Polygon","coordinates":[[[84.296,26.1996],[84.308,26.1126],[84.2354,26.0758],[84.2073,25.9991],[84.3119,25.9438],[84.3541,25.9588],[84.3358,26.0156],[84.3383,26.1314],[84.3848,26.1283],[84.3839,26.1989],[84.3268,26.222],[84.296,26.1996]]]},"properties":{"AC_NO":108,"AC_NAME":"Raghunathpur","district":"SIWAN","PC_NO":18,"PC_NAME":"SIWAN"}},
{"type":"Feature","geometry":{"type":"Polygon","coordinates":[[[84.8206,26.2118],[84.7644,26.2064],[84.7596,26.1662],[84.7172,26.1245],[84.7077,26.0854],[84.6634,26.0741],[84.6494,26.0135],[84.6579,25.9429],[84.7251,25.937],[84.7804,25.9766],[84.7566,26.0396],[84.8217,26.0852],[84.8206,26.2118]]]},"properties":{"AC_NO":115,"AC_NAME":"Baniapur","district":"SARAN","PC_NO":19,"PC_NAME":"MAHARAJGANJ"}},
{"type":"Feature","geometry":{"type":"Polygon","coordinates":[[[87.8074,25.9292],[87.8197,25.9336],[87.809,25.9587],[87.8541,26.103],[87.8213,26.1112],[87.6751,26.1113],[87.6267,26.0847],[87.6228,26.0266],[87.562,26.0031],[87.6092,25.9594],[87.6214,25.9465],[87.6139,25.9086],[87.6482,25.8947],[87.7364,25.9275],[87.8074,25.9292]]]},"properties":{"AC_NO":56,"AC_NAME":"Amour","district":"PURNIA","PC_NO":10,"PC_NAME":"KISHANGANJ"}},
{"type":"Feature","geometry":{"type":"Polygon","coordinates":[[[85.7997,26.1633],[85.8146,26.1444],[85.7132,26.0947],[85.7138,26.0894],[85.7194,26.0489],[85.8622,26.023],[85.8906,26.0846],[85.9297,26.0915],[86.0077,26.0267],[86.0535,26.09],[86.0491,26.1257],[85.9399,26.1502],[85.8856,26.1432],[85.8444,26.1828],[85.7997,26.1633]]]},"properties":{"AC_NO":85,"AC_NAME":"Bahadurpur","district":"DARBHANGA","PC_NO":14,"PC_NAME":"DARBHANGA"}},
{"type":"Feature","geometry":{"type":"Polygon","coordinates":[[[86.0491,26.1257],[86.0535,26.09],[86.0906,26.0341],[86.0582,25.9761],[86.0107,25.9391],[86.0612,25.9213],[86.0931,25.8973],[86.1596,25.8906],[86.1289,25.9286],[86.1912,26.0312],[86.1708,26.1295],[86.0491,26.1257]]]},"properties":{"AC_NO":80,"AC_NAME":"Benipur","district":"DARBHANGA","PC_NO":14,"PC_NAME":"DARBHANGA"}},
{"type":"Feature","geometry":{"type":"Polygon","coordinates":[[[84.4523,26.1511],[84.4944,26.1006],[84.5527,26.098],[84.5524,26.0321],[84.6245,26.0787],[84.6634,26.0741],[84.7077,26.0854],[84.7172,26.1245],[84.7596,26.1662],[84.6963,26.1746],[84.62,26.1617],[84.4975,26.195],[84.4523,26.1511]]]},"properties":{"AC_NO":112,"AC_NAME":"Maharajganj","district":"SIWAN","PC_NO":19,"PC_NAME":"MAHARAJGANJ"}},
{"type":"Feature","geometry":{"type":"Polygon","coordinates":[[[85.0486,26.156],[85.0412,26.0653],[84.9988,26.0087],[85.0665,25.9743],[85.105,25.9986],[85.1747,26.011],[85.2231,25.9995],[85.2851,26.0121],[85.2593,26.051],[85.2137,26.0707],[85.1679,26.1651],[85.0486,26.156]]]},"properties":{"AC_NO":97,"AC_NAME":"Paroo","district":"MUZAFFARPUR","PC_NO":16,"PC_NAME":"VAISHALI"}},
{"type":"Feature","geometry":{"type":"Polygon","coordinates":[[[86.7625,26.1058],[86.7408,26.1122],[86.6923,26.0275],[86.6479,26.0203],[86.6242,26.0032],[86.6381,25.9287],[86.7072,25.904],[86.7538,25.8559],[86.8424,25.871],[86.8696,25.822],[86.9423,25.929],[86.9001,25.9756],[86.8574,25.9849],[86.8232,25.9524],[86.7324,25.9822],[86.8041,26.0464],[86.7625,26.1058]]]},"properties":{"AC_NO":73,"AC_NAME":"Madhepura","district":"MADHEPURA","PC_NO":13,"PC_NAME":"MADHEPURA"}},
{"type":"Feature","geometry":{"type":"Polygon","coordinates":[[[85.3747,26.1471],[85.3106,26.1075],[85.3606,26.0873],[85.4101,26.1226],[85.3747,26.1471]]]},"properties":{"AC_NO":94,"AC_NAME":"Muzaffarpur","district":"MUZAFFARPUR","PC_NO":15,"PC_NAME":"MUZAFFARPUR"}},
{"type":"Feature","geometry":{"type":"Polygon","coordinates":[[[87.1226,26.0285],[87.091,26.0513],[86.8075,26.1009],[86.7625,26.1058],[86.8041,26.0464],[86.7324,25.9822],[86.8232,25.9524],[86.8574,25.9849],[86.9001,25.9756],[86.9423,25.929],[86.9957,25.9264],[87.0256,25.9567],[87.0784,25.9618],[87.0967,26.032],[87.1226,26.0285]]]},"properties":{"AC_NO":72,"AC_NAME":"Singheshwar (SC)","district":"MADHEPURA","PC_NO":8,"PC_NAME":"SUPAUL"}},
{"type":"Feature","geometry":{"type":"Polygon","coordinates":[[[84.3848,26.1283],[84.3383,26.1314],[84.3358,26.0156],[84.3541,25.9588],[84.4119,25.9308],[84.4545,25.8878],[84.4624,25.948],[84.4349,25.9616],[84.4093,26.0327],[84.5524,26.0321],[84.5527,26.098],[84.4944,26.1006],[84.4523,26.1511],[84.3848,26.1283]]]},"properties":{"AC_NO":109,"AC_NAME":"Daraundha","district":"SIWAN","PC_NO":18,"PC_NAME":"SIWAN"}},
{"type":"Feature","geometry":{"type":"Polygon","coordinates":[[[85.8622,26.023],[85.9021,25.978],[85.9304,25.9552],[86.0107,25.9391],[86.0582,25.9761],[86.0906,26.0341],[86.0535,26.09],[86.0077,26.0267],[85.9297,26.0915],[85.8906,26.0846],[85.8622,26.023]]]},"properties":{"AC_NO":84,"AC_NAME":"Hayaghat","district":"DARBHANGA","PC_NO":23,"PC_NAME":"SAMASTIPUR (SC)"}},
{"type":"Feature","geometry":{"type":"Polygon","coordinates":[[[85.3606,26.0873],[85.3106,26.1075],[85.2593,26.051],[85.2851,26.0121],[85.286,25.95],[85.371,25.9325],[85.4268,25.938],[85.4849,26.049],[85.4151,26.0606],[85.3606,26.0873]]]},"properties":{"AC_NO":93,"AC_NAME":"Kurhani","district":"MUZAFFARPUR","PC_NO":15,"PC_NAME":"MUZAFFARPUR"}},
{"type":"Feature","geometry":{"type":"Polygon","coordinates":[[[86.4408,26.0739],[86.3885,26.0335],[86.3822,25.9515],[86.3145,25.867],[86.3589,25.8559],[86.4298,25.8533],[86.4921,25.8773],[86.5052,25.8992],[86.6311,25.8976],[86.6381,25.9287],[86.6242,26.0032],[86.6479,26.0203],[86.559,26.0269],[86.5291,25.9951],[86.4408,26.0739]]]},"properties":{"AC_NO":77,"AC_NAME":"Mahishi","district":"SAHARSA","PC_NO":13,"PC_NAME":"MADHEPURA"}},
{"type":"Feature","geometry":{"type":"Polygon","coordinates":[[[85.7138,26.0894],[85.6829,26.0278],[85.6336,26.0042],[85.6402,25.9221],[85.6351,25.9066],[85.6592,25.8895],[85.6829,25.8774],[85.7266,25.9703],[85.7553,25.9603],[85.7796,25.8702],[85.8241,25.9294],[85.9021,25.978],[85.8622,26.023],[85.7194,26.0489],[85.7138,26.0894]]]},"properties":{"AC_NO":131,"AC_NAME":"Kalyanpur (SC)","district":"SAMASTIPUR","PC_NO":23,"PC_NAME":"SAMASTIPUR (SC)"}},
{"type":"Feature","geometry":{"type":"Polygon","coordinates":[[[86.3885,26.0335],[86.362,26.0698],[86.3193,26.0077],[86.1912,26.0312],[86.1289,25.9286],[86.1596,25.8906],[86.1869,25.8953],[86.2112,25.961],[86.2975,25.9239],[86.3145,25.867],[86.3822,25.9515],[86.3885,26.0335]]]},"properties":{"AC_NO":79,"AC_NAME":"Gaura Bauram","district":"DARBHANGA","PC_NO":14,"PC_NAME":"DARBHANGA"}},
{"type":"Feature","geometry":{"type":"Polygon","coordinates":[[[85.4849,26.049],[85.4268,25.938],[85.4544,25.9249],[85.5613,25.9108],[85.6402,25.9221],[85.6336,26.0042],[85.5334,26.0543],[85.5372,26.081],[85.4849,26.049]]]},"properties":{"AC_NO":92,"AC_NAME":"Sakra (SC)","district":"MUZAFFARPUR","PC_NO":15,"PC_NAME":"MUZAFFARPUR"}},
{"type":"Feature","geometry":{"type":"Polygon","coordinates":[[[84.6494,26.0135],[84.6634,26.0741],[84.6245,26.0787],[84.5524,26.0321],[84.4093,26.0327],[84.4349,25.9616],[84.4624,25.948],[84.4545,25.8878],[84.4897,25.8882],[84.5668,25.9614],[84.6213,25.9703],[84.6494,26.0135]]]},"properties":{"AC_NO":113,"AC_NAME":"Ekma","district":"SARAN","PC_NO":19,"PC_NAME":"MAHARAJGANJ"}},
{"type":"Feature","geometry":{"type":"Polygon","coordinates":[[[87.5089,25.9892],[87.4259,25.9918],[87.3996,25.9624],[87.3489,25.978],[87.3003,25.9655],[87.3209,25.9013],[87.3491,25.9089],[87.4502,25.8027],[87.5586,25.8186],[87.6382,25.8692],[87.6318,25.8741],[87.6201,25.898],[87.6126,25.9013],[87.6139,25.9086],[87.6214,25.9465],[87.6092,25.9594],[87.562,26.0031],[87.5089,25.9892]]]},"properties":{"AC_NO":58,"AC_NAME":"Kasba","district":"PURNIA","PC_NO":12,"PC_NAME":"PURNIA"}},
{"type":"Feature","geometry":{"type":"Polygon","coordinates":[[[87.3003,25.9655],[87.2785,25.9856],[87.164,25.9428],[87.0784,25.9618],[87.0256,25.9567],[86.9957,25.9264],[87.0421,25.8475],[87.0186,25.8198],[87.0086,25.7424],[87.1435,25.7939],[87.1721,25.831],[87.2568,25.8423],[87.3101,25.8648],[87.3209,25.9013],[87.3003,25.9655]]]},"properties":{"AC_NO":59,"AC_NAME":"Banmankhi (SC)","district":"PURNIA","PC_NO":12,"PC_NAME":"PURNIA"}},
{"type":"Feature","geometry":{"type":"MultiPolygon","coordinates":[[[[85.3581,25.7681],[85.3532,25.8083],[85.3359,25.7866],[85.3581,25.7681]]],[[[85.2851,26.0121],[85.2231,25.9995],[85.1747,26.011],[85.105,25.9986],[85.0665,25.9743],[85.0962,25.9172],[85.107,25.9023],[85.2076,25.8978],[85.2898,25.9285],[85.2963,25.8885],[85.352,25.8363],[85.371,25.9325],[85.286,25.95],[85.2851,26.0121]]]]},"properties":{"AC_NO":125,"AC_NAME":"Vaishali","district":"VAISHALI","PC_NO":16,"PC_NAME":"VAISHALI"}},
{"type":"Feature","geometry":{"type":"Polygon","coordinates":[[[84.9988,26.0087],[84.9425,26.0148],[84.9168,25.9863],[84.8697,25.9544],[84.8644,25.8594],[84.9273,25.8446],[85.0169,25.8894],[85.0122,25.9327],[85.0962,25.9172],[85.0665,25.9743],[84.9988,26.0087]]]},"properties":{"AC_NO":120,"AC_NAME":"Amnour","district":"SARAN","PC_NO":20,"PC_NAME":"SARAN"}},
{"type":"Feature","geometry":{"type":"Polygon","coordinates":[[[87.8223,25.8808],[87.8074,25.9292],[87.7364,25.9275],[87.6482,25.8947],[87.6139,25.9086],[87.6126,25.9013],[87.6201,25.898],[87.6318,25.8741],[87.6382,25.8692],[87.5586,25.8186],[87.6204,25.718],[87.6703,25.7007],[87.7105,25.7654],[87.7541,25.7533],[87.8067,25.7685],[87.8288,25.7884],[87.8054,25.8754],[87.8116,25.8817],[87.8223,25.8808]]]},"properties":{"AC_NO":57,"AC_NAME":"Baisi","district":"PURNIA","PC_NO":10,"PC_NAME":"KISHANGANJ"}},
{"type":"Feature","geometry":{"type":"Polygon","coordinates":[[[84.6494,26.0135],[84.6213,25.9703],[84.5668,25.9614],[84.4897,25.8882],[84.5339,25.8764],[84.5509,25.8408],[84.608,25.805],[84.7394,25.8502],[84.7185,25.8699],[84.7251,25.937],[84.6579,25.9429],[84.6494,26.0135]]]},"properties":{"AC_NO":114,"AC_NAME":"Manjhi","district":"SARAN","PC_NO":19,"PC_NAME":"MAHARAJGANJ"}},
{"type":"Feature","geometry":{"type":"Polygon","coordinates":[[[86.0612,25.9213],[86.0107,25.9391],[85.9304,25.9552],[85.9021,25.978],[85.8241,25.9294],[85.7796,25.8702],[85.8567,25.8668],[85.8934,25.8296],[85.9359,25.7859],[85.9833,25.7727],[86.078,25.9046],[86.0612,25.9213]]]},"properties":{"AC_NO":132,"AC_NAME":"Warisnagar","district":"SAMASTIPUR","PC_NO":23,"PC_NAME":"SAMASTIPUR (SC)"}},
{"type":"Feature","geometry":{"type":"Polygon","coordinates":[[[84.7804,25.9766],[84.7251,25.937],[84.7185,25.8699],[84.7394,25.8502],[84.7539,25.8423],[84.8235,25.8737],[84.8644,25.8594],[84.8697,25.9544],[84.9168,25.9863],[84.8076,25.99],[84.7804,25.9766]]]},"properties":{"AC_NO":117,"AC_NAME":"Marhaura","district":"SARAN","PC_NO":20,"PC_NAME":"SARAN"}},
{"type":"Feature","geometry":{"type":"Polygon","coordinates":[[[85.6592,25.8895],[85.7006,25.8301],[85.7802,25.7936],[85.8063,25.8364],[85.8934,25.8296],[85.8567,25.8668],[85.7796,25.8702],[85.7553,25.9603],[85.7266,25.9703],[85.6829,25.8774],[85.6592,25.8895]]]},"properties":{"AC_NO":133,"AC_NAME":"Samastipur","district":"SAMASTIPUR","PC_NO":23,"PC_NAME":"SAMASTIPUR (SC)"}},
{"type":"Feature","geometry":{"type":"Polygon","coordinates":[[[86.9423,25.929],[86.8696,25.822],[86.8527,25.7398],[86.8585,25.6744],[87.0274,25.6603],[87.0479,25.6867],[87.0086,25.7424],[87.0186,25.8198],[87.0421,25.8475],[86.9957,25.9264],[86.9423,25.929]]]},"properties":{"AC_NO":71,"AC_NAME":"Bihariganj","district":"MADHEPURA","PC_NO":13,"PC_NAME":"MADHEPURA"}},
{"type":"Feature","geometry":{"type":"Polygon","coordinates":[[[87.3209,25.9013],[87.3101,25.8648],[87.2568,25.8423],[87.1721,25.831],[87.1435,25.7939],[87.1082,25.7313],[87.1209,25.6631],[87.1679,25.6651],[87.2487,25.6229],[87.2784,25.7029],[87.4147,25.6756],[87.4335,25.683],[87.4502,25.8027],[87.3491,25.9089],[87.3209,25.9013]]]},"properties":{"AC_NO":61,"AC_NAME":"Dhamdaha","district":"PURNIA","PC_NO":12,"PC_NAME":"PURNIA"}},
{"type":"Feature","geometry":{"type":"Polygon","coordinates":[[[86.7538,25.8559],[86.7072,25.904],[86.6381,25.9287],[86.6311,25.8976],[86.5052,25.8992],[86.4921,25.8773],[86.4873,25.8227],[86.5629,25.8234],[86.5839,25.7917],[86.6534,25.7632],[86.7272,25.7762],[86.7538,25.8559]]]},"properties":{"AC_NO":75,"AC_NAME":"Saharsa","district":"SAHARSA","PC_NO":13,"PC_NAME":"MADHEPURA"}},
{"type":"Feature","geometry":{"type":"Polygon","coordinates":[[[87.947,25.5393],[88.0496,25.4853],[88.0203,25.5912],[88.0486,25.6486],[88.0465,25.6993],[87.9657,25.7255],[87.9384,25.7737],[87.9072,25.7733],[87.8923,25.8652],[87.8223,25.8808],[87.8116,25.8817],[87.8054,25.8754],[87.8288,25.7884],[87.8067,25.7685],[87.8607,25.7444],[87.9045,25.6405],[87.947,25.5393]]]},"properties":{"AC_NO":65,"AC_NAME":"Balrampur","district":"KATIHAR","PC_NO":11,"PC_NAME":"KATIHAR"}},
{"type":"Feature","geometry":{"type":"Polygon","coordinates":[[[85.4268,25.938],[85.371,25.9325],[85.352,25.8363],[85.3468,25.8282],[85.3454,25.8207],[85.3532,25.8083],[85.3581,25.7681],[85.3838,25.7355],[85.4391,25.7686],[85.4832,25.7817],[85.4832,25.8281],[85.4544,25.9249],[85.4268,25.938]]]},"properties":{"AC_NO":126,"AC_NAME":"Mahua","district":"VAISHALI","PC_NO":21,"PC_NAME":"HAJIPUR (SC)"}},
{"type":"Feature","geometry":{"type":"Polygon","coordinates":[[[86.1596,25.8906],[86.0931,25.8973],[86.0612,25.9213],[86.078,25.9046],[85.9833,25.7727],[86.0244,25.7163],[86.0951,25.7435],[86.0891,25.7951],[86.1761,25.8361],[86.2234,25.8067],[86.2404,25.8803],[86.1869,25.8953],[86.1596,25.8906]]]},"properties":{"AC_NO":139,"AC_NAME":"Rosera (SC)","district":"SAMASTIPUR","PC_NO":23,"PC_NAME":"SAMASTIPUR (SC)"}},
{"type":"Feature","geometry":{"type":"Polygon","coordinates":[[[85.3532,25.8083],[85.3454,25.8207],[85.3468,25.8282],[85.352,25.8363],[85.2963,25.8885],[85.2898,25.9285],[85.2076,25.8978],[85.107,25.9023],[85.1208,25.8601],[85.1646,25.8383],[85.1771,25.7852],[85.2787,25.7624],[85.3359,25.7866],[85.3532,25.8083]]]},"properties":{"AC_NO":124,"AC_NAME":"Lalganj","district":"VAISHALI","PC_NO":21,"PC_NAME":"HAJIPUR (SC)"}},
{"type":"Feature","geometry":{"type":"Polygon","coordinates":[[[85.6351,25.9066],[85.6402,25.9221],[85.5613,25.9108],[85.4544,25.9249],[85.4832,25.8281],[85.4832,25.7817],[85.4391,25.7686],[85.51,25.7452],[85.6198,25.7601],[85.6082,25.848],[85.6351,25.9066]]]},"properties":{"AC_NO":130,"AC_NAME":"Patepur (SC)","district":"VAISHALI","PC_NO":22,"PC_NAME":"UJIARPUR"}},
{"type":"Feature","geometry":{"type":"Polygon","coordinates":[[[86.3589,25.8559],[86.3145,25.867],[86.2975,25.9239],[86.2112,25.961],[86.1869,25.8953],[86.2404,25.8803],[86.2234,25.8067],[86.2235,25.7772],[86.2934,25.7635],[86.3297,25.7348],[86.3954,25.7212],[86.4078,25.73],[86.401,25.8003],[86.3589,25.8559]]]},"properties":{"AC_NO":78,"AC_NAME":"Kusheshwar Asthan (SC)","district":"DARBHANGA","PC_NO":23,"PC_NAME":"SAMASTIPUR (SC)"}},
{"type":"Feature","geometry":{"type":"Polygon","coordinates":[[[85.107,25.9023],[85.0962,25.9172],[85.0122,25.9327],[85.0169,25.8894],[84.9273,25.8446],[84.9675,25.7978],[84.956,25.7634],[84.9913,25.7488],[85.033,25.7902],[85.0846,25.7947],[85.1746,25.773],[85.1771,25.7852],[85.1646,25.8383],[85.1208,25.8601],[85.107,25.9023]]]},"properties":{"AC_NO":121,"AC_NAME":"Parsa","district":"SARAN","PC_NO":20,"PC_NAME":"SARAN"}},
{"type":"Feature","geometry":{"type":"Polygon","coordinates":[[[85.6351,25.9066],[85.6082,25.848],[85.6198,25.7601],[85.5574,25.646],[85.6146,25.6057],[85.6831,25.6479],[85.6487,25.7085],[85.6908,25.7291],[85.6722,25.7873],[85.7006,25.8301],[85.6592,25.8895],[85.6351,25.9066]]]},"properties":{"AC_NO":135,"AC_NAME":"Morwa","district":"SAMASTIPUR","PC_NO":22,"PC_NAME":"UJIARPUR"}},
{"type":"Feature","geometry":{"type":"Polygon","coordinates":[[[86.3589,25.8559],[86.401,25.8003],[86.4078,25.73],[86.4586,25.6924],[86.5081,25.6183],[86.5837,25.5912],[86.5971,25.6216],[86.6493,25.6402],[86.624,25.6463],[86.6132,25.7218],[86.6534,25.7632],[86.5839,25.7917],[86.5629,25.8234],[86.4873,25.8227],[86.4921,25.8773],[86.4298,25.8533],[86.3589,25.8559]]]},"properties":{"AC_NO":76,"AC_NAME":"Simri Bakhtiarpur","district":"SAHARSA","PC_NO":25,"PC_NAME":"KHAGARIA"}},
{"type":"Feature","geometry":{"type":"Polygon","coordinates":[[[86.8696,25.822],[86.8424,25.871],[86.7538,25.8559],[86.7272,25.7762],[86.6534,25.7632],[86.6132,25.7218],[86.624,25.6463],[86.6493,25.6402],[86.7318,25.6617],[86.8036,25.6372],[86.8585,25.6744],[86.8527,25.7398],[86.8696,25.822]]]},"properties":{"AC_NO":74,"AC_NAME":"Sonbarsha (SC)","district":"SAHARSA","PC_NO":13,"PC_NAME":"MADHEPURA"}},
{"type":"Feature","geometry":{"type":"Polygon","coordinates":[[[87.4502,25.8027],[87.4335,25.683],[87.5054,25.6812],[87.5701,25.6601],[87.5945,25.6912],[87.6631,25.6875],[87.6703,25.7007],[87.6204,25.718],[87.5586,25.8186],[87.4502,25.8027]]]},"properties":{"AC_NO":62,"AC_NAME":"Purnia","district":"PURNIA","PC_NO":12,"PC_NAME":"PURNIA"}},
{"type":"Feature","geometry":{"type":"Polygon","coordinates":[[[84.8644,25.8594],[84.8235,25.8737],[84.7539,25.8423],[84.7632,25.706],[84.8499,25.6997],[84.9033,25.719],[84.9115,25.7581],[84.956,25.7634],[84.9675,25.7978],[84.9273,25.8446],[84.8644,25.8594]]]},"properties":{"AC_NO":119,"AC_NAME":"Garkha (SC)","district":"SARAN","PC_NO":20,"PC_NAME":"SARAN"}},
{"type":"Feature","geometry":{"type":"Polygon","coordinates":[[[86.0951,25.7435],[86.1404,25.7113],[86.1841,25.6623],[86.293,25.6386],[86.3954,25.7212],[86.3297,25.7348],[86.2934,25.7635],[86.2235,25.7772],[86.2234,25.8067],[86.1761,25.8361],[86.0891,25.7951],[86.0951,25.7435]]]},"properties":{"AC_NO":140,"AC_NAME":"Hasanpur","district":"SAMASTIPUR","PC_NO":25,"PC_NAME":"KHAGARIA"}},
{"type":"Feature","geometry":{"type":"Polygon","coordinates":[[[85.8934,25.8296],[85.8063,25.8364],[85.7802,25.7936],[85.7525,25.6882],[85.7825,25.6444],[85.8315,25.6207],[85.8486,25.6446],[85.8239,25.7113],[85.8552,25.7568],[85.9206,25.756],[85.9359,25.7859],[85.8934,25.8296]]]},"properties":{"AC_NO":134,"AC_NAME":"Ujiarpur","district":"SAMASTIPUR","PC_NO":22,"PC_NAME":"UJIARPUR"}},
{"type":"Feature","geometry":{"type":"Polygon","coordinates":[[[84.608,25.805],[84.6005,25.7384],[84.6337,25.708],[84.7632,25.706],[84.7539,25.8423],[84.7394,25.8502],[84.608,25.805]]]},"properties":{"AC_NO":118,"AC_NAME":"Chapra","district":"SARAN","PC_NO":20,"PC_NAME":"SARAN"}},
{"type":"Feature","geometry":{"type":"Polygon","coordinates":[[[87.0086,25.7424],[87.0479,25.6867],[87.0274,25.6603],[87.0587,25.5791],[87.0523,25.5272],[87.0979,25.5169],[87.0784,25.4546],[87.1054,25.4336],[87.1648,25.4518],[87.2286,25.4506],[87.2123,25.4999],[87.242,25.541],[87.2608,25.568],[87.2487,25.6229],[87.1679,25.6651],[87.1209,25.6631],[87.1082,25.7313],[87.1435,25.7939],[87.0086,25.7424]]]},"properties":{"AC_NO":60,"AC_NAME":"Rupauli","district":"PURNIA","PC_NO":12,"PC_NAME":"PURNIA"}},
{"type":"Feature","geometry":{"type":"Polygon","coordinates":[[[85.7006,25.8301],[85.6722,25.7873],[85.6908,25.7291],[85.6487,25.7085],[85.6831,25.6479],[85.728,25.6334],[85.7594,25.5661],[85.7752,25.5856],[85.847,25.5731],[85.8315,25.6207],[85.7825,25.6444],[85.7525,25.6882],[85.7802,25.7936],[85.7006,25.8301]]]},"properties":{"AC_NO":136,"AC_NAME":"Sarairanjan","district":"SAMASTIPUR","PC_NO":22,"PC_NAME":"UJIARPUR"}},
{"type":"Feature","geometry":{"type":"Polygon","coordinates":[[[87.8067,25.7685],[87.7541,25.7533],[87.7105,25.7654],[87.6703,25.7007],[87.6631,25.6875],[87.6481,25.6246],[87.6172,25.5901],[87.6375,25.54],[87.7384,25.5625],[87.7307,25.5713],[87.7529,25.6119],[87.8235,25.608],[87.8708,25.6427],[87.8838,25.6471],[87.9045,25.6405],[87.8607,25.7444],[87.8067,25.7685]]]},"properties":{"AC_NO":64,"AC_NAME":"Kadwa","district":"KATIHAR","PC_NO":11,"PC_NAME":"KATIHAR"}},
{"type":"Feature","geometry":{"type":"Polygon","coordinates":[[[85.9359,25.7859],[85.9206,25.756],[85.8552,25.7568],[85.8239,25.7113],[85.8486,25.6446],[85.9514,25.6499],[86.014,25.6083],[86.0244,25.7163],[85.9833,25.7727],[85.9359,25.7859]]]},"properties":{"AC_NO":138,"AC_NAME":"Bibhutipur","district":"SAMASTIPUR","PC_NO":22,"PC_NAME":"UJIARPUR"}},
{"type":"Feature","geometry":{"type":"Polygon","coordinates":[[[85.3359,25.7866],[85.2787,25.7624],[85.3364,25.7154],[85.3649,25.6933],[85.3644,25.6222],[85.4028,25.5627],[85.4793,25.5689],[85.4875,25.7118],[85.4084,25.7002],[85.3838,25.7355],[85.3581,25.7681],[85.3359,25.7866]]]},"properties":{"AC_NO":127,"AC_NAME":"Raja Pakar (SC)","district":"VAISHALI","PC_NO":21,"PC_NAME":"HAJIPUR (SC)"}},
{"type":"Feature","geometry":{"type":"Polygon","coordinates":[[[86.0951,25.7435],[86.0244,25.7163],[86.014,25.6083],[86.0902,25.5526],[86.167,25.5403],[86.2023,25.5631],[86.155,25.6253],[86.1404,25.7113],[86.0951,25.7435]]]},"properties":{"AC_NO":141,"AC_NAME":"Cheria Bariarpur","district":"BEGUSARAI","PC_NO":24,"PC_NAME":"BEGUSARAI"}},
{"type":"Feature","geometry":{"type":"Polygon","coordinates":[[[85.2787,25.7624],[85.1771,25.7852],[85.1746,25.773],[85.1946,25.6873],[85.1881,25.6226],[85.2237,25.6078],[85.2426,25.5993],[85.2543,25.5851],[85.2357,25.6287],[85.2736,25.6952],[85.3364,25.7154],[85.2787,25.7624]]]},"properties":{"AC_NO":123,"AC_NAME":"Hajipur","district":"VAISHALI","PC_NO":21,"PC_NAME":"HAJIPUR (SC)"}},
{"type":"Feature","geometry":{"type":"Polygon","coordinates":[[[85.1746,25.773],[85.0846,25.7947],[85.033,25.7902],[84.9913,25.7488],[84.956,25.7634],[84.9115,25.7581],[84.9033,25.719],[84.9501,25.7045],[84.9812,25.725],[85.0262,25.7321],[85.0817,25.7111],[85.104,25.6597],[85.1326,25.6271],[85.1881,25.6226],[85.1946,25.6873],[85.1746,25.773]]]},"properties":{"AC_NO":122,"AC_NAME":"Sonepur","district":"SARAN","PC_NO":20,"PC_NAME":"SARAN"}},
{"type":"Feature","geometry":{"type":"Polygon","coordinates":[[[85.3838,25.7355],[85.4084,25.7002],[85.4875,25.7118],[85.4793,25.5689],[85.5054,25.5467],[85.5301,25.5374],[85.5291,25.5973],[85.5574,25.646],[85.6198,25.7601],[85.51,25.7452],[85.4391,25.7686],[85.3838,25.7355]]]},"properties":{"AC_NO":129,"AC_NAME":"Mahnar","district":"VAISHALI","PC_NO":21,"PC_NAME":"HAJIPUR (SC)"}},
{"type":"Feature","geometry":{"type":"Polygon","coordinates":[[[87.4335,25.683],[87.4147,25.6756],[87.2784,25.7029],[87.2487,25.6229],[87.2608,25.568],[87.242,25.541],[87.3779,25.5302],[87.4733,25.5408],[87.5363,25.523],[87.537,25.6128],[87.5701,25.6601],[87.5054,25.6812],[87.4335,25.683]]]},"properties":{"AC_NO":69,"AC_NAME":"Korha (SC)","district":"KATIHAR","PC_NO":12,"PC_NAME":"PURNIA"}},
{"type":"Feature","geometry":{"type":"Polygon","coordinates":[[[87.6631,25.6875],[87.5945,25.6912],[87.5701,25.6601],[87.537,25.6128],[87.5363,25.523],[87.555,25.5126],[87.5998,25.4834],[87.6349,25.5116],[87.6375,25.54],[87.6172,25.5901],[87.6481,25.6246],[87.6631,25.6875]]]},"properties":{"AC_NO":63,"AC_NAME":"Katihar","district":"KATIHAR","PC_NO":11,"PC_NAME":"KATIHAR"}},
{"type":"Feature","geometry":{"type":"Polygon","coordinates":[[[86.4078,25.73],[86.3954,25.7212],[86.293,25.6386],[86.283,25.543],[86.3628,25.4806],[86.3849,25.4899],[86.431,25.5686],[86.4743,25.5478],[86.5081,25.6183],[86.4586,25.6924],[86.4078,25.73]]]},"properties":{"AC_NO":148,"AC_NAME":"Alauli (SC)","district":"KHAGARIA","PC_NO":25,"PC_NAME":"KHAGARIA"}},
{"type":"Feature","geometry":{"type":"Polygon","coordinates":[[[86.293,25.6386],[86.1841,25.6623],[86.1404,25.7113],[86.155,25.6253],[86.2023,25.5631],[86.167,25.5403],[86.1637,25.5196],[86.277,25.4635],[86.3207,25.4509],[86.3628,25.4806],[86.283,25.543],[86.293,25.6386]]]},"properties":{"AC_NO":147,"AC_NAME":"Bakhri (SC)","district":"BEGUSARAI","PC_NO":24,"PC_NAME":"BEGUSARAI"}},
{"type":"Feature","geometry":{"type":"Polygon","coordinates":[[[84.3845,25.7329],[84.3358,25.7435],[84.3244,25.6712],[84.2222,25.6628],[84.1836,25.6355],[84.2293,25.5952],[84.2535,25.5872],[84.2143,25.438],[84.1635,25.4029],[84.1674,25.371],[84.2732,25.3603],[84.3058,25.4223],[84.3639,25.4673],[84.336,25.5163],[84.3253,25.5514],[84.3483,25.6221],[84.3275,25.6599],[84.3845,25.7329]]]},"properties":{"AC_NO":199,"AC_NAME":"Brahampur","district":"BUXAR","PC_NO":33,"PC_NAME":"BUXAR"}},
{"type":"Feature","geometry":{"type":"Polygon","coordinates":[[[87.7638,25.4071],[87.8548,25.4667],[87.8848,25.5199],[87.947,25.5393],[87.9045,25.6405],[87.8838,25.6471],[87.8708,25.6427],[87.8235,25.608],[87.7529,25.6119],[87.7307,25.5713],[87.7384,25.5625],[87.6375,25.54],[87.6349,25.5116],[87.6967,25.4216],[87.7638,25.4071]]]},"properties":{"AC_NO":66,"AC_NAME":"Pranpur","district":"KATIHAR","PC_NO":11,"PC_NAME":"KATIHAR"}},
{"type":"Feature","geometry":{"type":"Polygon","coordinates":[[[85.104,25.6597],[85.0817,25.7111],[85.0262,25.7321],[84.9812,25.725],[85.0055,25.6542],[84.9969,25.572],[85.0699,25.5899],[85.0686,25.657],[85.104,25.6597]]]},"properties":{"AC_NO":186,"AC_NAME":"Danapur","district":"PATNA","PC_NO":31,"PC_NAME":"PATALIPUTRA"}},
{"type":"Feature","geometry":{"type":"Polygon","coordinates":[[[84.8499,25.6997],[84.7632,25.706],[84.6337,25.708],[84.6005,25.7384],[84.5602,25.7371],[84.5619,25.6859],[84.5166,25.6771],[84.5206,25.5867],[84.5823,25.5775],[84.5661,25.6292],[84.6316,25.6375],[84.7149,25.6208],[84.7226,25.5762],[84.7646,25.6116],[84.7997,25.5677],[84.8499,25.6997]]]},"properties":{"AC_NO":193,"AC_NAME":"Barhara","district":"BHOJPUR","PC_NO":32,"PC_NAME":"ARRAH"}},
{"type":"Feature","geometry":{"type":"Polygon","coordinates":[[[86.8585,25.6744],[86.8036,25.6372],[86.8385,25.6174],[86.8447,25.5281],[86.8221,25.4435],[86.9466,25.4746],[87.0269,25.4647],[87.07,25.4703],[87.0979,25.5169],[87.0523,25.5272],[87.0587,25.5791],[87.0274,25.6603],[86.8585,25.6744]]]},"properties":{"AC_NO":70,"AC_NAME":"Alamnagar","district":"MADHEPURA","PC_NO":13,"PC_NAME":"MADHEPURA"}},
{"type":"Feature","geometry":{"type":"Polygon","coordinates":[[[84.9033,25.719],[84.8499,25.6997],[84.7997,25.5677],[84.7872,25.5545],[84.8522,25.5181],[84.9499,25.57],[84.9752,25.5531],[84.9969,25.572],[85.0055,25.6542],[84.9812,25.725],[84.9501,25.7045],[84.9033,25.719]]]},"properties":{"AC_NO":187,"AC_NAME":"Maner","district":"PATNA","PC_NO":31,"PC_NAME":"PATALIPUTRA"}},
{"type":"Feature","geometry":{"type":"Polygon","coordinates":[[[85.3364,25.7154],[85.2736,25.6952],[85.2357,25.6287],[85.2543,25.5851],[85.3253,25.5102],[85.4283,25.4954],[85.5054,25.5467],[85.4793,25.5689],[85.4028,25.5627],[85.3644,25.6222],[85.3649,25.6933],[85.3364,25.7154]]]},"properties":{"AC_NO":128,"AC_NAME":"Raghopur","district":"VAISHALI","PC_NO":21,"PC_NAME":"HAJIPUR (SC)"}},
{"type":"Feature","geometry":{"type":"Polygon","coordinates":[[[84.3845,25.7329],[84.3275,25.6599],[84.3483,25.6221],[84.3253,25.5514],[84.336,25.5163],[84.4341,25.5286],[84.4472,25.5511],[84.5405,25.5389],[84.5206,25.5867],[84.5166,25.6771],[84.4628,25.7104],[84.4066,25.6986],[84.3845,25.7329]]]},"properties":{"AC_NO":198,"AC_NAME":"Shahpur","district":"BHOJPUR","PC_NO":32,"PC_NAME":"ARRAH"}},
{"type":"Feature","geometry":{"type":"Polygon","coordinates":[[[84.2222,25.6628],[84.1737,25.7211],[84.1051,25.7211],[84.0752,25.6953],[84.0811,25.6362],[84.0175,25.6147],[83.9519,25.5675],[84.0685,25.5763],[84.116,25.5873],[84.2029,25.5709],[84.2293,25.5952],[84.1836,25.6355],[84.2222,25.6628]]]},"properties":{"AC_NO":200,"AC_NAME":"Buxar","district":"BUXAR","PC_NO":33,"PC_NAME":"BUXAR"}},
{"type":"Feature","geometry":{"type":"Polygon","coordinates":[[[86.6493,25.6402],[86.5971,25.6216],[86.5837,25.5912],[86.5885,25.5482],[86.6556,25.5302],[86.6402,25.4946],[86.576,25.4858],[86.6008,25.4274],[86.6487,25.4717],[86.6869,25.4153],[86.7452,25.4367],[86.8197,25.4121],[86.8221,25.4435],[86.8447,25.5281],[86.8385,25.6174],[86.8036,25.6372],[86.7318,25.6617],[86.6493,25.6402]]]},"properties":{"AC_NO":150,"AC_NAME":"Beldaur","district":"KHAGARIA","PC_NO":25,"PC_NAME":"KHAGARIA"}},
{"type":"Feature","geometry":{"type":"Polygon","coordinates":[[[85.8486,25.6446],[85.8315,25.6207],[85.847,25.5731],[85.7752,25.5856],[85.7594,25.5661],[85.7352,25.5247],[85.7814,25.5481],[85.8892,25.5],[85.9317,25.5187],[86.0427,25.5312],[86.0902,25.5526],[86.014,25.6083],[85.9514,25.6499],[85.8486,25.6446]]]},"properties":{"AC_NO":142,"AC_NAME":"Bachhwara","district":"BEGUSARAI","PC_NO":24,"PC_NAME":"BEGUSARAI"}},
{"type":"Feature","geometry":{"type":"Polygon","coordinates":[[[85.5574,25.646],[85.5291,25.5973],[85.5301,25.5374],[85.5451,25.4845],[85.6959,25.4857],[85.7311,25.5224],[85.7352,25.5247],[85.7594,25.5661],[85.728,25.6334],[85.6831,25.6479],[85.6146,25.6057],[85.5574,25.646]]]},"properties":{"AC_NO":137,"AC_NAME":"Mohiuddinnagar","district":"SAMASTIPUR","PC_NO":22,"PC_NAME":"UJIARPUR"}},
{"type":"Feature","geometry":{"type":"Polygon","coordinates":[[[85.104,25.6597],[85.0686,25.657],[85.0699,25.5899],[85.1023,25.5903],[85.134,25.6047],[85.1326,25.6271],[85.104,25.6597]]]},"properties":{"AC_NO":181,"AC_NAME":"Digha","district":"PATNA","PC_NO":30,"PC_NAME":"PATNA SAHIB"}},
{"type":"Feature","geometry":{"type":"Polygon","coordinates":[[[86.5837,25.5912],[86.5081,25.6183],[86.4743,25.5478],[86.431,25.5686],[86.3849,25.4899],[86.4379,25.4744],[86.5051,25.4265],[86.5408,25.4924],[86.576,25.4858],[86.6402,25.4946],[86.6556,25.5302],[86.5885,25.5482],[86.5837,25.5912]]]},"properties":{"AC_NO":149,"AC_NAME":"Khagaria","district":"KHAGARIA","PC_NO":25,"PC_NAME":"KHAGARIA"}},
{"type":"Feature","geometry":{"type":"Polygon","coordinates":[[[87.242,25.541],[87.2123,25.4999],[87.2286,25.4506],[87.2159,25.3919],[87.2635,25.3516],[87.2926,25.3998],[87.3393,25.4169],[87.4418,25.3635],[87.4871,25.3691],[87.5014,25.3674],[87.4976,25.3888],[87.5331,25.4032],[87.555,25.5126],[87.5363,25.523],[87.4733,25.5408],[87.3779,25.5302],[87.242,25.541]]]},"properties":{"AC_NO":68,"AC_NAME":"Barari","district":"KATIHAR","PC_NO":11,"PC_NAME":"KATIHAR"}},
{"type":"Feature","geometry":{"type":"Polygon","coordinates":[[[84.5823,25.5775],[84.6311,25.5688],[84.6471,25.5335],[84.7057,25.522],[84.7226,25.5762],[84.7149,25.6208],[84.6316,25.6375],[84.5661,25.6292],[84.5823,25.5775]]]},"properties":{"AC_NO":194,"AC_NAME":"Arrah","district":"BHOJPUR","PC_NO":32,"PC_NAME":"ARRAH"}},
{"type":"Feature","geometry":{"type":"Polygon","coordinates":[[[85.1881,25.6226],[85.1326,25.6271],[85.134,25.6047],[85.1474,25.6121],[85.2237,25.6078],[85.1881,25.6226]]]},"properties":{"AC_NO":182,"AC_NAME":"Bankipur","district":"PATNA","PC_NO":30,"PC_NAME":"PATNA SAHIB"}},
{"type":"Feature","geometry":{"type":"Polygon","coordinates":[[[85.2237,25.6078],[85.1474,25.6121],[85.1617,25.5846],[85.2297,25.5635],[85.2426,25.5993],[85.2237,25.6078]]]},"properties":{"AC_NO":184,"AC_NAME":"Patna Sahib","district":"PATNA","PC_NO":30,"PC_NAME":"PATNA SAHIB"}},
{"type":"Feature","geometry":{"type":"Polygon","coordinates":[[[85.1023,25.5903],[85.1312,25.5751],[85.1617,25.5846],[85.1474,25.6121],[85.134,25.6047],[85.1023,25.5903]]]},"properties":{"AC_NO":183,"AC_NAME":"Kumhrar","district":"PATNA","PC_NO":30,"PC_NAME":"PATNA SAHIB"}},
{"type":"Feature","geometry":{"type":"Polygon","coordinates":[[[84.7226,25.5762],[84.7057,25.522],[84.6471,25.5335],[84.6311,25.5688],[84.5823,25.5775],[84.5206,25.5867],[84.5405,25.5389],[84.5867,25.531],[84.5638,25.4824],[84.6715,25.4069],[84.6772,25.3598],[84.7293,25.3394],[84.7633,25.4172],[84.7787,25.4492],[84.7543,25.5009],[84.7872,25.5545],[84.7997,25.5677],[84.7646,25.6116],[84.7226,25.5762]]]},"properties":{"AC_NO":192,"AC_NAME":"Sandesh","district":"BHOJPUR","PC_NO":32,"PC_NAME":"ARRAH"}},
{"type":"Feature","geometry":{"type":"Polygon","coordinates":[[[85.2543,25.5851],[85.2426,25.5993],[85.2297,25.5635],[85.1617,25.5846],[85.1312,25.5751],[85.1176,25.5048],[85.2094,25.4693],[85.1821,25.4256],[85.1789,25.4007],[85.2199,25.4152],[85.251,25.4519],[85.3179,25.4778],[85.3253,25.5102],[85.2543,25.5851]]]},"properties":{"AC_NO":185,"AC_NAME":"Fatuha","district":"PATNA","PC_NO":30,"PC_NAME":"PATNA SAHIB"}},
{"type":"Feature","geometry":{"type":"Polygon","coordinates":[[[86.0902,25.5526],[86.0427,25.5312],[86.0495,25.4501],[86.0947,25.4746],[86.1482,25.4648],[86.1504,25.413],[86.239,25.416],[86.277,25.4635],[86.1637,25.5196],[86.167,25.5403],[86.0902,25.5526]]]},"properties":{"AC_NO":146,"AC_NAME":"Begusarai","district":"BEGUSARAI","PC_NO":24,"PC_NAME":"BEGUSARAI"}},
{"type":"Feature","geometry":{"type":"Polygon","coordinates":[[[84.9969,25.572],[84.9752,25.5531],[85.0254,25.5169],[85.0102,25.4366],[85.0658,25.4174],[85.1297,25.4443],[85.1821,25.4256],[85.2094,25.4693],[85.1176,25.5048],[85.1312,25.5751],[85.1023,25.5903],[85.0699,25.5899],[84.9969,25.572]]]},"properties":{"AC_NO":188,"AC_NAME":"Phulwari (SC)","district":"PATNA","PC_NO":31,"PC_NAME":"PATALIPUTRA"}},
{"type":"Feature","geometry":{"type":"Polygon","coordinates":[[[84.2293,25.5952],[84.2029,25.5709],[84.116,25.5873],[84.0685,25.5763],[84.0874,25.5104],[84.0139,25.5158],[83.907,25.4735],[83.974,25.3743],[84.0462,25.3757],[84.1183,25.3585],[84.1674,25.371],[84.1635,25.4029],[84.2143,25.438],[84.2535,25.5872],[84.2293,25.5952]]]},"properties":{"AC_NO":201,"AC_NAME":"Dumraon","district":"BUXAR","PC_NO":33,"PC_NAME":"BUXAR"}},
{"type":"Feature","geometry":{"type":"Polygon","coordinates":[[[87.5518,25.3324],[87.6121,25.3125],[87.6988,25.3039],[87.7119,25.2577],[87.7791,25.247],[87.8037,25.219],[87.8593,25.2718],[87.8541,25.2973],[87.7866,25.3387],[87.7638,25.4071],[87.6967,25.4216],[87.6349,25.5116],[87.5998,25.4834],[87.555,25.5126],[87.5331,25.4032],[87.4976,25.3888],[87.5014,25.3674],[87.4871,25.3691],[87.5518,25.3324]]]},"properties":{"AC_NO":67,"AC_NAME":"Manihari (ST)","district":"KATIHAR","PC_NO":11,"PC_NAME":"KATIHAR"}},
{"type":"Feature","geometry":{"type":"Polygon","coordinates":[[[87.2286,25.4506],[87.1648,25.4518],[87.1054,25.4336],[87.0784,25.4546],[87.0979,25.5169],[87.07,25.4703],[87.0269,25.4647],[87.062,25.4236],[87.018,25.3569],[87.0411,25.2858],[87.1675,25.2366],[87.1772,25.2652],[87.2506,25.2828],[87.2635,25.3516],[87.2159,25.3919],[87.2286,25.4506]]]},"properties":{"AC_NO":153,"AC_NAME":"Gopalpur","district":"BHAGALPUR","PC_NO":26,"PC_NAME":"BHAGALPUR"}},
{"type":"Feature","geometry":{"type":"Polygon","coordinates":[[[84.9752,25.5531],[84.9499,25.57],[84.8522,25.5181],[84.7872,25.5545],[84.7543,25.5009],[84.7787,25.4492],[84.7633,25.4172],[84.8096,25.3937],[84.9063,25.4077],[84.934,25.3813],[85.0102,25.4366],[85.0254,25.5169],[84.9752,25.5531]]]},"properties":{"AC_NO":191,"AC_NAME":"Bikram","district":"PATNA","PC_NO":31,"PC_NAME":"PATALIPUTRA"}},
{"type":"Feature","geometry":{"type":"Polygon","coordinates":[[[83.9519,25.5675],[83.9172,25.5488],[83.8417,25.4471],[83.7827,25.3975],[83.8976,25.2952],[84.018,25.2631],[84.0595,25.3089],[84.0462,25.3757],[83.974,25.3743],[83.907,25.4735],[84.0139,25.5158],[84.0874,25.5104],[84.0685,25.5763],[83.9519,25.5675]]]},"properties":{"AC_NO":202,"AC_NAME":"Rajpur (SC)","district":"BUXAR","PC_NO":33,"PC_NAME":"BUXAR"}},
{"type":"Feature","geometry":{"type":"Polygon","coordinates":[[[86.0427,25.5312],[85.9317,25.5187],[85.8892,25.5],[85.8868,25.4219],[86.0327,25.392],[86.0495,25.4501],[86.0427,25.5312]]]},"properties":{"AC_NO":143,"AC_NAME":"Teghra","district":"BEGUSARAI","PC_NO":24,"PC_NAME":"BEGUSARAI"}},
{"type":"Feature","geometry":{"type":"Polygon","coordinates":[[[85.8892,25.5],[85.7814,25.5481],[85.7352,25.5247],[85.7311,25.5224],[85.7505,25.4834],[85.7296,25.3419],[85.8088,25.288],[85.9061,25.291],[85.9318,25.3214],[86.0202,25.2965],[86.0647,25.3339],[86.0327,25.392],[85.8868,25.4219],[85.8892,25.5]]]},"properties":{"AC_NO":178,"AC_NAME":"Mokama","district":"PATNA","PC_NO":28,"PC_NAME":"MUNGER"}},
{"type":"Feature","geometry":{"type":"Polygon","coordinates":[[[84.336,25.5163],[84.3639,25.4673],[84.3058,25.4223],[84.2732,25.3603],[84.3362,25.2951],[84.3572,25.3214],[84.4136,25.32],[84.4253,25.3952],[84.4826,25.4127],[84.4811,25.4461],[84.5638,25.4824],[84.5867,25.531],[84.5405,25.5389],[84.4472,25.5511],[84.4341,25.5286],[84.336,25.5163]]]},"properties":{"AC_NO":197,"AC_NAME":"Jagdishpur","district":"BHOJPUR","PC_NO":32,"PC_NAME":"ARRAH"}},
{"type":"Feature","geometry":{"type":"Polygon","coordinates":[[[85.7311,25.5224],[85.6959,25.4857],[85.5451,25.4845],[85.5557,25.4271],[85.5994,25.4277],[85.6113,25.3803],[85.6453,25.3137],[85.6681,25.3441],[85.7296,25.3419],[85.7505,25.4834],[85.7311,25.5224]]]},"properties":{"AC_NO":179,"AC_NAME":"Barh","district":"PATNA","PC_NO":28,"PC_NAME":"MUNGER"}},
{"type":"Feature","geometry":{"type":"Polygon","coordinates":[[[87.0269,25.4647],[86.9466,25.4746],[86.8221,25.4435],[86.8197,25.4121],[86.8568,25.3635],[86.7884,25.307],[86.7765,25.2749],[86.8288,25.2938],[86.8643,25.2791],[86.8915,25.3],[87.0046,25.304],[87.0411,25.2858],[87.018,25.3569],[87.062,25.4236],[87.0269,25.4647]]]},"properties":{"AC_NO":152,"AC_NAME":"Bihpur","district":"BHAGALPUR","PC_NO":26,"PC_NAME":"BHAGALPUR"}},
{"type":"Feature","geometry":{"type":"Polygon","coordinates":[[[86.3849,25.4899],[86.3628,25.4806],[86.3207,25.4509],[86.277,25.4635],[86.239,25.416],[86.2666,25.3729],[86.2609,25.2855],[86.2962,25.2991],[86.3881,25.3799],[86.4769,25.3989],[86.5051,25.4265],[86.4379,25.4744],[86.3849,25.4899]]]},"properties":{"AC_NO":145,"AC_NAME":"Sahebpur Kamal","district":"BEGUSARAI","PC_NO":24,"PC_NAME":"BEGUSARAI"}},
{"type":"Feature","geometry":{"type":"Polygon","coordinates":[[[86.6008,25.4274],[86.576,25.4858],[86.5408,25.4924],[86.5051,25.4265],[86.4769,25.3989],[86.3881,25.3799],[86.2962,25.2991],[86.2609,25.2855],[86.2635,25.2783],[86.3528,25.2991],[86.3925,25.3289],[86.4873,25.3669],[86.561,25.3372],[86.5365,25.3082],[86.6177,25.1971],[86.6493,25.218],[86.726,25.2541],[86.6437,25.278],[86.6358,25.3988],[86.6008,25.4274]]]},"properties":{"AC_NO":165,"AC_NAME":"Munger","district":"MUNGER","PC_NO":28,"PC_NAME":"MUNGER"}},
{"type":"Feature","geometry":{"type":"Polygon","coordinates":[[[85.5301,25.5374],[85.5054,25.5467],[85.4283,25.4954],[85.3253,25.5102],[85.3179,25.4778],[85.251,25.4519],[85.2199,25.4152],[85.3015,25.3936],[85.3602,25.4088],[85.413,25.4576],[85.4969,25.4255],[85.5759,25.4217],[85.6113,25.3803],[85.5994,25.4277],[85.5557,25.4271],[85.5451,25.4845],[85.5301,25.5374]]]},"properties":{"AC_NO":180,"AC_NAME":"Bakhtiarpur","district":"VAISHALI","PC_NO":30,"PC_NAME":"PATNA SAHIB"}},
{"type":"Feature","geometry":{"type":"Polygon","coordinates":[[[86.8197,25.4121],[86.7452,25.4367],[86.6869,25.4153],[86.6487,25.4717],[86.6008,25.4274],[86.6358,25.3988],[86.6437,25.278],[86.726,25.2541],[86.7765,25.2749],[86.7884,25.307],[86.8568,25.3635],[86.8197,25.4121]]]},"properties":{"AC_NO":151,"AC_NAME":"Parbatta","district":"KHAGARIA","PC_NO":25,"PC_NAME":"KHAGARIA"}},
{"type":"Feature","geometry":{"type":"Polygon","coordinates":[[[86.0495,25.4501],[86.0327,25.392],[86.0647,25.3339],[86.1473,25.298],[86.1585,25.2651],[86.1927,25.2501],[86.2635,25.2783],[86.2609,25.2855],[86.2666,25.3729],[86.239,25.416],[86.1504,25.413],[86.1482,25.4648],[86.0947,25.4746],[86.0495,25.4501]]]},"properties":{"AC_NO":144,"AC_NAME":"Matihani","district":"BEGUSARAI","PC_NO":24,"PC_NAME":"BEGUSARAI"}},
{"type":"Feature","geometry":{"type":"Polygon","coordinates":[[[87.4871,25.3691],[87.4418,25.3635],[87.3393,25.4169],[87.2926,25.3998],[87.2635,25.3516],[87.2506,25.2828],[87.2723,25.2651],[87.2551,25.1879],[87.3147,25.1606],[87.3346,25.2165],[87.4019,25.2269],[87.4628,25.195],[87.4906,25.2613],[87.5429,25.2808],[87.5518,25.3324],[87.4871,25.3691]]]},"properties":{"AC_NO":154,"AC_NAME":"Pirpainti (SC)","district":"BHAGALPUR","PC_NO":26,"PC_NAME":"BHAGALPUR"}},
{"type":"Feature","geometry":{"type":"Polygon","coordinates":[[[84.5638,25.4824],[84.4811,25.4461],[84.4826,25.4127],[84.4253,25.3952],[84.4136,25.32],[84.4436,25.3258],[84.5628,25.2967],[84.6416,25.3127],[84.6672,25.2904],[84.7021,25.3152],[84.7293,25.3394],[84.6772,25.3598],[84.6715,25.4069],[84.5638,25.4824]]]},"properties":{"AC_NO":195,"AC_NAME":"Agiaon (SC)","district":"BHOJPUR","PC_NO":32,"PC_NAME":"ARRAH"}},
{"type":"Feature","geometry":{"type":"Polygon","coordinates":[[[85.6453,25.3137],[85.6113,25.3803],[85.5759,25.4217],[85.4969,25.4255],[85.413,25.4576],[85.3602,25.4088],[85.3015,25.3936],[85.3578,25.3073],[85.4285,25.2935],[85.5014,25.3095],[85.5298,25.3382],[85.6382,25.3032],[85.6453,25.3137]]]},"properties":{"AC_NO":177,"AC_NAME":"Harnaut","district":"NALANDA","PC_NO":29,"PC_NAME":"NALANDA"}},
{"type":"Feature","geometry":{"type":"Polygon","coordinates":[[[85.1821,25.4256],[85.1297,25.4443],[85.0658,25.4174],[85.0102,25.4366],[84.934,25.3813],[84.9036,25.2889],[85.0162,25.2644],[85.0573,25.2889],[85.1717,25.3071],[85.1877,25.3367],[85.1789,25.4007],[85.1821,25.4256]]]},"properties":{"AC_NO":189,"AC_NAME":"Masaurhi (SC)","district":"PATNA","PC_NO":31,"PC_NAME":"PATALIPUTRA"}},
{"type":"Feature","geometry":{"type":"Polygon","coordinates":[[[85.2199,25.4152],[85.1789,25.4007],[85.1877,25.3367],[85.1717,25.3071],[85.1781,25.2889],[85.268,25.2662],[85.3182,25.2083],[85.3207,25.1734],[85.3961,25.2204],[85.4285,25.2935],[85.3578,25.3073],[85.3015,25.3936],[85.2199,25.4152]]]},"properties":{"AC_NO":175,"AC_NAME":"Hilsa","district":"NALANDA","PC_NO":29,"PC_NAME":"NALANDA"}},
{"type":"Feature","geometry":{"type":"Polygon","coordinates":[[[84.7633,25.4172],[84.7293,25.3394],[84.7021,25.3152],[84.7032,25.2565],[84.7466,25.2701],[84.8074,25.2166],[84.8574,25.2285],[84.9036,25.2889],[84.934,25.3813],[84.9063,25.4077],[84.8096,25.3937],[84.7633,25.4172]]]},"properties":{"AC_NO":190,"AC_NAME":"Paliganj","district":"PATNA","PC_NO":31,"PC_NAME":"PATALIPUTRA"}},
{"type":"Feature","geometry":{"type":"Polygon","coordinates":[[[86.3528,25.2991],[86.392,25.2278],[86.3637,25.1956],[86.3705,25.1443],[86.4194,25.1382],[86.4655,25.1695],[86.5176,25.1698],[86.619,25.1471],[86.6177,25.1971],[86.5365,25.3082],[86.561,25.3372],[86.4873,25.3669],[86.3925,25.3289],[86.3528,25.2991]]]},"properties":{"AC_NO":166,"AC_NAME":"Jamalpur","district":"MUNGER","PC_NO":28,"PC_NAME":"MUNGER"}},
{"type":"Feature","geometry":{"type":"Polygon","coordinates":[[[83.8976,25.2952],[83.7827,25.3975],[83.7173,25.3974],[83.6283,25.3286],[83.5379,25.3044],[83.4099,25.2462],[83.4022,25.2125],[83.4175,25.1817],[83.5,25.1693],[83.5375,25.1738],[83.5694,25.2215],[83.6668,25.2759],[83.7198,25.2553],[83.822,25.27],[83.8318,25.2383],[83.8837,25.2525],[83.8976,25.2952]]]},"properties":{"AC_NO":203,"AC_NAME":"Ramgarh","district":"KAIMUR","PC_NO":33,"PC_NAME":"BUXAR"}},
{"type":"Feature","geometry":{"type":"MultiPolygon","coordinates":[[[[85.6335,25.0972],[85.6021,25.1034],[85.559,25.029],[85.5981,25.0292],[85.64,25.0672],[85.6335,25.0972]]],[[[85.9061,25.291],[85.8088,25.288],[85.7296,25.3419],[85.6681,25.3441],[85.6453,25.3137],[85.6382,25.3032],[85.6355,25.2603],[85.573,25.2299],[85.5742,25.2013],[85.6406,25.175],[85.6332,25.1271],[85.6883,25.1329],[85.6999,25.264],[85.7771,25.2603],[85.8347,25.2181],[85.9254,25.2408],[85.9061,25.291]]]]},"properties":{"AC_NO":171,"AC_NAME":"Asthawan","district":"NALANDA","PC_NO":29,"PC_NAME":"NALANDA"}},
{"type":"Feature","geometry":{"type":"Polygon","coordinates":[[[86.0647,25.3339],[86.0202,25.2965],[85.9318,25.3214],[85.9061,25.291],[85.9254,25.2408],[85.9697,25.1878],[85.9537,25.1226],[85.9759,25.0733],[85.975,24.9977],[85.9794,24.9845],[86.1185,24.9749],[86.163,25.047],[86.1555,25.0833],[86.0913,25.1231],[86.1125,25.1866],[86.0938,25.2223],[86.1255,25.2697],[86.1585,25.2651],[86.1473,25.298],[86.0647,25.3339]]]},"properties":{"AC_NO":168,"AC_NAME":"Lakhisarai","district":"LAKHISARAI","PC_NO":28,"PC_NAME":"MUNGER"}},
{"type":"Feature","geometry":{"type":"Polygon","coordinates":[[[84.2732,25.3603],[84.1674,25.371],[84.1183,25.3585],[84.0462,25.3757],[84.0595,25.3089],[84.018,25.2631],[84.0157,25.1874],[84.0635,25.1555],[84.1235,25.1296],[84.1667,25.1891],[84.163,25.2737],[84.2134,25.2456],[84.3264,25.277],[84.3362,25.2951],[84.2732,25.3603]]]},"properties":{"AC_NO":210,"AC_NAME":"Dinara","district":"ROHTAS","PC_NO":33,"PC_NAME":"BUXAR"}},
{"type":"Feature","geometry":{"type":"Polygon","coordinates":[[[87.0411,25.2858],[87.0046,25.304],[86.8915,25.3],[86.8643,25.2791],[86.8692,25.2155],[86.9064,25.1833],[86.9425,25.1057],[86.9523,25.1008],[87.013,25.1087],[86.9898,25.2252],[86.9783,25.2577],[87.0027,25.2759],[87.0138,25.2458],[86.987,25.2352],[87.0499,25.2059],[87.0941,25.1618],[87.1126,25.2185],[87.1675,25.2366],[87.0411,25.2858]]]},"properties":{"AC_NO":158,"AC_NAME":"Nathnagar","district":"BHAGALPUR","PC_NO":26,"PC_NAME":"BHAGALPUR"}},
{"type":"Feature","geometry":{"type":"Polygon","coordinates":[[[85.5014,25.3095],[85.5145,25.2738],[85.4982,25.1933],[85.53,25.1845],[85.573,25.2299],[85.6355,25.2603],[85.6382,25.3032],[85.5298,25.3382],[85.5014,25.3095]]]},"properties":{"AC_NO":172,"AC_NAME":"Biharsharif","district":"NALANDA","PC_NO":29,"PC_NAME":"NALANDA"}},
{"type":"Feature","geometry":{"type":"Polygon","coordinates":[[[87.1675,25.2366],[87.1126,25.2185],[87.0941,25.1618],[87.0499,25.2059],[86.987,25.2352],[86.9898,25.2252],[87.013,25.1087],[87.1216,25.0923],[87.1759,25.0578],[87.2503,25.106],[87.2954,25.0889],[87.3147,25.1606],[87.2551,25.1879],[87.2723,25.2651],[87.2506,25.2828],[87.1772,25.2652],[87.1675,25.2366]]]},"properties":{"AC_NO":155,"AC_NAME":"Kahalgaon","district":"BHAGALPUR","PC_NO":26,"PC_NAME":"BHAGALPUR"}},
{"type":"Feature","geometry":{"type":"Polygon","coordinates":[[[86.8643,25.2791],[86.8288,25.2938],[86.7765,25.2749],[86.726,25.2541],[86.6493,25.218],[86.7104,25.1715],[86.6908,25.1142],[86.8614,25.097],[86.9425,25.1057],[86.9064,25.1833],[86.8692,25.2155],[86.8643,25.2791]]]},"properties":{"AC_NO":157,"AC_NAME":"Sultanganj","district":"BHAGALPUR","PC_NO":27,"PC_NAME":"BANKA"}},
{"type":"Feature","geometry":{"type":"Polygon","coordinates":[[[86.3528,25.2991],[86.2635,25.2783],[86.1927,25.2501],[86.1585,25.2651],[86.1255,25.2697],[86.0938,25.2223],[86.1125,25.1866],[86.0913,25.1231],[86.1555,25.0833],[86.163,25.047],[86.2343,24.9933],[86.2431,25.0557],[86.3705,25.1443],[86.3637,25.1956],[86.392,25.2278],[86.3528,25.2991]]]},"properties":{"AC_NO":167,"AC_NAME":"Suryagarha","district":"LAKHISARAI","PC_NO":28,"PC_NAME":"MUNGER"}},
{"type":"Feature","geometry":{"type":"Polygon","coordinates":[[[86.9898,25.2252],[86.987,25.2352],[87.0138,25.2458],[87.0027,25.2759],[86.9783,25.2577],[86.9898,25.2252]]]},"properties":{"AC_NO":156,"AC_NAME":"Bhagalpur","district":"BHAGALPUR","PC_NO":26,"PC_NAME":"BHAGALPUR"}},
{"type":"Feature","geometry":{"type":"Polygon","coordinates":[[[84.3362,25.2951],[84.3264,25.277],[84.3316,25.2034],[84.4057,25.1957],[84.4634,25.1611],[84.5174,25.2057],[84.6299,25.2383],[84.6672,25.2904],[84.6416,25.3127],[84.5628,25.2967],[84.4436,25.3258],[84.4136,25.32],[84.3572,25.3214],[84.3362,25.2951]]]},"properties":{"AC_NO":196,"AC_NAME":"Tarari","district":"BHOJPUR","PC_NO":32,"PC_NAME":"ARRAH"}},
{"type":"Feature","geometry":{"type":"Polygon","coordinates":[[[85.4285,25.2935],[85.3961,25.2204],[85.3207,25.1734],[85.3242,25.128],[85.2803,25.0266],[85.3608,24.9846],[85.384,25.029],[85.4274,25.0589],[85.4151,25.1205],[85.5157,25.1527],[85.53,25.1845],[85.4982,25.1933],[85.5145,25.2738],[85.5014,25.3095],[85.4285,25.2935]]]},"properties":{"AC_NO":176,"AC_NAME":"Nalanda","district":"NALANDA","PC_NO":29,"PC_NAME":"NALANDA"}},
{"type":"Feature","geometry":{"type":"Polygon","coordinates":[[[85.0162,25.2644],[84.9036,25.2889],[84.8574,25.2285],[84.8365,25.2059],[84.8261,25.1337],[84.8679,25.0632],[84.8862,25.0615],[84.9064,25.0658],[84.9112,25.1408],[84.9708,25.1315],[85.0197,25.2159],[85.0162,25.2644]]]},"properties":{"AC_NO":216,"AC_NAME":"Jehanabad","district":"JAHANABAD","PC_NO":36,"PC_NAME":"JAHANABAD"}},
{"type":"Feature","geometry":{"type":"Polygon","coordinates":[[[85.1717,25.3071],[85.0573,25.2889],[85.0162,25.2644],[85.0197,25.2159],[85.0754,25.2068],[85.0922,25.1711],[85.0624,25.1269],[85.0918,24.9953],[85.1267,25.054],[85.1917,25.0501],[85.1617,25.1034],[85.1562,25.1841],[85.1781,25.2889],[85.1717,25.3071]]]},"properties":{"AC_NO":217,"AC_NAME":"Ghosi","district":"JAHANABAD","PC_NO":36,"PC_NAME":"JAHANABAD"}},
{"type":"Feature","geometry":{"type":"Polygon","coordinates":[[[84.7021,25.3152],[84.6672,25.2904],[84.6299,25.2383],[84.5174,25.2057],[84.4634,25.1611],[84.4526,25.1405],[84.4453,25.1292],[84.541,25.1049],[84.6545,25.1035],[84.6789,25.1897],[84.7198,25.2309],[84.7032,25.2565],[84.7021,25.3152]]]},"properties":{"AC_NO":214,"AC_NAME":"Arwal","district":"ARWAL","PC_NO":36,"PC_NAME":"JAHANABAD"}},
{"type":"Feature","geometry":{"type":"Polygon","coordinates":[[[85.1781,25.2889],[85.1562,25.1841],[85.1617,25.1034],[85.1917,25.0501],[85.2307,25.015],[85.2803,25.0266],[85.3242,25.128],[85.3207,25.1734],[85.3182,25.2083],[85.268,25.2662],[85.1781,25.2889]]]},"properties":{"AC_NO":174,"AC_NAME":"Islampur","district":"NALANDA","PC_NO":29,"PC_NAME":"NALANDA"}},
{"type":"Feature","geometry":{"type":"Polygon","coordinates":[[[85.6021,25.1034],[85.6335,25.0972],[85.6808,25.1132],[85.774,25.0826],[85.7841,25.1151],[85.8509,25.1395],[85.8721,25.1814],[85.8347,25.2181],[85.7771,25.2603],[85.6999,25.264],[85.6883,25.1329],[85.6332,25.1271],[85.6021,25.1034]]]},"properties":{"AC_NO":170,"AC_NAME":"Barbigha","district":"SHEIKHPURA","PC_NO":39,"PC_NAME":"NAWADA"}},
{"type":"Feature","geometry":{"type":"Polygon","coordinates":[[[84.018,25.2631],[83.8976,25.2952],[83.8837,25.2525],[83.8318,25.2383],[83.8065,25.1776],[83.8042,25.1118],[83.8341,25.0349],[83.8776,24.9999],[83.8735,24.9897],[83.9353,24.9493],[83.9817,24.9898],[84.0479,25.0212],[84.0189,25.0938],[84.0635,25.1555],[84.0157,25.1874],[84.018,25.2631]]]},"properties":{"AC_NO":209,"AC_NAME":"Kargahar","district":"ROHTAS","PC_NO":34,"PC_NAME":"SASARAM (SC)"}},
{"type":"Feature","geometry":{"type":"Polygon","coordinates":[[[84.1235,25.1296],[84.1399,25.1172],[84.2773,25.1038],[84.3537,25.0746],[84.4121,25.1521],[84.4526,25.1405],[84.4634,25.1611],[84.4057,25.1957],[84.3316,25.2034],[84.3264,25.277],[84.2134,25.2456],[84.163,25.2737],[84.1667,25.1891],[84.1235,25.1296]]]},"properties":{"AC_NO":213,"AC_NAME":"Karakat","district":"ROHTAS","PC_NO":35,"PC_NAME":"KARAKAT"}},
{"type":"Feature","geometry":{"type":"Polygon","coordinates":[[[83.8318,25.2383],[83.822,25.27],[83.7198,25.2553],[83.6668,25.2759],[83.5694,25.2215],[83.5375,25.1738],[83.6586,25.1366],[83.7293,25.0908],[83.7606,25.0041],[83.8044,24.9888],[83.8341,25.0349],[83.8042,25.1118],[83.8065,25.1776],[83.8318,25.2383]]]},"properties":{"AC_NO":204,"AC_NAME":"Mohania (SC)","district":"KAIMUR","PC_NO":34,"PC_NAME":"SASARAM (SC)"}},
{"type":"Feature","geometry":{"type":"Polygon","coordinates":[[[84.8574,25.2285],[84.8074,25.2166],[84.7466,25.2701],[84.7032,25.2565],[84.7198,25.2309],[84.6789,25.1897],[84.6545,25.1035],[84.7359,25.0692],[84.7322,25.0453],[84.8115,25.0728],[84.8679,25.0632],[84.8261,25.1337],[84.8365,25.2059],[84.8574,25.2285]]]},"properties":{"AC_NO":215,"AC_NAME":"Kurtha","district":"ARWAL","PC_NO":36,"PC_NAME":"JAHANABAD"}},
{"type":"Feature","geometry":{"type":"Polygon","coordinates":[[[85.9254,25.2408],[85.8347,25.2181],[85.8721,25.1814],[85.8509,25.1395],[85.7841,25.1151],[85.774,25.0826],[85.7516,25.0027],[85.8334,24.986],[85.8896,25.0128],[85.975,24.9977],[85.9759,25.0733],[85.9537,25.1226],[85.9697,25.1878],[85.9254,25.2408]]]},"properties":{"AC_NO":169,"AC_NAME":"Sheikhpura","district":"SHEIKHPURA","PC_NO":40,"PC_NAME":"JAMUI (SC)"}},
{"type":"Feature","geometry":{"type":"Polygon","coordinates":[[[86.6177,25.1971],[86.619,25.1471],[86.5176,25.1698],[86.4655,25.1695],[86.4194,25.1382],[86.3968,25.0509],[86.4394,25.0455],[86.4393,24.9985],[86.5064,24.9846],[86.5867,24.9452],[86.6502,24.9809],[86.6567,25.0646],[86.6908,25.1142],[86.7104,25.1715],[86.6493,25.218],[86.6177,25.1971]]]},"properties":{"AC_NO":164,"AC_NAME":"Tarapur","district":"MUNGER","PC_NO":40,"PC_NAME":"JAMUI (SC)"}},
{"type":"Feature","geometry":{"type":"Polygon","coordinates":[[[85.559,25.029],[85.6021,25.1034],[85.6332,25.1271],[85.6406,25.175],[85.5742,25.2013],[85.573,25.2299],[85.53,25.1845],[85.5157,25.1527],[85.4151,25.1205],[85.4274,25.0589],[85.384,25.029],[85.3608,24.9846],[85.3879,24.9616],[85.4861,25.0044],[85.5443,24.9892],[85.559,25.029]]]},"properties":{"AC_NO":173,"AC_NAME":"Rajgir (SC)","district":"NALANDA","PC_NO":29,"PC_NAME":"NALANDA"}},
{"type":"Feature","geometry":{"type":"Polygon","coordinates":[[[84.9064,25.0658],[84.9347,24.9867],[84.9912,25.0258],[85.0882,24.9919],[85.0918,24.9953],[85.0624,25.1269],[85.0922,25.1711],[85.0754,25.2068],[85.0197,25.2159],[84.9708,25.1315],[84.9112,25.1408],[84.9064,25.0658]]]},"properties":{"AC_NO":218,"AC_NAME":"Makhdumpur (SC)","district":"JAHANABAD","PC_NO":36,"PC_NAME":"JAHANABAD"}},
{"type":"Feature","geometry":{"type":"Polygon","coordinates":[[[83.4022,25.2125],[83.3574,25.1997],[83.3638,25.1115],[83.3243,25.0375],[83.35,25.0093],[83.3548,24.9045],[83.4021,24.8141],[83.3935,24.7823],[83.4581,24.7318],[83.4894,24.7366],[83.5204,24.6773],[83.5007,24.6511],[83.5236,24.6032],[83.5222,24.5475],[83.7108,24.5442],[83.7517,24.6284],[83.7328,24.6606],[83.7606,24.7051],[83.7597,24.717],[83.7807,24.7348],[83.7749,24.7954],[83.7253,24.815],[83.6713,24.8065],[83.6347,24.8479],[83.7019,24.8962],[83.6446,24.9783],[83.6317,25.0181],[83.5531,25.0113],[83.5277,25.0555],[83.5305,25.1285],[83.5,25.1693],[83.4175,25.1817],[83.4022,25.2125]]]},"properties":{"AC_NO":206,"AC_NAME":"Chainpur","district":"KAIMUR","PC_NO":34,"PC_NAME":"SASARAM (SC)"}},
{"type":"Feature","geometry":{"type":"Polygon","coordinates":[[[86.4194,25.1382],[86.3705,25.1443],[86.2431,25.0557],[86.2343,24.9933],[86.163,25.047],[86.1185,24.9749],[86.1375,24.9121],[86.2053,24.9037],[86.2269,24.7848],[86.3303,24.762],[86.2826,24.816],[86.2846,24.9208],[86.3138,24.914],[86.3589,24.9852],[86.3126,25.016],[86.3384,25.0539],[86.3968,25.0509],[86.4194,25.1382]]]},"properties":{"AC_NO":241,"AC_NAME":"Jamui","district":"JAMUI","PC_NO":40,"PC_NAME":"JAMUI (SC)"}},
{"type":"Feature","geometry":{"type":"Polygon","coordinates":[[[86.9523,25.1008],[86.9425,25.1057],[86.8614,25.097],[86.6908,25.1142],[86.6567,25.0646],[86.6502,24.9809],[86.7358,24.98],[86.7569,25.0262],[86.8401,25.0338],[86.829,24.9989],[86.8659,24.9618],[86.9271,24.9616],[86.9565,25.0577],[86.9523,25.1008]]]},"properties":{"AC_NO":159,"AC_NAME":"Amarpur","district":"BANKA","PC_NO":27,"PC_NAME":"BANKA"}},
{"type":"Feature","geometry":{"type":"Polygon","coordinates":[[[87.013,25.1087],[86.9523,25.1008],[86.9565,25.0577],[86.9271,24.9616],[87.0285,24.958],[87.0545,24.9008],[87.1064,24.8542],[87.1565,24.8845],[87.1431,24.9134],[87.1459,25.0189],[87.1759,25.0578],[87.1216,25.0923],[87.013,25.1087]]]},"properties":{"AC_NO":160,"AC_NAME":"Dhauraiya (SC)","district":"BANKA","PC_NO":27,"PC_NAME":"BANKA"}},
{"type":"Feature","geometry":{"type":"Polygon","coordinates":[[[83.5,25.1693],[83.5305,25.1285],[83.5277,25.0555],[83.5531,25.0113],[83.6317,25.0181],[83.6446,24.9783],[83.7019,24.8962],[83.6347,24.8479],[83.6713,24.8065],[83.7253,24.815],[83.7292,24.823],[83.7226,24.8398],[83.7621,24.8911],[83.7598,24.8977],[83.8044,24.9888],[83.7606,25.0041],[83.7293,25.0908],[83.6586,25.1366],[83.5375,25.1738],[83.5,25.1693]]]},"properties":{"AC_NO":205,"AC_NAME":"Bhabua","district":"KAIMUR","PC_NO":34,"PC_NAME":"SASARAM (SC)"}},
{"type":"Feature","geometry":{"type":"Polygon","coordinates":[[[84.0635,25.1555],[84.0189,25.0938],[84.0479,25.0212],[84.1333,25.0142],[84.2005,25.0345],[84.2876,24.9898],[84.3146,25.0193],[84.4187,25.0754],[84.4453,25.1292],[84.4526,25.1405],[84.4121,25.1521],[84.3537,25.0746],[84.2773,25.1038],[84.1399,25.1172],[84.1235,25.1296],[84.0635,25.1555]]]},"properties":{"AC_NO":211,"AC_NAME":"Nokha","district":"ROHTAS","PC_NO":35,"PC_NAME":"KARAKAT"}},
{"type":"Feature","geometry":{"type":"Polygon","coordinates":[[[85.6335,25.0972],[85.64,25.0672],[85.5981,25.0292],[85.559,25.029],[85.5443,24.9892],[85.6088,24.9679],[85.6261,24.8952],[85.648,24.9314],[85.7268,24.8709],[85.7988,24.8791],[85.8222,24.9221],[85.8334,24.986],[85.7516,25.0027],[85.774,25.0826],[85.6808,25.1132],[85.6335,25.0972]]]},"properties":{"AC_NO":239,"AC_NAME":"Warsaliganj","district":"NAWADA","PC_NO":39,"PC_NAME":"NAWADA"}},
{"type":"Feature","geometry":{"type":"Polygon","coordinates":[[[84.541,25.1049],[84.4453,25.1292],[84.4187,25.0754],[84.3146,25.0193],[84.2876,24.9898],[84.274,24.9724],[84.3286,24.9694],[84.3485,24.9089],[84.3207,24.8639],[84.3426,24.848],[84.4385,24.8583],[84.4798,24.8778],[84.5052,24.8899],[84.515,24.9325],[84.4891,25.0249],[84.541,25.0602],[84.541,25.1049]]]},"properties":{"AC_NO":220,"AC_NAME":"Obra","district":"AURANGABAD","PC_NO":35,"PC_NAME":"KARAKAT"}},
{"type":"Feature","geometry":{"type":"Polygon","coordinates":[[[84.6545,25.1035],[84.541,25.1049],[84.541,25.0602],[84.4891,25.0249],[84.515,24.9325],[84.5052,24.8899],[84.6316,24.8429],[84.6428,24.8669],[84.7203,24.9329],[84.746,24.985],[84.7322,25.0453],[84.7359,25.0692],[84.6545,25.1035]]]},"properties":{"AC_NO":219,"AC_NAME":"Goh","district":"AURANGABAD","PC_NO":35,"PC_NAME":"KARAKAT"}},
{"type":"Feature","geometry":{"type":"Polygon","coordinates":[[[86.6502,24.9809],[86.5867,24.9452],[86.5064,24.9846],[86.4999,24.9229],[86.5353,24.8691],[86.527,24.7754],[86.5851,24.6802],[86.6131,24.6699],[86.6079,24.6082],[86.6696,24.5646],[86.7499,24.5947],[86.7542,24.621],[86.7323,24.6549],[86.7158,24.6595],[86.6675,24.691],[86.7012,24.7559],[86.7013,24.7764],[86.6991,24.827],[86.7039,24.8323],[86.7747,24.8737],[86.8659,24.9618],[86.829,24.9989],[86.8401,25.0338],[86.7569,25.0262],[86.7358,24.98],[86.6502,24.9809]]]},"properties":{"AC_NO":163,"AC_NAME":"Belhar","district":"BANKA","PC_NO":27,"PC_NAME":"BANKA"}},
{"type":"Feature","geometry":{"type":"Polygon","coordinates":[[[86.5064,24.9846],[86.4393,24.9985],[86.4394,25.0455],[86.3968,25.0509],[86.3384,25.0539],[86.3126,25.016],[86.3589,24.9852],[86.3138,24.914],[86.2846,24.9208],[86.2826,24.816],[86.3303,24.762],[86.4394,24.7045],[86.433,24.6967],[86.4987,24.7029],[86.5235,24.6688],[86.5851,24.6802],[86.527,24.7754],[86.5353,24.8691],[86.4999,24.9229],[86.5064,24.9846]]]},"properties":{"AC_NO":242,"AC_NAME":"Jhajha","district":"JAMUI","PC_NO":40,"PC_NAME":"JAMUI (SC)"}},
{"type":"Feature","geometry":{"type":"Polygon","coordinates":[[[85.3608,24.9846],[85.2803,25.0266],[85.2307,25.015],[85.1917,25.0501],[85.1267,25.054],[85.0918,24.9953],[85.0882,24.9919],[85.0403,24.9222],[85.0408,24.8885],[85.0961,24.8838],[85.1928,24.843],[85.2572,24.8765],[85.3044,24.8281],[85.3306,24.8812],[85.3749,24.8947],[85.3879,24.9616],[85.3608,24.9846]]]},"properties":{"AC_NO":233,"AC_NAME":"Atri","district":"GAYA","PC_NO":36,"PC_NAME":"JAHANABAD"}},
{"type":"Feature","geometry":{"type":"Polygon","coordinates":[[[84.8862,25.0615],[84.8679,25.0632],[84.8115,25.0728],[84.7322,25.0453],[84.746,24.985],[84.7203,24.9329],[84.6428,24.8669],[84.6995,24.8254],[84.7671,24.8503],[84.8202,24.8365],[84.9034,24.8646],[84.9264,24.8737],[84.9345,24.9446],[84.8923,24.9882],[84.8862,25.0615]]]},"properties":{"AC_NO":231,"AC_NAME":"Tikari","district":"GAYA","PC_NO":37,"PC_NAME":"AURANGABAD"}},
{"type":"Feature","geometry":{"type":"Polygon","coordinates":[[[84.8862,25.0615],[84.8923,24.9882],[84.9345,24.9446],[84.9264,24.8737],[84.9034,24.8646],[84.9349,24.7997],[84.9163,24.7596],[84.9403,24.7345],[85.0134,24.7343],[85.014,24.7451],[84.9589,24.7972],[85.0242,24.8272],[85.0408,24.8885],[85.0403,24.9222],[85.0882,24.9919],[84.9912,25.0258],[84.9347,24.9867],[84.9064,25.0658],[84.8862,25.0615]]]},"properties":{"AC_NO":232,"AC_NAME":"Belaganj","district":"GAYA","PC_NO":38,"PC_NAME":"GAYA (SC)"}},
{"type":"Feature","geometry":{"type":"Polygon","coordinates":[[[84.2876,24.9898],[84.2005,25.0345],[84.1333,25.0142],[84.1464,24.9565],[84.0936,24.9555],[84.0888,24.8831],[84.1366,24.8227],[84.274,24.9724],[84.2876,24.9898]]]},"properties":{"AC_NO":212,"AC_NAME":"Dehri","district":"ROHTAS","PC_NO":35,"PC_NAME":"KARAKAT"}},
{"type":"Feature","geometry":{"type":"Polygon","coordinates":[[[86.1185,24.9749],[85.9794,24.9845],[85.975,24.9977],[85.8896,25.0128],[85.8334,24.986],[85.8222,24.9221],[85.8625,24.9387],[85.8921,24.8741],[85.9744,24.8678],[86.0096,24.8085],[86.0552,24.7795],[86.1233,24.7056],[86.2269,24.7848],[86.2053,24.9037],[86.1375,24.9121],[86.1185,24.9749]]]},"properties":{"AC_NO":240,"AC_NAME":"Sikandra (SC)","district":"JAMUI","PC_NO":40,"PC_NAME":"JAMUI (SC)"}},
{"type":"Feature","geometry":{"type":"Polygon","coordinates":[[[85.5443,24.9892],[85.4861,25.0044],[85.3879,24.9616],[85.3749,24.8947],[85.4857,24.8628],[85.5704,24.8537],[85.5855,24.8724],[85.6261,24.8952],[85.6088,24.9679],[85.5443,24.9892]]]},"properties":{"AC_NO":237,"AC_NAME":"Nawada","district":"NAWADA","PC_NO":39,"PC_NAME":"NAWADA"}},
{"type":"Feature","geometry":{"type":"Polygon","coordinates":[[[86.8659,24.9618],[86.7747,24.8737],[86.8177,24.778],[86.9232,24.7655],[86.9619,24.8235],[87.0478,24.8422],[87.0739,24.8157],[87.1064,24.8542],[87.0545,24.9008],[87.0285,24.958],[86.9271,24.9616],[86.8659,24.9618]]]},"properties":{"AC_NO":161,"AC_NAME":"Banka","district":"BANKA","PC_NO":27,"PC_NAME":"BANKA"}},
{"type":"Feature","geometry":{"type":"Polygon","coordinates":[[[83.9817,24.9898],[83.9353,24.9493],[83.8735,24.9897],[83.8776,24.9999],[83.8341,25.0349],[83.8044,24.9888],[83.7598,24.8977],[83.7621,24.8911],[83.7226,24.8398],[83.7292,24.823],[83.7253,24.815],[83.7749,24.7954],[83.7807,24.7348],[83.7597,24.717],[83.7606,24.7051],[83.7328,24.6606],[83.7517,24.6284],[83.7108,24.5442],[83.5222,24.5475],[83.5961,24.5126],[83.717,24.5034],[83.8001,24.5296],[83.937,24.5499],[84.007,24.6435],[84.057,24.732],[84.007,24.765],[83.934,24.7625],[83.9231,24.8182],[83.9358,24.8901],[83.9746,24.9232],[83.9817,24.9898]]]},"properties":{"AC_NO":207,"AC_NAME":"Chenari (SC)","district":"ROHTAS","PC_NO":34,"PC_NAME":"SASARAM (SC)"}},
{"type":"Feature","geometry":{"type":"Polygon","coordinates":[[[83.9817,24.9898],[83.9746,24.9232],[83.9358,24.8901],[83.9231,24.8182],[83.934,24.7625],[84.007,24.765],[84.057,24.732],[84.1366,24.8227],[84.0888,24.8831],[84.0936,24.9555],[84.1464,24.9565],[84.1333,25.0142],[84.0479,25.0212],[83.9817,24.9898]]]},"properties":{"AC_NO":208,"AC_NAME":"Sasaram","district":"ROHTAS","PC_NO":34,"PC_NAME":"SASARAM (SC)"}},
{"type":"Feature","geometry":{"type":"Polygon","coordinates":[[[84.274,24.9724],[84.1366,24.8227],[84.057,24.732],[84.007,24.6435],[84.0631,24.5791],[84.133,24.5779],[84.168,24.6273],[84.1754,24.6934],[84.2322,24.7217],[84.3079,24.7039],[84.3267,24.8214],[84.3207,24.8639],[84.3485,24.9089],[84.3286,24.9694],[84.274,24.9724]]]},"properties":{"AC_NO":221,"AC_NAME":"Nabinagar","district":"AURANGABAD","PC_NO":35,"PC_NAME":"KARAKAT"}},
{"type":"Feature","geometry":{"type":"Polygon","coordinates":[[[85.6261,24.8952],[85.5855,24.8724],[85.615,24.8129],[85.5978,24.7023],[85.6512,24.6783],[85.7085,24.726],[85.7072,24.7798],[85.7354,24.821],[85.8093,24.794],[85.8671,24.8042],[85.9252,24.741],[86.0552,24.7795],[86.0096,24.8085],[85.9744,24.8678],[85.8921,24.8741],[85.8625,24.9387],[85.8222,24.9221],[85.7988,24.8791],[85.7268,24.8709],[85.648,24.9314],[85.6261,24.8952]]]},"properties":{"AC_NO":238,"AC_NAME":"Gobindpur","district":"NAWADA","PC_NO":39,"PC_NAME":"NAWADA"}},
{"type":"Feature","geometry":{"type":"Polygon","coordinates":[[[86.7747,24.8737],[86.7039,24.8323],[86.6991,24.827],[86.7013,24.7764],[86.7012,24.7559],[86.6675,24.691],[86.7158,24.6595],[86.7323,24.6549],[86.7542,24.621],[86.881,24.5721],[86.928,24.6251],[86.9778,24.6395],[87.051,24.6087],[87.0544,24.6705],[87.0812,24.7292],[87.0739,24.8157],[87.0478,24.8422],[86.9619,24.8235],[86.9232,24.7655],[86.8177,24.778],[86.7747,24.8737]]]},"properties":{"AC_NO":162,"AC_NAME":"Katoria (ST)","district":"BANKA","PC_NO":27,"PC_NAME":"BANKA"}},
{"type":"Feature","geometry":{"type":"Polygon","coordinates":[[[85.3749,24.8947],[85.3306,24.8812],[85.3044,24.8281],[85.2946,24.7897],[85.3404,24.8184],[85.4145,24.7853],[85.5535,24.7007],[85.5978,24.7023],[85.615,24.8129],[85.5855,24.8724],[85.5704,24.8537],[85.4857,24.8628],[85.3749,24.8947]]]},"properties":{"AC_NO":236,"AC_NAME":"Hisua","district":"NAWADA","PC_NO":39,"PC_NAME":"NAWADA"}},
{"type":"Feature","geometry":{"type":"Polygon","coordinates":[[[85.0408,24.8885],[85.0242,24.8272],[85.0174,24.7536],[85.0478,24.7334],[85.0802,24.7621],[85.1217,24.7399],[85.1854,24.7407],[85.2154,24.7148],[85.2672,24.744],[85.2946,24.7897],[85.3044,24.8281],[85.2572,24.8765],[85.1928,24.843],[85.0961,24.8838],[85.0408,24.8885]]]},"properties":{"AC_NO":234,"AC_NAME":"Wazirganj","district":"GAYA","PC_NO":38,"PC_NAME":"GAYA (SC)"}},
{"type":"Feature","geometry":{"type":"Polygon","coordinates":[[[84.4798,24.8778],[84.5118,24.8245],[84.4957,24.7247],[84.4614,24.7009],[84.4946,24.6302],[84.4968,24.5858],[84.468,24.5365],[84.4897,24.5126],[84.547,24.527],[84.5966,24.5961],[84.6352,24.6512],[84.7227,24.6992],[84.7355,24.7741],[84.6995,24.8254],[84.6428,24.8669],[84.6316,24.8429],[84.5052,24.8899],[84.4798,24.8778]]]},"properties":{"AC_NO":224,"AC_NAME":"Rafiganj","district":"AURANGABAD","PC_NO":37,"PC_NAME":"AURANGABAD"}},
{"type":"Feature","geometry":{"type":"Polygon","coordinates":[[[84.3207,24.8639],[84.3267,24.8214],[84.3079,24.7039],[84.3762,24.6765],[84.3756,24.6213],[84.4314,24.5996],[84.4291,24.571],[84.468,24.5365],[84.4968,24.5858],[84.4946,24.6302],[84.4614,24.7009],[84.4957,24.7247],[84.5118,24.8245],[84.4798,24.8778],[84.4385,24.8583],[84.3426,24.848],[84.3207,24.8639]]]},"properties":{"AC_NO":223,"AC_NAME":"Aurangabad","district":"AURANGABAD","PC_NO":37,"PC_NAME":"AURANGABAD"}},
{"type":"Feature","geometry":{"type":"Polygon","coordinates":[[[84.6995,24.8254],[84.7355,24.7741],[84.7227,24.6992],[84.6352,24.6512],[84.6885,24.6037],[84.7691,24.6034],[84.8214,24.6252],[84.8697,24.6786],[84.866,24.7183],[84.9163,24.7596],[84.9349,24.7997],[84.9034,24.8646],[84.8202,24.8365],[84.7671,24.8503],[84.6995,24.8254]]]},"properties":{"AC_NO":225,"AC_NAME":"Gurua","district":"GAYA","PC_NO":37,"PC_NAME":"AURANGABAD"}},
{"type":"Feature","geometry":{"type":"Polygon","coordinates":[[[85.6512,24.6783],[85.5978,24.7023],[85.5535,24.7007],[85.4145,24.7853],[85.3404,24.8184],[85.2946,24.7897],[85.2672,24.744],[85.3212,24.7295],[85.3067,24.6569],[85.3248,24.6467],[85.3161,24.5835],[85.3708,24.5552],[85.4317,24.5291],[85.4912,24.5483],[85.5378,24.5274],[85.5809,24.6006],[85.6513,24.5745],[85.6777,24.5907],[85.6512,24.6783]]]},"properties":{"AC_NO":235,"AC_NAME":"Rajauli (SC)","district":"NAWADA","PC_NO":39,"PC_NAME":"NAWADA"}},
{"type":"Feature","geometry":{"type":"Polygon","coordinates":[[[85.014,24.7451],[85.0174,24.7536],[85.0242,24.8272],[84.9589,24.7972],[85.014,24.7451]]]},"properties":{"AC_NO":230,"AC_NAME":"Gaya Town","district":"GAYA","PC_NO":38,"PC_NAME":"GAYA (SC)"}},
{"type":"Feature","geometry":{"type":"Polygon","coordinates":[[[86.2269,24.7848],[86.1233,24.7056],[86.1187,24.6254],[86.1615,24.5863],[86.2383,24.6002],[86.3006,24.5603],[86.3092,24.5107],[86.276,24.4658],[86.3578,24.4293],[86.4132,24.3802],[86.4672,24.3811],[86.4914,24.4296],[86.5093,24.5224],[86.5804,24.5669],[86.6079,24.6082],[86.6131,24.6699],[86.5851,24.6802],[86.5235,24.6688],[86.4987,24.7029],[86.433,24.6967],[86.4394,24.7045],[86.3303,24.762],[86.2269,24.7848]]]},"properties":{"AC_NO":243,"AC_NAME":"Chakai","district":"JAMUI","PC_NO":40,"PC_NAME":"JAMUI (SC)"}},
{"type":"Feature","geometry":{"type":"Polygon","coordinates":[[[84.9403,24.7345],[84.9832,24.6489],[85.0809,24.6392],[85.1351,24.5893],[85.223,24.5526],[85.2287,24.4677],[85.2841,24.4933],[85.288,24.5235],[85.3708,24.5552],[85.3161,24.5835],[85.3248,24.6467],[85.3067,24.6569],[85.3212,24.7295],[85.2672,24.744],[85.2154,24.7148],[85.1854,24.7407],[85.1217,24.7399],[85.0802,24.7621],[85.0478,24.7334],[85.0134,24.7343],[84.9403,24.7345]]]},"properties":{"AC_NO":229,"AC_NAME":"Bodh Gaya (SC)","district":"GAYA","PC_NO":38,"PC_NAME":"GAYA (SC)"}},
{"type":"Feature","geometry":{"type":"MultiPolygon","coordinates":[[[[85.0134,24.7343],[85.0478,24.7334],[85.0174,24.7536],[85.014,24.7451],[85.0134,24.7343]]],[[[84.9163,24.7596],[84.866,24.7183],[84.8697,24.6786],[84.89,24.6216],[84.9807,24.5975],[84.9504,24.4888],[84.9042,24.3951],[84.955,24.3712],[85.0307,24.4145],[85.0831,24.3997],[85.1748,24.4216],[85.1596,24.4594],[85.2287,24.4677],[85.223,24.5526],[85.1351,24.5893],[85.0809,24.6392],[84.9832,24.6489],[84.9403,24.7345],[84.9163,24.7596]]]]},"properties":{"AC_NO":228,"AC_NAME":"Barachatti (SC)","district":"GAYA","PC_NO":38,"PC_NAME":"GAYA (SC)"}},
{"type":"Feature","geometry":{"type":"Polygon","coordinates":[[[84.0631,24.5791],[84.1084,24.4774],[84.2895,24.5629],[84.3277,24.4873],[84.3717,24.5091],[84.4291,24.571],[84.4314,24.5996],[84.3756,24.6213],[84.3762,24.6765],[84.3079,24.7039],[84.2322,24.7217],[84.1754,24.6934],[84.168,24.6273],[84.133,24.5779],[84.0631,24.5791]]]},"properties":{"AC_NO":222,"AC_NAME":"Kutumba (SC)","district":"AURANGABAD","PC_NO":37,"PC_NAME":"AURANGABAD"}},
{"type":"Feature","geometry":{"type":"Polygon","coordinates":[[[84.6352,24.6512],[84.5966,24.5961],[84.6665,24.5911],[84.738,24.5624],[84.7487,24.4964],[84.8265,24.5247],[84.8398,24.4526],[84.9042,24.3951],[84.9504,24.4888],[84.9807,24.5975],[84.89,24.6216],[84.8697,24.6786],[84.8214,24.6252],[84.7691,24.6034],[84.6885,24.6037],[84.6352,24.6512]]]},"properties":{"AC_NO":226,"AC_NAME":"Sherghati","district":"GAYA","PC_NO":38,"PC_NAME":"GAYA (SC)"}},
{"type":"Feature","geometry":{"type":"Polygon","coordinates":[[[84.5966,24.5961],[84.547,24.527],[84.4897,24.5126],[84.468,24.5365],[84.4291,24.571],[84.3717,24.5091],[84.3277,24.4873],[84.3418,24.3935],[84.3872,24.3824],[84.4618,24.336],[84.5019,24.2884],[84.5682,24.4095],[84.6649,24.3908],[84.6853,24.4551],[84.7487,24.4964],[84.738,24.5624],[84.6665,24.5911],[84.5966,24.5961]]]},"properties":{"AC_NO":227,"AC_NAME":"Imamganj (SC)","district":"GAYA","PC_NO":37,"PC_NAME":"AURANGABAD"}},
{"type":"Feature","geometry":{"type":"Polygon","coordinates":[[[87.8197,25.9336],[87.8637,26.0361],[87.9143,26.0761],[87.9831,26.1043],[87.9783,26.1438],[87.9983,26.1918],[87.9462,26.2215],[87.8351,26.1988],[87.7625,26.2165],[87.6931,26.1994],[87.6921,26.1934],[87.6821,26.1786],[87.6751,26.1113],[87.8213,26.1112],[87.8541,26.103],[87.809,25.9587],[87.8197,25.9336]]]},"properties":{"AC_NO":55,"AC_NAME":"Kochadhaman","district":"KISHANGANJ","PC_NO":10,"PC_NAME":"KISHANGANJ"}}
]}