{"type":"FeatureCollection", "features": [
{"type":"Feature","geometry":{"type":"Polygon","coordinates":[[[80.2683,13.5645],[80.2426,13.4709],[80.1822,13.4899],[80.1975,13.3935],[80.0995,13.359],[80.1323,13.2595],[80.1963,13.2707],[80.2347,13.2071],[80.3029,13.1982],[80.3318,13.2355],[80.3468,13.3134],[80.3261,13.4449],[80.2683,13.5645]]]},"properties":{"OBJECTID":1,"ST_CODE":33,"ST_NAME":"TAMIL NADU","DT_CODE":1,"DIST_NAME":"THIRUVALLUR","AC_NO":2,"AC_NAME":"Ponneri (SC)","PC_NO":1,"PC_NAME":"TIRUVALLUR (SC)","PC_ID":3301,"STATUS":"","Shape_Leng":1.38623232696,"Shape_Area":0.04962046287}},
{"type":"Feature","geometry":{"type":"Polygon","coordinates":[[[79.6841,13.2433],[79.6518,13.2919],[79.5351,13.275],[79.4826,13.3408],[79.3983,13.3302],[79.4324,13.1964],[79.2838,13.1229],[79.3224,13.0781],[79.451,13.0933],[79.5505,13.1349],[79.6335,13.1466],[79.6555,13.208],[79.6841,13.2433]]]},"properties":{"OBJECTID":7,"ST_CODE":33,"ST_NAME":"TAMIL NADU","DT_CODE":1,"DIST_NAME":"THIRUVALLUR","AC_NO":3,"AC_NAME":"Tiruttani","PC_NO":7,"PC_NAME":"ARAKKONAM","PC_ID":3307,"STATUS":"","Shape_Leng":2.25773921555,"Shape_Area":0.0492428152}},
{"type":"Feature","geometry":{"type":"Polygon","coordinates":[[[79.7985,13.2988],[79.7619,13.3184],[79.6841,13.2433],[79.6555,13.208],[79.7368,13.1675],[79.7375,13.0612],[79.7895,13.0249],[79.8896,12.9446],[79.9916,13.0534],[79.9396,13.0911],[79.9111,13.1852],[79.9507,13.2215],[79.8697,13.2136],[79.7985,13.2988]]]},"properties":{"OBJECTID":1,"ST_CODE":33,"ST_NAME":"TAMIL NADU","DT_CODE":1,"DIST_NAME":"THIRUVALLUR","AC_NO":4,"AC_NAME":"Thiruvallur","PC_NO":1,"PC_NAME":"TIRUVALLUR (SC)","PC_ID":3301,"STATUS":"","Shape_Leng":2.3657375835,"Shape_Area":0.05502239126}},
{"type":"Feature","geometry":{"type":"Polygon","coordinates":[[[80.1822,13.4899],[80.038,13.539],[79.9724,13.469],[79.9351,13.3534],[79.7985,13.2988],[79.8697,13.2136],[79.9507,13.2215],[80.1171,13.233],[80.1323,13.2595],[80.0995,13.359],[80.1975,13.3935],[80.1822,13.4899]]]},"properties":{"OBJECTID":1,"ST_CODE":33,"ST_NAME":"TAMIL NADU","DT_CODE":1,"DIST_NAME":"THIRUVALLUR","AC_NO":1,"AC_NAME":"Gummidipoondi","PC_NO":1,"PC_NAME":"TIRUVALLUR (SC)","PC_ID":3301,"STATUS":"","Shape_Leng":2.23166046577,"Shape_Area":0.06578321851}},
{"type":"Feature","geometry":{"type":"Polygon","coordinates":[[[80.1171,13.233],[79.9507,13.2215],[79.9111,13.1852],[79.9396,13.0911],[79.9916,13.0534],[80.1128,13.024],[80.1294,13.0522],[80.1233,13.0725],[80.0395,13.1398],[80.0318,13.1927],[80.1171,13.233]]]},"properties":{"OBJECTID":1,"ST_CODE":33,"ST_NAME":"TAMIL NADU","DT_CODE":1,"DIST_NAME":"THIRUVALLUR","AC_NO":5,"AC_NAME":"Poonamallee (SC)","PC_NO":1,"PC_NAME":"TIRUVALLUR (SC)","PC_ID":3301,"STATUS":"","Shape_Leng":1.541051606,"Shape_Area":0.02769266557}},
{"type":"Feature","geometry":{"type":"Polygon","coordinates":[[[80.3029,13.1982],[80.2347,13.2071],[80.1963,13.2707],[80.1323,13.2595],[80.1171,13.233],[80.0318,13.1927],[80.0395,13.1398],[80.1454,13.1406],[80.2015,13.1271],[80.2419,13.1286],[80.255,13.15],[80.3029,13.1982]]]},"properties":{"OBJECTID":1,"ST_CODE":33,"ST_NAME":"TAMIL NADU","DT_CODE":1,"DIST_NAME":"THIRUVALLUR","AC_NO":9,"AC_NAME":"Madavaram","PC_NO":1,"PC_NAME":"TIRUVALLUR (SC)","PC_ID":3301,"STATUS":"","Shape_Leng":0.8677140825,"Shape_Area":0.01973342986}},
{"type":"Feature","geometry":{"type":"Polygon","coordinates":[[[80.3318,13.2355],[80.3029,13.1982],[80.255,13.15],[80.2734,13.1393],[80.301,13.143],[80.3318,13.2355]]]},"properties":{"OBJECTID":2,"ST_CODE":33,"ST_NAME":"TAMIL NADU","DT_CODE":1,"DIST_NAME":"THIRUVALLUR","AC_NO":10,"AC_NAME":"Tiruvottiyur","PC_NO":2,"PC_NAME":"CHENNAI NORTH","PC_ID":3302,"STATUS":"","Shape_Leng":0.31665177202,"Shape_Area":0.00322824207}},
{"type":"Feature","geometry":{"type":"Polygon","coordinates":[[[79.6555,13.208],[79.6335,13.1466],[79.5505,13.1349],[79.5479,13.0445],[79.6589,12.9493],[79.7419,12.9935],[79.7895,13.0249],[79.7375,13.0612],[79.7368,13.1675],[79.6555,13.208]]]},"properties":{"OBJECTID":7,"ST_CODE":33,"ST_NAME":"TAMIL NADU","DT_CODE":4,"DIST_NAME":"VELLORE","AC_NO":38,"AC_NAME":"Arakkonam (SC)","PC_NO":7,"PC_NAME":"ARAKKONAM","PC_ID":3307,"STATUS":"","Shape_Leng":1.29233821604,"Shape_Area":0.03321722087}},
{"type":"Feature","geometry":{"type":"Polygon","coordinates":[[[79.2838,13.1229],[79.2144,13.1565],[79.16,13.0203],[79.0849,13.0274],[79.0638,12.9294],[79.0813,12.9374],[79.218,12.954],[79.3216,13.0334],[79.3224,13.0781],[79.2838,13.1229]]]},"properties":{"OBJECTID":7,"ST_CODE":33,"ST_NAME":"TAMIL NADU","DT_CODE":4,"DIST_NAME":"VELLORE","AC_NO":40,"AC_NAME":"Katpadi","PC_NO":7,"PC_NAME":"ARAKKONAM","PC_ID":3307,"STATUS":"","Shape_Leng":1.19183919085,"Shape_Area":0.02898835045}},
{"type":"Feature","geometry":{"type":"Polygon","coordinates":[[[80.1454,13.1406],[80.0395,13.1398],[80.1233,13.0725],[80.1403,13.1067],[80.1454,13.1406]]]},"properties":{"OBJECTID":1,"ST_CODE":33,"ST_NAME":"TAMIL NADU","DT_CODE":1,"DIST_NAME":"THIRUVALLUR","AC_NO":6,"AC_NAME":"Avadi","PC_NO":1,"PC_NAME":"TIRUVALLUR (SC)","PC_ID":3301,"STATUS":"","Shape_Leng":0.47798700933,"Shape_Area":0.0061870554}},
{"type":"Feature","geometry":{"type":"Polygon","coordinates":[[[79.5505,13.1349],[79.451,13.0933],[79.3224,13.0781],[79.3216,13.0334],[79.3801,12.9661],[79.4439,12.9638],[79.4548,12.8774],[79.4729,12.8743],[79.5599,12.8528],[79.6589,12.9493],[79.5479,13.0445],[79.5505,13.1349]]]},"properties":{"OBJECTID":7,"ST_CODE":33,"ST_NAME":"TAMIL NADU","DT_CODE":4,"DIST_NAME":"VELLORE","AC_NO":39,"AC_NAME":"Sholingur","PC_NO":7,"PC_NAME":"ARAKKONAM","PC_ID":3307,"STATUS":"","Shape_Leng":1.62506955524,"Shape_Area":0.05147045703}},
{"type":"Feature","geometry":{"type":"Polygon","coordinates":[[[80.2734,13.1393],[80.255,13.15],[80.2419,13.1286],[80.243,13.1127],[80.2697,13.1094],[80.2734,13.1393]]]},"properties":{"OBJECTID":2,"ST_CODE":33,"ST_NAME":"TAMIL NADU","DT_CODE":2,"DIST_NAME":"CHENNAI","AC_NO":12,"AC_NAME":"Perambur","PC_NO":2,"PC_NAME":"CHENNAI NORTH","PC_ID":3302,"STATUS":"","Shape_Leng":0.13703120182,"Shape_Area":0.00103070788}},
{"type":"Feature","geometry":{"type":"Polygon","coordinates":[[[80.301,13.143],[80.2734,13.1393],[80.2697,13.1094],[80.3008,13.1212],[80.301,13.143]]]},"properties":{"OBJECTID":2,"ST_CODE":33,"ST_NAME":"TAMIL NADU","DT_CODE":2,"DIST_NAME":"CHENNAI","AC_NO":11,"AC_NAME":"Dr.Radhakrishnan Naga","PC_NO":2,"PC_NAME":"CHENNAI NORTH","PC_ID":3302,"STATUS":"","Shape_Leng":0.1298464724,"Shape_Area":0.00082289259}},
{"type":"Feature","geometry":{"type":"Polygon","coordinates":[[[80.1454,13.1406],[80.1403,13.1067],[80.1857,13.0734],[80.1902,13.0819],[80.2007,13.1184],[80.2015,13.1271],[80.1454,13.1406]]]},"properties":{"OBJECTID":5,"ST_CODE":33,"ST_NAME":"TAMIL NADU","DT_CODE":1,"DIST_NAME":"THIRUVALLUR","AC_NO":8,"AC_NAME":"Ambattur","PC_NO":5,"PC_NAME":"SRIPERUMBUDUR","PC_ID":3305,"STATUS":"","Shape_Leng":0.23108349786,"Shape_Area":0.0030029592}},
{"type":"Feature","geometry":{"type":"Polygon","coordinates":[[[80.2419,13.1286],[80.2015,13.1271],[80.2007,13.1184],[80.2414,13.0963],[80.243,13.1127],[80.2419,13.1286]]]},"properties":{"OBJECTID":2,"ST_CODE":33,"ST_NAME":"TAMIL NADU","DT_CODE":2,"DIST_NAME":"CHENNAI","AC_NO":13,"AC_NAME":"Kolathur","PC_NO":2,"PC_NAME":"CHENNAI NORTH","PC_ID":3302,"STATUS":"","Shape_Leng":0.14759516205,"Shape_Area":0.00086209064}},
{"type":"Feature","geometry":{"type":"Polygon","coordinates":[[[79.0063,13.0825],[78.8137,13.0891],[78.7943,13.0667],[78.8647,12.8859],[78.9162,12.9077],[79.0638,12.9294],[79.0849,13.0274],[79.0063,13.0825]]]},"properties":{"OBJECTID":8,"ST_CODE":33,"ST_NAME":"TAMIL NADU","DT_CODE":4,"DIST_NAME":"VELLORE","AC_NO":45,"AC_NAME":"Kilvaithinankuppam(SC","PC_NO":8,"PC_NAME":"VELLORE","PC_ID":3308,"STATUS":"","Shape_Leng":1.26935023658,"Shape_Area":0.03944861929}},
{"type":"Feature","geometry":{"type":"Polygon","coordinates":[[[80.3008,13.1212],[80.2697,13.1094],[80.2727,13.0997],[80.2982,13.1019],[80.3008,13.1212]]]},"properties":{"OBJECTID":2,"ST_CODE":33,"ST_NAME":"TAMIL NADU","DT_CODE":2,"DIST_NAME":"CHENNAI","AC_NO":17,"AC_NAME":"Royapuram","PC_NO":2,"PC_NAME":"CHENNAI NORTH","PC_ID":3302,"STATUS":"","Shape_Leng":0.11095217472,"Shape_Area":0.00046498021}},
{"type":"Feature","geometry":{"type":"Polygon","coordinates":[[[80.2414,13.0963],[80.2007,13.1184],[80.1902,13.0819],[80.1993,13.0778],[80.2441,13.0847],[80.2414,13.0963]]]},"properties":{"OBJECTID":4,"ST_CODE":33,"ST_NAME":"TAMIL NADU","DT_CODE":2,"DIST_NAME":"CHENNAI","AC_NO":14,"AC_NAME":"Villivakkam","PC_NO":4,"PC_NAME":"CHENNAI CENTRAL","PC_ID":3304,"STATUS":"","Shape_Leng":0.19272725101,"Shape_Area":0.00100709455}},
{"type":"Feature","geometry":{"type":"Polygon","coordinates":[[[80.2697,13.1094],[80.243,13.1127],[80.2414,13.0963],[80.2441,13.0847],[80.273,13.0963],[80.2727,13.0997],[80.2697,13.1094]]]},"properties":{"OBJECTID":2,"ST_CODE":33,"ST_NAME":"TAMIL NADU","DT_CODE":2,"DIST_NAME":"CHENNAI","AC_NO":15,"AC_NAME":"Thiru-Vi-Ka-Nagar(SC)","PC_NO":2,"PC_NAME":"CHENNAI NORTH","PC_ID":3302,"STATUS":"","Shape_Leng":0.11246596753,"Shape_Area":0.00052779917}},
{"type":"Feature","geometry":{"type":"Polygon","coordinates":[[[80.1403,13.1067],[80.1233,13.0725],[80.1294,13.0522],[80.1884,13.0267],[80.1857,13.0734],[80.1403,13.1067]]]},"properties":{"OBJECTID":5,"ST_CODE":33,"ST_NAME":"TAMIL NADU","DT_CODE":1,"DIST_NAME":"THIRUVALLUR","AC_NO":7,"AC_NAME":"Maduravoyal","PC_NO":5,"PC_NAME":"SRIPERUMBUDUR","PC_ID":3305,"STATUS":"","Shape_Leng":0.28399587912,"Shape_Area":0.00317522852}},
{"type":"Feature","geometry":{"type":"Polygon","coordinates":[[[80.2982,13.1019],[80.2727,13.0997],[80.273,13.0963],[80.2682,13.0793],[80.2863,13.0603],[80.2982,13.1019]]]},"properties":{"OBJECTID":4,"ST_CODE":33,"ST_NAME":"TAMIL NADU","DT_CODE":2,"DIST_NAME":"CHENNAI","AC_NO":18,"AC_NAME":"Harbour","PC_NO":4,"PC_NAME":"CHENNAI CENTRAL","PC_ID":3304,"STATUS":"","Shape_Leng":0.18291393482,"Shape_Area":0.0009111525}},
{"type":"Feature","geometry":{"type":"Polygon","coordinates":[[[80.2441,13.0847],[80.1993,13.0778],[80.2077,13.059],[80.2189,13.0584],[80.2285,13.0662],[80.2441,13.0847]]]},"properties":{"OBJECTID":4,"ST_CODE":33,"ST_NAME":"TAMIL NADU","DT_CODE":2,"DIST_NAME":"CHENNAI","AC_NO":21,"AC_NAME":"Anna Nagar","PC_NO":4,"PC_NAME":"CHENNAI CENTRAL","PC_ID":3304,"STATUS":"","Shape_Leng":0.16965270421,"Shape_Area":0.00105159276}},
{"type":"Feature","geometry":{"type":"Polygon","coordinates":[[[80.273,13.0963],[80.2441,13.0847],[80.2285,13.0662],[80.2621,13.0649],[80.2682,13.0793],[80.273,13.0963]]]},"properties":{"OBJECTID":4,"ST_CODE":33,"ST_NAME":"TAMIL NADU","DT_CODE":2,"DIST_NAME":"CHENNAI","AC_NO":16,"AC_NAME":"Egmore (SC)","PC_NO":4,"PC_NAME":"CHENNAI CENTRAL","PC_ID":3304,"STATUS":"","Shape_Leng":0.17337649941,"Shape_Area":0.0007338185}},
{"type":"Feature","geometry":{"type":"Polygon","coordinates":[[[78.7943,13.0667],[78.6209,12.9913],[78.6336,12.9309],[78.6033,12.8428],[78.6932,12.7893],[78.8647,12.8859],[78.7943,13.0667]]]},"properties":{"OBJECTID":8,"ST_CODE":33,"ST_NAME":"TAMIL NADU","DT_CODE":4,"DIST_NAME":"VELLORE","AC_NO":46,"AC_NAME":"Gudiyattam (SC)","PC_NO":8,"PC_NAME":"VELLORE","PC_ID":3308,"STATUS":"","Shape_Leng":1.25050242948,"Shape_Area":0.04657828329}},
{"type":"Feature","geometry":{"type":"Polygon","coordinates":[[[80.1993,13.0778],[80.1902,13.0819],[80.1857,13.0734],[80.1884,13.0267],[80.2099,13.0271],[80.2092,13.0353],[80.2077,13.059],[80.1993,13.0778]]]},"properties":{"OBJECTID":3,"ST_CODE":33,"ST_NAME":"TAMIL NADU","DT_CODE":2,"DIST_NAME":"CHENNAI","AC_NO":22,"AC_NAME":"Virugampakkam","PC_NO":3,"PC_NAME":"CHENNAI SOUTH","PC_ID":3303,"STATUS":"","Shape_Leng":0.14883962468,"Shape_Area":0.00110963436}},
{"type":"Feature","geometry":{"type":"Polygon","coordinates":[[[80.2682,13.0793],[80.2621,13.0649],[80.2573,13.0384],[80.283,13.0458],[80.2863,13.0603],[80.2682,13.0793]]]},"properties":{"OBJECTID":4,"ST_CODE":33,"ST_NAME":"TAMIL NADU","DT_CODE":2,"DIST_NAME":"CHENNAI","AC_NO":19,"AC_NAME":"Chepauk-Thiruvalliken","PC_NO":4,"PC_NAME":"CHENNAI CENTRAL","PC_ID":3304,"STATUS":"","Shape_Leng":0.13919713832,"Shape_Area":0.00054375772}},
{"type":"Feature","geometry":{"type":"Polygon","coordinates":[[[80.2621,13.0649],[80.2285,13.0662],[80.2189,13.0584],[80.2309,13.0314],[80.24,13.0311],[80.2573,13.0384],[80.2621,13.0649]]]},"properties":{"OBJECTID":4,"ST_CODE":33,"ST_NAME":"TAMIL NADU","DT_CODE":2,"DIST_NAME":"CHENNAI","AC_NO":20,"AC_NAME":"Thousand Lights","PC_NO":4,"PC_NAME":"CHENNAI CENTRAL","PC_ID":3304,"STATUS":"","Shape_Leng":0.20003845766,"Shape_Area":0.00100185655}},
{"type":"Feature","geometry":{"type":"Polygon","coordinates":[[[79.9916,13.0534],[79.8896,12.9446],[79.7895,13.0249],[79.7419,12.9935],[79.7781,12.9371],[79.9061,12.8516],[79.9088,12.7987],[80.0098,12.8081],[80.0626,12.8994],[80.1018,12.951],[80.1254,12.9862],[80.1128,13.024],[79.9916,13.0534]]]},"properties":{"OBJECTID":5,"ST_CODE":33,"ST_NAME":"TAMIL NADU","DT_CODE":3,"DIST_NAME":"KANCHEEPURAM","AC_NO":29,"AC_NAME":"Sriperumbudur (SC)","PC_NO":5,"PC_NAME":"SRIPERUMBUDUR","PC_ID":3305,"STATUS":"","Shape_Leng":1.66541535611,"Shape_Area":0.05163964641}},
{"type":"Feature","geometry":{"type":"Polygon","coordinates":[[[80.2189,13.0584],[80.2077,13.059],[80.2092,13.0353],[80.2309,13.0314],[80.2189,13.0584]]]},"properties":{"OBJECTID":3,"ST_CODE":33,"ST_NAME":"TAMIL NADU","DT_CODE":2,"DIST_NAME":"CHENNAI","AC_NO":24,"AC_NAME":"Thiyagarayanagar","PC_NO":3,"PC_NAME":"CHENNAI SOUTH","PC_ID":3303,"STATUS":"","Shape_Leng":0.13059168626,"Shape_Area":0.00062535367}},
{"type":"Feature","geometry":{"type":"Polygon","coordinates":[[[80.1884,13.0267],[80.1294,13.0522],[80.1128,13.024],[80.1254,12.9862],[80.1884,12.9635],[80.2089,12.9787],[80.2069,12.9962],[80.2099,13.0271],[80.1884,13.0267]]]},"properties":{"OBJECTID":5,"ST_CODE":33,"ST_NAME":"TAMIL NADU","DT_CODE":3,"DIST_NAME":"KANCHEEPURAM","AC_NO":28,"AC_NAME":"Alandur","PC_NO":5,"PC_NAME":"SRIPERUMBUDUR","PC_ID":3305,"STATUS":"","Shape_Leng":0.40337960884,"Shape_Area":0.00523455634}},
{"type":"Feature","geometry":{"type":"Polygon","coordinates":[[[79.4548,12.8774],[79.4439,12.9638],[79.3801,12.9661],[79.3216,13.0334],[79.218,12.954],[79.201,12.9038],[79.2411,12.8565],[79.4548,12.8774]]]},"properties":{"OBJECTID":7,"ST_CODE":33,"ST_NAME":"TAMIL NADU","DT_CODE":4,"DIST_NAME":"VELLORE","AC_NO":41,"AC_NAME":"Ranipet","PC_NO":7,"PC_NAME":"ARAKKONAM","PC_ID":3307,"STATUS":"","Shape_Leng":1.18561585986,"Shape_Area":0.02289981352}},
{"type":"Feature","geometry":{"type":"Polygon","coordinates":[[[80.283,13.0458],[80.2573,13.0384],[80.24,13.0311],[80.2496,13.0189],[80.2776,13.0133],[80.283,13.0458]]]},"properties":{"OBJECTID":3,"ST_CODE":33,"ST_NAME":"TAMIL NADU","DT_CODE":2,"DIST_NAME":"CHENNAI","AC_NO":25,"AC_NAME":"Mylapore","PC_NO":3,"PC_NAME":"CHENNAI SOUTH","PC_ID":3303,"STATUS":"","Shape_Leng":0.13421080488,"Shape_Area":0.00096420241}},
{"type":"Feature","geometry":{"type":"Polygon","coordinates":[[[80.2092,13.0353],[80.2099,13.0271],[80.2069,12.9962],[80.2496,13.0189],[80.24,13.0311],[80.2309,13.0314],[80.2092,13.0353]]]},"properties":{"OBJECTID":3,"ST_CODE":33,"ST_NAME":"TAMIL NADU","DT_CODE":2,"DIST_NAME":"CHENNAI","AC_NO":23,"AC_NAME":"Saidapet","PC_NO":3,"PC_NAME":"CHENNAI SOUTH","PC_ID":3303,"STATUS":"","Shape_Leng":0.19142600651,"Shape_Area":0.00173544018}},
{"type":"Feature","geometry":{"type":"Polygon","coordinates":[[[80.2776,13.0133],[80.2496,13.0189],[80.2069,12.9962],[80.2089,12.9787],[80.2669,12.9753],[80.2776,13.0133]]]},"properties":{"OBJECTID":3,"ST_CODE":33,"ST_NAME":"TAMIL NADU","DT_CODE":2,"DIST_NAME":"CHENNAI","AC_NO":26,"AC_NAME":"Velachery","PC_NO":3,"PC_NAME":"CHENNAI SOUTH","PC_ID":3303,"STATUS":"","Shape_Leng":0.24249485042,"Shape_Area":0.00158009679}},
{"type":"Feature","geometry":{"type":"Polygon","coordinates":[[[79.9061,12.8516],[79.7781,12.9371],[79.7419,12.9935],[79.6589,12.9493],[79.5599,12.8528],[79.6401,12.81],[79.9061,12.8516]]]},"properties":{"OBJECTID":6,"ST_CODE":33,"ST_NAME":"TAMIL NADU","DT_CODE":3,"DIST_NAME":"KANCHEEPURAM","AC_NO":37,"AC_NAME":"Kancheepuram","PC_NO":6,"PC_NAME":"KANCHEEPURAM (SC)","PC_ID":3306,"STATUS":"","Shape_Leng":1.03033252641,"Shape_Area":0.03478535382}},
{"type":"Feature","geometry":{"type":"Polygon","coordinates":[[[80.1884,12.9635],[80.1254,12.9862],[80.1018,12.951],[80.1632,12.9376],[80.1884,12.9635]]]},"properties":{"OBJECTID":5,"ST_CODE":33,"ST_NAME":"TAMIL NADU","DT_CODE":3,"DIST_NAME":"KANCHEEPURAM","AC_NO":30,"AC_NAME":"Pallavaram","PC_NO":5,"PC_NAME":"SRIPERUMBUDUR","PC_ID":3305,"STATUS":"","Shape_Leng":0.26145078737,"Shape_Area":0.00254126699}},
{"type":"Feature","geometry":{"type":"Polygon","coordinates":[[[80.2089,12.9787],[80.1884,12.9635],[80.1632,12.9376],[80.1784,12.8657],[80.2495,12.8573],[80.2669,12.9753],[80.2089,12.9787]]]},"properties":{"OBJECTID":3,"ST_CODE":33,"ST_NAME":"TAMIL NADU","DT_CODE":3,"DIST_NAME":"KANCHEEPURAM","AC_NO":27,"AC_NAME":"Shozhinganallur","PC_NO":3,"PC_NAME":"CHENNAI SOUTH","PC_ID":3303,"STATUS":"","Shape_Leng":0.46188672399,"Shape_Area":0.00959541113}},
{"type":"Feature","geometry":{"type":"Polygon","coordinates":[[[79.218,12.954],[79.0813,12.9374],[79.128,12.8928],[79.201,12.9038],[79.218,12.954]]]},"properties":{"OBJECTID":8,"ST_CODE":33,"ST_NAME":"TAMIL NADU","DT_CODE":4,"DIST_NAME":"VELLORE","AC_NO":43,"AC_NAME":"Vellore","PC_NO":8,"PC_NAME":"VELLORE","PC_ID":3308,"STATUS":"","Shape_Leng":0.50957320872,"Shape_Area":0.00626649095}},
{"type":"Feature","geometry":{"type":"Polygon","coordinates":[[[79.0813,12.9374],[79.0638,12.9294],[78.9162,12.9077],[78.896,12.6891],[78.981,12.6737],[79.0935,12.7579],[79.128,12.8928],[79.0813,12.9374]]]},"properties":{"OBJECTID":8,"ST_CODE":33,"ST_NAME":"TAMIL NADU","DT_CODE":4,"DIST_NAME":"VELLORE","AC_NO":44,"AC_NAME":"Anaikattu","PC_NO":8,"PC_NAME":"VELLORE","PC_ID":3308,"STATUS":"","Shape_Leng":1.61919030324,"Shape_Area":0.04951153178}},
{"type":"Feature","geometry":{"type":"Polygon","coordinates":[[[80.1632,12.9376],[80.1018,12.951],[80.0626,12.8994],[80.1708,12.8599],[80.1784,12.8657],[80.1632,12.9376]]]},"properties":{"OBJECTID":5,"ST_CODE":33,"ST_NAME":"TAMIL NADU","DT_CODE":3,"DIST_NAME":"KANCHEEPURAM","AC_NO":31,"AC_NAME":"Tambaram","PC_NO":5,"PC_NAME":"SRIPERUMBUDUR","PC_ID":3305,"STATUS":"","Shape_Leng":0.40298018136,"Shape_Area":0.00552316924}},
{"type":"Feature","geometry":{"type":"Polygon","coordinates":[[[77.8356,12.8714],[77.7592,12.6971],[77.7559,12.6377],[77.8738,12.6612],[77.9318,12.7645],[78.0085,12.8067],[77.9219,12.8842],[77.8667,12.8677],[77.8356,12.8714]]]},"properties":{"OBJECTID":9,"ST_CODE":33,"ST_NAME":"TAMIL NADU","DT_CODE":31,"DIST_NAME":"KRISHNAGIRI","AC_NO":55,"AC_NAME":"Hosur","PC_NO":9,"PC_NAME":"KRISHNAGIRI","PC_ID":3309,"STATUS":"","Shape_Leng":1.31417386805,"Shape_Area":0.03615902458}},
{"type":"Feature","geometry":{"type":"Polygon","coordinates":[[[79.128,12.8928],[79.0935,12.7579],[79.1096,12.7591],[79.2068,12.7416],[79.2385,12.7973],[79.4269,12.6595],[79.4762,12.7287],[79.4729,12.8743],[79.4548,12.8774],[79.2411,12.8565],[79.201,12.9038],[79.128,12.8928]]]},"properties":{"OBJECTID":7,"ST_CODE":33,"ST_NAME":"TAMIL NADU","DT_CODE":4,"DIST_NAME":"VELLORE","AC_NO":42,"AC_NAME":"Arcot","PC_NO":7,"PC_NAME":"ARAKKONAM","PC_ID":3307,"STATUS":"","Shape_Leng":2.15283583963,"Shape_Area":0.05347911725}},
{"type":"Feature","geometry":{"type":"Polygon","coordinates":[[[78.9162,12.9077],[78.8647,12.8859],[78.6932,12.7893],[78.6033,12.8428],[78.5634,12.7354],[78.5985,12.6962],[78.7699,12.6801],[78.832,12.6411],[78.8585,12.6333],[78.896,12.6891],[78.9162,12.9077]]]},"properties":{"OBJECTID":8,"ST_CODE":33,"ST_NAME":"TAMIL NADU","DT_CODE":4,"DIST_NAME":"VELLORE","AC_NO":48,"AC_NAME":"Ambur","PC_NO":8,"PC_NAME":"VELLORE","PC_ID":3308,"STATUS":"","Shape_Leng":1.75998756294,"Shape_Area":0.0487055289}},
{"type":"Feature","geometry":{"type":"Polygon","coordinates":[[[80.1708,12.8599],[80.0626,12.8994],[80.0098,12.8081],[79.9088,12.7987],[79.9526,12.6991],[79.9459,12.6319],[80.0364,12.7361],[80.1371,12.7931],[80.1708,12.8599]]]},"properties":{"OBJECTID":6,"ST_CODE":33,"ST_NAME":"TAMIL NADU","DT_CODE":3,"DIST_NAME":"KANCHEEPURAM","AC_NO":32,"AC_NAME":"Chengalpattu","PC_NO":6,"PC_NAME":"KANCHEEPURAM (SC)","PC_ID":3306,"STATUS":"","Shape_Leng":1.23474878241,"Shape_Area":0.02855979227}},
{"type":"Feature","geometry":{"type":"Polygon","coordinates":[[[78.0859,12.8321],[78.0085,12.8067],[77.9318,12.7645],[77.8738,12.6612],[77.9087,12.5115],[78.0478,12.4752],[78.0818,12.5583],[78.1958,12.5645],[78.2872,12.6154],[78.3026,12.6663],[78.2307,12.7609],[78.1342,12.782],[78.0859,12.8321]]]},"properties":{"OBJECTID":9,"ST_CODE":33,"ST_NAME":"TAMIL NADU","DT_CODE":31,"DIST_NAME":"KRISHNAGIRI","AC_NO":54,"AC_NAME":"Veppanahalli","PC_NO":9,"PC_NAME":"KRISHNAGIRI","PC_ID":3309,"STATUS":"","Shape_Leng":1.87947256294,"Shape_Area":0.08939488131}},
{"type":"Feature","geometry":{"type":"Polygon","coordinates":[[[79.4729,12.8743],[79.4762,12.7287],[79.4269,12.6595],[79.4598,12.5915],[79.5153,12.5635],[79.7065,12.5723],[79.6308,12.6384],[79.7345,12.7017],[79.7447,12.7439],[79.6401,12.81],[79.5599,12.8528],[79.4729,12.8743]]]},"properties":{"OBJECTID":12,"ST_CODE":33,"ST_NAME":"TAMIL NADU","DT_CODE":6,"DIST_NAME":"TIRUVANNAMALAI","AC_NO":68,"AC_NAME":"Cheyyar","PC_NO":12,"PC_NAME":"ARANI","PC_ID":3312,"STATUS":"","Shape_Leng":1.63252757925,"Shape_Area":0.06470973532}},
{"type":"Feature","geometry":{"type":"Polygon","coordinates":[[[80.1784,12.8657],[80.1708,12.8599],[80.1371,12.7931],[80.0364,12.7361],[79.9459,12.6319],[79.9646,12.5768],[80.135,12.559],[80.1652,12.5259],[80.2547,12.7808],[80.2495,12.8573],[80.1784,12.8657]]]},"properties":{"OBJECTID":6,"ST_CODE":33,"ST_NAME":"TAMIL NADU","DT_CODE":3,"DIST_NAME":"KANCHEEPURAM","AC_NO":33,"AC_NAME":"Thiruporur","PC_NO":6,"PC_NAME":"KANCHEEPURAM (SC)","PC_ID":3306,"STATUS":"","Shape_Leng":1.39070690875,"Shape_Area":0.05587093352}},
{"type":"Feature","geometry":{"type":"Polygon","coordinates":[[[79.9061,12.8516],[79.6401,12.81],[79.7447,12.7439],[79.7345,12.7017],[79.6308,12.6384],[79.7065,12.5723],[79.7435,12.5324],[79.8263,12.6202],[79.9292,12.6417],[79.9526,12.6991],[79.9088,12.7987],[79.9061,12.8516]]]},"properties":{"OBJECTID":6,"ST_CODE":33,"ST_NAME":"TAMIL NADU","DT_CODE":3,"DIST_NAME":"KANCHEEPURAM","AC_NO":36,"AC_NAME":"Uthiramerur","PC_NO":6,"PC_NAME":"KANCHEEPURAM (SC)","PC_ID":3306,"STATUS":"","Shape_Leng":1.66892205563,"Shape_Area":0.05488400759}},
{"type":"Feature","geometry":{"type":"Polygon","coordinates":[[[79.1096,12.7591],[79.1617,12.6806],[79.2264,12.6225],[79.2638,12.5104],[79.3285,12.5828],[79.4034,12.5874],[79.4598,12.5915],[79.4269,12.6595],[79.2385,12.7973],[79.2068,12.7416],[79.1096,12.7591]]]},"properties":{"OBJECTID":12,"ST_CODE":33,"ST_NAME":"TAMIL NADU","DT_CODE":6,"DIST_NAME":"TIRUVANNAMALAI","AC_NO":67,"AC_NAME":"Arani","PC_NO":12,"PC_NAME":"ARANI","PC_ID":3312,"STATUS":"","Shape_Leng":1.95468490956,"Shape_Area":0.04078299165}},
{"type":"Feature","geometry":{"type":"Polygon","coordinates":[[[78.5634,12.7354],[78.4742,12.6474],[78.5746,12.6569],[78.7004,12.5929],[78.6416,12.5016],[78.7227,12.4664],[78.8021,12.5311],[78.832,12.6411],[78.7699,12.6801],[78.5985,12.6962],[78.5634,12.7354]]]},"properties":{"OBJECTID":8,"ST_CODE":33,"ST_NAME":"TAMIL NADU","DT_CODE":4,"DIST_NAME":"VELLORE","AC_NO":47,"AC_NAME":"Vaniyambadi","PC_NO":8,"PC_NAME":"VELLORE","PC_ID":3308,"STATUS":"","Shape_Leng":1.72274721477,"Shape_Area":0.03939946102}},
{"type":"Feature","geometry":{"type":"Polygon","coordinates":[[[79.0935,12.7579],[78.981,12.6737],[78.896,12.6891],[78.8585,12.6333],[78.8366,12.5816],[78.8965,12.5202],[78.8954,12.3773],[78.8398,12.2853],[79.01,12.2831],[79.0412,12.3026],[79.0073,12.415],[79.1191,12.425],[79.2001,12.3869],[79.0782,12.478],[79.0531,12.5501],[79.1593,12.6251],[79.1617,12.6806],[79.1096,12.7591],[79.0935,12.7579]]]},"properties":{"OBJECTID":11,"ST_CODE":33,"ST_NAME":"TAMIL NADU","DT_CODE":6,"DIST_NAME":"TIRUVANNAMALAI","AC_NO":65,"AC_NAME":"Kalasapakkam","PC_NO":11,"PC_NAME":"TIRUVANNAMALAI","PC_ID":3311,"STATUS":"","Shape_Leng":2.570403611,"Shape_Area":0.09167345784}},
{"type":"Feature","geometry":{"type":"Polygon","coordinates":[[[77.7592,12.6971],[77.597,12.6581],[77.5813,12.5509],[77.6348,12.4869],[77.6168,12.3683],[77.4734,12.2431],[77.5187,12.1946],[77.6093,12.2062],[77.7461,12.1574],[77.9254,12.3239],[77.9716,12.4124],[77.9087,12.5115],[77.8738,12.6612],[77.7559,12.6377],[77.7592,12.6971]]]},"properties":{"OBJECTID":9,"ST_CODE":33,"ST_NAME":"TAMIL NADU","DT_CODE":31,"DIST_NAME":"KRISHNAGIRI","AC_NO":56,"AC_NAME":"Thalli","PC_NO":9,"PC_NAME":"KRISHNAGIRI","PC_ID":3309,"STATUS":"","Shape_Leng":2.43231303564,"Shape_Area":0.15221108942}},
{"type":"Feature","geometry":{"type":"Polygon","coordinates":[[[79.1617,12.6806],[79.1593,12.6251],[79.0531,12.5501],[79.0782,12.478],[79.2001,12.3869],[79.2269,12.4023],[79.2566,12.4482],[79.4009,12.4323],[79.4034,12.5874],[79.3285,12.5828],[79.2638,12.5104],[79.2264,12.6225],[79.1617,12.6806]]]},"properties":{"OBJECTID":12,"ST_CODE":33,"ST_NAME":"TAMIL NADU","DT_CODE":6,"DIST_NAME":"TIRUVANNAMALAI","AC_NO":66,"AC_NAME":"Polur","PC_NO":12,"PC_NAME":"ARANI","PC_ID":3312,"STATUS":"","Shape_Leng":2.04014479567,"Shape_Area":0.05518526283}},
{"type":"Feature","geometry":{"type":"Polygon","coordinates":[[[79.9526,12.6991],[79.9292,12.6417],[79.8263,12.6202],[79.7435,12.5324],[79.7454,12.4633],[79.6423,12.3449],[79.6829,12.316],[79.7977,12.3369],[79.8293,12.4523],[79.9024,12.3672],[79.9841,12.3341],[79.9931,12.5121],[79.9646,12.5768],[79.9459,12.6319],[79.9526,12.6991]]]},"properties":{"OBJECTID":6,"ST_CODE":33,"ST_NAME":"TAMIL NADU","DT_CODE":3,"DIST_NAME":"KANCHEEPURAM","AC_NO":35,"AC_NAME":"Madurantakam (SC)","PC_NO":6,"PC_NAME":"KANCHEEPURAM (SC)","PC_ID":3306,"STATUS":"","Shape_Leng":2.07039541824,"Shape_Area":0.06337572084}},
{"type":"Feature","geometry":{"type":"Polygon","coordinates":[[[78.4126,12.6269],[78.3026,12.6663],[78.2872,12.6154],[78.2371,12.3224],[78.2764,12.2615],[78.3489,12.2504],[78.3827,12.3183],[78.363,12.4116],[78.4422,12.4505],[78.4179,12.4797],[78.4126,12.6269]]]},"properties":{"OBJECTID":9,"ST_CODE":33,"ST_NAME":"TAMIL NADU","DT_CODE":31,"DIST_NAME":"KRISHNAGIRI","AC_NO":52,"AC_NAME":"Bargur","PC_NO":9,"PC_NAME":"KRISHNAGIRI","PC_ID":3309,"STATUS":"","Shape_Leng":1.36474281731,"Shape_Area":0.05129816923}},
{"type":"Feature","geometry":{"type":"Polygon","coordinates":[[[78.4742,12.6474],[78.4126,12.6269],[78.4179,12.4797],[78.6416,12.5016],[78.7004,12.5929],[78.5746,12.6569],[78.4742,12.6474]]]},"properties":{"OBJECTID":11,"ST_CODE":33,"ST_NAME":"TAMIL NADU","DT_CODE":4,"DIST_NAME":"VELLORE","AC_NO":49,"AC_NAME":"Jolarpet","PC_NO":11,"PC_NAME":"TIRUVANNAMALAI","PC_ID":3311,"STATUS":"","Shape_Leng":1.07514413807,"Shape_Area":0.03683340489}},
{"type":"Feature","geometry":{"type":"Polygon","coordinates":[[[78.832,12.6411],[78.8021,12.5311],[78.7227,12.4664],[78.6416,12.5016],[78.4179,12.4797],[78.4422,12.4505],[78.4345,12.3888],[78.5673,12.3891],[78.6481,12.2583],[78.71,12.3042],[78.7585,12.4428],[78.8366,12.5816],[78.8585,12.6333],[78.832,12.6411]]]},"properties":{"OBJECTID":11,"ST_CODE":33,"ST_NAME":"TAMIL NADU","DT_CODE":4,"DIST_NAME":"VELLORE","AC_NO":50,"AC_NAME":"Tiruppattur","PC_NO":11,"PC_NAME":"TIRUVANNAMALAI","PC_ID":3311,"STATUS":"","Shape_Leng":1.77244970411,"Shape_Area":0.04912216923}},
{"type":"Feature","geometry":{"type":"Polygon","coordinates":[[[78.2872,12.6154],[78.1958,12.5645],[78.0818,12.5583],[78.0478,12.4752],[78.1262,12.434],[78.1788,12.3357],[78.2371,12.3224],[78.2872,12.6154]]]},"properties":{"OBJECTID":9,"ST_CODE":33,"ST_NAME":"TAMIL NADU","DT_CODE":31,"DIST_NAME":"KRISHNAGIRI","AC_NO":53,"AC_NAME":"Krishnagiri","PC_NO":9,"PC_NAME":"KRISHNAGIRI","PC_ID":3309,"STATUS":"","Shape_Leng":1.23785124464,"Shape_Area":0.04010839689}},
{"type":"Feature","geometry":{"type":"Polygon","coordinates":[[[79.4598,12.5915],[79.4034,12.5874],[79.4009,12.4323],[79.417,12.4083],[79.6423,12.3449],[79.7454,12.4633],[79.7435,12.5324],[79.7065,12.5723],[79.5153,12.5635],[79.4598,12.5915]]]},"properties":{"OBJECTID":12,"ST_CODE":33,"ST_NAME":"TAMIL NADU","DT_CODE":6,"DIST_NAME":"TIRUVANNAMALAI","AC_NO":69,"AC_NAME":"Vandavasi (SC)","PC_NO":12,"PC_NAME":"ARANI","PC_ID":3312,"STATUS":"","Shape_Leng":1.53784494921,"Shape_Area":0.06130730277}},
{"type":"Feature","geometry":{"type":"Polygon","coordinates":[[[78.8366,12.5816],[78.7585,12.4428],[78.71,12.3042],[78.6481,12.2583],[78.6334,12.1773],[78.6842,12.1063],[78.7169,11.9836],[78.8301,12.0078],[78.9147,12.0146],[78.9957,12.0675],[78.9538,12.1495],[79.01,12.2831],[78.8398,12.2853],[78.8954,12.3773],[78.8965,12.5202],[78.8366,12.5816]]]},"properties":{"OBJECTID":11,"ST_CODE":33,"ST_NAME":"TAMIL NADU","DT_CODE":6,"DIST_NAME":"TIRUVANNAMALAI","AC_NO":62,"AC_NAME":"Chengam (SC)","PC_NO":11,"PC_NAME":"TIRUVANNAMALAI","PC_ID":3311,"STATUS":"","Shape_Leng":2.44472304287,"Shape_Area":0.11273273231}},
{"type":"Feature","geometry":{"type":"Polygon","coordinates":[[[80.1652,12.5259],[80.135,12.559],[79.9646,12.5768],[79.9931,12.5121],[79.9841,12.3341],[79.9024,12.3672],[79.8293,12.4523],[79.7977,12.3369],[79.8727,12.2425],[80.0043,12.2478],[80.1377,12.4106],[80.1652,12.5259]]]},"properties":{"OBJECTID":6,"ST_CODE":33,"ST_NAME":"TAMIL NADU","DT_CODE":3,"DIST_NAME":"KANCHEEPURAM","AC_NO":34,"AC_NAME":"Cheyyur (SC)","PC_NO":6,"PC_NAME":"KANCHEEPURAM (SC)","PC_ID":3306,"STATUS":"","Shape_Leng":1.89029543078,"Shape_Area":0.06262864742}},
{"type":"Feature","geometry":{"type":"Polygon","coordinates":[[[78.0478,12.4752],[77.9087,12.5115],[77.9716,12.4124],[77.9254,12.3239],[77.9581,12.2692],[78.0504,12.2755],[78.1453,12.1867],[78.2535,12.2255],[78.2764,12.2615],[78.2371,12.3224],[78.1788,12.3357],[78.1262,12.434],[78.0478,12.4752]]]},"properties":{"OBJECTID":10,"ST_CODE":33,"ST_NAME":"TAMIL NADU","DT_CODE":5,"DIST_NAME":"DHARMAPURI","AC_NO":57,"AC_NAME":"Palacodu","PC_NO":10,"PC_NAME":"DHARMAPURI","PC_ID":3310,"STATUS":"","Shape_Leng":1.52709109109,"Shape_Area":0.0565458447}},
{"type":"Feature","geometry":{"type":"Polygon","coordinates":[[[78.4422,12.4505],[78.363,12.4116],[78.3827,12.3183],[78.3489,12.2504],[78.3924,12.2063],[78.5843,12.1643],[78.6334,12.1773],[78.6481,12.2583],[78.5673,12.3891],[78.4345,12.3888],[78.4422,12.4505]]]},"properties":{"OBJECTID":9,"ST_CODE":33,"ST_NAME":"TAMIL NADU","DT_CODE":31,"DIST_NAME":"KRISHNAGIRI","AC_NO":51,"AC_NAME":"Uthangarai (SC)","PC_NO":9,"PC_NAME":"KRISHNAGIRI","PC_ID":3309,"STATUS":"","Shape_Leng":1.54946598798,"Shape_Area":0.05807477351}},
{"type":"Feature","geometry":{"type":"Polygon","coordinates":[[[79.4009,12.4323],[79.2566,12.4482],[79.2269,12.4023],[79.2796,12.2917],[79.2111,12.1657],[79.2601,12.0825],[79.3009,12.0872],[79.434,12.1404],[79.3932,12.3116],[79.417,12.4083],[79.4009,12.4323]]]},"properties":{"OBJECTID":12,"ST_CODE":33,"ST_NAME":"TAMIL NADU","DT_CODE":7,"DIST_NAME":"VILUPPURAM","AC_NO":70,"AC_NAME":"Vandavasi (SC)","PC_NO":12,"PC_NAME":"ARANI","PC_ID":3312,"STATUS":"","Shape_Leng":1.51435559122,"Shape_Area":0.06015461797}},
{"type":"Feature","geometry":{"type":"Polygon","coordinates":[[[79.2001,12.3869],[79.1191,12.425],[79.0073,12.415],[79.0412,12.3026],[79.1302,12.2575],[79.1324,12.142],[79.0906,12.0781],[79.1357,12.0257],[79.2601,12.0825],[79.2111,12.1657],[79.2796,12.2917],[79.2269,12.4023],[79.2001,12.3869]]]},"properties":{"OBJECTID":11,"ST_CODE":33,"ST_NAME":"TAMIL NADU","DT_CODE":6,"DIST_NAME":"TIRUVANNAMALAI","AC_NO":64,"AC_NAME":"Kilpennathur","PC_NO":11,"PC_NAME":"TIRUVANNAMALAI","PC_ID":3311,"STATUS":"","Shape_Leng":1.99670598611,"Shape_Area":0.05765032982}},
{"type":"Feature","geometry":{"type":"Polygon","coordinates":[[[79.6423,12.3449],[79.417,12.4083],[79.3932,12.3116],[79.434,12.1404],[79.5844,12.0445],[79.6906,12.1424],[79.6112,12.1559],[79.6122,12.2255],[79.6829,12.316],[79.6423,12.3449]]]},"properties":{"OBJECTID":12,"ST_CODE":33,"ST_NAME":"TAMIL NADU","DT_CODE":7,"DIST_NAME":"VILUPPURAM","AC_NO":71,"AC_NAME":"Mailam","PC_NO":12,"PC_NAME":"ARANI","PC_ID":3312,"STATUS":"","Shape_Leng":1.65499472714,"Shape_Area":0.06149047997}},
{"type":"Feature","geometry":{"type":"Polygon","coordinates":[[[78.1453,12.1867],[78.0504,12.2755],[77.9581,12.2692],[77.9254,12.3239],[77.7461,12.1574],[77.7738,12.1206],[77.6756,11.952],[77.7624,11.9101],[77.9345,11.9003],[77.9371,11.953],[78.0394,12.053],[77.9532,12.0767],[78.0393,12.1807],[78.1135,12.1783],[78.1453,12.1867]]]},"properties":{"OBJECTID":10,"ST_CODE":33,"ST_NAME":"TAMIL NADU","DT_CODE":5,"DIST_NAME":"DHARMAPURI","AC_NO":58,"AC_NAME":"Pennagaram","PC_NO":10,"PC_NAME":"DHARMAPURI","PC_ID":3310,"STATUS":"","Shape_Leng":1.9834318254,"Shape_Area":0.09646334932}},
{"type":"Feature","geometry":{"type":"Polygon","coordinates":[[[79.7977,12.3369],[79.6829,12.316],[79.6122,12.2255],[79.6112,12.1559],[79.6906,12.1424],[79.7092,12.1766],[79.8639,12.161],[79.8488,12.0492],[79.8738,12.0426],[80.0043,12.2478],[79.8727,12.2425],[79.7977,12.3369]]]},"properties":{"OBJECTID":13,"ST_CODE":33,"ST_NAME":"TAMIL NADU","DT_CODE":7,"DIST_NAME":"VILUPPURAM","AC_NO":72,"AC_NAME":"Tindivanam (SC)","PC_NO":13,"PC_NAME":"VILUPPURAM (SC)","PC_ID":3313,"STATUS":"","Shape_Leng":1.4648178088,"Shape_Area":0.04897278954}},
{"type":"Feature","geometry":{"type":"Polygon","coordinates":[[[79.0412,12.3026],[79.01,12.2831],[78.9538,12.1495],[78.9957,12.0675],[79.0906,12.0781],[79.1324,12.142],[79.1302,12.2575],[79.0412,12.3026]]]},"properties":{"OBJECTID":11,"ST_CODE":33,"ST_NAME":"TAMIL NADU","DT_CODE":6,"DIST_NAME":"TIRUVANNAMALAI","AC_NO":63,"AC_NAME":"Tiruvannamalai","PC_NO":11,"PC_NAME":"TIRUVANNAMALAI","PC_ID":3311,"STATUS":"","Shape_Leng":1.21909846469,"Shape_Area":0.03025349777}},
{"type":"Feature","geometry":{"type":"Polygon","coordinates":[[[78.3489,12.2504],[78.2764,12.2615],[78.2535,12.2255],[78.294,12.1413],[78.4307,12.0719],[78.4203,11.8999],[78.3676,11.8887],[78.5401,11.8054],[78.6274,11.8717],[78.7239,11.9197],[78.7169,11.9836],[78.6842,12.1063],[78.6334,12.1773],[78.5843,12.1643],[78.3924,12.2063],[78.3489,12.2504]]]},"properties":{"OBJECTID":10,"ST_CODE":33,"ST_NAME":"TAMIL NADU","DT_CODE":5,"DIST_NAME":"DHARMAPURI","AC_NO":61,"AC_NAME":"Harur (SC)","PC_NO":10,"PC_NAME":"DHARMAPURI","PC_ID":3310,"STATUS":"","Shape_Leng":2.57922919926,"Shape_Area":0.11147930565}},
{"type":"Feature","geometry":{"type":"Polygon","coordinates":[[[78.2535,12.2255],[78.1453,12.1867],[78.1135,12.1783],[78.1693,12.0556],[78.1187,11.9599],[78.235,11.979],[78.2359,11.9182],[78.3676,11.8887],[78.4203,11.8999],[78.4307,12.0719],[78.294,12.1413],[78.2535,12.2255]]]},"properties":{"OBJECTID":10,"ST_CODE":33,"ST_NAME":"TAMIL NADU","DT_CODE":5,"DIST_NAME":"DHARMAPURI","AC_NO":60,"AC_NAME":"Pappireddippatti","PC_NO":10,"PC_NAME":"DHARMAPURI","PC_ID":3310,"STATUS":"","Shape_Leng":2.0547732714,"Shape_Area":0.06433422135}},
{"type":"Feature","geometry":{"type":"Polygon","coordinates":[[[78.1135,12.1783],[78.0393,12.1807],[77.9532,12.0767],[78.0394,12.053],[77.9371,11.953],[77.9345,11.9003],[78.0612,11.9379],[78.1187,11.9599],[78.1693,12.0556],[78.1135,12.1783]]]},"properties":{"OBJECTID":10,"ST_CODE":33,"ST_NAME":"TAMIL NADU","DT_CODE":5,"DIST_NAME":"DHARMAPURI","AC_NO":59,"AC_NAME":"Dharmapuri","PC_NO":10,"PC_NAME":"DHARMAPURI","PC_ID":3310,"STATUS":"","Shape_Leng":1.41138827217,"Shape_Area":0.04327404674}},
{"type":"Feature","geometry":{"type":"MultiPolygon","coordinates":[[[[79.6185,11.9705],[79.5921,11.9689],[79.6287,11.9571],[79.6185,11.9705]]],[[[79.8488,12.0492],[79.8639,12.161],[79.7092,12.1766],[79.6906,12.1424],[79.5844,12.0445],[79.6211,12.0103],[79.6479,11.9446],[79.6259,11.9059],[79.627,11.889],[79.6024,11.8622],[79.5772,11.8424],[79.6748,11.8067],[79.6842,11.8127],[79.685,11.881],[79.7346,11.9118],[79.708,11.9441],[79.7001,11.9628],[79.7491,11.9295],[79.7612,11.9285],[79.7697,11.944],[79.8032,11.9532],[79.8053,11.9636],[79.8284,11.9587],[79.8299,11.9577],[79.8389,11.9561],[79.8571,12.0068],[79.8488,12.0492]]]]},"properties":{"OBJECTID":13,"ST_CODE":33,"ST_NAME":"TAMIL NADU","DT_CODE":7,"DIST_NAME":"VILUPPURAM","AC_NO":73,"AC_NAME":"Vanur (SC)","PC_NO":13,"PC_NAME":"VILUPPURAM (SC)","PC_ID":3313,"STATUS":"","Shape_Leng":2.69153348364,"Shape_Area":0.0506781281}},
{"type":"Feature","geometry":{"type":"Polygon","coordinates":[[[79.5844,12.0445],[79.434,12.1404],[79.3009,12.0872],[79.3839,11.9154],[79.4904,11.9751],[79.5921,11.9689],[79.6185,11.9705],[79.6211,12.0103],[79.5844,12.0445]]]},"properties":{"OBJECTID":13,"ST_CODE":33,"ST_NAME":"TAMIL NADU","DT_CODE":7,"DIST_NAME":"VILUPPURAM","AC_NO":75,"AC_NAME":"Vikravandi","PC_NO":13,"PC_NAME":"VILUPPURAM (SC)","PC_ID":3313,"STATUS":"","Shape_Leng":1.26507113354,"Shape_Area":0.04192038042}},
{"type":"Feature","geometry":{"type":"Polygon","coordinates":[[[79.2601,12.0825],[79.1357,12.0257],[79.2418,11.8713],[79.3576,11.8531],[79.4182,11.8943],[79.3839,11.9154],[79.3009,12.0872],[79.2601,12.0825]]]},"properties":{"OBJECTID":13,"ST_CODE":33,"ST_NAME":"TAMIL NADU","DT_CODE":7,"DIST_NAME":"VILUPPURAM","AC_NO":76,"AC_NAME":"Tirukkoyilur","PC_NO":13,"PC_NAME":"VILUPPURAM (SC)","PC_ID":3313,"STATUS":"","Shape_Leng":1.3460140003,"Shape_Area":0.03928085543}},
{"type":"Feature","geometry":{"type":"Polygon","coordinates":[[[78.9957,12.0675],[78.9147,12.0146],[78.8301,12.0078],[78.9935,11.8864],[79.0181,11.7753],[79.1237,11.8076],[79.2418,11.8713],[79.1357,12.0257],[79.0906,12.0781],[78.9957,12.0675]]]},"properties":{"OBJECTID":14,"ST_CODE":33,"ST_NAME":"TAMIL NADU","DT_CODE":7,"DIST_NAME":"VILUPPURAM","AC_NO":78,"AC_NAME":"Rishivandiyam","PC_NO":14,"PC_NAME":"KALLAKURICHI","PC_ID":3314,"STATUS":"","Shape_Leng":1.66805619158,"Shape_Area":0.06010832106}},
{"type":"Feature","geometry":{"type":"Polygon","coordinates":[[[78.7169,11.9836],[78.7239,11.9197],[78.6274,11.8717],[78.6949,11.8508],[78.6402,11.7642],[78.6618,11.6474],[78.6925,11.6895],[78.8035,11.6864],[78.8737,11.6979],[78.9054,11.7637],[79.0181,11.7753],[78.9935,11.8864],[78.8301,12.0078],[78.7169,11.9836]]]},"properties":{"OBJECTID":14,"ST_CODE":33,"ST_NAME":"TAMIL NADU","DT_CODE":7,"DIST_NAME":"VILUPPURAM","AC_NO":79,"AC_NAME":"Sankarapuram","PC_NO":14,"PC_NAME":"KALLAKURICHI","PC_ID":3314,"STATUS":"","Shape_Leng":1.71047300813,"Shape_Area":0.08351818026}},
{"type":"Feature","geometry":{"type":"Polygon","coordinates":[[[78.2359,11.9182],[78.235,11.979],[78.1187,11.9599],[78.0612,11.9379],[77.9792,11.8912],[78.0028,11.818],[77.946,11.78],[77.9056,11.6888],[78.0016,11.7068],[78.1478,11.7434],[78.1598,11.8853],[78.2359,11.9182]]]},"properties":{"OBJECTID":15,"ST_CODE":33,"ST_NAME":"TAMIL NADU","DT_CODE":8,"DIST_NAME":"SALEM","AC_NO":84,"AC_NAME":"Omalur","PC_NO":15,"PC_NAME":"SALEM","PC_ID":3315,"STATUS":"","Shape_Leng":1.45595599883,"Shape_Area":0.04638815093}},
{"type":"Feature","geometry":{"type":"Polygon","coordinates":[[[77.6755,11.952],[77.4616,11.9001],[77.4272,11.761],[77.4532,11.564],[77.3782,11.5287],[77.3842,11.4736],[77.4792,11.457],[77.4958,11.4033],[77.5189,11.4081],[77.5905,11.499],[77.6901,11.6941],[77.7104,11.8106],[77.6755,11.952]]]},"properties":{"OBJECTID":18,"ST_CODE":33,"ST_NAME":"TAMIL NADU","DT_CODE":10,"DIST_NAME":"ERODE","AC_NO":105,"AC_NAME":"Anthiyur","PC_NO":18,"PC_NAME":"TIRUPPUR","PC_ID":3318,"STATUS":"","Shape_Leng":2.22890647753,"Shape_Area":0.10463717947}},
{"type":"Feature","geometry":{"type":"Polygon","coordinates":[[[77.6756,11.952],[77.6755,11.952],[77.7104,11.8106],[77.6901,11.6941],[77.7754,11.6964],[77.7978,11.7643],[77.946,11.78],[78.0028,11.818],[77.9792,11.8912],[78.0612,11.9379],[77.9345,11.9003],[77.7624,11.9101],[77.6756,11.952]]]},"properties":{"OBJECTID":10,"ST_CODE":33,"ST_NAME":"TAMIL NADU","DT_CODE":8,"DIST_NAME":"SALEM","AC_NO":85,"AC_NAME":"Mettur","PC_NO":10,"PC_NAME":"DHARMAPURI","PC_ID":3310,"STATUS":"","Shape_Leng":1.67436837894,"Shape_Area":0.05411781851}},
{"type":"Feature","geometry":{"type":"Polygon","coordinates":[[[79.5921,11.9689],[79.4904,11.9751],[79.3839,11.9154],[79.4182,11.8943],[79.4551,11.8712],[79.5772,11.8424],[79.6024,11.8622],[79.627,11.889],[79.6259,11.9059],[79.6285,11.9452],[79.6287,11.9571],[79.5921,11.9689]]]},"properties":{"OBJECTID":13,"ST_CODE":33,"ST_NAME":"TAMIL NADU","DT_CODE":7,"DIST_NAME":"VILUPPURAM","AC_NO":74,"AC_NAME":"Viluppuram","PC_NO":13,"PC_NAME":"VILUPPURAM (SC)","PC_ID":3313,"STATUS":"","Shape_Leng":0.78900494062,"Shape_Area":0.02136299714}},
{"type":"Feature","geometry":{"type":"Polygon","coordinates":[[[78.2359,11.9182],[78.1598,11.8853],[78.1478,11.7434],[78.2033,11.6994],[78.2074,11.6627],[78.2245,11.6497],[78.3097,11.5879],[78.433,11.5954],[78.4377,11.7465],[78.5839,11.7252],[78.6402,11.7642],[78.6949,11.8508],[78.6274,11.8717],[78.5401,11.8054],[78.3676,11.8887],[78.2359,11.9182]]]},"properties":{"OBJECTID":14,"ST_CODE":33,"ST_NAME":"TAMIL NADU","DT_CODE":8,"DIST_NAME":"SALEM","AC_NO":83,"AC_NAME":"Yercaud (ST)","PC_NO":14,"PC_NAME":"KALLAKURICHI","PC_ID":3314,"STATUS":"","Shape_Leng":2.80683646203,"Shape_Area":0.09215932749}},
{"type":"Feature","geometry":{"type":"Polygon","coordinates":[[[79.4551,11.8712],[79.4182,11.8943],[79.3576,11.8531],[79.2418,11.8713],[79.1237,11.8076],[79.1296,11.7004],[79.1944,11.6023],[79.3772,11.6791],[79.4317,11.6658],[79.4638,11.7675],[79.4551,11.8712]]]},"properties":{"OBJECTID":13,"ST_CODE":33,"ST_NAME":"TAMIL NADU","DT_CODE":7,"DIST_NAME":"VILUPPURAM","AC_NO":77,"AC_NAME":"Ulundurpettai","PC_NO":13,"PC_NAME":"VILUPPURAM (SC)","PC_ID":3313,"STATUS":"","Shape_Leng":1.70842093146,"Shape_Area":0.06423631859}},
{"type":"Feature","geometry":{"type":"MultiPolygon","coordinates":[[[[79.7094,11.8837],[79.685,11.881],[79.6842,11.8127],[79.6817,11.797],[79.6842,11.7655],[79.7769,11.7],[79.7958,11.7855],[79.7295,11.837],[79.807,11.8335],[79.8077,11.8364],[79.77,11.8746],[79.757,11.8682],[79.7094,11.8837]]],[[[79.7903,11.8972],[79.7715,11.9027],[79.7727,11.8758],[79.7965,11.8949],[79.7903,11.8972]]]]},"properties":{"OBJECTID":26,"ST_CODE":33,"ST_NAME":"TAMIL NADU","DT_CODE":18,"DIST_NAME":"CUDDALORE","AC_NO":155,"AC_NAME":"Cuddalore","PC_NO":26,"PC_NAME":"CUDDALORE","PC_ID":3326,"STATUS":"","Shape_Leng":1.15867519683,"Shape_Area":0.01058424152}},
{"type":"Feature","geometry":{"type":"Polygon","coordinates":[[[77.4272,11.761],[77.2938,11.8091],[77.1888,11.7922],[77.0823,11.74],[77.0128,11.8148],[76.907,11.7954],[76.8455,11.6741],[76.8468,11.5951],[76.8463,11.5841],[76.9736,11.5658],[77.0147,11.5259],[76.9573,11.3812],[77.1102,11.4064],[77.1416,11.3369],[77.1871,11.342],[77.2072,11.398],[77.297,11.4433],[77.2942,11.5191],[77.3782,11.5287],[77.4532,11.564],[77.4272,11.761]]]},"properties":{"OBJECTID":19,"ST_CODE":33,"ST_NAME":"TAMIL NADU","DT_CODE":10,"DIST_NAME":"ERODE","AC_NO":107,"AC_NAME":"Bhavanisagar","PC_NO":19,"PC_NAME":"NILGIRIS (SC)","PC_ID":3319,"STATUS":"","Shape_Leng":2.77844762867,"Shape_Area":0.18523896519}},
{"type":"Feature","geometry":{"type":"Polygon","coordinates":[[[79.4551,11.8712],[79.4638,11.7675],[79.5935,11.7311],[79.6842,11.7655],[79.6817,11.797],[79.6748,11.8067],[79.5772,11.8424],[79.4551,11.8712]]]},"properties":{"OBJECTID":26,"ST_CODE":33,"ST_NAME":"TAMIL NADU","DT_CODE":18,"DIST_NAME":"CUDDALORE","AC_NO":154,"AC_NAME":"Panruti","PC_NO":26,"PC_NAME":"CUDDALORE","PC_ID":3326,"STATUS":"","Shape_Leng":0.85397483182,"Shape_Area":0.01979968775}},
{"type":"Feature","geometry":{"type":"Polygon","coordinates":[[[77.946,11.78],[77.7978,11.7643],[77.7754,11.6964],[77.7427,11.5633],[77.8024,11.5826],[77.9025,11.5244],[77.9582,11.5903],[77.9056,11.6888],[77.946,11.78]]]},"properties":{"OBJECTID":15,"ST_CODE":33,"ST_NAME":"TAMIL NADU","DT_CODE":8,"DIST_NAME":"SALEM","AC_NO":86,"AC_NAME":"Edappadi","PC_NO":15,"PC_NAME":"SALEM","PC_ID":3315,"STATUS":"","Shape_Leng":1.17145895054,"Shape_Area":0.03754866532}},
{"type":"Feature","geometry":{"type":"Polygon","coordinates":[[[79.1237,11.8076],[79.0181,11.7753],[78.9054,11.7637],[78.8737,11.6979],[78.8035,11.6864],[78.7862,11.6138],[78.8431,11.5233],[78.8775,11.5075],[78.924,11.5675],[79.0774,11.599],[79.1944,11.6023],[79.1296,11.7004],[79.1237,11.8076]]]},"properties":{"OBJECTID":14,"ST_CODE":33,"ST_NAME":"TAMIL NADU","DT_CODE":7,"DIST_NAME":"VILUPPURAM","AC_NO":80,"AC_NAME":"Kallakurichi (SC)","PC_NO":14,"PC_NAME":"KALLAKURICHI","PC_ID":3314,"STATUS":"","Shape_Leng":1.66082163427,"Shape_Area":0.06558590094}},
{"type":"Feature","geometry":{"type":"Polygon","coordinates":[[[78.6402,11.7642],[78.5839,11.7252],[78.4377,11.7465],[78.433,11.5954],[78.4649,11.5027],[78.5215,11.4709],[78.6272,11.509],[78.6618,11.6474],[78.6402,11.7642]]]},"properties":{"OBJECTID":14,"ST_CODE":33,"ST_NAME":"TAMIL NADU","DT_CODE":8,"DIST_NAME":"SALEM","AC_NO":82,"AC_NAME":"Attur(SC)","PC_NO":14,"PC_NAME":"KALLAKURICHI","PC_ID":3314,"STATUS":"","Shape_Leng":1.48061678297,"Shape_Area":0.05402261099}},
{"type":"Feature","geometry":{"type":"Polygon","coordinates":[[[76.7491,11.6153],[76.6139,11.6081],[76.5116,11.7051],[76.4309,11.6665],[76.3776,11.6019],[76.234,11.5686],[76.2378,11.5275],[76.2644,11.4809],[76.3712,11.4544],[76.5172,11.3695],[76.6558,11.4382],[76.7491,11.6153]]]},"properties":{"OBJECTID":19,"ST_CODE":33,"ST_NAME":"TAMIL NADU","DT_CODE":11,"DIST_NAME":"THE NILGIRIS","AC_NO":109,"AC_NAME":"Gudalur (SC)","PC_NO":19,"PC_NAME":"NILGIRIS (SC)","PC_ID":3319,"STATUS":"","Shape_Leng":1.65796504806,"Shape_Area":0.08856526261}},
{"type":"Feature","geometry":{"type":"Polygon","coordinates":[[[79.4638,11.7675],[79.4317,11.6658],[79.4367,11.6024],[79.5236,11.5607],[79.6058,11.5923],[79.6738,11.6689],[79.5935,11.7311],[79.4638,11.7675]]]},"properties":{"OBJECTID":26,"ST_CODE":33,"ST_NAME":"TAMIL NADU","DT_CODE":18,"DIST_NAME":"CUDDALORE","AC_NO":153,"AC_NAME":"Neyveli","PC_NO":26,"PC_NAME":"CUDDALORE","PC_ID":3326,"STATUS":"","Shape_Leng":0.97293742201,"Shape_Area":0.03299965442}},
{"type":"Feature","geometry":{"type":"Polygon","coordinates":[[[78.2033,11.6994],[78.1478,11.7434],[78.0016,11.7068],[78.0401,11.6906],[78.0932,11.6618],[78.2033,11.6994]]]},"properties":{"OBJECTID":15,"ST_CODE":33,"ST_NAME":"TAMIL NADU","DT_CODE":8,"DIST_NAME":"SALEM","AC_NO":88,"AC_NAME":"Salem (West)","PC_NO":15,"PC_NAME":"SALEM","PC_ID":3315,"STATUS":"","Shape_Leng":0.69507929391,"Shape_Area":0.00712484113}},
{"type":"Feature","geometry":{"type":"Polygon","coordinates":[[[79.7769,11.7],[79.6842,11.7655],[79.5935,11.7311],[79.6738,11.6689],[79.6058,11.5923],[79.5236,11.5607],[79.5283,11.5112],[79.6572,11.512],[79.7572,11.5672],[79.7769,11.7]]]},"properties":{"OBJECTID":26,"ST_CODE":33,"ST_NAME":"TAMIL NADU","DT_CODE":18,"DIST_NAME":"CUDDALORE","AC_NO":156,"AC_NAME":"Kurinjipadi","PC_NO":26,"PC_NAME":"CUDDALORE","PC_ID":3326,"STATUS":"","Shape_Leng":1.26628646932,"Shape_Area":0.03409980476}},
{"type":"Feature","geometry":{"type":"Polygon","coordinates":[[[78.2033,11.6994],[78.0932,11.6618],[78.111,11.658],[78.2074,11.6627],[78.2033,11.6994]]]},"properties":{"OBJECTID":15,"ST_CODE":33,"ST_NAME":"TAMIL NADU","DT_CODE":8,"DIST_NAME":"SALEM","AC_NO":89,"AC_NAME":"Salem (North)","PC_NO":15,"PC_NAME":"SALEM","PC_ID":3315,"STATUS":"","Shape_Leng":0.3853203409,"Shape_Area":0.00484171624}},
{"type":"Feature","geometry":{"type":"Polygon","coordinates":[[[78.0016,11.7068],[77.9056,11.6888],[77.9582,11.5903],[77.9025,11.5244],[77.8024,11.5826],[77.7427,11.5633],[77.6967,11.4645],[77.7845,11.4778],[77.8471,11.4364],[77.875,11.4132],[78.0186,11.5288],[78.0401,11.6906],[78.0016,11.7068]]]},"properties":{"OBJECTID":16,"ST_CODE":33,"ST_NAME":"TAMIL NADU","DT_CODE":8,"DIST_NAME":"SALEM","AC_NO":87,"AC_NAME":"Sankari","PC_NO":16,"PC_NAME":"NAMAKKAL","PC_ID":3316,"STATUS":"","Shape_Leng":1.79642236271,"Shape_Area":0.03928984189}},
{"type":"Feature","geometry":{"type":"Polygon","coordinates":[[[77.7754,11.6964],[77.6901,11.6941],[77.5905,11.499],[77.5189,11.4081],[77.6409,11.3974],[77.6839,11.4277],[77.6967,11.4645],[77.7427,11.5633],[77.7754,11.6964]]]},"properties":{"OBJECTID":18,"ST_CODE":33,"ST_NAME":"TAMIL NADU","DT_CODE":10,"DIST_NAME":"ERODE","AC_NO":104,"AC_NAME":"Bhavani","PC_NO":18,"PC_NAME":"TIRUPPUR","PC_ID":3318,"STATUS":"","Shape_Leng":1.32876398887,"Shape_Area":0.03361722698}},
{"type":"Feature","geometry":{"type":"Polygon","coordinates":[[[78.111,11.658],[78.0932,11.6618],[78.0401,11.6906],[78.0186,11.5288],[78.0736,11.5222],[78.3097,11.5879],[78.2245,11.6497],[78.111,11.658]]]},"properties":{"OBJECTID":15,"ST_CODE":33,"ST_NAME":"TAMIL NADU","DT_CODE":8,"DIST_NAME":"SALEM","AC_NO":91,"AC_NAME":"Veerapandi","PC_NO":15,"PC_NAME":"SALEM","PC_ID":3315,"STATUS":"","Shape_Leng":1.2315373369,"Shape_Area":0.02781722323}},
{"type":"Feature","geometry":{"type":"Polygon","coordinates":[[[78.8035,11.6864],[78.6925,11.6895],[78.6618,11.6474],[78.6272,11.509],[78.5215,11.4709],[78.4649,11.5027],[78.4484,11.4294],[78.4861,11.407],[78.5545,11.3578],[78.6635,11.3742],[78.7032,11.4563],[78.7893,11.4541],[78.8431,11.5233],[78.7862,11.6138],[78.8035,11.6864]]]},"properties":{"OBJECTID":14,"ST_CODE":33,"ST_NAME":"TAMIL NADU","DT_CODE":8,"DIST_NAME":"SALEM","AC_NO":81,"AC_NAME":"Gangavalli (SC)","PC_NO":14,"PC_NAME":"KALLAKURICHI","PC_ID":3314,"STATUS":"","Shape_Leng":2.06802941181,"Shape_Area":0.06759904166}},
{"type":"Feature","geometry":{"type":"Polygon","coordinates":[[[78.2074,11.6627],[78.111,11.658],[78.2245,11.6497],[78.2074,11.6627]]]},"properties":{"OBJECTID":15,"ST_CODE":33,"ST_NAME":"TAMIL NADU","DT_CODE":8,"DIST_NAME":"SALEM","AC_NO":90,"AC_NAME":"Salem (South)","PC_NO":15,"PC_NAME":"SALEM","PC_ID":3315,"STATUS":"","Shape_Leng":0.36754994603,"Shape_Area":0.00322504118}},
{"type":"Feature","geometry":{"type":"Polygon","coordinates":[[[76.8468,11.5951],[76.7491,11.6153],[76.6558,11.4382],[76.5172,11.3695],[76.5219,11.272],[76.45,11.2129],[76.4426,11.2039],[76.6292,11.194],[76.7067,11.2381],[76.6999,11.2571],[76.6912,11.3527],[76.7742,11.4043],[76.8698,11.5133],[76.8463,11.5841],[76.8468,11.5951]]]},"properties":{"OBJECTID":19,"ST_CODE":33,"ST_NAME":"TAMIL NADU","DT_CODE":11,"DIST_NAME":"THE NILGIRIS","AC_NO":108,"AC_NAME":"Udhagamandalam","PC_NO":19,"PC_NAME":"NILGIRIS (SC)","PC_ID":3319,"STATUS":"","Shape_Leng":1.81237220271,"Shape_Area":0.07358094845}},
{"type":"Feature","geometry":{"type":"Polygon","coordinates":[[[79.1944,11.6023],[79.0774,11.599],[79.0906,11.5341],[79.284,11.4802],[79.3146,11.4186],[79.3722,11.4152],[79.3365,11.4626],[79.4367,11.6024],[79.4317,11.6658],[79.3772,11.6791],[79.1944,11.6023]]]},"properties":{"OBJECTID":26,"ST_CODE":33,"ST_NAME":"TAMIL NADU","DT_CODE":18,"DIST_NAME":"CUDDALORE","AC_NO":152,"AC_NAME":"Vriddhachalam","PC_NO":26,"PC_NAME":"CUDDALORE","PC_ID":3326,"STATUS":"","Shape_Leng":1.64167829997,"Shape_Area":0.05312633799}},
{"type":"Feature","geometry":{"type":"Polygon","coordinates":[[[76.8463,11.5841],[76.8698,11.5133],[76.7742,11.4043],[76.6912,11.3527],[76.6999,11.2571],[76.8425,11.2875],[76.8483,11.335],[76.9573,11.3812],[77.0147,11.5259],[76.9736,11.5658],[76.8463,11.5841]]]},"properties":{"OBJECTID":19,"ST_CODE":33,"ST_NAME":"TAMIL NADU","DT_CODE":11,"DIST_NAME":"THE NILGIRIS","AC_NO":110,"AC_NAME":"Coonoor","PC_NO":19,"PC_NAME":"NILGIRIS (SC)","PC_ID":3319,"STATUS":"","Shape_Leng":1.59026516231,"Shape_Area":0.04899587038}},
{"type":"Feature","geometry":{"type":"Polygon","coordinates":[[[78.433,11.5954],[78.3097,11.5879],[78.0736,11.5222],[78.1062,11.4189],[78.2237,11.3849],[78.2378,11.4649],[78.3199,11.4854],[78.4484,11.4294],[78.4649,11.5027],[78.433,11.5954]]]},"properties":{"OBJECTID":16,"ST_CODE":33,"ST_NAME":"TAMIL NADU","DT_CODE":9,"DIST_NAME":"NAMAKKAL   *","AC_NO":92,"AC_NAME":"Rasipuram (SC)","PC_NO":16,"PC_NAME":"NAMAKKAL","PC_ID":3316,"STATUS":"","Shape_Leng":1.86003675969,"Shape_Area":0.04803010046}},
{"type":"Feature","geometry":{"type":"Polygon","coordinates":[[[77.3782,11.5287],[77.2942,11.5191],[77.297,11.4433],[77.2072,11.398],[77.1871,11.342],[77.3333,11.2576],[77.3636,11.3173],[77.4184,11.3094],[77.4958,11.4033],[77.4792,11.457],[77.3842,11.4736],[77.3782,11.5287]]]},"properties":{"OBJECTID":18,"ST_CODE":33,"ST_NAME":"TAMIL NADU","DT_CODE":10,"DIST_NAME":"ERODE","AC_NO":106,"AC_NAME":"Gobichettipalayam","PC_NO":18,"PC_NAME":"TIRUPPUR","PC_ID":3318,"STATUS":"","Shape_Leng":1.78093470222,"Shape_Area":0.04446673907}},
{"type":"Feature","geometry":{"type":"Polygon","coordinates":[[[78.8775,11.5075],[78.9822,11.4024],[79.1066,11.4019],[79.1752,11.3742],[79.2855,11.3801],[79.3146,11.4186],[79.284,11.4802],[79.0906,11.5341],[79.0774,11.599],[78.924,11.5675],[78.8775,11.5075]]]},"properties":{"OBJECTID":26,"ST_CODE":33,"ST_NAME":"TAMIL NADU","DT_CODE":18,"DIST_NAME":"CUDDALORE","AC_NO":151,"AC_NAME":"Tittakudi (SC)","PC_NO":26,"PC_NAME":"CUDDALORE","PC_ID":3326,"STATUS":"","Shape_Leng":1.35884345586,"Shape_Area":0.05127483703}},
{"type":"Feature","geometry":{"type":"Polygon","coordinates":[[[79.5236,11.5607],[79.4367,11.6024],[79.3365,11.4626],[79.4442,11.4201],[79.5328,11.4324],[79.5373,11.3629],[79.6382,11.3766],[79.6572,11.512],[79.5283,11.5112],[79.5236,11.5607]]]},"properties":{"OBJECTID":27,"ST_CODE":33,"ST_NAME":"TAMIL NADU","DT_CODE":18,"DIST_NAME":"CUDDALORE","AC_NO":157,"AC_NAME":"Bhuvanagiri","PC_NO":27,"PC_NAME":"CHIDAMBARAM (SC)","PC_ID":3327,"STATUS":"","Shape_Leng":1.40416009109,"Shape_Area":0.04073857323}},
{"type":"Feature","geometry":{"type":"Polygon","coordinates":[[[79.7572,11.5672],[79.6572,11.512],[79.6382,11.3766],[79.697,11.3216],[79.8032,11.3811],[79.813,11.424],[79.7572,11.5672]]]},"properties":{"OBJECTID":27,"ST_CODE":33,"ST_NAME":"TAMIL NADU","DT_CODE":18,"DIST_NAME":"CUDDALORE","AC_NO":158,"AC_NAME":"Chidambaram","PC_NO":27,"PC_NAME":"CHIDAMBARAM (SC)","PC_ID":3327,"STATUS":"","Shape_Leng":0.90364658485,"Shape_Area":0.02681327034}},
{"type":"Feature","geometry":{"type":"Polygon","coordinates":[[[78.0186,11.5288],[77.875,11.4132],[77.8471,11.4364],[77.791,11.2926],[77.8616,11.2462],[77.8922,11.3056],[77.9846,11.2969],[78.0094,11.3713],[78.0978,11.4002],[78.1062,11.4189],[78.0736,11.5222],[78.0186,11.5288]]]},"properties":{"OBJECTID":16,"ST_CODE":33,"ST_NAME":"TAMIL NADU","DT_CODE":9,"DIST_NAME":"NAMAKKAL   *","AC_NO":96,"AC_NAME":"Tiruchengodu","PC_NO":16,"PC_NAME":"NAMAKKAL","PC_ID":3316,"STATUS":"","Shape_Leng":1.41233029687,"Shape_Area":0.03917671819}},
{"type":"Feature","geometry":{"type":"Polygon","coordinates":[[[78.8431,11.5233],[78.7893,11.4541],[78.7032,11.4563],[78.6635,11.3742],[78.665,11.3174],[78.752,11.2861],[78.6758,11.1954],[78.7176,11.0557],[78.8077,11.0806],[78.8489,11.0902],[78.8455,11.1751],[78.9348,11.1721],[78.9822,11.4024],[78.8775,11.5075],[78.8431,11.5233]]]},"properties":{"OBJECTID":25,"ST_CODE":33,"ST_NAME":"TAMIL NADU","DT_CODE":16,"DIST_NAME":"PERAMBALUR","AC_NO":147,"AC_NAME":"Perambalur (SC)","PC_NO":25,"PC_NAME":"PERAMBALUR","PC_ID":3325,"STATUS":"","Shape_Leng":2.0820487349,"Shape_Area":0.08879037491}},
{"type":"Feature","geometry":{"type":"Polygon","coordinates":[[[77.6967,11.4645],[77.6839,11.4277],[77.7037,11.3948],[77.7555,11.3386],[77.778,11.3115],[77.791,11.2926],[77.8471,11.4364],[77.7845,11.4778],[77.6967,11.4645]]]},"properties":{"OBJECTID":17,"ST_CODE":33,"ST_NAME":"TAMIL NADU","DT_CODE":9,"DIST_NAME":"NAMAKKAL   *","AC_NO":97,"AC_NAME":"Kumarapalayam","PC_NO":17,"PC_NAME":"ERODE","PC_ID":3317,"STATUS":"","Shape_Leng":0.72505683471,"Shape_Area":0.01594213879}},
{"type":"Feature","geometry":{"type":"Polygon","coordinates":[[[78.4484,11.4294],[78.3199,11.4854],[78.2378,11.4649],[78.2237,11.3849],[78.188,11.139],[78.2308,11.0948],[78.3229,11.0594],[78.3459,11.1388],[78.4138,11.2082],[78.4861,11.407],[78.4484,11.4294]]]},"properties":{"OBJECTID":16,"ST_CODE":33,"ST_NAME":"TAMIL NADU","DT_CODE":9,"DIST_NAME":"NAMAKKAL   *","AC_NO":93,"AC_NAME":"Senthamangalam(ST)","PC_NO":16,"PC_NAME":"NAMAKKAL","PC_ID":3316,"STATUS":"","Shape_Leng":1.726458388,"Shape_Area":0.07723106348}},
{"type":"Feature","geometry":{"type":"Polygon","coordinates":[[[77.6409,11.3974],[77.6032,11.2127],[77.6433,11.1903],[77.6866,11.2804],[77.778,11.3115],[77.7555,11.3386],[77.7074,11.3208],[77.7037,11.3948],[77.6839,11.4277],[77.6409,11.3974]]]},"properties":{"OBJECTID":17,"ST_CODE":33,"ST_NAME":"TAMIL NADU","DT_CODE":10,"DIST_NAME":"ERODE","AC_NO":99,"AC_NAME":"Erode (West)","PC_NO":17,"PC_NAME":"ERODE","PC_ID":3317,"STATUS":"","Shape_Leng":0.9724657303,"Shape_Area":0.01824004029}},
{"type":"Feature","geometry":{"type":"Polygon","coordinates":[[[76.9573,11.3812],[76.8483,11.335],[76.8425,11.2875],[76.6999,11.2571],[76.7067,11.2381],[76.6928,11.1723],[76.7475,11.1177],[76.8986,11.1991],[77.0047,11.194],[77.0457,11.3226],[77.1416,11.3369],[77.1102,11.4064],[76.9573,11.3812]]]},"properties":{"OBJECTID":19,"ST_CODE":33,"ST_NAME":"TAMIL NADU","DT_CODE":12,"DIST_NAME":"COIMBATORE","AC_NO":111,"AC_NAME":"Mettuppalayam","PC_NO":19,"PC_NAME":"NILGIRIS (SC)","PC_ID":3319,"STATUS":"","Shape_Leng":2.00579391087,"Shape_Area":0.05952761653}},
{"type":"Feature","geometry":{"type":"Polygon","coordinates":[[[79.3365,11.4626],[79.3722,11.4152],[79.4635,11.3183],[79.5103,11.2282],[79.4586,11.1505],[79.5269,11.1839],[79.648,11.251],[79.697,11.3216],[79.6382,11.3766],[79.5373,11.3629],[79.5328,11.4324],[79.4442,11.4201],[79.3365,11.4626]]]},"properties":{"OBJECTID":27,"ST_CODE":33,"ST_NAME":"TAMIL NADU","DT_CODE":18,"DIST_NAME":"CUDDALORE","AC_NO":159,"AC_NAME":"Kattumannarkoil(SC)","PC_NO":27,"PC_NAME":"CHIDAMBARAM (SC)","PC_ID":3327,"STATUS":"","Shape_Leng":1.52626212524,"Shape_Area":0.03762386001}},
{"type":"Feature","geometry":{"type":"Polygon","coordinates":[[[77.5189,11.4081],[77.4958,11.4033],[77.4184,11.3094],[77.3636,11.3173],[77.4055,11.1995],[77.3768,11.1353],[77.4023,11.1221],[77.4538,11.1201],[77.6032,11.2127],[77.6409,11.3974],[77.5189,11.4081]]]},"properties":{"OBJECTID":18,"ST_CODE":33,"ST_NAME":"TAMIL NADU","DT_CODE":10,"DIST_NAME":"ERODE","AC_NO":103,"AC_NAME":"Perundurai","PC_NO":18,"PC_NAME":"TIRUPPUR","PC_ID":3318,"STATUS":"","Shape_Leng":1.2966360494,"Shape_Area":0.04933190711}},
{"type":"Feature","geometry":{"type":"Polygon","coordinates":[[[78.2237,11.3849],[78.1062,11.4189],[78.0978,11.4002],[78.0385,11.2716],[78.0596,11.14],[78.1123,11.0637],[78.1652,11.0123],[78.2308,11.0948],[78.188,11.139],[78.2237,11.3849]]]},"properties":{"OBJECTID":16,"ST_CODE":33,"ST_NAME":"TAMIL NADU","DT_CODE":9,"DIST_NAME":"NAMAKKAL   *","AC_NO":94,"AC_NAME":"Namakkal","PC_NO":16,"PC_NAME":"NAMAKKAL","PC_ID":3316,"STATUS":"","Shape_Leng":1.68348560226,"Shape_Area":0.04556634486}},
{"type":"Feature","geometry":{"type":"Polygon","coordinates":[[[78.0978,11.4002],[78.0094,11.3713],[77.9846,11.2969],[77.8922,11.3056],[77.8616,11.2462],[77.8878,11.0868],[77.933,11.0702],[78.0605,11.0763],[78.1123,11.0637],[78.0596,11.14],[78.0385,11.2716],[78.0978,11.4002]]]},"properties":{"OBJECTID":16,"ST_CODE":33,"ST_NAME":"TAMIL NADU","DT_CODE":9,"DIST_NAME":"NAMAKKAL   *","AC_NO":95,"AC_NAME":"Paramathi-Velur","PC_NO":16,"PC_NAME":"NAMAKKAL","PC_ID":3316,"STATUS":"","Shape_Leng":1.58323273514,"Shape_Area":0.05705001519}},
{"type":"Feature","geometry":{"type":"Polygon","coordinates":[[[77.7037,11.3948],[77.7074,11.3208],[77.7555,11.3386],[77.7037,11.3948]]]},"properties":{"OBJECTID":17,"ST_CODE":33,"ST_NAME":"TAMIL NADU","DT_CODE":10,"DIST_NAME":"ERODE","AC_NO":98,"AC_NAME":"Erode (East)","PC_NO":17,"PC_NAME":"ERODE","PC_ID":3317,"STATUS":"","Shape_Leng":0.28012660504,"Shape_Area":0.00272633393}},
{"type":"Feature","geometry":{"type":"Polygon","coordinates":[[[78.4861,11.407],[78.4138,11.2082],[78.4835,11.1786],[78.5131,11.0541],[78.6258,11.0839],[78.7176,11.0557],[78.6758,11.1954],[78.752,11.2861],[78.665,11.3174],[78.6635,11.3742],[78.5545,11.3578],[78.4861,11.407]]]},"properties":{"OBJECTID":25,"ST_CODE":33,"ST_NAME":"TAMIL NADU","DT_CODE":15,"DIST_NAME":"TIRUCHIRAPPALLI","AC_NO":146,"AC_NAME":"Thuraiyur (SC)","PC_NO":25,"PC_NAME":"PERAMBALUR","PC_ID":3325,"STATUS":"","Shape_Leng":1.76592862754,"Shape_Area":0.07082476682}},
{"type":"Feature","geometry":{"type":"Polygon","coordinates":[[[79.3146,11.4186],[79.2855,11.3801],[79.2462,11.3098],[79.2965,11.2135],[79.2641,11.172],[79.3077,11.1635],[79.3459,11.0418],[79.3927,11.0635],[79.4586,11.1505],[79.5103,11.2282],[79.4635,11.3183],[79.3722,11.4152],[79.3146,11.4186]]]},"properties":{"OBJECTID":27,"ST_CODE":33,"ST_NAME":"TAMIL NADU","DT_CODE":16,"DIST_NAME":"PERAMBALUR","AC_NO":150,"AC_NAME":"Jayankondam","PC_NO":27,"PC_NAME":"CHIDAMBARAM (SC)","PC_ID":3327,"STATUS":"","Shape_Leng":1.3051004763,"Shape_Area":0.05995348301}},
{"type":"Feature","geometry":{"type":"Polygon","coordinates":[[[79.813,11.424],[79.8032,11.3811],[79.697,11.3216],[79.648,11.251],[79.6933,11.1288],[79.8551,11.1856],[79.813,11.424]]]},"properties":{"OBJECTID":28,"ST_CODE":33,"ST_NAME":"TAMIL NADU","DT_CODE":19,"DIST_NAME":"NAGAPATTINAM  *","AC_NO":160,"AC_NAME":"Sirkazhi (SC)","PC_NO":28,"PC_NAME":"MAYILADUTHURAI","PC_ID":3328,"STATUS":"","Shape_Leng":1.0232718001,"Shape_Area":0.03599594481}},
{"type":"Feature","geometry":{"type":"Polygon","coordinates":[[[78.9822,11.4024],[78.9348,11.1721],[78.8455,11.1751],[78.8489,11.0902],[78.9733,11.0947],[79.0066,11.0564],[79.0684,11.1074],[79.0666,11.2057],[79.1371,11.269],[79.1648,11.1786],[79.2641,11.172],[79.2965,11.2135],[79.2462,11.3098],[79.2855,11.3801],[79.1752,11.3742],[79.1066,11.4019],[78.9822,11.4024]]]},"properties":{"OBJECTID":27,"ST_CODE":33,"ST_NAME":"TAMIL NADU","DT_CODE":16,"DIST_NAME":"PERAMBALUR","AC_NO":148,"AC_NAME":"Kunnam","PC_NO":27,"PC_NAME":"CHIDAMBARAM (SC)","PC_ID":3327,"STATUS":"","Shape_Leng":2.14478734161,"Shape_Area":0.08283119137}},
{"type":"Feature","geometry":{"type":"Polygon","coordinates":[[[77.1416,11.3369],[77.0457,11.3226],[77.0047,11.194],[77.0994,11.1043],[77.1574,11.1972],[77.2703,11.1058],[77.2958,11.109],[77.3333,11.2576],[77.1871,11.342],[77.1416,11.3369]]]},"properties":{"OBJECTID":19,"ST_CODE":33,"ST_NAME":"TAMIL NADU","DT_CODE":12,"DIST_NAME":"COIMBATORE","AC_NO":112,"AC_NAME":"Avanashi (SC)","PC_NO":19,"PC_NAME":"NILGIRIS (SC)","PC_ID":3319,"STATUS":"","Shape_Leng":1.67827864646,"Shape_Area":0.05489009059}},
{"type":"Feature","geometry":{"type":"Polygon","coordinates":[[[77.3333,11.2576],[77.2958,11.109],[77.313,11.1058],[77.3768,11.1353],[77.4055,11.1995],[77.3636,11.3173],[77.3333,11.2576]]]},"properties":{"OBJECTID":18,"ST_CODE":33,"ST_NAME":"TAMIL NADU","DT_CODE":12,"DIST_NAME":"COIMBATORE","AC_NO":113,"AC_NAME":"Tiruppur (North)","PC_NO":18,"PC_NAME":"TIRUPPUR","PC_ID":3318,"STATUS":"","Shape_Leng":0.67643520123,"Shape_Area":0.01157868353}},
{"type":"Feature","geometry":{"type":"Polygon","coordinates":[[[77.778,11.3115],[77.6866,11.2804],[77.6433,11.1903],[77.663,11.1014],[77.7778,11.054],[77.8755,11.0236],[77.933,11.0702],[77.8878,11.0868],[77.8616,11.2462],[77.791,11.2926],[77.778,11.3115]]]},"properties":{"OBJECTID":17,"ST_CODE":33,"ST_NAME":"TAMIL NADU","DT_CODE":10,"DIST_NAME":"ERODE","AC_NO":100,"AC_NAME":"Modakkurichi","PC_NO":17,"PC_NAME":"ERODE","PC_ID":3317,"STATUS":"","Shape_Leng":1.10595692528,"Shape_Area":0.04803067016}},
{"type":"Feature","geometry":{"type":"Polygon","coordinates":[[[79.2641,11.172],[79.1648,11.1786],[79.1371,11.269],[79.0666,11.2057],[79.0684,11.1074],[79.0066,11.0564],[78.983,10.9654],[79.0044,10.8939],[79.1289,10.9336],[79.2121,10.9409],[79.311,11.0182],[79.3459,11.0418],[79.3077,11.1635],[79.2641,11.172]]]},"properties":{"OBJECTID":27,"ST_CODE":33,"ST_NAME":"TAMIL NADU","DT_CODE":16,"DIST_NAME":"PERAMBALUR","AC_NO":149,"AC_NAME":"Ariyalur","PC_NO":27,"PC_NAME":"CHIDAMBARAM (SC)","PC_ID":3327,"STATUS":"","Shape_Leng":1.62985465388,"Shape_Area":0.07427930566}},
{"type":"Feature","geometry":{"type":"Polygon","coordinates":[[[77.0047,11.194],[76.8986,11.1991],[76.7475,11.1177],[76.8001,11.0551],[76.8633,11.0454],[77.0082,11.0457],[77.0511,11.0263],[77.0994,11.1043],[77.0047,11.194]]]},"properties":{"OBJECTID":20,"ST_CODE":33,"ST_NAME":"TAMIL NADU","DT_CODE":12,"DIST_NAME":"COIMBATORE","AC_NO":117,"AC_NAME":"Kavundampalayam","PC_NO":20,"PC_NAME":"COIMBATORE","PC_ID":3320,"STATUS":"","Shape_Leng":1.29974236854,"Shape_Area":0.0363726033}},
{"type":"Feature","geometry":{"type":"Polygon","coordinates":[[[77.2703,11.1058],[77.1574,11.1972],[77.0994,11.1043],[77.0511,11.0263],[77.0369,10.9845],[77.0399,10.877],[77.1201,10.8872],[77.1678,10.7999],[77.2798,10.789],[77.2878,10.8519],[77.1808,10.9251],[77.1739,11.0507],[77.2703,11.1058]]]},"properties":{"OBJECTID":20,"ST_CODE":33,"ST_NAME":"TAMIL NADU","DT_CODE":12,"DIST_NAME":"COIMBATORE","AC_NO":116,"AC_NAME":"Sulur","PC_NO":20,"PC_NAME":"COIMBATORE","PC_ID":3320,"STATUS":"","Shape_Leng":1.62791553484,"Shape_Area":0.04908056855}},
{"type":"Feature","geometry":{"type":"Polygon","coordinates":[[[77.6433,11.1903],[77.6032,11.2127],[77.4538,11.1201],[77.5013,11.013],[77.4208,10.912],[77.5766,10.865],[77.7766,10.8698],[77.7778,11.054],[77.663,11.1014],[77.6433,11.1903]]]},"properties":{"OBJECTID":17,"ST_CODE":33,"ST_NAME":"TAMIL NADU","DT_CODE":10,"DIST_NAME":"ERODE","AC_NO":102,"AC_NAME":"Kangayam","PC_NO":17,"PC_NAME":"ERODE","PC_ID":3317,"STATUS":"","Shape_Leng":1.65956956648,"Shape_Area":0.08039473785}},
{"type":"Feature","geometry":{"type":"Polygon","coordinates":[[[79.648,11.251],[79.5269,11.1839],[79.5486,11.0755],[79.682,11.0629],[79.6933,11.1288],[79.648,11.251]]]},"properties":{"OBJECTID":28,"ST_CODE":33,"ST_NAME":"TAMIL NADU","DT_CODE":19,"DIST_NAME":"NAGAPATTINAM  *","AC_NO":161,"AC_NAME":"Mayiladuthurai","PC_NO":28,"PC_NAME":"MAYILADUTHURAI","PC_ID":3328,"STATUS":"","Shape_Leng":0.93606896614,"Shape_Area":0.02312513187}},
{"type":"Feature","geometry":{"type":"Polygon","coordinates":[[[78.4138,11.2082],[78.3459,11.1388],[78.3229,11.0594],[78.2308,11.0948],[78.1652,11.0123],[78.1931,10.9651],[78.308,10.9596],[78.4093,10.9571],[78.4651,10.9193],[78.4817,10.914],[78.5131,11.0541],[78.4835,11.1786],[78.4138,11.2082]]]},"properties":{"OBJECTID":25,"ST_CODE":33,"ST_NAME":"TAMIL NADU","DT_CODE":15,"DIST_NAME":"TIRUCHIRAPPALLI","AC_NO":145,"AC_NAME":"Musiri","PC_NO":25,"PC_NAME":"PERAMBALUR","PC_ID":3325,"STATUS":"","Shape_Leng":1.66042788825,"Shape_Area":0.05111469744}},
{"type":"Feature","geometry":{"type":"Polygon","coordinates":[[[77.3768,11.1353],[77.313,11.1058],[77.4023,11.1221],[77.3768,11.1353]]]},"properties":{"OBJECTID":18,"ST_CODE":33,"ST_NAME":"TAMIL NADU","DT_CODE":12,"DIST_NAME":"COIMBATORE","AC_NO":114,"AC_NAME":"Tiruppur (South)","PC_NO":18,"PC_NAME":"TIRUPPUR","PC_ID":3318,"STATUS":"","Shape_Leng":0.37237490748,"Shape_Area":0.00467827281}},
{"type":"Feature","geometry":{"type":"Polygon","coordinates":[[[79.5269,11.1839],[79.4586,11.1505],[79.3927,11.0635],[79.4013,10.8927],[79.4882,10.8894],[79.515,10.9708],[79.5486,11.0755],[79.5269,11.1839]]]},"properties":{"OBJECTID":28,"ST_CODE":33,"ST_NAME":"TAMIL NADU","DT_CODE":21,"DIST_NAME":"THANJAVUR","AC_NO":170,"AC_NAME":"Thiruvidaimarudur","PC_NO":28,"PC_NAME":"MAYILADUTHURAI","PC_ID":3328,"STATUS":"","Shape_Leng":1.25569143745,"Shape_Area":0.03139486547}},
{"type":"Feature","geometry":{"type":"Polygon","coordinates":[[[77.4023,11.1221],[77.313,11.1058],[77.2958,11.109],[77.2703,11.1058],[77.1739,11.0507],[77.1808,10.9251],[77.2878,10.8519],[77.4208,10.912],[77.5013,11.013],[77.4538,11.1201],[77.4023,11.1221]]]},"properties":{"OBJECTID":20,"ST_CODE":33,"ST_NAME":"TAMIL NADU","DT_CODE":12,"DIST_NAME":"COIMBATORE","AC_NO":115,"AC_NAME":"Palladam","PC_NO":20,"PC_NAME":"COIMBATORE","PC_ID":3320,"STATUS":"","Shape_Leng":1.26921748967,"Shape_Area":0.05985912683}},
{"type":"Feature","geometry":{"type":"Polygon","coordinates":[[[79.8551,11.1856],[79.6933,11.1288],[79.682,11.0629],[79.5486,11.0755],[79.515,10.9708],[79.7481,10.9964],[79.8544,10.9833],[79.8551,11.1856]]]},"properties":{"OBJECTID":28,"ST_CODE":33,"ST_NAME":"TAMIL NADU","DT_CODE":19,"DIST_NAME":"NAGAPATTINAM  *","AC_NO":162,"AC_NAME":"Poompuhar","PC_NO":28,"PC_NAME":"MAYILADUTHURAI","PC_ID":3328,"STATUS":"","Shape_Leng":1.40138882797,"Shape_Area":0.03846311682}},
{"type":"Feature","geometry":{"type":"Polygon","coordinates":[[[78.8077,11.0806],[78.7176,11.0557],[78.6258,11.0839],[78.5131,11.0541],[78.4817,10.914],[78.7138,10.8602],[78.7922,10.965],[78.8077,11.0806]]]},"properties":{"OBJECTID":25,"ST_CODE":33,"ST_NAME":"TAMIL NADU","DT_CODE":15,"DIST_NAME":"TIRUCHIRAPPALLI","AC_NO":144,"AC_NAME":"Manachanallur","PC_NO":25,"PC_NAME":"PERAMBALUR","PC_ID":3325,"STATUS":"","Shape_Leng":1.44522871121,"Shape_Area":0.05439492109}},
{"type":"Feature","geometry":{"type":"Polygon","coordinates":[[[78.0605,11.0763],[77.933,11.0702],[77.8755,11.0236],[77.7778,11.054],[77.7766,10.8698],[77.8731,10.8358],[77.8086,10.6811],[77.8722,10.6321],[77.9785,10.6393],[77.9985,10.7743],[78.055,10.7724],[77.989,10.8863],[78.0261,10.9483],[78.0158,11.0284],[78.0605,11.0763]]]},"properties":{"OBJECTID":23,"ST_CODE":33,"ST_NAME":"TAMIL NADU","DT_CODE":14,"DIST_NAME":"KARUR  *","AC_NO":134,"AC_NAME":"Aravakurichi","PC_NO":23,"PC_NAME":"KARUR","PC_ID":3323,"STATUS":"","Shape_Leng":2.22386520389,"Shape_Area":0.08795827721}},
{"type":"Feature","geometry":{"type":"Polygon","coordinates":[[[76.8633,11.0454],[76.8001,11.0551],[76.7109,11.039],[76.6593,10.9306],[76.8125,10.8769],[76.8516,10.9742],[76.9631,10.9754],[76.9561,11.0135],[76.8633,11.0454]]]},"properties":{"OBJECTID":21,"ST_CODE":33,"ST_NAME":"TAMIL NADU","DT_CODE":12,"DIST_NAME":"COIMBATORE","AC_NO":119,"AC_NAME":"Thondamuthur","PC_NO":21,"PC_NAME":"POLLACHI","PC_ID":3321,"STATUS":"","Shape_Leng":1.08041332485,"Shape_Area":0.03157663863}},
{"type":"Feature","geometry":{"type":"Polygon","coordinates":[[[77.0082,11.0457],[76.8633,11.0454],[76.9561,11.0135],[76.9912,11.0223],[77.0082,11.0457]]]},"properties":{"OBJECTID":20,"ST_CODE":33,"ST_NAME":"TAMIL NADU","DT_CODE":12,"DIST_NAME":"COIMBATORE","AC_NO":118,"AC_NAME":"Coimbatore(North)","PC_NO":20,"PC_NAME":"COIMBATORE","PC_ID":3320,"STATUS":"","Shape_Leng":0.48950655343,"Shape_Area":0.00417718347}},
{"type":"Feature","geometry":{"type":"Polygon","coordinates":[[[78.8489,11.0902],[78.8077,11.0806],[78.7922,10.965],[78.7138,10.8602],[78.8173,10.8361],[79.0044,10.8939],[78.983,10.9654],[79.0066,11.0564],[78.9733,11.0947],[78.8489,11.0902]]]},"properties":{"OBJECTID":25,"ST_CODE":33,"ST_NAME":"TAMIL NADU","DT_CODE":15,"DIST_NAME":"TIRUCHIRAPPALLI","AC_NO":143,"AC_NAME":"Lalgudi","PC_NO":25,"PC_NAME":"PERAMBALUR","PC_ID":3325,"STATUS":"","Shape_Leng":1.19911564146,"Shape_Area":0.04876444471}},
{"type":"Feature","geometry":{"type":"Polygon","coordinates":[[[77.0511,11.0263],[77.0082,11.0457],[76.9912,11.0223],[76.982,10.9719],[77.0369,10.9845],[77.0511,11.0263]]]},"properties":{"OBJECTID":20,"ST_CODE":33,"ST_NAME":"TAMIL NADU","DT_CODE":12,"DIST_NAME":"COIMBATORE","AC_NO":121,"AC_NAME":"Singanallur","PC_NO":20,"PC_NAME":"COIMBATORE","PC_ID":3320,"STATUS":"","Shape_Leng":0.31387720286,"Shape_Area":0.00353337305}},
{"type":"Feature","geometry":{"type":"Polygon","coordinates":[[[78.0605,11.0763],[78.0158,11.0284],[78.0261,10.9483],[78.1931,10.9651],[78.1652,11.0123],[78.1123,11.0637],[78.0605,11.0763]]]},"properties":{"OBJECTID":23,"ST_CODE":33,"ST_NAME":"TAMIL NADU","DT_CODE":14,"DIST_NAME":"KARUR  *","AC_NO":135,"AC_NAME":"Karur","PC_NO":23,"PC_NAME":"KARUR","PC_ID":3323,"STATUS":"","Shape_Leng":0.73037189907,"Shape_Area":0.01776389005}},
{"type":"Feature","geometry":{"type":"Polygon","coordinates":[[[76.9912,11.0223],[76.9561,11.0135],[76.9631,10.9754],[76.982,10.9719],[76.9912,11.0223]]]},"properties":{"OBJECTID":20,"ST_CODE":33,"ST_NAME":"TAMIL NADU","DT_CODE":12,"DIST_NAME":"COIMBATORE","AC_NO":120,"AC_NAME":"Coimbatore(South)","PC_NO":20,"PC_NAME":"COIMBATORE","PC_ID":3320,"STATUS":"","Shape_Leng":0.23651613564,"Shape_Area":0.00172771285}},
{"type":"Feature","geometry":{"type":"Polygon","coordinates":[[[79.4013,10.8927],[79.3927,11.0635],[79.3459,11.0418],[79.311,11.0182],[79.3237,10.9247],[79.4013,10.8927]]]},"properties":{"OBJECTID":28,"ST_CODE":33,"ST_NAME":"TAMIL NADU","DT_CODE":21,"DIST_NAME":"THANJAVUR","AC_NO":171,"AC_NAME":"Kumbakonam","PC_NO":28,"PC_NAME":"MAYILADUTHURAI","PC_ID":3328,"STATUS":"","Shape_Leng":0.78622488431,"Shape_Area":0.01191699013}},
{"type":"Feature","geometry":{"type":"Polygon","coordinates":[[[77.0369,10.9845],[76.982,10.9719],[76.9631,10.9754],[76.8516,10.9742],[76.8125,10.8769],[76.8505,10.8189],[76.9042,10.7725],[77.0379,10.7888],[77.0399,10.877],[77.0369,10.9845]]]},"properties":{"OBJECTID":21,"ST_CODE":33,"ST_NAME":"TAMIL NADU","DT_CODE":12,"DIST_NAME":"COIMBATORE","AC_NO":122,"AC_NAME":"Kinathukadavu","PC_NO":21,"PC_NAME":"POLLACHI","PC_ID":3321,"STATUS":"","Shape_Leng":1.01450160493,"Shape_Area":0.03481942974}},
{"type":"Feature","geometry":{"type":"Polygon","coordinates":[[[79.3237,10.9247],[79.311,11.0182],[79.2121,10.9409],[79.1289,10.9336],[79.1899,10.8658],[79.1815,10.8054],[79.1948,10.7708],[79.301,10.7383],[79.3728,10.8018],[79.3025,10.8241],[79.3237,10.9247]]]},"properties":{"OBJECTID":28,"ST_CODE":33,"ST_NAME":"TAMIL NADU","DT_CODE":21,"DIST_NAME":"THANJAVUR","AC_NO":172,"AC_NAME":"Papanasam","PC_NO":28,"PC_NAME":"MAYILADUTHURAI","PC_ID":3328,"STATUS":"","Shape_Leng":1.45981759829,"Shape_Area":0.03447101672}},
{"type":"Feature","geometry":{"type":"Polygon","coordinates":[[[78.308,10.9596],[78.1931,10.9651],[78.0261,10.9483],[77.989,10.8863],[78.055,10.7724],[78.1487,10.8047],[78.1396,10.5638],[78.1862,10.5283],[78.2533,10.5367],[78.2827,10.7459],[78.3118,10.8085],[78.308,10.9596]]]},"properties":{"OBJECTID":23,"ST_CODE":33,"ST_NAME":"TAMIL NADU","DT_CODE":14,"DIST_NAME":"KARUR  *","AC_NO":136,"AC_NAME":"Krishnarayapuram(SC)","PC_NO":23,"PC_NAME":"KARUR","PC_ID":3323,"STATUS":"","Shape_Leng":2.03742175028,"Shape_Area":0.07439071418}},
{"type":"Feature","geometry":{"type":"Polygon","coordinates":[[[78.4651,10.9193],[78.4093,10.9571],[78.308,10.9596],[78.3118,10.8085],[78.2827,10.7459],[78.2928,10.7019],[78.3974,10.6896],[78.5135,10.6949],[78.5688,10.7474],[78.5859,10.8315],[78.4651,10.9193]]]},"properties":{"OBJECTID":25,"ST_CODE":33,"ST_NAME":"TAMIL NADU","DT_CODE":14,"DIST_NAME":"KARUR  *","AC_NO":137,"AC_NAME":"Kulithalai","PC_NO":25,"PC_NAME":"PERAMBALUR","PC_ID":3325,"STATUS":"","Shape_Leng":1.26988941926,"Shape_Area":0.06069241499}},
{"type":"Feature","geometry":{"type":"Polygon","coordinates":[[[77.4208,10.912],[77.2878,10.8519],[77.2798,10.789],[77.3198,10.6898],[77.4176,10.6258],[77.5161,10.6139],[77.5801,10.6792],[77.7442,10.6373],[77.8086,10.6811],[77.8731,10.8358],[77.7766,10.8698],[77.5766,10.865],[77.4208,10.912]]]},"properties":{"OBJECTID":17,"ST_CODE":33,"ST_NAME":"TAMIL NADU","DT_CODE":10,"DIST_NAME":"ERODE","AC_NO":101,"AC_NAME":"Dharapuram (SC)","PC_NO":17,"PC_NAME":"ERODE","PC_ID":3317,"STATUS":"","Shape_Leng":2.26707681981,"Shape_Area":0.113095785}},
{"type":"Feature","geometry":{"type":"Polygon","coordinates":[[[77.1678,10.7999],[77.1201,10.8872],[77.0399,10.877],[77.0379,10.7888],[76.9042,10.7725],[76.8785,10.6717],[76.959,10.6423],[77.068,10.6631],[77.0784,10.7268],[77.1678,10.7999]]]},"properties":{"OBJECTID":21,"ST_CODE":33,"ST_NAME":"TAMIL NADU","DT_CODE":12,"DIST_NAME":"COIMBATORE","AC_NO":123,"AC_NAME":"Pollachi","PC_NO":21,"PC_NAME":"POLLACHI","PC_ID":3321,"STATUS":"","Shape_Leng":1.1708969483,"Shape_Area":0.03969364953}},
{"type":"Feature","geometry":{"type":"Polygon","coordinates":[[[78.4651,10.9193],[78.5859,10.8315],[78.5688,10.7474],[78.5135,10.6949],[78.3974,10.6896],[78.4572,10.579],[78.5179,10.6697],[78.6911,10.7339],[78.6817,10.8377],[78.7066,10.8389],[78.7761,10.832],[78.8173,10.8361],[78.7138,10.8602],[78.4817,10.914],[78.4651,10.9193]]]},"properties":{"OBJECTID":24,"ST_CODE":33,"ST_NAME":"TAMIL NADU","DT_CODE":15,"DIST_NAME":"TIRUCHIRAPPALLI","AC_NO":139,"AC_NAME":"Srirangam","PC_NO":24,"PC_NAME":"TIRUCHIRAPPALLI","PC_ID":3324,"STATUS":"","Shape_Leng":2.10492622841,"Shape_Area":0.03793875573}},
{"type":"Feature","geometry":{"type":"Polygon","coordinates":[[[79.1815,10.8054],[79.1899,10.8658],[79.1289,10.9336],[79.0044,10.8939],[78.8173,10.8361],[78.7761,10.832],[78.8682,10.8265],[78.8734,10.7057],[78.965,10.6542],[79.0244,10.6987],[79.0357,10.7041],[79.0548,10.7481],[79.1815,10.8054]]]},"properties":{"OBJECTID":30,"ST_CODE":33,"ST_NAME":"TAMIL NADU","DT_CODE":21,"DIST_NAME":"THANJAVUR","AC_NO":173,"AC_NAME":"Thiruvaiyaru","PC_NO":30,"PC_NAME":"THANJAVUR","PC_ID":3330,"STATUS":"","Shape_Leng":1.52254233043,"Shape_Area":0.05237323473}},
{"type":"Feature","geometry":{"type":"Polygon","coordinates":[[[79.7449,10.9146],[79.6682,10.9138],[79.6361,10.8161],[79.7322,10.8031],[79.8005,10.74],[79.851,10.7552],[79.8413,10.828],[79.7952,10.9027],[79.7769,10.9055],[79.7615,10.9128],[79.7449,10.9146]]]},"properties":{"OBJECTID":29,"ST_CODE":33,"ST_NAME":"TAMIL NADU","DT_CODE":19,"DIST_NAME":"NAGAPATTINAM  *","AC_NO":163,"AC_NAME":"Nagapattinam","PC_NO":29,"PC_NAME":"NAGAPATTINAM (SC)","PC_ID":3329,"STATUS":"","Shape_Leng":1.34208536106,"Shape_Area":0.02012914262}},
{"type":"Feature","geometry":{"type":"Polygon","coordinates":[[[78.7066,10.8389],[78.6817,10.8377],[78.7189,10.7735],[78.7066,10.8389]]]},"properties":{"OBJECTID":24,"ST_CODE":33,"ST_NAME":"TAMIL NADU","DT_CODE":15,"DIST_NAME":"TIRUCHIRAPPALLI","AC_NO":141,"AC_NAME":"Tiruchirappalli","PC_NO":24,"PC_NAME":"TIRUCHIRAPPALLI","PC_ID":3324,"STATUS":"","Shape_Leng":0.25768048166,"Shape_Area":0.00226192429}},
{"type":"Feature","geometry":{"type":"Polygon","coordinates":[[[78.055,10.7724],[77.9985,10.7743],[77.9785,10.6393],[77.8722,10.6321],[77.8919,10.5234],[77.9804,10.4854],[77.9868,10.4228],[78.0753,10.3847],[78.1878,10.3951],[78.2235,10.4657],[78.1862,10.5283],[78.1396,10.5638],[78.1487,10.8047],[78.055,10.7724]]]},"properties":{"OBJECTID":23,"ST_CODE":33,"ST_NAME":"TAMIL NADU","DT_CODE":13,"DIST_NAME":"DINDIGUL","AC_NO":133,"AC_NAME":"Vedasandur","PC_NO":23,"PC_NAME":"KARUR","PC_ID":3323,"STATUS":"","Shape_Leng":2.14005878978,"Shape_Area":0.08669115362}},
{"type":"Feature","geometry":{"type":"Polygon","coordinates":[[[77.2798,10.789],[77.1678,10.7999],[77.0784,10.7268],[77.068,10.6631],[76.959,10.6423],[77.0018,10.5793],[77.0894,10.5842],[77.1562,10.5825],[77.2264,10.6358],[77.3087,10.6141],[77.3198,10.6898],[77.2798,10.789]]]},"properties":{"OBJECTID":21,"ST_CODE":33,"ST_NAME":"TAMIL NADU","DT_CODE":12,"DIST_NAME":"COIMBATORE","AC_NO":125,"AC_NAME":"Udumalaipettai","PC_NO":21,"PC_NAME":"POLLACHI","PC_ID":3321,"STATUS":"","Shape_Leng":1.49407588766,"Shape_Area":0.04862082561}},
{"type":"Feature","geometry":{"type":"Polygon","coordinates":[[[78.6817,10.8377],[78.6911,10.7339],[78.7089,10.7328],[78.7189,10.7735],[78.6817,10.8377]]]},"properties":{"OBJECTID":24,"ST_CODE":33,"ST_NAME":"TAMIL NADU","DT_CODE":15,"DIST_NAME":"TIRUCHIRAPPALLI","AC_NO":140,"AC_NAME":"Tiruchirappalli","PC_NO":24,"PC_NAME":"TIRUCHIRAPPALLI","PC_ID":3324,"STATUS":"","Shape_Leng":0.33406320793,"Shape_Area":0.00303664835}},
{"type":"Feature","geometry":{"type":"Polygon","coordinates":[[[78.7761,10.832],[78.7066,10.8389],[78.7189,10.7735],[78.7089,10.7328],[78.7944,10.6527],[78.8734,10.7057],[78.8682,10.8265],[78.7761,10.832]]]},"properties":{"OBJECTID":24,"ST_CODE":33,"ST_NAME":"TAMIL NADU","DT_CODE":15,"DIST_NAME":"TIRUCHIRAPPALLI","AC_NO":142,"AC_NAME":"Thiruverumbur","PC_NO":24,"PC_NAME":"TIRUCHIRAPPALLI","PC_ID":3324,"STATUS":"","Shape_Leng":0.81722209607,"Shape_Area":0.02280812449}},
{"type":"Feature","geometry":{"type":"Polygon","coordinates":[[[79.6361,10.8161],[79.4537,10.8221],[79.4411,10.7788],[79.5078,10.6568],[79.6487,10.6439],[79.7322,10.8031],[79.6361,10.8161]]]},"properties":{"OBJECTID":29,"ST_CODE":33,"ST_NAME":"TAMIL NADU","DT_CODE":20,"DIST_NAME":"THIRUVARUR","AC_NO":168,"AC_NAME":"Thiruvarur","PC_NO":29,"PC_NAME":"NAGAPATTINAM (SC)","PC_ID":3329,"STATUS":"","Shape_Leng":1.2615214686,"Shape_Area":0.03497985188}},
{"type":"Feature","geometry":{"type":"Polygon","coordinates":[[[79.851,10.7552],[79.8005,10.74],[79.7322,10.8031],[79.6487,10.6439],[79.6726,10.5877],[79.7842,10.5863],[79.8587,10.5542],[79.851,10.7552]]]},"properties":{"OBJECTID":29,"ST_CODE":33,"ST_NAME":"TAMIL NADU","DT_CODE":19,"DIST_NAME":"NAGAPATTINAM  *","AC_NO":164,"AC_NAME":"Kilvelur (SC)","PC_NO":29,"PC_NAME":"NAGAPATTINAM (SC)","PC_ID":3329,"STATUS":"","Shape_Leng":1.2251064663,"Shape_Area":0.03685461124}},
{"type":"Feature","geometry":{"type":"Polygon","coordinates":[[[79.1815,10.8054],[79.0548,10.7481],[79.0357,10.7041],[79.1948,10.7708],[79.1815,10.8054]]]},"properties":{"OBJECTID":30,"ST_CODE":33,"ST_NAME":"TAMIL NADU","DT_CODE":21,"DIST_NAME":"THANJAVUR","AC_NO":174,"AC_NAME":"Thanjavur","PC_NO":30,"PC_NAME":"THANJAVUR","PC_ID":3330,"STATUS":"","Shape_Leng":0.65637742723,"Shape_Area":0.00776805183}},
{"type":"Feature","geometry":{"type":"Polygon","coordinates":[[[79.4411,10.7788],[79.3728,10.8018],[79.301,10.7383],[79.3466,10.5959],[79.3988,10.5581],[79.4822,10.4912],[79.5078,10.6568],[79.4411,10.7788]]]},"properties":{"OBJECTID":30,"ST_CODE":33,"ST_NAME":"TAMIL NADU","DT_CODE":20,"DIST_NAME":"THIRUVARUR","AC_NO":167,"AC_NAME":"Mannargudi","PC_NO":30,"PC_NAME":"THANJAVUR","PC_ID":3330,"STATUS":"","Shape_Leng":1.18498412838,"Shape_Area":0.03927360022}},
{"type":"Feature","geometry":{"type":"Polygon","coordinates":[[[79.1948,10.7708],[79.0357,10.7041],[79.0244,10.6987],[79.1263,10.6349],[79.1848,10.538],[79.1829,10.4719],[79.2669,10.4855],[79.3988,10.5581],[79.3466,10.5959],[79.301,10.7383],[79.1948,10.7708]]]},"properties":{"OBJECTID":30,"ST_CODE":33,"ST_NAME":"TAMIL NADU","DT_CODE":21,"DIST_NAME":"THANJAVUR","AC_NO":175,"AC_NAME":"Orathanadu","PC_NO":30,"PC_NAME":"THANJAVUR","PC_ID":3330,"STATUS":"","Shape_Leng":1.72029572876,"Shape_Area":0.05592890629}},
{"type":"Feature","geometry":{"type":"Polygon","coordinates":[[[77.8086,10.6811],[77.7442,10.6373],[77.5801,10.6792],[77.5161,10.6139],[77.4176,10.6258],[77.4053,10.5235],[77.6053,10.5096],[77.7113,10.3667],[77.8104,10.5006],[77.8919,10.5234],[77.8722,10.6321],[77.8086,10.6811]]]},"properties":{"OBJECTID":22,"ST_CODE":33,"ST_NAME":"TAMIL NADU","DT_CODE":13,"DIST_NAME":"DINDIGUL","AC_NO":128,"AC_NAME":"Oddanchatram","PC_NO":22,"PC_NAME":"DINDIGUL","PC_ID":3322,"STATUS":"","Shape_Leng":1.96373206322,"Shape_Area":0.08855703254}},
{"type":"Feature","geometry":{"type":"Polygon","coordinates":[[[78.2827,10.7459],[78.2533,10.5367],[78.1862,10.5283],[78.2235,10.4657],[78.3332,10.3007],[78.3784,10.3104],[78.4454,10.4083],[78.5053,10.3763],[78.5836,10.4412],[78.4967,10.4854],[78.4572,10.579],[78.3974,10.6896],[78.2928,10.7019],[78.2827,10.7459]]]},"properties":{"OBJECTID":23,"ST_CODE":33,"ST_NAME":"TAMIL NADU","DT_CODE":15,"DIST_NAME":"TIRUCHIRAPPALLI","AC_NO":138,"AC_NAME":"Manapparai","PC_NO":23,"PC_NAME":"KARUR","PC_ID":3323,"STATUS":"","Shape_Leng":1.98238078936,"Shape_Area":0.0796098149}},
{"type":"Feature","geometry":{"type":"Polygon","coordinates":[[[78.7089,10.7328],[78.6911,10.7339],[78.5179,10.6697],[78.4572,10.579],[78.4967,10.4854],[78.5836,10.4412],[78.7664,10.3566],[78.7846,10.416],[78.7387,10.4488],[78.7944,10.6527],[78.7089,10.7328]]]},"properties":{"OBJECTID":23,"ST_CODE":33,"ST_NAME":"TAMIL NADU","DT_CODE":22,"DIST_NAME":"PUDUKKOTTAI","AC_NO":179,"AC_NAME":"Viralimalai","PC_NO":23,"PC_NAME":"KARUR","PC_ID":3323,"STATUS":"","Shape_Leng":2.02367892115,"Shape_Area":0.07567551121}},
{"type":"Feature","geometry":{"type":"Polygon","coordinates":[[[77.3198,10.6898],[77.3087,10.6141],[77.2264,10.6358],[77.1562,10.5825],[77.0894,10.5842],[77.0746,10.4621],[77.0931,10.3115],[77.1765,10.3581],[77.2881,10.2317],[77.351,10.2742],[77.3156,10.3549],[77.3329,10.4557],[77.4053,10.5235],[77.4176,10.6258],[77.3198,10.6898]]]},"properties":{"OBJECTID":21,"ST_CODE":33,"ST_NAME":"TAMIL NADU","DT_CODE":12,"DIST_NAME":"COIMBATORE","AC_NO":126,"AC_NAME":"Madathukulam","PC_NO":21,"PC_NAME":"POLLACHI","PC_ID":3321,"STATUS":"","Shape_Leng":1.98036533553,"Shape_Area":0.08854583239}},
{"type":"Feature","geometry":{"type":"Polygon","coordinates":[[[76.959,10.6423],[76.8785,10.6717],[76.8145,10.6358],[76.8388,10.5971],[76.8162,10.4237],[76.8376,10.338],[76.9011,10.2519],[76.9826,10.2204],[77.0509,10.2627],[77.0931,10.3115],[77.0746,10.4621],[77.0894,10.5842],[77.0018,10.5793],[76.959,10.6423]]]},"properties":{"OBJECTID":21,"ST_CODE":33,"ST_NAME":"TAMIL NADU","DT_CODE":12,"DIST_NAME":"COIMBATORE","AC_NO":124,"AC_NAME":"Valparai (SC)","PC_NO":21,"PC_NAME":"POLLACHI","PC_ID":3321,"STATUS":"","Shape_Leng":1.57548027616,"Shape_Area":0.08874202363}},
{"type":"Feature","geometry":{"type":"Polygon","coordinates":[[[78.8734,10.7057],[78.7944,10.6527],[78.7387,10.4488],[78.7846,10.416],[78.8277,10.4901],[79.0253,10.5408],[79.1261,10.4369],[79.1829,10.4719],[79.1848,10.538],[79.1263,10.6349],[79.0244,10.6987],[78.965,10.6542],[78.8734,10.7057]]]},"properties":{"OBJECTID":24,"ST_CODE":33,"ST_NAME":"TAMIL NADU","DT_CODE":22,"DIST_NAME":"PUDUKKOTTAI","AC_NO":178,"AC_NAME":"Gandharvakottai(SC)","PC_NO":24,"PC_NAME":"TIRUCHIRAPPALLI","PC_ID":3324,"STATUS":"","Shape_Leng":2.58511482877,"Shape_Area":0.06982244445}},
{"type":"Feature","geometry":{"type":"Polygon","coordinates":[[[79.5078,10.6568],[79.4822,10.4912],[79.4723,10.3157],[79.7103,10.2778],[79.633,10.3618],[79.7146,10.5308],[79.6726,10.5877],[79.6487,10.6439],[79.5078,10.6568]]]},"properties":{"OBJECTID":29,"ST_CODE":33,"ST_NAME":"TAMIL NADU","DT_CODE":20,"DIST_NAME":"THIRUVARUR","AC_NO":166,"AC_NAME":"Thiruthuraipoondi(SC)","PC_NO":29,"PC_NAME":"NAGAPATTINAM (SC)","PC_ID":3329,"STATUS":"","Shape_Leng":1.57949100984,"Shape_Area":0.06487515568}},
{"type":"Feature","geometry":{"type":"Polygon","coordinates":[[[79.8587,10.5542],[79.7842,10.5863],[79.6726,10.5877],[79.7146,10.5308],[79.633,10.3618],[79.7103,10.2778],[79.8619,10.2831],[79.8587,10.5542]]]},"properties":{"OBJECTID":29,"ST_CODE":33,"ST_NAME":"TAMIL NADU","DT_CODE":19,"DIST_NAME":"NAGAPATTINAM  *","AC_NO":165,"AC_NAME":"Vedaranyam","PC_NO":29,"PC_NAME":"NAGAPATTINAM (SC)","PC_ID":3329,"STATUS":"","Shape_Leng":1.22557572762,"Shape_Area":0.05824284546}},
{"type":"Feature","geometry":{"type":"Polygon","coordinates":[[[79.1261,10.4369],[79.0253,10.5408],[78.8277,10.4901],[78.7846,10.416],[78.7664,10.3566],[78.8329,10.33],[78.928,10.4078],[79.0944,10.3673],[79.1447,10.3822],[79.1261,10.4369]]]},"properties":{"OBJECTID":24,"ST_CODE":33,"ST_NAME":"TAMIL NADU","DT_CODE":22,"DIST_NAME":"PUDUKKOTTAI","AC_NO":180,"AC_NAME":"Pudukkottai","PC_NO":24,"PC_NAME":"TIRUCHIRAPPALLI","PC_ID":3324,"STATUS":"","Shape_Leng":1.6493801908,"Shape_Area":0.04105709902}},
{"type":"Feature","geometry":{"type":"Polygon","coordinates":[[[77.4053,10.5235],[77.3329,10.4557],[77.3156,10.3549],[77.351,10.2742],[77.2881,10.2317],[77.2665,10.1218],[77.3954,10.1629],[77.4657,10.1294],[77.6221,10.2188],[77.7023,10.2132],[77.7079,10.23],[77.7113,10.3667],[77.6053,10.5096],[77.4053,10.5235]]]},"properties":{"OBJECTID":22,"ST_CODE":33,"ST_NAME":"TAMIL NADU","DT_CODE":13,"DIST_NAME":"DINDIGUL","AC_NO":127,"AC_NAME":"Palani","PC_NO":22,"PC_NAME":"DINDIGUL","PC_ID":3322,"STATUS":"","Shape_Leng":2.04520988407,"Shape_Area":0.12233080914}},
{"type":"Feature","geometry":{"type":"Polygon","coordinates":[[[77.8919,10.5234],[77.8104,10.5006],[77.7113,10.3667],[77.7079,10.23],[77.8066,10.2035],[77.9179,10.242],[77.9483,10.3261],[77.9868,10.4228],[77.9804,10.4854],[77.8919,10.5234]]]},"properties":{"OBJECTID":22,"ST_CODE":33,"ST_NAME":"TAMIL NADU","DT_CODE":13,"DIST_NAME":"DINDIGUL","AC_NO":129,"AC_NAME":"Athoor","PC_NO":22,"PC_NAME":"DINDIGUL","PC_ID":3322,"STATUS":"","Shape_Leng":1.40442882484,"Shape_Area":0.06034207414}},
{"type":"Feature","geometry":{"type":"Polygon","coordinates":[[[79.3988,10.5581],[79.2669,10.4855],[79.307,10.3454],[79.3632,10.2927],[79.4723,10.3157],[79.4822,10.4912],[79.3988,10.5581]]]},"properties":{"OBJECTID":30,"ST_CODE":33,"ST_NAME":"TAMIL NADU","DT_CODE":21,"DIST_NAME":"THANJAVUR","AC_NO":176,"AC_NAME":"Pattukkottai","PC_NO":30,"PC_NAME":"THANJAVUR","PC_ID":3330,"STATUS":"","Shape_Leng":1.22015656901,"Shape_Area":0.03927691334}},
{"type":"Feature","geometry":{"type":"Polygon","coordinates":[[[79.2669,10.4855],[79.1829,10.4719],[79.1261,10.4369],[79.1447,10.3822],[79.1168,10.2345],[79.152,10.1915],[79.2272,10.1367],[79.2669,10.229],[79.3632,10.2927],[79.307,10.3454],[79.2669,10.4855]]]},"properties":{"OBJECTID":30,"ST_CODE":33,"ST_NAME":"TAMIL NADU","DT_CODE":21,"DIST_NAME":"THANJAVUR","AC_NO":177,"AC_NAME":"Peravurani","PC_NO":30,"PC_NAME":"THANJAVUR","PC_ID":3330,"STATUS":"","Shape_Leng":1.46355664088,"Shape_Area":0.049215454}},
{"type":"Feature","geometry":{"type":"Polygon","coordinates":[[[78.0753,10.3847],[77.9483,10.3261],[77.9179,10.242],[77.9541,10.1388],[78.1204,10.1904],[78.1696,10.0944],[78.208,10.0664],[78.2577,10.0877],[78.3332,10.3007],[78.2235,10.4657],[78.1878,10.3951],[78.0753,10.3847]]]},"properties":{"OBJECTID":22,"ST_CODE":33,"ST_NAME":"TAMIL NADU","DT_CODE":13,"DIST_NAME":"DINDIGUL","AC_NO":131,"AC_NAME":"Natham","PC_NO":22,"PC_NAME":"DINDIGUL","PC_ID":3322,"STATUS":"","Shape_Leng":1.85678208889,"Shape_Area":0.09347974492}},
{"type":"Feature","geometry":{"type":"Polygon","coordinates":[[[77.9868,10.4228],[77.9483,10.3261],[78.0753,10.3847],[77.9868,10.4228]]]},"properties":{"OBJECTID":22,"ST_CODE":33,"ST_NAME":"TAMIL NADU","DT_CODE":13,"DIST_NAME":"DINDIGUL","AC_NO":132,"AC_NAME":"Dindigul","PC_NO":22,"PC_NAME":"DINDIGUL","PC_ID":3322,"STATUS":"","Shape_Leng":0.47012304001,"Shape_Area":0.00896790288}},
{"type":"Feature","geometry":{"type":"Polygon","coordinates":[[[78.5836,10.4412],[78.5053,10.3763],[78.5111,10.27],[78.6365,10.2695],[78.7085,10.1756],[78.8317,10.1485],[78.924,10.1231],[78.9328,10.1936],[78.8805,10.3031],[78.8329,10.33],[78.7664,10.3566],[78.5836,10.4412]]]},"properties":{"OBJECTID":31,"ST_CODE":33,"ST_NAME":"TAMIL NADU","DT_CODE":22,"DIST_NAME":"PUDUKKOTTAI","AC_NO":181,"AC_NAME":"Thirumayam","PC_NO":31,"PC_NAME":"SIVAGANGA","PC_ID":3331,"STATUS":"","Shape_Leng":2.06712981377,"Shape_Area":0.07323501355}},
{"type":"Feature","geometry":{"type":"Polygon","coordinates":[[[78.5053,10.3763],[78.4454,10.4083],[78.3784,10.3104],[78.4516,10.1191],[78.4486,10.025],[78.5897,10.0381],[78.6758,10.01],[78.73,10.058],[78.8316,10.0847],[78.8317,10.1485],[78.7085,10.1756],[78.6365,10.2695],[78.5111,10.27],[78.5053,10.3763]]]},"properties":{"OBJECTID":31,"ST_CODE":33,"ST_NAME":"TAMIL NADU","DT_CODE":23,"DIST_NAME":"SIVAGANGA","AC_NO":185,"AC_NAME":"Tiruppattur","PC_NO":31,"PC_NAME":"SIVAGANGA","PC_ID":3331,"STATUS":"","Shape_Leng":2.44027918495,"Shape_Area":0.08706224521}},
{"type":"Feature","geometry":{"type":"Polygon","coordinates":[[[79.1447,10.3822],[79.0944,10.3673],[78.928,10.4078],[78.8329,10.33],[78.8805,10.3031],[78.9328,10.1936],[78.9892,10.211],[79.152,10.1915],[79.1168,10.2345],[79.1447,10.3822]]]},"properties":{"OBJECTID":31,"ST_CODE":33,"ST_NAME":"TAMIL NADU","DT_CODE":22,"DIST_NAME":"PUDUKKOTTAI","AC_NO":182,"AC_NAME":"Alangudi","PC_NO":31,"PC_NAME":"SIVAGANGA","PC_ID":3331,"STATUS":"","Shape_Leng":1.39620474823,"Shape_Area":0.04984966783}},
{"type":"Feature","geometry":{"type":"Polygon","coordinates":[[[78.3784,10.3104],[78.3332,10.3007],[78.2577,10.0877],[78.208,10.0664],[78.2704,10.0385],[78.2773,9.8698],[78.3153,9.9229],[78.4564,9.9688],[78.4486,10.025],[78.4516,10.1191],[78.3784,10.3104]]]},"properties":{"OBJECTID":32,"ST_CODE":33,"ST_NAME":"TAMIL NADU","DT_CODE":24,"DIST_NAME":"MADURAI","AC_NO":188,"AC_NAME":"Melur","PC_NO":32,"PC_NAME":"MADURAI","PC_ID":3332,"STATUS":"","Shape_Leng":1.75674077276,"Shape_Area":0.05590239761}},
{"type":"Feature","geometry":{"type":"Polygon","coordinates":[[[77.9179,10.242],[77.8066,10.2035],[77.7079,10.23],[77.7023,10.2132],[77.701,10.0857],[77.7125,10.026],[77.875,10.0617],[77.9541,10.1388],[77.9179,10.242]]]},"properties":{"OBJECTID":22,"ST_CODE":33,"ST_NAME":"TAMIL NADU","DT_CODE":13,"DIST_NAME":"DINDIGUL","AC_NO":130,"AC_NAME":"Nilakkottai (SC)","PC_NO":22,"PC_NAME":"DINDIGUL","PC_ID":3322,"STATUS":"","Shape_Leng":1.22537267421,"Shape_Area":0.04001329005}},
{"type":"Feature","geometry":{"type":"Polygon","coordinates":[[[77.7023,10.2132],[77.6221,10.2188],[77.4657,10.1294],[77.4317,10.0416],[77.5126,9.9932],[77.5588,10.0464],[77.6393,10.0416],[77.701,10.0857],[77.7023,10.2132]]]},"properties":{"OBJECTID":33,"ST_CODE":33,"ST_NAME":"TAMIL NADU","DT_CODE":25,"DIST_NAME":"THENI  *","AC_NO":199,"AC_NAME":"Periyakulam","PC_NO":33,"PC_NAME":"THENI","PC_ID":3333,"STATUS":"","Shape_Leng":1.23598140823,"Shape_Area":0.03639898577}},
{"type":"Feature","geometry":{"type":"Polygon","coordinates":[[[79.152,10.1915],[78.9892,10.211],[78.9328,10.1936],[78.924,10.1231],[78.9305,10.0218],[78.9897,9.9472],[79.0454,9.8609],[79.1135,9.8469],[79.1289,9.8949],[79.2555,10.0451],[79.2272,10.1367],[79.152,10.1915]]]},"properties":{"OBJECTID":35,"ST_CODE":33,"ST_NAME":"TAMIL NADU","DT_CODE":22,"DIST_NAME":"PUDUKKOTTAI","AC_NO":183,"AC_NAME":"Aranthangi","PC_NO":35,"PC_NAME":"RAMANATHAPURAM","PC_ID":3335,"STATUS":"","Shape_Leng":1.60833950398,"Shape_Area":0.07458995765}},
{"type":"Feature","geometry":{"type":"Polygon","coordinates":[[[77.4657,10.1294],[77.3954,10.1629],[77.2665,10.1218],[77.2619,10.0219],[77.261,9.9526],[77.3389,9.8911],[77.3529,9.8312],[77.417,9.8871],[77.512,9.9024],[77.5126,9.9932],[77.4317,10.0416],[77.4657,10.1294]]]},"properties":{"OBJECTID":33,"ST_CODE":33,"ST_NAME":"TAMIL NADU","DT_CODE":25,"DIST_NAME":"THENI  *","AC_NO":200,"AC_NAME":"Bodinayakanur","PC_NO":33,"PC_NAME":"THENI","PC_ID":3333,"STATUS":"","Shape_Leng":1.44247760814,"Shape_Area":0.06034943417}},
{"type":"Feature","geometry":{"type":"Polygon","coordinates":[[[78.1696,10.0944],[78.1204,10.1904],[77.9541,10.1388],[77.875,10.0617],[77.9818,9.9663],[77.9819,9.9684],[78.0992,9.9725],[78.1696,10.0944]]]},"properties":{"OBJECTID":33,"ST_CODE":33,"ST_NAME":"TAMIL NADU","DT_CODE":24,"DIST_NAME":"MADURAI","AC_NO":190,"AC_NAME":"Sholavandan(SC)","PC_NO":33,"PC_NAME":"THENI","PC_ID":3333,"STATUS":"","Shape_Leng":1.00711249059,"Shape_Area":0.04215058983}},
{"type":"Feature","geometry":{"type":"Polygon","coordinates":[[[78.924,10.1231],[78.8317,10.1485],[78.8316,10.0847],[78.73,10.058],[78.7651,9.9905],[78.7053,9.8697],[78.7384,9.7535],[78.8875,9.7578],[78.872,9.8628],[78.9897,9.9472],[78.9305,10.0218],[78.924,10.1231]]]},"properties":{"OBJECTID":31,"ST_CODE":33,"ST_NAME":"TAMIL NADU","DT_CODE":23,"DIST_NAME":"SIVAGANGA","AC_NO":184,"AC_NAME":"Karaikudi","PC_NO":31,"PC_NAME":"SIVAGANGA","PC_ID":3331,"STATUS":"","Shape_Leng":1.9079854331,"Shape_Area":0.06788032006}},
{"type":"Feature","geometry":{"type":"Polygon","coordinates":[[[77.701,10.0857],[77.6393,10.0416],[77.5588,10.0464],[77.5126,9.9932],[77.512,9.9024],[77.417,9.8871],[77.3529,9.8312],[77.3624,9.7258],[77.2226,9.7356],[77.1806,9.6582],[77.2346,9.5815],[77.3252,9.5806],[77.4024,9.5252],[77.4754,9.563],[77.4643,9.5799],[77.5976,9.7745],[77.6186,9.8584],[77.7125,10.026],[77.701,10.0857]]]},"properties":{"OBJECTID":33,"ST_CODE":33,"ST_NAME":"TAMIL NADU","DT_CODE":25,"DIST_NAME":"THENI  *","AC_NO":198,"AC_NAME":"Andipatti","PC_NO":33,"PC_NAME":"THENI","PC_ID":3333,"STATUS":"","Shape_Leng":2.30289772938,"Shape_Area":0.11447178737}},
{"type":"Feature","geometry":{"type":"Polygon","coordinates":[[[78.1696,10.0944],[78.0992,9.9725],[78.1025,9.9557],[78.1491,9.9165],[78.1588,9.9107],[78.2007,9.8732],[78.2666,9.8497],[78.2773,9.8698],[78.2704,10.0385],[78.208,10.0664],[78.1696,10.0944]]]},"properties":{"OBJECTID":32,"ST_CODE":33,"ST_NAME":"TAMIL NADU","DT_CODE":24,"DIST_NAME":"MADURAI","AC_NO":189,"AC_NAME":"Madurai East","PC_NO":32,"PC_NAME":"MADURAI","PC_ID":3332,"STATUS":"","Shape_Leng":1.06988541308,"Shape_Area":0.02578628598}},
{"type":"Feature","geometry":{"type":"Polygon","coordinates":[[[77.9818,9.9663],[77.875,10.0617],[77.7125,10.026],[77.6186,9.8584],[77.5976,9.7745],[77.4643,9.5799],[77.4754,9.563],[77.5372,9.66],[77.7101,9.7053],[77.9818,9.9663]]]},"properties":{"OBJECTID":33,"ST_CODE":33,"ST_NAME":"TAMIL NADU","DT_CODE":24,"DIST_NAME":"MADURAI","AC_NO":197,"AC_NAME":"Usilampatti","PC_NO":33,"PC_NAME":"THENI","PC_ID":3333,"STATUS":"","Shape_Leng":1.91806005376,"Shape_Area":0.08540148904}},
{"type":"Feature","geometry":{"type":"Polygon","coordinates":[[[78.73,10.058],[78.6758,10.01],[78.5897,10.0381],[78.4486,10.025],[78.4564,9.9688],[78.3153,9.9229],[78.2773,9.8698],[78.2666,9.8497],[78.3975,9.7503],[78.4836,9.7744],[78.5037,9.6888],[78.6015,9.7182],[78.6957,9.68],[78.7511,9.7149],[78.7384,9.7535],[78.7053,9.8697],[78.7651,9.9905],[78.73,10.058]]]},"properties":{"OBJECTID":31,"ST_CODE":33,"ST_NAME":"TAMIL NADU","DT_CODE":23,"DIST_NAME":"SIVAGANGA","AC_NO":186,"AC_NAME":"Sivaganga","PC_NO":31,"PC_NAME":"SIVAGANGA","PC_ID":3331,"STATUS":"","Shape_Leng":2.3078923548,"Shape_Area":0.11363917559}},
{"type":"Feature","geometry":{"type":"Polygon","coordinates":[[[77.9819,9.9684],[78.006,9.9512],[78.115,9.903],[78.1016,9.943],[78.1025,9.9557],[78.0992,9.9725],[77.9819,9.9684]]]},"properties":{"OBJECTID":32,"ST_CODE":33,"ST_NAME":"TAMIL NADU","DT_CODE":24,"DIST_NAME":"MADURAI","AC_NO":194,"AC_NAME":"Madurai West","PC_NO":32,"PC_NAME":"MADURAI","PC_ID":3332,"STATUS":"","Shape_Leng":0.4617602196,"Shape_Area":0.00509344766}},
{"type":"Feature","geometry":{"type":"Polygon","coordinates":[[[77.261,9.9526],[77.2188,9.9047],[77.2226,9.7356],[77.3624,9.7258],[77.3529,9.8312],[77.3389,9.8911],[77.261,9.9526]]]},"properties":{"OBJECTID":33,"ST_CODE":33,"ST_NAME":"TAMIL NADU","DT_CODE":25,"DIST_NAME":"THENI  *","AC_NO":201,"AC_NAME":"Cumbum","PC_NO":33,"PC_NAME":"THENI","PC_ID":3333,"STATUS":"","Shape_Leng":0.87447491181,"Shape_Area":0.02486896378}},
{"type":"Feature","geometry":{"type":"Polygon","coordinates":[[[77.9819,9.9684],[77.9818,9.9663],[77.7101,9.7053],[77.7896,9.6393],[78.0104,9.6395],[78.0878,9.6827],[78.0837,9.758],[77.9911,9.9039],[78.006,9.9512],[77.9819,9.9684]]]},"properties":{"OBJECTID":34,"ST_CODE":33,"ST_NAME":"TAMIL NADU","DT_CODE":24,"DIST_NAME":"MADURAI","AC_NO":196,"AC_NAME":"Thirumangalam","PC_NO":34,"PC_NAME":"VIRUDHUNAGAR","PC_ID":3334,"STATUS":"","Shape_Leng":1.54398816147,"Shape_Area":0.06847466906}},
{"type":"Feature","geometry":{"type":"Polygon","coordinates":[[[78.1491,9.9165],[78.1025,9.9557],[78.1016,9.943],[78.1218,9.9303],[78.1491,9.9165]]]},"properties":{"OBJECTID":32,"ST_CODE":33,"ST_NAME":"TAMIL NADU","DT_CODE":24,"DIST_NAME":"MADURAI","AC_NO":191,"AC_NAME":"Madurai North","PC_NO":32,"PC_NAME":"MADURAI","PC_ID":3332,"STATUS":"","Shape_Leng":0.22001403887,"Shape_Area":0.00146277808}},
{"type":"Feature","geometry":{"type":"Polygon","coordinates":[[[78.115,9.903],[78.006,9.9512],[77.9911,9.9039],[78.0837,9.758],[78.1443,9.7836],[78.1243,9.855],[78.2007,9.8732],[78.1588,9.9107],[78.1152,9.903],[78.115,9.903]]]},"properties":{"OBJECTID":34,"ST_CODE":33,"ST_NAME":"TAMIL NADU","DT_CODE":24,"DIST_NAME":"MADURAI","AC_NO":195,"AC_NAME":"Thiruparankundram","PC_NO":34,"PC_NAME":"VIRUDHUNAGAR","PC_ID":3334,"STATUS":"","Shape_Leng":1.08940038827,"Shape_Area":0.01875613411}},
{"type":"Feature","geometry":{"type":"Polygon","coordinates":[[[78.1218,9.9303],[78.1016,9.943],[78.115,9.903],[78.1152,9.903],[78.1218,9.9303]]]},"properties":{"OBJECTID":32,"ST_CODE":33,"ST_NAME":"TAMIL NADU","DT_CODE":24,"DIST_NAME":"MADURAI","AC_NO":193,"AC_NAME":"Madurai Central","PC_NO":32,"PC_NAME":"MADURAI","PC_ID":3332,"STATUS":"","Shape_Leng":0.11247693719,"Shape_Area":0.0007301205}},
{"type":"Feature","geometry":{"type":"Polygon","coordinates":[[[78.1491,9.9165],[78.1218,9.9303],[78.1152,9.903],[78.1588,9.9107],[78.1491,9.9165]]]},"properties":{"OBJECTID":32,"ST_CODE":33,"ST_NAME":"TAMIL NADU","DT_CODE":24,"DIST_NAME":"MADURAI","AC_NO":192,"AC_NAME":"Madurai South","PC_NO":32,"PC_NAME":"MADURAI","PC_ID":3332,"STATUS":"","Shape_Leng":0.12314961799,"Shape_Area":0.00086546182}},
{"type":"Feature","geometry":{"type":"Polygon","coordinates":[[[78.9897,9.9472],[78.872,9.8628],[78.8875,9.7578],[78.7384,9.7535],[78.7511,9.7149],[78.7978,9.7028],[78.8189,9.5951],[78.8534,9.5349],[78.7431,9.3668],[78.7121,9.3518],[78.8654,9.3196],[78.9058,9.3681],[78.982,9.3604],[78.9236,9.4264],[78.9268,9.5851],[78.9803,9.6896],[79.1135,9.8469],[79.0454,9.8609],[78.9897,9.9472]]]},"properties":{"OBJECTID":35,"ST_CODE":33,"ST_NAME":"TAMIL NADU","DT_CODE":27,"DIST_NAME":"RAMANATHAPURAM","AC_NO":210,"AC_NAME":"Tiruvadanai","PC_NO":35,"PC_NAME":"RAMANATHAPURAM","PC_ID":3335,"STATUS":"","Shape_Leng":2.58926709647,"Shape_Area":0.09200411086}},
{"type":"Feature","geometry":{"type":"Polygon","coordinates":[[[78.2007,9.8732],[78.1243,9.855],[78.1443,9.7836],[78.2105,9.7826],[78.3919,9.6507],[78.4174,9.5975],[78.5018,9.6102],[78.6161,9.5374],[78.8189,9.5951],[78.7978,9.7028],[78.7511,9.7149],[78.6957,9.68],[78.6015,9.7182],[78.5037,9.6888],[78.4836,9.7744],[78.3975,9.7503],[78.2666,9.8497],[78.2007,9.8732]]]},"properties":{"OBJECTID":31,"ST_CODE":33,"ST_NAME":"TAMIL NADU","DT_CODE":23,"DIST_NAME":"SIVAGANGA","AC_NO":187,"AC_NAME":"Manamadurai(SC)","PC_NO":31,"PC_NAME":"SIVAGANGA","PC_ID":3331,"STATUS":"","Shape_Leng":2.71347562381,"Shape_Area":0.08089005958}},
{"type":"Feature","geometry":{"type":"Polygon","coordinates":[[[78.0837,9.758],[78.0878,9.6827],[78.0104,9.6395],[77.9819,9.5951],[78.0666,9.5522],[78.1385,9.5755],[78.1686,9.369],[78.2162,9.3006],[78.2808,9.2843],[78.3011,9.4421],[78.3253,9.514],[78.4174,9.5975],[78.3919,9.6507],[78.2105,9.7826],[78.1443,9.7836],[78.0837,9.758]]]},"properties":{"OBJECTID":35,"ST_CODE":33,"ST_NAME":"TAMIL NADU","DT_CODE":26,"DIST_NAME":"VIRUDHUNAGAR","AC_NO":208,"AC_NAME":"Tiruchuli","PC_NO":35,"PC_NAME":"RAMANATHAPURAM","PC_ID":3335,"STATUS":"","Shape_Leng":2.64387771085,"Shape_Area":0.10467499559}},
{"type":"Feature","geometry":{"type":"Polygon","coordinates":[[[77.7101,9.7053],[77.5372,9.66],[77.4754,9.563],[77.4024,9.5252],[77.4114,9.5075],[77.5307,9.5083],[77.5954,9.4325],[77.7014,9.458],[77.7231,9.5302],[77.7896,9.6393],[77.7101,9.7053]]]},"properties":{"OBJECTID":37,"ST_CODE":33,"ST_NAME":"TAMIL NADU","DT_CODE":26,"DIST_NAME":"VIRUDHUNAGAR","AC_NO":203,"AC_NAME":"Srivilliputhur(SC)","PC_NO":37,"PC_NAME":"TENKASI (SC)","PC_ID":3337,"STATUS":"","Shape_Leng":1.45108749941,"Shape_Area":0.05523943238}},
{"type":"Feature","geometry":{"type":"Polygon","coordinates":[[[77.7896,9.6393],[77.7231,9.5302],[77.7847,9.5326],[77.8519,9.4366],[77.8842,9.4275],[77.9512,9.4703],[77.9819,9.5951],[78.0104,9.6395],[77.7896,9.6393]]]},"properties":{"OBJECTID":34,"ST_CODE":33,"ST_NAME":"TAMIL NADU","DT_CODE":26,"DIST_NAME":"VIRUDHUNAGAR","AC_NO":206,"AC_NAME":"Virudhunagar","PC_NO":34,"PC_NAME":"VIRUDHUNAGAR","PC_ID":3334,"STATUS":"","Shape_Leng":1.14962918935,"Shape_Area":0.03620755806}},
{"type":"Feature","geometry":{"type":"Polygon","coordinates":[[[78.4174,9.5975],[78.3253,9.514],[78.3011,9.4421],[78.4487,9.4287],[78.4628,9.49],[78.6564,9.4286],[78.6838,9.3404],[78.7121,9.3518],[78.7431,9.3668],[78.8534,9.5349],[78.8189,9.5951],[78.6161,9.5374],[78.5018,9.6102],[78.4174,9.5975]]]},"properties":{"OBJECTID":35,"ST_CODE":33,"ST_NAME":"TAMIL NADU","DT_CODE":27,"DIST_NAME":"RAMANATHAPURAM","AC_NO":209,"AC_NAME":"Paramakudi (SC)","PC_NO":35,"PC_NAME":"RAMANATHAPURAM","PC_ID":3335,"STATUS":"","Shape_Leng":2.1464291841,"Shape_Area":0.07346302267}},
{"type":"Feature","geometry":{"type":"Polygon","coordinates":[[[77.9819,9.5951],[77.9512,9.4703],[77.8842,9.4275],[77.9547,9.3885],[77.9638,9.3148],[77.8554,9.2459],[77.9198,9.2029],[78.0084,9.2742],[78.0534,9.3609],[78.1686,9.369],[78.1385,9.5755],[78.0666,9.5522],[77.9819,9.5951]]]},"properties":{"OBJECTID":34,"ST_CODE":33,"ST_NAME":"TAMIL NADU","DT_CODE":26,"DIST_NAME":"VIRUDHUNAGAR","AC_NO":207,"AC_NAME":"Aruppukkottai","PC_NO":34,"PC_NAME":"VIRUDHUNAGAR","PC_ID":3334,"STATUS":"","Shape_Leng":1.79879798413,"Shape_Area":0.05896827727}},
{"type":"Feature","geometry":{"type":"Polygon","coordinates":[[[77.7231,9.5302],[77.7014,9.458],[77.7721,9.3971],[77.8519,9.4366],[77.7847,9.5326],[77.7231,9.5302]]]},"properties":{"OBJECTID":34,"ST_CODE":33,"ST_NAME":"TAMIL NADU","DT_CODE":26,"DIST_NAME":"VIRUDHUNAGAR","AC_NO":205,"AC_NAME":"Sivakasi","PC_NO":34,"PC_NAME":"VIRUDHUNAGAR","PC_ID":3334,"STATUS":"","Shape_Leng":0.62100644759,"Shape_Area":0.01448703258}},
{"type":"Feature","geometry":{"type":"Polygon","coordinates":[[[77.4114,9.5075],[77.3392,9.4202],[77.4413,9.3542],[77.5504,9.3713],[77.5954,9.4325],[77.5307,9.5083],[77.4114,9.5075]]]},"properties":{"OBJECTID":37,"ST_CODE":33,"ST_NAME":"TAMIL NADU","DT_CODE":26,"DIST_NAME":"VIRUDHUNAGAR","AC_NO":202,"AC_NAME":"Rajapalayam","PC_NO":37,"PC_NAME":"TENKASI (SC)","PC_ID":3337,"STATUS":"","Shape_Leng":0.95086629963,"Shape_Area":0.02841085538}},
{"type":"Feature","geometry":{"type":"Polygon","coordinates":[[[78.6838,9.3404],[78.6564,9.4286],[78.4628,9.49],[78.4487,9.4287],[78.3011,9.4421],[78.2808,9.2843],[78.2737,9.1417],[78.3853,9.0943],[78.4151,9.1141],[78.6574,9.1577],[78.7289,9.2096],[78.6705,9.2677],[78.6838,9.3404]]]},"properties":{"OBJECTID":35,"ST_CODE":33,"ST_NAME":"TAMIL NADU","DT_CODE":27,"DIST_NAME":"RAMANATHAPURAM","AC_NO":212,"AC_NAME":"Mudhukulathur","PC_NO":35,"PC_NAME":"RAMANATHAPURAM","PC_ID":3335,"STATUS":"","Shape_Leng":2.35835440447,"Shape_Area":0.12642929916}},
{"type":"Feature","geometry":{"type":"Polygon","coordinates":[[[77.7014,9.458],[77.5954,9.4325],[77.5504,9.3713],[77.5859,9.3097],[77.7117,9.2917],[77.7815,9.2392],[77.8473,9.2444],[77.8554,9.2459],[77.9638,9.3148],[77.9547,9.3885],[77.8842,9.4275],[77.8519,9.4366],[77.7721,9.3971],[77.7014,9.458]]]},"properties":{"OBJECTID":34,"ST_CODE":33,"ST_NAME":"TAMIL NADU","DT_CODE":26,"DIST_NAME":"VIRUDHUNAGAR","AC_NO":204,"AC_NAME":"Sattur","PC_NO":34,"PC_NAME":"VIRUDHUNAGAR","PC_ID":3334,"STATUS":"","Shape_Leng":1.55955232829,"Shape_Area":0.05299701188}},
{"type":"Feature","geometry":{"type":"Polygon","coordinates":[[[77.5504,9.3713],[77.4413,9.3542],[77.3392,9.4202],[77.2819,9.2731],[77.2708,9.2023],[77.4263,9.1338],[77.4111,9.0874],[77.4761,9.1195],[77.5707,9.2316],[77.5859,9.3097],[77.5504,9.3713]]]},"properties":{"OBJECTID":37,"ST_CODE":33,"ST_NAME":"TAMIL NADU","DT_CODE":29,"DIST_NAME":"TIRUNELVELI","AC_NO":220,"AC_NAME":"Vasudevanallur(SC)","PC_NO":37,"PC_NAME":"TENKASI (SC)","PC_ID":3337,"STATUS":"","Shape_Leng":1.57967318519,"Shape_Area":0.06100682667}},
{"type":"Feature","geometry":{"type":"Polygon","coordinates":[[[78.982,9.3604],[78.9058,9.3681],[78.8654,9.3196],[78.7121,9.3518],[78.6838,9.3404],[78.6705,9.2677],[78.7289,9.2096],[79.0665,9.298],[78.982,9.3604]]]},"properties":{"OBJECTID":35,"ST_CODE":33,"ST_NAME":"TAMIL NADU","DT_CODE":27,"DIST_NAME":"RAMANATHAPURAM","AC_NO":211,"AC_NAME":"Ramanathapuram","PC_NO":35,"PC_NAME":"RAMANATHAPURAM","PC_ID":3335,"STATUS":"","Shape_Leng":2.78782032597,"Shape_Area":0.04748149787}},
{"type":"Feature","geometry":{"type":"Polygon","coordinates":[[[78.1686,9.369],[78.0534,9.3609],[78.0084,9.2742],[77.9198,9.2029],[77.9126,9.146],[77.9714,9.0555],[77.9096,8.9687],[77.8486,8.9691],[77.9622,8.9383],[78.0265,8.9536],[78.185,8.9104],[78.22,8.9656],[78.3853,9.0943],[78.2737,9.1417],[78.2808,9.2843],[78.2162,9.3006],[78.1686,9.369]]]},"properties":{"OBJECTID":36,"ST_CODE":33,"ST_NAME":"TAMIL NADU","DT_CODE":28,"DIST_NAME":"THOOTHUKKUDI","AC_NO":213,"AC_NAME":"Vilathikulam","PC_NO":36,"PC_NAME":"THOOTHUKKUDI","PC_ID":3336,"STATUS":"","Shape_Leng":2.2394725274,"Shape_Area":0.13706775403}},
{"type":"Feature","geometry":{"type":"Polygon","coordinates":[[[77.8473,9.2444],[77.7815,9.2392],[77.7117,9.2917],[77.5859,9.3097],[77.5707,9.2316],[77.4761,9.1195],[77.4111,9.0874],[77.423,9.0269],[77.5547,9.0828],[77.6192,8.9477],[77.6964,8.927],[77.7232,9.0015],[77.6778,9.1065],[77.7442,9.1625],[77.8601,9.1966],[77.8473,9.2444]]]},"properties":{"OBJECTID":37,"ST_CODE":33,"ST_NAME":"TAMIL NADU","DT_CODE":29,"DIST_NAME":"TIRUNELVELI","AC_NO":219,"AC_NAME":"Sankarankovil(SC)","PC_NO":37,"PC_NAME":"TENKASI (SC)","PC_ID":3337,"STATUS":"","Shape_Leng":2.33389410655,"Shape_Area":0.07185333583}},
{"type":"Feature","geometry":{"type":"Polygon","coordinates":[[[77.8473,9.2444],[77.8601,9.1966],[77.7442,9.1625],[77.6778,9.1065],[77.7232,9.0015],[77.6964,8.927],[77.7891,8.8853],[77.8486,8.9691],[77.9096,8.9687],[77.9714,9.0555],[77.9126,9.146],[77.9198,9.2029],[77.8554,9.2459],[77.8473,9.2444]]]},"properties":{"OBJECTID":36,"ST_CODE":33,"ST_NAME":"TAMIL NADU","DT_CODE":28,"DIST_NAME":"THOOTHUKKUDI","AC_NO":218,"AC_NAME":"Kovilpatti","PC_NO":36,"PC_NAME":"THOOTHUKKUDI","PC_ID":3336,"STATUS":"","Shape_Leng":1.76682680393,"Shape_Area":0.05800908457}},
{"type":"Feature","geometry":{"type":"Polygon","coordinates":[[[77.4111,9.0874],[77.4263,9.1338],[77.2708,9.2023],[77.2077,9.0722],[77.1467,9.022],[77.2183,8.9184],[77.2183,8.9183],[77.2752,9.0018],[77.387,8.9748],[77.423,9.0269],[77.4111,9.0874]]]},"properties":{"OBJECTID":37,"ST_CODE":33,"ST_NAME":"TAMIL NADU","DT_CODE":29,"DIST_NAME":"TIRUNELVELI","AC_NO":221,"AC_NAME":"Kadayanallur","PC_NO":37,"PC_NAME":"TENKASI (SC)","PC_ID":3337,"STATUS":"","Shape_Leng":1.24030752273,"Shape_Area":0.0422491306}},
{"type":"Feature","geometry":{"type":"Polygon","coordinates":[[[77.6192,8.9477],[77.5547,9.0828],[77.423,9.0269],[77.387,8.9748],[77.2752,9.0018],[77.2183,8.9183],[77.2183,8.9182],[77.2563,8.8783],[77.2994,8.8797],[77.3876,8.8718],[77.5939,8.9411],[77.6192,8.9477]]]},"properties":{"OBJECTID":37,"ST_CODE":33,"ST_NAME":"TAMIL NADU","DT_CODE":29,"DIST_NAME":"TIRUNELVELI","AC_NO":222,"AC_NAME":"Tenkasi","PC_NO":37,"PC_NAME":"TENKASI (SC)","PC_ID":3337,"STATUS":"","Shape_Leng":1.54434828417,"Shape_Area":0.04102383944}},
{"type":"Feature","geometry":{"type":"Polygon","coordinates":[[[77.8486,8.9691],[77.7891,8.8853],[77.8197,8.8388],[77.8144,8.6638],[78.0263,8.6741],[78.0942,8.7127],[78.0918,8.8268],[78.1666,8.8261],[78.185,8.9104],[78.0265,8.9536],[77.9622,8.9383],[77.8486,8.9691]]]},"properties":{"OBJECTID":36,"ST_CODE":33,"ST_NAME":"TAMIL NADU","DT_CODE":28,"DIST_NAME":"THOOTHUKKUDI","AC_NO":217,"AC_NAME":"Ottapidaram(SC)","PC_NO":36,"PC_NAME":"THOOTHUKKUDI","PC_ID":3336,"STATUS":"","Shape_Leng":1.96219575827,"Shape_Area":0.08112804586}},
{"type":"Feature","geometry":{"type":"Polygon","coordinates":[[[77.6964,8.927],[77.6192,8.9477],[77.5939,8.9411],[77.5612,8.7051],[77.6573,8.6815],[77.6845,8.7139],[77.7427,8.7587],[77.8197,8.8388],[77.7891,8.8853],[77.6964,8.927]]]},"properties":{"OBJECTID":38,"ST_CODE":33,"ST_NAME":"TAMIL NADU","DT_CODE":29,"DIST_NAME":"TIRUNELVELI","AC_NO":224,"AC_NAME":"Tirunelveli","PC_NO":38,"PC_NAME":"TIRUNELVELI","PC_ID":3338,"STATUS":"","Shape_Leng":1.11089835494,"Shape_Area":0.04602331405}},
{"type":"Feature","geometry":{"type":"Polygon","coordinates":[[[77.5939,8.9411],[77.3876,8.8718],[77.2994,8.8797],[77.3008,8.7739],[77.4245,8.7583],[77.5612,8.7051],[77.5939,8.9411]]]},"properties":{"OBJECTID":37,"ST_CODE":33,"ST_NAME":"TAMIL NADU","DT_CODE":29,"DIST_NAME":"TIRUNELVELI","AC_NO":223,"AC_NAME":"Alangulam","PC_NO":37,"PC_NAME":"TENKASI (SC)","PC_ID":3337,"STATUS":"","Shape_Leng":1.38970645065,"Shape_Area":0.04629869967}},
{"type":"Feature","geometry":{"type":"Polygon","coordinates":[[[77.2994,8.8797],[77.2563,8.8783],[77.1998,8.77],[77.1832,8.7169],[77.2458,8.6164],[77.269,8.5789],[77.3341,8.5532],[77.3641,8.5304],[77.4378,8.5917],[77.6091,8.583],[77.6573,8.6815],[77.5612,8.7051],[77.4245,8.7583],[77.3008,8.7739],[77.2994,8.8797]]]},"properties":{"OBJECTID":38,"ST_CODE":33,"ST_NAME":"TAMIL NADU","DT_CODE":29,"DIST_NAME":"TIRUNELVELI","AC_NO":225,"AC_NAME":"Ambasamudram","PC_NO":38,"PC_NAME":"TIRUNELVELI","PC_ID":3338,"STATUS":"","Shape_Leng":1.70726404683,"Shape_Area":0.0759397828}},
{"type":"Feature","geometry":{"type":"Polygon","coordinates":[[[77.8197,8.8388],[77.7427,8.7587],[77.7925,8.7322],[77.7723,8.6719],[77.6845,8.7139],[77.6573,8.6815],[77.6091,8.583],[77.4378,8.5917],[77.3641,8.5304],[77.4458,8.4745],[77.5347,8.3605],[77.5706,8.4157],[77.7057,8.4401],[77.7767,8.3662],[77.8378,8.3802],[77.8144,8.6638],[77.8197,8.8388]]]},"properties":{"OBJECTID":38,"ST_CODE":33,"ST_NAME":"TAMIL NADU","DT_CODE":29,"DIST_NAME":"TIRUNELVELI","AC_NO":227,"AC_NAME":"Nanguneri","PC_NO":38,"PC_NAME":"TIRUNELVELI","PC_ID":3338,"STATUS":"","Shape_Leng":2.69627033181,"Shape_Area":0.09693381431}},
{"type":"Feature","geometry":{"type":"Polygon","coordinates":[[[78.1666,8.8261],[78.0918,8.8268],[78.0942,8.7127],[78.1599,8.7163],[78.1666,8.8261]]]},"properties":{"OBJECTID":36,"ST_CODE":33,"ST_NAME":"TAMIL NADU","DT_CODE":28,"DIST_NAME":"THOOTHUKKUDI","AC_NO":214,"AC_NAME":"Thoothukkudi","PC_NO":36,"PC_NAME":"THOOTHUKKUDI","PC_ID":3336,"STATUS":"","Shape_Leng":0.68748127111,"Shape_Area":0.00856316326}},
{"type":"Feature","geometry":{"type":"Polygon","coordinates":[[[77.7427,8.7587],[77.6845,8.7139],[77.7723,8.6719],[77.7925,8.7322],[77.7427,8.7587]]]},"properties":{"OBJECTID":38,"ST_CODE":33,"ST_NAME":"TAMIL NADU","DT_CODE":29,"DIST_NAME":"TIRUNELVELI","AC_NO":226,"AC_NAME":"Palayamkottai","PC_NO":38,"PC_NAME":"TIRUNELVELI","PC_ID":3338,"STATUS":"","Shape_Leng":0.38377915241,"Shape_Area":0.0057937238}},
{"type":"Feature","geometry":{"type":"Polygon","coordinates":[[[78.1599,8.7163],[78.0942,8.7127],[78.0263,8.6741],[77.8144,8.6638],[77.8378,8.3802],[77.9131,8.3236],[77.9735,8.3375],[78.0066,8.3559],[77.963,8.4506],[77.9906,8.6156],[78.1379,8.6534],[78.1599,8.7163]]]},"properties":{"OBJECTID":36,"ST_CODE":33,"ST_NAME":"TAMIL NADU","DT_CODE":28,"DIST_NAME":"THOOTHUKKUDI","AC_NO":216,"AC_NAME":"Srivaikuntam","PC_NO":36,"PC_NAME":"THOOTHUKKUDI","PC_ID":3336,"STATUS":"","Shape_Leng":1.983052743,"Shape_Area":0.06262592887}},
{"type":"Feature","geometry":{"type":"Polygon","coordinates":[[[78.1379,8.6534],[77.9906,8.6156],[77.963,8.4506],[78.0066,8.3559],[78.1433,8.5017],[78.1379,8.6534]]]},"properties":{"OBJECTID":36,"ST_CODE":33,"ST_NAME":"TAMIL NADU","DT_CODE":28,"DIST_NAME":"THOOTHUKKUDI","AC_NO":215,"AC_NAME":"Tiruchendur","PC_NO":36,"PC_NAME":"THOOTHUKKUDI","PC_ID":3336,"STATUS":"","Shape_Leng":0.98386030525,"Shape_Area":0.03583687523}},
{"type":"Feature","geometry":{"type":"Polygon","coordinates":[[[77.3341,8.5532],[77.269,8.5789],[77.2619,8.5065],[77.1607,8.3741],[77.1771,8.3261],[77.2462,8.2678],[77.2533,8.3018],[77.2471,8.3475],[77.2598,8.3957],[77.2756,8.4031],[77.3341,8.5532]]]},"properties":{"OBJECTID":39,"ST_CODE":33,"ST_NAME":"TAMIL NADU","DT_CODE":30,"DIST_NAME":"KANNIYAKUMARI","AC_NO":233,"AC_NAME":"Vilavancode","PC_NO":39,"PC_NAME":"KANNIYAKUMARI","PC_ID":3339,"STATUS":"","Shape_Leng":1.00544066754,"Shape_Area":0.02274644623}},
{"type":"Feature","geometry":{"type":"MultiPolygon","coordinates":[[[[77.3306,8.1359],[77.3042,8.1367],[77.3372,8.1259],[77.3306,8.1359]]],[[[77.3641,8.5304],[77.3341,8.5532],[77.2756,8.4031],[77.2598,8.3957],[77.2471,8.3475],[77.2533,8.3018],[77.2723,8.231],[77.2706,8.2132],[77.3953,8.2526],[77.4016,8.3616],[77.3907,8.3739],[77.4458,8.4745],[77.3641,8.5304]]]]},"properties":{"OBJECTID":39,"ST_CODE":33,"ST_NAME":"TAMIL NADU","DT_CODE":30,"DIST_NAME":"KANNIYAKUMARI","AC_NO":232,"AC_NAME":"Padmanabhapuram","PC_NO":39,"PC_NAME":"KANNIYAKUMARI","PC_ID":3339,"STATUS":"","Shape_Leng":1.20967621008,"Shape_Area":0.03921588355}},
{"type":"Feature","geometry":{"type":"Polygon","coordinates":[[[77.5347,8.3605],[77.4458,8.4745],[77.3907,8.3739],[77.4016,8.3616],[77.3953,8.2526],[77.3948,8.2272],[77.4685,8.1971],[77.4115,8.1036],[77.5559,8.0766],[77.5898,8.1403],[77.5392,8.1627],[77.5641,8.2793],[77.5347,8.3605]]]},"properties":{"OBJECTID":39,"ST_CODE":33,"ST_NAME":"TAMIL NADU","DT_CODE":30,"DIST_NAME":"KANNIYAKUMARI","AC_NO":229,"AC_NAME":"Kanniyakumari","PC_NO":39,"PC_NAME":"KANNIYAKUMARI","PC_ID":3339,"STATUS":"","Shape_Leng":1.42752192321,"Shape_Area":0.04529765582}},
{"type":"Feature","geometry":{"type":"Polygon","coordinates":[[[77.8378,8.3802],[77.7767,8.3662],[77.7057,8.4401],[77.5706,8.4157],[77.5347,8.3605],[77.5641,8.2793],[77.5392,8.1627],[77.5898,8.1403],[77.7937,8.1623],[77.8411,8.2517],[77.9735,8.3375],[77.9131,8.3236],[77.8378,8.3802]]]},"properties":{"OBJECTID":38,"ST_CODE":33,"ST_NAME":"TAMIL NADU","DT_CODE":29,"DIST_NAME":"TIRUNELVELI","AC_NO":228,"AC_NAME":"Radhapuram","PC_NO":38,"PC_NAME":"TIRUNELVELI","PC_ID":3338,"STATUS":"","Shape_Leng":1.77541577343,"Shape_Area":0.07747628376}},
{"type":"Feature","geometry":{"type":"Polygon","coordinates":[[[77.1771,8.3261],[77.1484,8.3322],[77.0978,8.2925],[77.2275,8.19],[77.2706,8.2132],[77.2723,8.231],[77.2462,8.2678],[77.1771,8.3261]]]},"properties":{"OBJECTID":39,"ST_CODE":33,"ST_NAME":"TAMIL NADU","DT_CODE":30,"DIST_NAME":"KANNIYAKUMARI","AC_NO":234,"AC_NAME":"Killiyoor","PC_NO":39,"PC_NAME":"KANNIYAKUMARI","PC_ID":3339,"STATUS":"","Shape_Leng":0.57126403677,"Shape_Area":0.01022219038}},
{"type":"Feature","geometry":{"type":"MultiPolygon","coordinates":[[[[77.3948,8.2272],[77.3953,8.2526],[77.2706,8.2132],[77.2275,8.19],[77.3042,8.1367],[77.3306,8.1359],[77.3948,8.2272]]],[[[77.2723,8.231],[77.2533,8.3018],[77.2462,8.2678],[77.2723,8.231]]]]},"properties":{"OBJECTID":39,"ST_CODE":33,"ST_NAME":"TAMIL NADU","DT_CODE":30,"DIST_NAME":"KANNIYAKUMARI","AC_NO":231,"AC_NAME":"Colachel","PC_NO":39,"PC_NAME":"KANNIYAKUMARI","PC_ID":3339,"STATUS":"","Shape_Leng":0.80329083644,"Shape_Area":0.01261110677}},
{"type":"Feature","geometry":{"type":"Polygon","coordinates":[[[77.4115,8.1036],[77.4685,8.1971],[77.3948,8.2272],[77.3306,8.1359],[77.3372,8.1259],[77.4115,8.1036]]]},"properties":{"OBJECTID":39,"ST_CODE":33,"ST_NAME":"TAMIL NADU","DT_CODE":30,"DIST_NAME":"KANNIYAKUMARI","AC_NO":230,"AC_NAME":"Nagercoil","PC_NO":39,"PC_NAME":"KANNIYAKUMARI","PC_ID":3339,"STATUS":"","Shape_Leng":0.51774473074,"Shape_Area":0.00862920062}},
{"type":"Feature","geometry":{"type":"Polygon","coordinates":[[[79.7481,10.9964],[79.515,10.9708],[79.4882,10.8894],[79.4013,10.8927],[79.3237,10.9247],[79.3025,10.8241],[79.3728,10.8018],[79.4411,10.7788],[79.4537,10.8221],[79.6361,10.8161],[79.6682,10.9138],[79.7449,10.9146],[79.7627,10.9621],[79.7481,10.9964]]]},"properties":{"OBJECTID":29,"ST_CODE":33,"ST_NAME":"TAMIL NADU","DT_CODE":20,"DIST_NAME":"THIRUVARUR","AC_NO":169,"AC_NAME":"Nannilam","PC_NO":29,"PC_NAME":"NAGAPATTINAM (SC)","PC_ID":3329,"STATUS":"","Shape_Leng":1.4536966282,"Shape_Area":0.03336856379}}
]}