{"type":"FeatureCollection", "features": [
{"type":"Feature","geometry":{"type":"Polygon","coordinates":[[[78.1857,26.7856],[78.176,26.7397],[78.2369,26.6805],[78.2882,26.7278],[78.3584,26.6871],[78.3823,26.6039],[78.4218,26.5943],[78.4713,26.6798],[78.5232,26.6864],[78.5455,26.7636],[78.3989,26.8185],[78.3626,26.8692],[78.1681,26.8137],[78.1857,26.7856]]]},"properties":{"AC_NO":8,"AC_NAME":"Ambah (SC)","district":"MORENA","PC_NO":1,"PC_NAME":"MORENA"}},
{"type":"Feature","geometry":{"type":"Polygon","coordinates":[[[78.1857,26.7856],[78.1064,26.7903],[78.0957,26.6803],[78.002,26.6947],[77.9427,26.6581],[77.9571,26.5592],[78.0497,26.5485],[78.135,26.509],[78.1643,26.5403],[78.2229,26.5062],[78.2389,26.5454],[78.3108,26.5505],[78.3839,26.5845],[78.3823,26.6039],[78.3584,26.6871],[78.2882,26.7278],[78.2369,26.6805],[78.176,26.7397],[78.1857,26.7856]]]},"properties":{"AC_NO":7,"AC_NAME":"Dimani","district":"MORENA","PC_NO":1,"PC_NAME":"MORENA"}},
{"type":"Feature","geometry":{"type":"Polygon","coordinates":[[[78.5455,26.7636],[78.5232,26.6864],[78.6714,26.4995],[78.7474,26.5016],[78.7368,26.5463],[78.7767,26.5956],[78.8662,26.607],[78.9383,26.5318],[79.0105,26.5544],[79.0087,26.6647],[78.9123,26.7068],[78.8723,26.6978],[78.8182,26.7615],[78.7219,26.7963],[78.6732,26.7644],[78.5455,26.7636]]]},"properties":{"AC_NO":9,"AC_NAME":"Ater","district":"BHIND","PC_NO":2,"PC_NAME":"BHIND (SC)"}},
{"type":"Feature","geometry":{"type":"Polygon","coordinates":[[[78.7556,26.2657],[78.8248,26.2825],[78.9537,26.3133],[79.0088,26.3771],[78.9452,26.4301],[78.8145,26.4591],[78.7474,26.5016],[78.6714,26.4995],[78.5232,26.6864],[78.4713,26.6798],[78.4218,26.5943],[78.3823,26.6039],[78.3839,26.5845],[78.4104,26.522],[78.5734,26.4157],[78.5523,26.3827],[78.6191,26.3297],[78.7556,26.2657]]]},"properties":{"AC_NO":12,"AC_NAME":"Mehgaon","district":"BHIND","PC_NO":2,"PC_NAME":"BHIND (SC)"}},
{"type":"Feature","geometry":{"type":"Polygon","coordinates":[[[77.9427,26.6581],[77.8956,26.6157],[77.8269,26.5935],[77.8245,26.5509],[77.7398,26.5377],[77.7818,26.4627],[77.7853,26.3794],[77.8384,26.3532],[77.8435,26.3001],[77.8991,26.2281],[77.9878,26.2472],[78.005,26.3256],[77.9873,26.3767],[78.008,26.5353],[78.0497,26.5485],[77.9571,26.5592],[77.9427,26.6581]]]},"properties":{"AC_NO":5,"AC_NAME":"Sumawali","district":"MORENA","PC_NO":1,"PC_NAME":"MORENA"}},
{"type":"Feature","geometry":{"type":"Polygon","coordinates":[[[79.0105,26.5544],[78.9383,26.5318],[78.8662,26.607],[78.7767,26.5956],[78.7368,26.5463],[78.7474,26.5016],[78.8145,26.4591],[78.9452,26.4301],[79.0088,26.3771],[79.0982,26.4124],[79.0715,26.478],[79.0105,26.5544]]]},"properties":{"AC_NO":10,"AC_NAME":"Bhind","district":"BHIND","PC_NO":2,"PC_NAME":"BHIND (SC)"}},
{"type":"Feature","geometry":{"type":"Polygon","coordinates":[[[78.6265,26.1573],[78.6951,26.1638],[78.6956,26.2151],[78.7556,26.2657],[78.6191,26.3297],[78.5523,26.3827],[78.5734,26.4157],[78.4104,26.522],[78.3839,26.5845],[78.3108,26.5505],[78.2389,26.5454],[78.2229,26.5062],[78.291,26.4388],[78.2644,26.3367],[78.3301,26.3474],[78.4211,26.3309],[78.4402,26.2603],[78.5174,26.2273],[78.6271,26.2036],[78.6265,26.1573]]]},"properties":{"AC_NO":13,"AC_NAME":"Gohad (SC)","district":"BHIND","PC_NO":2,"PC_NAME":"BHIND (SC)"}},
{"type":"Feature","geometry":{"type":"Polygon","coordinates":[[[78.0497,26.5485],[78.008,26.5353],[77.9873,26.3767],[78.005,26.3256],[78.1504,26.3415],[78.2232,26.3031],[78.2644,26.3367],[78.291,26.4388],[78.2229,26.5062],[78.1643,26.5403],[78.135,26.509],[78.0497,26.5485]]]},"properties":{"AC_NO":6,"AC_NAME":"Morena","district":"MORENA","PC_NO":1,"PC_NAME":"MORENA"}},
{"type":"Feature","geometry":{"type":"Polygon","coordinates":[[[77.8991,26.2281],[77.8435,26.3001],[77.8384,26.3532],[77.7853,26.3794],[77.7818,26.4627],[77.7398,26.5377],[77.6136,26.4526],[77.5046,26.4084],[77.5371,26.3427],[77.6008,26.3659],[77.6186,26.2706],[77.5816,26.2309],[77.6255,26.1413],[77.5079,26.1123],[77.4841,26.0853],[77.5868,26.0116],[77.653,26.0077],[77.6691,25.9718],[77.728,26.0461],[77.7753,26.0483],[77.7438,26.1618],[77.816,26.2547],[77.8991,26.2281]]]},"properties":{"AC_NO":4,"AC_NAME":"Joura","district":"MORENA","PC_NO":1,"PC_NAME":"MORENA"}},
{"type":"Feature","geometry":{"type":"Polygon","coordinates":[[[77.5046,26.4084],[77.4484,26.3682],[77.3303,26.3436],[77.2708,26.2672],[77.1993,26.2297],[77.1146,26.2175],[77.2488,26.0858],[77.3155,26.1424],[77.4025,26.1519],[77.4841,26.0853],[77.5079,26.1123],[77.6255,26.1413],[77.5816,26.2309],[77.6186,26.2706],[77.6008,26.3659],[77.5371,26.3427],[77.5046,26.4084]]]},"properties":{"AC_NO":3,"AC_NAME":"Sabalgarh","district":"MORENA","PC_NO":1,"PC_NAME":"MORENA"}},
{"type":"Feature","geometry":{"type":"Polygon","coordinates":[[[78.7744,26.017],[78.7809,25.9636],[78.8413,25.9505],[78.8832,25.9089],[78.9363,25.9523],[78.948,26.0271],[79.012,26.0829],[78.9583,26.1279],[78.9833,26.1842],[79.0282,26.2037],[79.0641,26.277],[79.1155,26.3205],[79.0982,26.4124],[79.0088,26.3771],[78.9537,26.3133],[78.8248,26.2825],[78.79,26.2236],[78.8455,26.1116],[78.7744,26.017]]]},"properties":{"AC_NO":11,"AC_NAME":"Lahar","district":"BHIND","PC_NO":2,"PC_NAME":"BHIND (SC)"}},
{"type":"Feature","geometry":{"type":"Polygon","coordinates":[[[78.005,26.3256],[77.9878,26.2472],[77.9527,26.1846],[78.0373,26.19],[78.175,26.035],[78.2236,26.0496],[78.2284,26.1071],[78.3176,26.1038],[78.3702,26.1331],[78.6119,26.1108],[78.6265,26.1573],[78.6271,26.2036],[78.5174,26.2273],[78.4402,26.2603],[78.4211,26.3309],[78.3301,26.3474],[78.2644,26.3367],[78.2232,26.3031],[78.1504,26.3415],[78.005,26.3256]],[[78.1889,26.2497],[78.1744,26.1819],[78.129,26.1895],[78.134,26.2594],[78.1889,26.2497]]]},"properties":{"AC_NO":14,"AC_NAME":"Gwalior Rural","district":"GWALIOR","PC_NO":3,"PC_NAME":"GWALIOR"}},
{"type":"Feature","geometry":{"type":"Polygon","coordinates":[[[78.7744,26.017],[78.8455,26.1116],[78.79,26.2236],[78.8248,26.2825],[78.7556,26.2657],[78.6956,26.2151],[78.6951,26.1638],[78.6265,26.1573],[78.6119,26.1108],[78.6034,26.0466],[78.5426,25.9736],[78.4841,25.9638],[78.4721,25.9105],[78.3885,25.8374],[78.4963,25.7814],[78.5793,25.8089],[78.621,25.7928],[78.6629,25.9258],[78.729,25.9495],[78.7744,26.017]]]},"properties":{"AC_NO":20,"AC_NAME":"Sewda","district":"DATIA","PC_NO":2,"PC_NAME":"BHIND (SC)"}},
{"type":"Feature","geometry":{"type":"Polygon","coordinates":[[[78.129,26.1895],[78.163,26.2134],[78.1889,26.2497],[78.134,26.2594],[78.129,26.1895]]]},"properties":{"AC_NO":15,"AC_NAME":"Gwalior","district":"GWALIOR","PC_NO":3,"PC_NAME":"GWALIOR"}},
{"type":"Feature","geometry":{"type":"Polygon","coordinates":[[[77.9878,26.2472],[77.8991,26.2281],[77.816,26.2547],[77.7438,26.1618],[77.7753,26.0483],[77.728,26.0461],[77.6691,25.9718],[77.6798,25.9141],[77.7043,25.879],[77.7852,25.8547],[77.8665,25.8076],[77.8832,25.7354],[77.933,25.7508],[78.0527,25.7091],[78.211,25.7374],[78.2528,25.7709],[78.1856,25.8053],[78.1884,25.8535],[78.1363,25.8874],[78.1935,25.9398],[78.2343,25.9196],[78.2859,25.9887],[78.2236,26.0496],[78.175,26.035],[78.0373,26.19],[77.9527,26.1846],[77.9878,26.2472]]]},"properties":{"AC_NO":18,"AC_NAME":"Bhitarwar","district":"GWALIOR","PC_NO":3,"PC_NAME":"GWALIOR"}},
{"type":"Feature","geometry":{"type":"Polygon","coordinates":[[[78.1889,26.2497],[78.163,26.2134],[78.1744,26.1819],[78.1889,26.2497]]]},"properties":{"AC_NO":16,"AC_NAME":"Gwalior East","district":"GWALIOR","PC_NO":3,"PC_NAME":"GWALIOR"}},
{"type":"Feature","geometry":{"type":"Polygon","coordinates":[[[77.6691,25.9718],[77.653,26.0077],[77.5868,26.0116],[77.4841,26.0853],[77.4025,26.1519],[77.3155,26.1424],[77.2488,26.0858],[77.1146,26.2175],[76.9988,26.1299],[76.9108,26.1073],[76.8364,26.0071],[76.8844,25.9592],[76.9391,25.8254],[76.9048,25.7342],[76.8447,25.7454],[76.7925,25.6884],[76.845,25.6631],[76.7959,25.5675],[76.891,25.5443],[76.8695,25.4433],[76.7938,25.4159],[76.7099,25.4243],[76.6492,25.3692],[76.7768,25.3156],[76.8532,25.3324],[76.9576,25.2841],[77.0315,25.2945],[77.0827,25.3358],[77.1787,25.5118],[77.2949,25.5304],[77.2572,25.5831],[77.2834,25.6297],[77.2767,25.7197],[77.3394,25.7843],[77.4179,25.7833],[77.407,25.8799],[77.4435,25.8904],[77.5577,25.8115],[77.5812,25.8634],[77.6375,25.8664],[77.6798,25.9141],[77.6691,25.9718]]]},"properties":{"AC_NO":2,"AC_NAME":"Vijaypur","district":"SHEOPUR","PC_NO":1,"PC_NAME":"MORENA"}},
{"type":"Feature","geometry":{"type":"Polygon","coordinates":[[[78.1744,26.1819],[78.163,26.2134],[78.129,26.1895],[78.1744,26.1819]]]},"properties":{"AC_NO":17,"AC_NAME":"Gwalior South","district":"GWALIOR","PC_NO":3,"PC_NAME":"GWALIOR"}},
{"type":"Feature","geometry":{"type":"Polygon","coordinates":[[[78.6119,26.1108],[78.3702,26.1331],[78.3176,26.1038],[78.2284,26.1071],[78.2236,26.0496],[78.2859,25.9887],[78.2343,25.9196],[78.1935,25.9398],[78.1363,25.8874],[78.1884,25.8535],[78.1856,25.8053],[78.2528,25.7709],[78.2768,25.7822],[78.328,25.8333],[78.3885,25.8374],[78.4721,25.9105],[78.4841,25.9638],[78.5426,25.9736],[78.6034,26.0466],[78.6119,26.1108]]]},"properties":{"AC_NO":19,"AC_NAME":"Dabra (SC)","district":"GWALIOR","PC_NO":3,"PC_NAME":"GWALIOR"}},
{"type":"Feature","geometry":{"type":"Polygon","coordinates":[[[76.8364,26.0071],[76.7907,25.9431],[76.7117,25.8998],[76.6414,25.908],[76.5343,25.8181],[76.5045,25.6733],[76.517,25.5268],[76.6235,25.3768],[76.6492,25.3692],[76.7099,25.4243],[76.7938,25.4159],[76.8695,25.4433],[76.891,25.5443],[76.7959,25.5675],[76.845,25.6631],[76.7925,25.6884],[76.8447,25.7454],[76.9048,25.7342],[76.9391,25.8254],[76.8844,25.9592],[76.8364,26.0071]]]},"properties":{"AC_NO":1,"AC_NAME":"Sheopur","district":"SHEOPUR","PC_NO":1,"PC_NAME":"MORENA"}},
{"type":"Feature","geometry":{"type":"Polygon","coordinates":[[[77.933,25.7508],[77.8832,25.7354],[77.8665,25.8076],[77.7852,25.8547],[77.7043,25.879],[77.6798,25.9141],[77.6375,25.8664],[77.5812,25.8634],[77.5577,25.8115],[77.4435,25.8904],[77.407,25.8799],[77.4179,25.7833],[77.3394,25.7843],[77.2767,25.7197],[77.2834,25.6297],[77.2572,25.5831],[77.2949,25.5304],[77.1787,25.5118],[77.0827,25.3358],[77.2091,25.3062],[77.234,25.3783],[77.3149,25.4315],[77.3669,25.4012],[77.4779,25.3709],[77.452,25.4416],[77.4954,25.4954],[77.5443,25.4704],[77.7065,25.4649],[77.8586,25.5243],[78.0392,25.5716],[77.901,25.6445],[77.9365,25.6911],[77.933,25.7508]]]},"properties":{"AC_NO":24,"AC_NAME":"Pohari","district":"SHIVPURI","PC_NO":3,"PC_NAME":"GWALIOR"}},
{"type":"Feature","geometry":{"type":"Polygon","coordinates":[[[78.2768,25.7822],[78.2473,25.722],[78.3432,25.6583],[78.449,25.5641],[78.5316,25.571],[78.5029,25.5842],[78.5482,25.7032],[78.4963,25.7814],[78.3885,25.8374],[78.328,25.8333],[78.2768,25.7822]]]},"properties":{"AC_NO":22,"AC_NAME":"Datia","district":"DATIA","PC_NO":2,"PC_NAME":"BHIND (SC)"}},
{"type":"Feature","geometry":{"type":"Polygon","coordinates":[[[78.8265,25.255],[78.8195,25.3068],[78.8801,25.3856],[78.9386,25.3469],[78.9702,25.3898],[78.9089,25.4423],[78.9441,25.4827],[78.9441,25.5563],[78.8851,25.5546],[78.8665,25.4658],[78.7965,25.483],[78.7711,25.4226],[78.7141,25.3725],[78.6589,25.3855],[78.6412,25.4335],[78.5413,25.3458],[78.5312,25.3001],[78.5802,25.1912],[78.6564,25.2091],[78.7052,25.1851],[78.7305,25.2619],[78.8265,25.255]]]},"properties":{"AC_NO":46,"AC_NAME":"Niwari","district":"NIWARI","PC_NO":6,"PC_NAME":"TIKAMGARH(SC)"}},
{"type":"Feature","geometry":{"type":"Polygon","coordinates":[[[77.4779,25.3709],[77.5636,25.2967],[77.6565,25.3183],[77.7929,25.2744],[77.8796,25.0823],[77.9999,25.1363],[78.0169,25.1952],[78.0972,25.2369],[78.0836,25.3161],[78.1925,25.3718],[77.9398,25.3639],[77.8707,25.4315],[77.8586,25.5243],[77.7065,25.4649],[77.5443,25.4704],[77.4954,25.4954],[77.452,25.4416],[77.4779,25.3709]]]},"properties":{"AC_NO":25,"AC_NAME":"Shivpuri","district":"SHIVPURI","PC_NO":4,"PC_NAME":"GUNA"}},
{"type":"Feature","geometry":{"type":"Polygon","coordinates":[[[77.3669,25.4012],[77.3501,25.3804],[77.4115,25.2236],[77.3941,25.1198],[77.3108,25.0799],[77.3707,24.9253],[77.4179,24.9502],[77.4786,24.8767],[77.5641,24.8724],[77.5742,24.9462],[77.707,24.8515],[77.8683,24.9995],[77.8796,25.0823],[77.7929,25.2744],[77.6565,25.3183],[77.5636,25.2967],[77.4779,25.3709],[77.3669,25.4012]]]},"properties":{"AC_NO":27,"AC_NAME":"Kolaras","district":"SHIVPURI","PC_NO":4,"PC_NAME":"GUNA"}},
{"type":"Feature","geometry":{"type":"Polygon","coordinates":[[[77.8796,25.0823],[77.8683,24.9995],[78.0184,24.9552],[77.9697,24.8715],[78.1128,24.8357],[78.1751,24.8456],[78.1732,24.8787],[78.3326,24.9942],[78.3385,25.0858],[78.3842,25.1024],[78.4237,25.169],[78.3722,25.2595],[78.3117,25.3031],[78.3199,25.3836],[78.1925,25.3718],[78.0836,25.3161],[78.0972,25.2369],[78.0169,25.1952],[77.9999,25.1363],[77.8796,25.0823]]]},"properties":{"AC_NO":26,"AC_NAME":"Pichhore","district":"SHIVPURI","PC_NO":4,"PC_NAME":"GUNA"}},
{"type":"Feature","geometry":{"type":"Polygon","coordinates":[[[80.2735,25.0261],[80.3555,25.0556],[80.3548,25.1385],[80.4306,25.1732],[80.4076,25.2178],[80.3111,25.2862],[80.3149,25.3904],[80.2885,25.4171],[80.1267,25.3404],[80.0336,25.3423],[79.9742,25.2647],[80.0946,25.1965],[80.0244,25.0961],[79.9693,25.07],[79.9656,25.0097],[80.0261,24.985],[80.0513,24.938],[80.1499,24.9347],[80.2735,25.0261]]]},"properties":{"AC_NO":49,"AC_NAME":"Chandla (SC)","district":"CHHATARPUR","PC_NO":8,"PC_NAME":"KHAJURAHO"}},
{"type":"Feature","geometry":{"type":"Polygon","coordinates":[[[78.5802,25.1912],[78.6024,25.0944],[78.6526,25.0502],[78.6365,24.9592],[78.6764,24.8984],[78.774,24.8511],[78.8876,24.8545],[78.9138,24.9084],[78.9118,24.9974],[78.8154,25.0068],[78.7709,25.0376],[78.8841,25.1587],[78.8706,25.1869],[78.961,25.345],[78.863,25.3144],[78.8265,25.255],[78.7305,25.2619],[78.7052,25.1851],[78.6564,25.2091],[78.5802,25.1912]]]},"properties":{"AC_NO":45,"AC_NAME":"Prithvipur","district":"NIWARI","PC_NO":6,"PC_NAME":"TIKAMGARH(SC)"}},
{"type":"Feature","geometry":{"type":"Polygon","coordinates":[[[79.8418,25.0955],[79.7493,25.1394],[79.6732,25.1203],[79.5606,25.1701],[79.5252,25.0974],[79.3929,25.1168],[79.3901,25.1702],[79.4392,25.1975],[79.4462,25.2442],[79.3687,25.2924],[79.3522,25.3299],[79.2699,25.3086],[79.3437,25.2272],[79.2837,25.1928],[79.3233,25.1498],[79.338,25.0914],[79.3322,24.9972],[79.4139,25.0088],[79.4884,24.9924],[79.6855,25.0309],[79.6909,24.9574],[79.7847,24.9762],[79.7731,25.0383],[79.8203,25.0457],[79.8418,25.0955]]]},"properties":{"AC_NO":48,"AC_NAME":"Maharajpur","district":"CHHATARPUR","PC_NO":6,"PC_NAME":"TIKAMGARH(SC)"}},
{"type":"Feature","geometry":{"type":"Polygon","coordinates":[[[78.8841,25.1587],[78.7709,25.0376],[78.8154,25.0068],[78.9118,24.9974],[78.9138,24.9084],[78.8876,24.8545],[78.9582,24.8474],[79.0213,24.8792],[79.07,24.9415],[79.2023,25.0724],[79.338,25.0914],[79.3233,25.1498],[79.3081,25.1298],[79.1732,25.1077],[79.0716,25.1704],[79.0636,25.2216],[78.9947,25.2729],[78.9707,25.2163],[78.8841,25.1587]]]},"properties":{"AC_NO":44,"AC_NAME":"Jatara (SC)","district":"TIKAMGARH","PC_NO":6,"PC_NAME":"TIKAMGARH(SC)"}},
{"type":"Feature","geometry":{"type":"Polygon","coordinates":[[[80.0513,24.938],[80.0261,24.985],[79.9656,25.0097],[79.9693,25.07],[80.0244,25.0961],[80.0946,25.1965],[79.9742,25.2647],[79.853,25.2248],[79.8702,25.1724],[79.8418,25.0955],[79.8203,25.0457],[79.7731,25.0383],[79.7847,24.9762],[79.6909,24.9574],[79.7311,24.8826],[79.6944,24.8539],[79.7076,24.775],[79.817,24.7825],[79.8166,24.688],[79.8722,24.6551],[79.9926,24.7244],[80.0776,24.7984],[80.0329,24.9218],[80.0513,24.938]]]},"properties":{"AC_NO":50,"AC_NAME":"Rajnagar","district":"CHHATARPUR","PC_NO":8,"PC_NAME":"KHAJURAHO"}},
{"type":"Feature","geometry":{"type":"Polygon","coordinates":[[[75.2194,24.7028],[75.1929,24.7733],[75.2484,24.8302],[75.3181,24.8603],[75.2677,24.8998],[75.337,24.9551],[75.333,25.0414],[75.1924,25.0335],[75.1137,24.9666],[75.1168,24.8778],[75.0338,24.8445],[74.9587,24.858],[74.8592,24.9623],[74.8256,24.8996],[74.8606,24.7986],[74.9729,24.7634],[74.9929,24.6926],[74.93,24.6352],[74.8768,24.6427],[74.8307,24.7272],[74.784,24.7272],[74.7725,24.6609],[74.8038,24.6337],[74.771,24.5787],[74.8593,24.5473],[74.9637,24.5765],[75.0562,24.5413],[75.1115,24.5416],[75.1351,24.6156],[75.1286,24.6716],[75.2194,24.7028]]]},"properties":{"AC_NO":230,"AC_NAME":"Jawad","district":"NEEMUCH","PC_NO":23,"PC_NAME":"MANDSOUR"}},
{"type":"Feature","geometry":{"type":"Polygon","coordinates":[[[81.9529,24.8414],[81.9031,24.8919],[81.92,24.928],[81.8911,24.9958],[81.7076,25.0351],[81.5971,25.119],[81.5702,25.192],[81.5146,25.1737],[81.4842,25.1229],[81.4287,25.1047],[81.4293,25.0148],[81.5115,25.0057],[81.5241,24.9273],[81.5648,24.8927],[81.6285,24.8678],[81.7477,24.9243],[81.7539,24.8708],[81.7962,24.8495],[81.8382,24.7561],[81.8329,24.7967],[81.889,24.8367],[81.9529,24.8414]]]},"properties":{"AC_NO":70,"AC_NAME":"Teonthar","district":"REWA","PC_NO":10,"PC_NAME":"REWA"}},
{"type":"Feature","geometry":{"type":"Polygon","coordinates":[[[81.1229,24.8993],[81.0845,24.9499],[80.861,24.9288],[80.8099,24.9526],[80.8778,25.0651],[80.8366,25.1336],[80.735,25.1395],[80.7255,25.0915],[80.5924,25.1033],[80.5308,25.0014],[80.4774,24.9763],[80.5389,24.9005],[80.6303,24.8649],[80.5605,24.8149],[80.6044,24.7512],[80.6644,24.7933],[80.7473,24.7984],[80.87,24.7551],[80.8981,24.7208],[80.9439,24.6934],[80.9868,24.7645],[81.055,24.7839],[81.1229,24.8993]]]},"properties":{"AC_NO":61,"AC_NAME":"Chitrakoot","district":"SATNA","PC_NO":9,"PC_NAME":"SATNA"}},
{"type":"Feature","geometry":{"type":"Polygon","coordinates":[[[77.5641,24.8724],[77.4786,24.8767],[77.4179,24.9502],[77.3707,24.9253],[77.3108,25.0799],[77.2702,25.116],[77.1742,25.1117],[77.0845,25.0542],[76.9999,25.0747],[76.8762,25.0411],[76.8624,24.9608],[76.9493,24.8691],[76.8029,24.8092],[76.8665,24.7456],[76.9619,24.7571],[77.0268,24.7142],[77.0654,24.6414],[77.2177,24.5685],[77.3028,24.6775],[77.3348,24.6834],[77.3784,24.7563],[77.4828,24.7116],[77.4977,24.6639],[77.5554,24.7279],[77.5249,24.8417],[77.5519,24.8635],[77.5641,24.8724]]]},"properties":{"AC_NO":28,"AC_NAME":"Bamori","district":"GUNA","PC_NO":4,"PC_NAME":"GUNA"}},
{"type":"Feature","geometry":{"type":"Polygon","coordinates":[[[81.5648,24.8927],[81.5241,24.9273],[81.5115,25.0057],[81.4293,25.0148],[81.4287,25.1047],[81.3575,25.17],[81.2896,25.1687],[81.2522,25.1093],[81.2689,25.0746],[81.2211,24.9976],[81.3132,24.8121],[81.308,24.7419],[81.3669,24.7021],[81.4085,24.7185],[81.4943,24.8116],[81.4881,24.8984],[81.5648,24.8927]]]},"properties":{"AC_NO":68,"AC_NAME":"Sirmour","district":"REWA","PC_NO":10,"PC_NAME":"REWA"}},
{"type":"Feature","geometry":{"type":"Polygon","coordinates":[[[79.3322,24.9972],[79.338,25.0914],[79.2023,25.0724],[79.07,24.9415],[79.0213,24.8792],[78.9684,24.6969],[79.1392,24.7073],[79.1375,24.6256],[79.1757,24.61],[79.2984,24.68],[79.3193,24.7357],[79.3045,24.7982],[79.346,24.903],[79.3322,24.9972]]]},"properties":{"AC_NO":47,"AC_NAME":"Khargapur","district":"TIKAMGARH","PC_NO":6,"PC_NAME":"TIKAMGARH(SC)"}},
{"type":"Feature","geometry":{"type":"Polygon","coordinates":[[[80.2735,25.0261],[80.1499,24.9347],[80.0513,24.938],[80.0329,24.9218],[80.0776,24.7984],[79.9926,24.7244],[79.8722,24.6551],[79.8413,24.5952],[79.8817,24.5174],[79.9461,24.5435],[79.9892,24.5286],[80.0588,24.5847],[80.0906,24.5177],[80.1562,24.5158],[80.1549,24.6239],[80.2443,24.6339],[80.2615,24.7502],[80.3802,24.7412],[80.4019,24.718],[80.5605,24.8149],[80.6303,24.8649],[80.5389,24.9005],[80.4774,24.9763],[80.4523,25.0748],[80.3921,25.0638],[80.3346,25.0003],[80.2735,25.0261]]]},"properties":{"AC_NO":60,"AC_NAME":"Panna","district":"PANNA","PC_NO":8,"PC_NAME":"KHAJURAHO"}},
{"type":"Feature","geometry":{"type":"Polygon","coordinates":[[[79.6909,24.9574],[79.6855,25.0309],[79.4884,24.9924],[79.4139,25.0088],[79.3322,24.9972],[79.346,24.903],[79.4705,24.869],[79.552,24.8275],[79.632,24.8257],[79.589,24.7558],[79.6347,24.7409],[79.7076,24.775],[79.6944,24.8539],[79.7311,24.8826],[79.6909,24.9574]]]},"properties":{"AC_NO":51,"AC_NAME":"Chhatarpur","district":"CHHATARPUR","PC_NO":6,"PC_NAME":"TIKAMGARH(SC)"}},
{"type":"Feature","geometry":{"type":"Polygon","coordinates":[[[77.8683,24.9995],[77.707,24.8515],[77.5742,24.9462],[77.5641,24.8724],[77.5519,24.8635],[77.5609,24.8074],[77.639,24.7565],[77.6261,24.7127],[77.6798,24.6446],[77.7651,24.6314],[77.812,24.6538],[77.8713,24.6402],[77.9108,24.6862],[77.8974,24.7258],[78.0049,24.7212],[78.0426,24.6808],[78.1272,24.6638],[78.1212,24.6083],[78.2259,24.5301],[78.2641,24.5518],[78.2765,24.6633],[78.2258,24.7469],[78.2355,24.7715],[78.1751,24.8456],[78.1128,24.8357],[77.9697,24.8715],[78.0184,24.9552],[77.8683,24.9995]]]},"properties":{"AC_NO":33,"AC_NAME":"Chanderi","district":"ASHOKNAGAR","PC_NO":4,"PC_NAME":"GUNA"}},
{"type":"Feature","geometry":{"type":"Polygon","coordinates":[[[81.1229,24.8993],[81.055,24.7839],[81.0847,24.7828],[81.1563,24.708],[81.1553,24.5013],[81.194,24.499],[81.243,24.564],[81.3,24.5746],[81.3526,24.6538],[81.3695,24.6514],[81.3669,24.7021],[81.308,24.7419],[81.3132,24.8121],[81.2211,24.9976],[81.2153,24.9329],[81.1229,24.8993]]]},"properties":{"AC_NO":69,"AC_NAME":"Semariya","district":"REWA","PC_NO":10,"PC_NAME":"REWA"}},
{"type":"Feature","geometry":{"type":"Polygon","coordinates":[[[81.7962,24.8495],[81.7539,24.8708],[81.7477,24.9243],[81.6285,24.8678],[81.5648,24.8927],[81.4881,24.8984],[81.4943,24.8116],[81.4085,24.7185],[81.3669,24.7021],[81.3695,24.6514],[81.4938,24.609],[81.5207,24.6374],[81.6402,24.6768],[81.6212,24.703],[81.6819,24.7709],[81.7962,24.8495]]]},"properties":{"AC_NO":73,"AC_NAME":"Mangawan (SC)","district":"REWA","PC_NO":10,"PC_NAME":"REWA"}},
{"type":"Feature","geometry":{"type":"Polygon","coordinates":[[[77.5519,24.8635],[77.5249,24.8417],[77.5554,24.7279],[77.4977,24.6639],[77.4748,24.589],[77.4926,24.5584],[77.4748,24.4396],[77.5042,24.413],[77.665,24.3643],[77.6484,24.3144],[77.7195,24.2992],[77.7839,24.3144],[77.7509,24.3747],[77.8308,24.529],[77.8953,24.5653],[77.8447,24.6021],[77.8713,24.6402],[77.812,24.6538],[77.7651,24.6314],[77.6798,24.6446],[77.6261,24.7127],[77.639,24.7565],[77.5609,24.8074],[77.5519,24.8635]]]},"properties":{"AC_NO":32,"AC_NAME":"Ashok Nagar (SC)","district":"ASHOKNAGAR","PC_NO":4,"PC_NAME":"GUNA"}},
{"type":"Feature","geometry":{"type":"Polygon","coordinates":[[[79.7076,24.775],[79.6347,24.7409],[79.589,24.7558],[79.632,24.8257],[79.552,24.8275],[79.4705,24.869],[79.346,24.903],[79.3045,24.7982],[79.3193,24.7357],[79.4195,24.562],[79.4588,24.5263],[79.4619,24.4011],[79.552,24.3816],[79.5689,24.4457],[79.629,24.399],[79.7033,24.3773],[79.7485,24.4153],[79.795,24.3737],[79.8857,24.3735],[79.8677,24.4445],[79.8817,24.5174],[79.8413,24.5952],[79.8722,24.6551],[79.8166,24.688],[79.817,24.7825],[79.7076,24.775]]]},"properties":{"AC_NO":52,"AC_NAME":"Bijawar","district":"CHHATARPUR","PC_NO":6,"PC_NAME":"TIKAMGARH(SC)"}},
{"type":"Feature","geometry":{"type":"Polygon","coordinates":[[[78.8876,24.8545],[78.774,24.8511],[78.7811,24.7073],[78.7467,24.6626],[78.7519,24.6001],[78.8343,24.6045],[78.8831,24.6411],[78.9528,24.5468],[78.9142,24.4595],[78.9858,24.4413],[79.023,24.5458],[79.091,24.6332],[79.1375,24.6256],[79.1392,24.7073],[78.9684,24.6969],[79.0213,24.8792],[78.9582,24.8474],[78.8876,24.8545]]]},"properties":{"AC_NO":43,"AC_NAME":"Tikamgarh","district":"TIKAMGARH","PC_NO":6,"PC_NAME":"TIKAMGARH(SC)"}},
{"type":"Feature","geometry":{"type":"Polygon","coordinates":[[[75.7647,24.1754],[75.83,24.2336],[75.8106,24.2962],[75.7399,24.3321],[75.7494,24.4245],[75.7849,24.4522],[75.836,24.4147],[75.8999,24.442],[75.9228,24.5233],[75.8431,24.6241],[75.8368,24.7256],[75.757,24.7615],[75.6463,24.6851],[75.5484,24.7034],[75.5817,24.6422],[75.589,24.518],[75.53,24.4738],[75.4271,24.3343],[75.3594,24.3222],[75.3716,24.2837],[75.5149,24.2577],[75.558,24.2074],[75.6025,24.2347],[75.6805,24.214],[75.6943,24.18],[75.7647,24.1754]]]},"properties":{"AC_NO":227,"AC_NAME":"Garoth","district":"MANDSAUR","PC_NO":23,"PC_NAME":"MANDSOUR"}},
{"type":"Feature","geometry":{"type":"Polygon","coordinates":[[[75.0562,24.5413],[75.1393,24.4889],[75.0997,24.4087],[75.1323,24.3489],[75.2026,24.3089],[75.3594,24.3222],[75.4271,24.3343],[75.53,24.4738],[75.589,24.518],[75.5817,24.6422],[75.5484,24.7034],[75.4575,24.6804],[75.2281,24.7173],[75.2194,24.7028],[75.1286,24.6716],[75.1351,24.6156],[75.1115,24.5416],[75.0562,24.5413]]]},"properties":{"AC_NO":228,"AC_NAME":"Manasa","district":"NEEMUCH","PC_NO":23,"PC_NAME":"MANDSOUR"}},
{"type":"Feature","geometry":{"type":"Polygon","coordinates":[[[81.8382,24.7561],[81.7962,24.8495],[81.6819,24.7709],[81.6212,24.703],[81.6402,24.6768],[81.5207,24.6374],[81.4938,24.609],[81.5842,24.5446],[81.6714,24.5598],[81.6907,24.4957],[81.7781,24.5013],[81.8883,24.5305],[81.9284,24.5701],[81.8904,24.5648],[81.8249,24.6364],[81.8382,24.7561]]]},"properties":{"AC_NO":72,"AC_NAME":"Deotalab","district":"MAUGANJ","PC_NO":10,"PC_NAME":"REWA"}},
{"type":"Feature","geometry":{"type":"Polygon","coordinates":[[[81.9529,24.8414],[81.889,24.8367],[81.8329,24.7967],[81.8382,24.7561],[81.8249,24.6364],[81.8904,24.5648],[81.9284,24.5701],[81.9514,24.5465],[82.0903,24.5947],[82.2521,24.6109],[82.305,24.5917],[82.2989,24.6051],[82.3034,24.6539],[82.2499,24.6973],[82.2095,24.7714],[82.1127,24.7997],[82.0159,24.846],[81.9529,24.8414]]]},"properties":{"AC_NO":71,"AC_NAME":"Mauganj","district":"MAUGANJ","PC_NO":10,"PC_NAME":"REWA"}},
{"type":"Feature","geometry":{"type":"Polygon","coordinates":[[[77.2177,24.5685],[77.3113,24.48],[77.3527,24.4012],[77.4599,24.3909],[77.5042,24.413],[77.4748,24.4396],[77.4926,24.5584],[77.4748,24.589],[77.4977,24.6639],[77.4828,24.7116],[77.3784,24.7563],[77.3348,24.6834],[77.3028,24.6775],[77.2177,24.5685]]]},"properties":{"AC_NO":29,"AC_NAME":"Guna (SC)","district":"GUNA","PC_NO":4,"PC_NAME":"GUNA"}},
{"type":"Feature","geometry":{"type":"Polygon","coordinates":[[[80.5605,24.8149],[80.4019,24.718],[80.3672,24.6899],[80.4681,24.6114],[80.621,24.5352],[80.6398,24.549],[80.7776,24.5217],[80.8063,24.6277],[80.8942,24.5981],[80.923,24.6893],[80.8981,24.7208],[80.87,24.7551],[80.7473,24.7984],[80.6644,24.7933],[80.6044,24.7512],[80.5605,24.8149]]]},"properties":{"AC_NO":62,"AC_NAME":"Raigaon (SC)","district":"SATNA","PC_NO":9,"PC_NAME":"SATNA"}},
{"type":"Feature","geometry":{"type":"Polygon","coordinates":[[[77.8713,24.6402],[77.8447,24.6021],[77.8953,24.5653],[77.8308,24.529],[77.7509,24.3747],[77.7839,24.3144],[77.8003,24.3062],[77.8755,24.3143],[77.8842,24.2774],[78.0149,24.2364],[78.0837,24.2567],[78.0913,24.3206],[78.1647,24.396],[78.2652,24.4521],[78.2259,24.5301],[78.1212,24.6083],[78.1272,24.6638],[78.0426,24.6808],[78.0049,24.7212],[77.8974,24.7258],[77.9108,24.6862],[77.8713,24.6402]]]},"properties":{"AC_NO":34,"AC_NAME":"Mungaoli","district":"ASHOKNAGAR","PC_NO":4,"PC_NAME":"GUNA"}},
{"type":"Feature","geometry":{"type":"Polygon","coordinates":[[[80.9439,24.6934],[80.9705,24.6475],[80.9607,24.5683],[80.8598,24.5226],[80.8376,24.4865],[80.804,24.3766],[80.8563,24.3212],[80.9737,24.3151],[81.0273,24.3914],[81.1329,24.3864],[81.1583,24.4147],[81.1553,24.5013],[81.1563,24.708],[81.0847,24.7828],[81.055,24.7839],[80.9868,24.7645],[80.9439,24.6934]]]},"properties":{"AC_NO":67,"AC_NAME":"Rampur-Baghelan","district":"SATNA","PC_NO":9,"PC_NAME":"SATNA"}},
{"type":"Feature","geometry":{"type":"Polygon","coordinates":[[[80.4019,24.718],[80.3802,24.7412],[80.2615,24.7502],[80.2443,24.6339],[80.1549,24.6239],[80.1562,24.5158],[80.0906,24.5177],[80.0588,24.5847],[79.9892,24.5286],[79.9461,24.5435],[79.8817,24.5174],[79.8677,24.4445],[79.9375,24.4021],[79.9363,24.3423],[80.0126,24.3169],[80.1062,24.3648],[80.2799,24.3884],[80.3847,24.3754],[80.4692,24.3876],[80.4227,24.4441],[80.4681,24.6114],[80.3672,24.6899],[80.4019,24.718]]]},"properties":{"AC_NO":59,"AC_NAME":"Gunnaor (SC)","district":"PANNA","PC_NO":8,"PC_NAME":"KHAJURAHO"}},
{"type":"Feature","geometry":{"type":"Polygon","coordinates":[[[79.3193,24.7357],[79.2984,24.68],[79.1757,24.61],[79.1375,24.6256],[79.091,24.6332],[79.023,24.5458],[78.9858,24.4413],[78.9917,24.4177],[79.0326,24.3712],[79.1791,24.4327],[79.2343,24.4192],[79.2537,24.3671],[79.1709,24.3085],[79.1376,24.2513],[79.0798,24.2514],[79.0541,24.1712],[79.1468,24.1016],[79.3003,24.1807],[79.3822,24.1952],[79.3982,24.2873],[79.4138,24.3507],[79.4619,24.4011],[79.4588,24.5263],[79.4195,24.562],[79.3193,24.7357]]]},"properties":{"AC_NO":53,"AC_NAME":"Malhara","district":"CHHATARPUR","PC_NO":7,"PC_NAME":"DAMOH"}},
{"type":"Feature","geometry":{"type":"Polygon","coordinates":[[[74.771,24.5787],[74.7168,24.507],[74.7443,24.4685],[74.8152,24.4683],[74.8551,24.4243],[74.7811,24.3383],[74.7758,24.2386],[74.868,24.2428],[74.9099,24.2098],[74.963,24.2673],[74.975,24.3382],[75.0225,24.3707],[75.1323,24.3489],[75.0997,24.4087],[75.1393,24.4889],[75.0562,24.5413],[74.9637,24.5765],[74.8593,24.5473],[74.771,24.5787]]]},"properties":{"AC_NO":229,"AC_NAME":"Neemuch","district":"NEEMUCH","PC_NO":23,"PC_NAME":"MANDSOUR"}},
{"type":"Feature","geometry":{"type":"Polygon","coordinates":[[[80.8981,24.7208],[80.923,24.6893],[80.8942,24.5981],[80.8063,24.6277],[80.7776,24.5217],[80.8376,24.4865],[80.8598,24.5226],[80.9607,24.5683],[80.9705,24.6475],[80.9439,24.6934],[80.8981,24.7208]]]},"properties":{"AC_NO":63,"AC_NAME":"Satna","district":"SATNA","PC_NO":9,"PC_NAME":"SATNA"}},
{"type":"Feature","geometry":{"type":"Polygon","coordinates":[[[77.2177,24.5685],[77.0654,24.6414],[77.0574,24.537],[77.1463,24.176],[77.3006,24.127],[77.3529,24.2136],[77.3213,24.2877],[77.3538,24.3415],[77.408,24.3291],[77.4002,24.272],[77.4335,24.2405],[77.5545,24.2463],[77.6484,24.3144],[77.665,24.3643],[77.5042,24.413],[77.4599,24.3909],[77.3527,24.4012],[77.3113,24.48],[77.2177,24.5685]]]},"properties":{"AC_NO":31,"AC_NAME":"Raghogarh","district":"GUNA","PC_NO":20,"PC_NAME":"RAJGARH"}},
{"type":"Feature","geometry":{"type":"Polygon","coordinates":[[[82.2989,24.6051],[82.305,24.5917],[82.3678,24.5536],[82.2082,24.439],[82.1476,24.3735],[82.2383,24.3677],[82.4548,24.3779],[82.4897,24.355],[82.4645,24.2482],[82.5227,24.2199],[82.6225,24.2024],[82.6591,24.2371],[82.735,24.2187],[82.7591,24.2376],[82.7713,24.3283],[82.713,24.3803],[82.7561,24.5374],[82.8078,24.5493],[82.7739,24.6417],[82.6983,24.6462],[82.6711,24.697],[82.5396,24.6478],[82.429,24.7026],[82.4161,24.5912],[82.2989,24.6051]]]},"properties":{"AC_NO":79,"AC_NAME":"Chitrangi (ST)","district":"SINGRAULI","PC_NO":11,"PC_NAME":"SIDHI"}},
{"type":"Feature","geometry":{"type":"Polygon","coordinates":[[[81.3526,24.6538],[81.3759,24.6346],[81.3338,24.5234],[81.2875,24.458],[81.194,24.499],[81.1553,24.5013],[81.1583,24.4147],[81.2126,24.4453],[81.2917,24.3967],[81.3056,24.3226],[81.5033,24.4234],[81.6907,24.4957],[81.6714,24.5598],[81.5842,24.5446],[81.4938,24.609],[81.3695,24.6514],[81.3526,24.6538]]]},"properties":{"AC_NO":75,"AC_NAME":"Gurh","district":"REWA","PC_NO":10,"PC_NAME":"REWA"}},
{"type":"Feature","geometry":{"type":"Polygon","coordinates":[[[81.3526,24.6538],[81.3,24.5746],[81.243,24.564],[81.194,24.499],[81.2875,24.458],[81.3338,24.5234],[81.3759,24.6346],[81.3526,24.6538]]]},"properties":{"AC_NO":74,"AC_NAME":"Rewa","district":"REWA","PC_NO":10,"PC_NAME":"REWA"}},
{"type":"Feature","geometry":{"type":"Polygon","coordinates":[[[77.3006,24.127],[77.1463,24.176],[77.0574,24.537],[76.9774,24.4615],[76.9169,24.4828],[76.921,24.5318],[76.8497,24.5533],[76.8511,24.3703],[76.8631,24.2734],[76.9456,24.2058],[76.8789,24.1306],[76.9534,24.0693],[77.026,24.0832],[77.1822,24.0792],[77.166,23.9462],[77.2265,23.8927],[77.316,23.8915],[77.3077,24.0166],[77.2594,24.0437],[77.3006,24.127]]]},"properties":{"AC_NO":30,"AC_NAME":"Chachoura","district":"GUNA","PC_NO":20,"PC_NAME":"RAJGARH"}},
{"type":"Feature","geometry":{"type":"Polygon","coordinates":[[[80.4681,24.6114],[80.4227,24.4441],[80.4692,24.3876],[80.5526,24.316],[80.5875,24.2563],[80.6993,24.2841],[80.804,24.3766],[80.8376,24.4865],[80.7776,24.5217],[80.6398,24.549],[80.621,24.5352],[80.4681,24.6114]]]},"properties":{"AC_NO":64,"AC_NAME":"Nagod","district":"SATNA","PC_NO":9,"PC_NAME":"SATNA"}},
{"type":"Feature","geometry":{"type":"Polygon","coordinates":[[[82.305,24.5917],[82.2521,24.6109],[82.0903,24.5947],[81.9514,24.5465],[81.9622,24.4796],[82.0732,24.4984],[82.0512,24.4095],[82.0748,24.3298],[82.1806,24.2591],[82.2937,24.2366],[82.358,24.2589],[82.4645,24.2482],[82.4897,24.355],[82.4548,24.3779],[82.2383,24.3677],[82.1476,24.3735],[82.2082,24.439],[82.3678,24.5536],[82.305,24.5917]]]},"properties":{"AC_NO":78,"AC_NAME":"Sihawal","district":"SIDHI","PC_NO":11,"PC_NAME":"SIDHI"}},
{"type":"Feature","geometry":{"type":"Polygon","coordinates":[[[81.9284,24.5701],[81.8883,24.5305],[81.7781,24.5013],[81.6907,24.4957],[81.5033,24.4234],[81.3056,24.3226],[81.3487,24.2536],[81.3886,24.2627],[81.4802,24.2371],[81.5492,24.2289],[81.6498,24.2751],[81.714,24.2877],[81.6819,24.3561],[81.691,24.4173],[81.7593,24.4512],[81.9622,24.4796],[81.9514,24.5465],[81.9284,24.5701]]]},"properties":{"AC_NO":76,"AC_NAME":"Churhat","district":"SIDHI","PC_NO":11,"PC_NAME":"SIDHI"}},
{"type":"Feature","geometry":{"type":"Polygon","coordinates":[[[75.3594,24.3222],[75.2026,24.3089],[75.1323,24.3489],[75.0225,24.3707],[74.975,24.3382],[74.963,24.2673],[74.9099,24.2098],[74.8798,24.1734],[74.9059,24.1155],[74.9562,24.1313],[75.1358,24.1064],[75.0992,23.9226],[75.1539,23.8315],[75.24,23.8641],[75.2738,23.8275],[75.2785,23.8457],[75.3081,23.9213],[75.2674,23.9763],[75.3125,24.0408],[75.2347,24.0816],[75.2089,24.2044],[75.2452,24.196],[75.3394,24.2315],[75.3716,24.2837],[75.3594,24.3222]]]},"properties":{"AC_NO":225,"AC_NAME":"Malhargarh (SC)","district":"MANDSAUR","PC_NO":23,"PC_NAME":"MANDSOUR"}},
{"type":"Feature","geometry":{"type":"Polygon","coordinates":[[[81.9622,24.4796],[81.7593,24.4512],[81.691,24.4173],[81.6819,24.3561],[81.714,24.2877],[81.6498,24.2751],[81.6644,24.2014],[81.7671,24.2003],[81.8344,24.265],[81.854,24.1859],[81.9194,24.2473],[81.9663,24.2444],[82.0748,24.3298],[82.0512,24.4095],[82.0732,24.4984],[81.9622,24.4796]]]},"properties":{"AC_NO":77,"AC_NAME":"Sidhi","district":"SIDHI","PC_NO":11,"PC_NAME":"SIDHI"}},
{"type":"Feature","geometry":{"type":"Polygon","coordinates":[[[78.2652,24.4521],[78.1647,24.396],[78.0913,24.3206],[78.0837,24.2567],[78.1359,24.2132],[78.1173,24.0458],[78.1833,24.0102],[78.2508,24.0472],[78.2728,24.0815],[78.4029,24.1033],[78.418,24.2098],[78.3878,24.2688],[78.3291,24.3273],[78.3404,24.4025],[78.2652,24.4521]]]},"properties":{"AC_NO":35,"AC_NAME":"Bina (SC)","district":"SAGAR","PC_NO":5,"PC_NAME":"SAGAR"}},
{"type":"Feature","geometry":{"type":"Polygon","coordinates":[[[79.795,24.3737],[79.7485,24.4153],[79.7033,24.3773],[79.629,24.399],[79.5689,24.4457],[79.552,24.3816],[79.4619,24.4011],[79.4138,24.3507],[79.3982,24.2873],[79.5127,24.3421],[79.5641,24.2908],[79.5328,24.2136],[79.5892,24.2134],[79.6005,24.1314],[79.5404,24.1172],[79.4638,23.97],[79.5132,23.9508],[79.5003,23.8907],[79.6253,23.84],[79.6527,23.8588],[79.7427,23.8422],[79.7797,23.7444],[79.8178,23.7374],[79.8632,23.829],[79.8626,23.9138],[79.8322,23.942],[79.8441,24.0227],[79.7533,24.035],[79.7638,24.106],[79.8118,24.1598],[79.8433,24.2464],[79.8419,24.3147],[79.795,24.3737]]]},"properties":{"AC_NO":57,"AC_NAME":"Hatta (SC)","district":"DAMOH","PC_NO":7,"PC_NAME":"DAMOH"}},
{"type":"Feature","geometry":{"type":"Polygon","coordinates":[[[79.8677,24.4445],[79.8857,24.3735],[79.795,24.3737],[79.8419,24.3147],[79.8433,24.2464],[79.8118,24.1598],[79.7638,24.106],[79.7533,24.035],[79.8441,24.0227],[79.8322,23.942],[79.8626,23.9138],[79.8632,23.829],[79.9011,23.8211],[79.9863,23.8941],[80.0159,23.9768],[80.0531,23.9915],[80.1552,23.9401],[80.1866,24.0035],[80.2925,23.9237],[80.3549,23.9696],[80.3933,24.0257],[80.5967,24.1356],[80.5875,24.2563],[80.5526,24.316],[80.4692,24.3876],[80.3847,24.3754],[80.2799,24.3884],[80.1062,24.3648],[80.0126,24.3169],[79.9363,24.3423],[79.9375,24.4021],[79.8677,24.4445]]]},"properties":{"AC_NO":58,"AC_NAME":"Pawai","district":"PANNA","PC_NO":8,"PC_NAME":"KHAJURAHO"}},
{"type":"Feature","geometry":{"type":"Polygon","coordinates":[[[79.1468,24.1016],[79.0541,24.1712],[79.0798,24.2514],[79.1376,24.2513],[79.1709,24.3085],[79.2537,24.3671],[79.2343,24.4192],[79.1791,24.4327],[79.0326,24.3712],[78.9917,24.4177],[78.9166,24.2689],[78.7898,24.1771],[78.7643,24.2317],[78.7026,24.2269],[78.6744,24.1877],[78.6843,24.0828],[78.732,24.0507],[78.6792,23.9982],[78.7403,23.9995],[78.7746,23.9596],[78.8867,23.9598],[78.9356,23.894],[78.9901,23.8817],[79.0579,23.9159],[79.1019,23.966],[79.187,24.009],[79.1468,24.1016]]]},"properties":{"AC_NO":42,"AC_NAME":"Banda","district":"SAGAR","PC_NO":7,"PC_NAME":"DAMOH"}},
{"type":"Feature","geometry":{"type":"Polygon","coordinates":[[[81.1583,24.4147],[81.1329,24.3864],[81.0273,24.3914],[80.9737,24.3151],[80.8563,24.3212],[80.9049,24.2557],[80.923,24.1824],[80.8968,24.1065],[80.9598,24.0655],[81.0086,24.0903],[81.1119,24.1302],[81.1851,24.1111],[81.2809,24.1911],[81.3613,24.196],[81.3886,24.2627],[81.3487,24.2536],[81.3056,24.3226],[81.2917,24.3967],[81.2126,24.4453],[81.1583,24.4147]]]},"properties":{"AC_NO":66,"AC_NAME":"Amarpatan","district":"MAIHAR","PC_NO":9,"PC_NAME":"SATNA"}},
{"type":"Feature","geometry":{"type":"Polygon","coordinates":[[[76.212,24.2113],[76.2045,24.2985],[76.1429,24.2827],[76.1178,24.1945],[76.1267,24.0886],[76.0427,24.066],[75.997,24.0177],[75.9819,23.9296],[76.1095,23.8357],[76.1343,23.7151],[76.1997,23.6921],[76.2313,23.5929],[76.2823,23.62],[76.4497,23.6237],[76.4013,23.6774],[76.4122,23.7192],[76.355,23.8522],[76.2988,23.8972],[76.3005,23.9642],[76.2555,23.9813],[76.2561,24.0387],[76.1897,24.086],[76.212,24.2113]]]},"properties":{"AC_NO":165,"AC_NAME":"Susner","district":"AGAR MALWA","PC_NO":20,"PC_NAME":"RAJGARH"}},
{"type":"Feature","geometry":{"type":"Polygon","coordinates":[[[78.3878,24.2688],[78.418,24.2098],[78.4029,24.1033],[78.2728,24.0815],[78.2508,24.0472],[78.2895,23.9878],[78.2919,23.9073],[78.3606,23.8429],[78.397,23.9111],[78.4891,24.0004],[78.5803,23.9512],[78.6792,23.9982],[78.732,24.0507],[78.6843,24.0828],[78.6744,24.1877],[78.7026,24.2269],[78.6256,24.2809],[78.5959,24.3353],[78.5007,24.3894],[78.4776,24.3384],[78.3878,24.2688]]]},"properties":{"AC_NO":36,"AC_NAME":"Khurai","district":"SAGAR","PC_NO":5,"PC_NAME":"SAGAR"}},
{"type":"Feature","geometry":{"type":"Polygon","coordinates":[[[75.3716,24.2837],[75.3394,24.2315],[75.2452,24.196],[75.2089,24.2044],[75.2347,24.0816],[75.3125,24.0408],[75.2674,23.9763],[75.3081,23.9213],[75.2785,23.8457],[75.3342,23.8406],[75.4594,23.9194],[75.4709,23.9784],[75.5213,24.0246],[75.5817,23.9912],[75.6713,24.0179],[75.7411,23.9769],[75.7816,24.0426],[75.8367,24.057],[75.7507,24.1435],[75.7647,24.1754],[75.6943,24.18],[75.6805,24.214],[75.6025,24.2347],[75.558,24.2074],[75.5149,24.2577],[75.3716,24.2837]]]},"properties":{"AC_NO":226,"AC_NAME":"Suwasra","district":"MANDSAUR","PC_NO":23,"PC_NAME":"MANDSOUR"}},
{"type":"Feature","geometry":{"type":"Polygon","coordinates":[[[77.7839,24.3144],[77.7195,24.2992],[77.6484,24.3144],[77.5545,24.2463],[77.4335,24.2405],[77.4002,24.272],[77.408,24.3291],[77.3538,24.3415],[77.3213,24.2877],[77.3529,24.2136],[77.3006,24.127],[77.2594,24.0437],[77.3077,24.0166],[77.316,23.8915],[77.3981,23.8513],[77.4746,23.9236],[77.5423,23.9521],[77.5644,23.9979],[77.6882,23.9613],[77.7602,24.0129],[77.7266,24.1672],[77.7974,24.191],[77.8003,24.3062],[77.7839,24.3144]]]},"properties":{"AC_NO":147,"AC_NAME":"Sironj","district":"VIDISHA","PC_NO":5,"PC_NAME":"SAGAR"}},
{"type":"Feature","geometry":{"type":"Polygon","coordinates":[[[80.8563,24.3212],[80.804,24.3766],[80.6993,24.2841],[80.5875,24.2563],[80.5967,24.1356],[80.3933,24.0257],[80.3549,23.9696],[80.4882,23.9999],[80.636,24.0854],[80.7207,24.0912],[80.7966,24.066],[80.7644,23.9925],[80.794,23.97],[80.8642,24.0581],[80.955,24.0662],[80.9598,24.0655],[80.8968,24.1065],[80.923,24.1824],[80.9049,24.2557],[80.8563,24.3212]]]},"properties":{"AC_NO":65,"AC_NAME":"Maihar","district":"MAIHAR","PC_NO":9,"PC_NAME":"SATNA"}},
{"type":"Feature","geometry":{"type":"Polygon","coordinates":[[[76.9534,24.0693],[76.8789,24.1306],[76.7901,24.1227],[76.7587,24.1676],[76.6759,24.1908],[76.7026,24.2426],[76.6422,24.2693],[76.5229,24.1568],[76.4569,24.214],[76.4974,24.0771],[76.5789,24.0859],[76.6554,24.0207],[76.564,23.8907],[76.5979,23.8377],[76.695,23.7468],[76.7225,23.7461],[76.7451,23.7796],[76.8702,23.891],[76.8325,23.9672],[76.8869,24.0056],[76.9332,24.0024],[76.9534,24.0693]]]},"properties":{"AC_NO":162,"AC_NAME":"Rajgarh","district":"RAJGARH","PC_NO":20,"PC_NAME":"RAJGARH"}},
{"type":"Feature","geometry":{"type":"Polygon","coordinates":[[[78.0837,24.2567],[78.0149,24.2364],[77.8842,24.2774],[77.8755,24.3143],[77.8003,24.3062],[77.7974,24.191],[77.7266,24.1672],[77.7602,24.0129],[77.7953,23.9803],[77.8461,23.8739],[77.9046,23.8432],[77.9594,23.8904],[78.0513,23.8598],[78.1501,23.8568],[78.1871,23.8889],[78.2919,23.9073],[78.2895,23.9878],[78.2508,24.0472],[78.1833,24.0102],[78.1173,24.0458],[78.1359,24.2132],[78.0837,24.2567]]]},"properties":{"AC_NO":146,"AC_NAME":"Kurwai (SC)","district":"VIDISHA","PC_NO":5,"PC_NAME":"SAGAR"}},
{"type":"Feature","geometry":{"type":"Polygon","coordinates":[[[79.3982,24.2873],[79.3822,24.1952],[79.3003,24.1807],[79.1468,24.1016],[79.187,24.009],[79.1019,23.966],[79.0579,23.9159],[79.1496,23.8474],[79.2369,23.8186],[79.2187,23.7849],[79.2914,23.7436],[79.3716,23.8224],[79.3966,23.9234],[79.4638,23.97],[79.5404,24.1172],[79.6005,24.1314],[79.5892,24.2134],[79.5328,24.2136],[79.5641,24.2908],[79.5127,24.3421],[79.3982,24.2873]]]},"properties":{"AC_NO":54,"AC_NAME":"Pathariya","district":"DAMOH","PC_NO":7,"PC_NAME":"DAMOH"}},
{"type":"Feature","geometry":{"type":"Polygon","coordinates":[[[76.212,24.2113],[76.1897,24.086],[76.2561,24.0387],[76.2555,23.9813],[76.3005,23.9642],[76.2988,23.8972],[76.355,23.8522],[76.4676,23.8868],[76.564,23.8907],[76.6554,24.0207],[76.5789,24.0859],[76.4974,24.0771],[76.4569,24.214],[76.3211,24.2453],[76.212,24.2113]]]},"properties":{"AC_NO":163,"AC_NAME":"Khilchipur","district":"RAJGARH","PC_NO":20,"PC_NAME":"RAJGARH"}},
{"type":"Feature","geometry":{"type":"Polygon","coordinates":[[[81.6038,23.8845],[81.6583,23.9164],[81.7373,23.8393],[81.8152,23.8064],[81.899,23.8407],[82.0088,23.8612],[82.0535,23.8188],[82.1789,23.8221],[82.2117,23.8522],[82.2147,23.9336],[82.1768,23.9624],[82.1721,24.1098],[82.1806,24.2591],[82.0748,24.3298],[81.9663,24.2444],[81.9194,24.2473],[81.854,24.1859],[81.8344,24.265],[81.7671,24.2003],[81.6644,24.2014],[81.6498,24.2751],[81.5492,24.2289],[81.4802,24.2371],[81.4694,24.1726],[81.5364,24.0679],[81.5025,23.9973],[81.5382,23.9815],[81.5436,23.9125],[81.6038,23.8845]]]},"properties":{"AC_NO":82,"AC_NAME":"Dhauhani (ST)","district":"SINGRAULI","PC_NO":11,"PC_NAME":"SIDHI"}},
{"type":"Feature","geometry":{"type":"Polygon","coordinates":[[[75.1539,23.8315],[75.0992,23.9226],[75.1358,24.1064],[74.9562,24.1313],[74.9059,24.1155],[74.9739,24.0396],[74.9305,23.9568],[74.9032,23.853],[74.94,23.7644],[74.9672,23.7988],[75.0267,23.7832],[75.0526,23.8259],[75.1539,23.8315]]]},"properties":{"AC_NO":224,"AC_NAME":"Mandsour","district":"MANDSAUR","PC_NO":23,"PC_NAME":"MANDSOUR"}},
{"type":"Feature","geometry":{"type":"Polygon","coordinates":[[[81.5769,23.5854],[81.6203,23.6511],[81.696,23.7211],[81.6113,23.8368],[81.6038,23.8845],[81.5436,23.9125],[81.5382,23.9815],[81.5025,23.9973],[81.5364,24.0679],[81.4694,24.1726],[81.4802,24.2371],[81.3886,24.2627],[81.3613,24.196],[81.2809,24.1911],[81.1851,24.1111],[81.1119,24.1302],[81.0086,24.0903],[81.0006,24.0687],[81.1101,23.9654],[81.181,23.8779],[81.1805,23.793],[81.2393,23.6927],[81.351,23.6948],[81.48,23.7549],[81.5296,23.7225],[81.4867,23.6421],[81.5769,23.5854]]]},"properties":{"AC_NO":83,"AC_NAME":"Beohari (ST)","district":"SHAHDOL","PC_NO":11,"PC_NAME":"SIDHI"}},
{"type":"Feature","geometry":{"type":"Polygon","coordinates":[[[82.2117,23.8522],[82.3346,23.8026],[82.479,23.806],[82.5244,23.7838],[82.6646,23.8638],[82.5286,23.9055],[82.563,24.0277],[82.5611,24.1021],[82.4862,24.1801],[82.5227,24.2199],[82.4645,24.2482],[82.358,24.2589],[82.2937,24.2366],[82.1806,24.2591],[82.1721,24.1098],[82.1768,23.9624],[82.2147,23.9336],[82.2117,23.8522]]]},"properties":{"AC_NO":81,"AC_NAME":"Devsar (SC)","district":"SINGRAULI","PC_NO":11,"PC_NAME":"SIDHI"}},
{"type":"Feature","geometry":{"type":"Polygon","coordinates":[[[82.6646,23.8638],[82.6616,23.9077],[82.7478,23.9203],[82.8116,23.9611],[82.7507,24.0118],[82.7739,24.0762],[82.7116,24.0896],[82.7442,24.1654],[82.735,24.2187],[82.6591,24.2371],[82.6225,24.2024],[82.5227,24.2199],[82.4862,24.1801],[82.5611,24.1021],[82.563,24.0277],[82.5286,23.9055],[82.6646,23.8638]]]},"properties":{"AC_NO":80,"AC_NAME":"Singrauli","district":"SINGRAULI","PC_NO":11,"PC_NAME":"SIDHI"}},
{"type":"Feature","geometry":{"type":"Polygon","coordinates":[[[77.2265,23.8927],[77.166,23.9462],[77.1822,24.0792],[77.026,24.0832],[76.9534,24.0693],[76.9332,24.0024],[76.8869,24.0056],[76.8325,23.9672],[76.8702,23.891],[76.7451,23.7796],[76.7225,23.7461],[76.727,23.7455],[76.7533,23.7783],[76.9633,23.8094],[76.9839,23.758],[77.0492,23.7189],[77.1032,23.7478],[77.1894,23.7338],[77.2238,23.8127],[77.2265,23.8927]]]},"properties":{"AC_NO":161,"AC_NAME":"Biaora","district":"RAJGARH","PC_NO":20,"PC_NAME":"RAJGARH"}},
{"type":"Feature","geometry":{"type":"Polygon","coordinates":[[[80.955,24.0662],[80.8642,24.0581],[80.794,23.97],[80.7644,23.9925],[80.7966,24.066],[80.7207,24.0912],[80.636,24.0854],[80.4882,23.9999],[80.4964,23.8941],[80.5578,23.8586],[80.585,23.8993],[80.6721,23.867],[80.7251,23.7482],[80.8313,23.6702],[80.9053,23.6779],[80.9158,23.7694],[80.9001,23.8628],[80.8456,23.9065],[80.8468,23.9662],[80.9033,24.0355],[80.955,24.0662]]]},"properties":{"AC_NO":92,"AC_NAME":"Vijayraghavgarh","district":"KATNI","PC_NO":8,"PC_NAME":"KHAJURAHO"}},
{"type":"Feature","geometry":{"type":"Polygon","coordinates":[[[81.0086,24.0903],[80.9598,24.0655],[80.955,24.0662],[80.9033,24.0355],[80.8468,23.9662],[80.8456,23.9065],[80.9001,23.8628],[80.9158,23.7694],[80.9053,23.6779],[80.8313,23.6702],[80.8799,23.5737],[80.8704,23.4637],[80.9263,23.4795],[81.0135,23.4212],[80.9978,23.3752],[81.066,23.2415],[81.1145,23.215],[81.1241,23.2165],[81.1664,23.2944],[81.2205,23.2652],[81.2655,23.1958],[81.3303,23.1925],[81.3816,23.2525],[81.3408,23.2991],[81.314,23.4032],[81.3016,23.5389],[81.2656,23.5548],[81.2393,23.6248],[81.2393,23.6927],[81.1805,23.793],[81.181,23.8779],[81.1101,23.9654],[81.0006,24.0687],[81.0086,24.0903]]]},"properties":{"AC_NO":90,"AC_NAME":"Manpur (ST)","district":"UMARIA","PC_NO":12,"PC_NAME":"SHAHDOL (ST)"}},
{"type":"Feature","geometry":{"type":"Polygon","coordinates":[[[77.3981,23.8513],[77.4337,23.7808],[77.5549,23.7551],[77.6483,23.6926],[77.5736,23.6477],[77.5544,23.5908],[77.5064,23.5694],[77.5177,23.5074],[77.6503,23.485],[77.72,23.5315],[77.7323,23.5876],[77.8302,23.6278],[77.801,23.7424],[77.8461,23.8739],[77.7953,23.9803],[77.7602,24.0129],[77.6882,23.9613],[77.5644,23.9979],[77.5423,23.9521],[77.4746,23.9236],[77.3981,23.8513]]]},"properties":{"AC_NO":148,"AC_NAME":"Shamshabad","district":"VIDISHA","PC_NO":5,"PC_NAME":"SAGAR"}},
{"type":"Feature","geometry":{"type":"Polygon","coordinates":[[[75.2738,23.8275],[75.2089,23.6204],[75.1136,23.6293],[75.0933,23.5763],[75.1071,23.5003],[75.1767,23.4987],[75.1885,23.5265],[75.2743,23.5404],[75.2803,23.5896],[75.397,23.6017],[75.4242,23.5667],[75.4991,23.5247],[75.5222,23.6659],[75.6215,23.6601],[75.6899,23.7475],[75.6866,23.7558],[75.6543,23.7983],[75.5839,23.7948],[75.5638,23.8568],[75.4594,23.9194],[75.3342,23.8406],[75.2785,23.8457],[75.2738,23.8275]]]},"properties":{"AC_NO":223,"AC_NAME":"Alot (SC)","district":"RATLAM","PC_NO":22,"PC_NAME":"UJJAIN (SC)"}},
{"type":"Feature","geometry":{"type":"Polygon","coordinates":[[[78.6792,23.9982],[78.5803,23.9512],[78.4891,24.0004],[78.397,23.9111],[78.4704,23.9512],[78.5354,23.9319],[78.604,23.8462],[78.5965,23.8132],[78.6787,23.7551],[78.7328,23.767],[78.8547,23.734],[78.8577,23.7775],[78.9611,23.8374],[78.9901,23.8817],[78.9356,23.894],[78.8867,23.9598],[78.7746,23.9596],[78.7403,23.9995],[78.6792,23.9982]],[[78.7566,23.9047],[78.7849,23.8113],[78.7208,23.8564],[78.7566,23.9047]]]},"properties":{"AC_NO":40,"AC_NAME":"Naryoli (SC)","district":"SAGAR","PC_NO":5,"PC_NAME":"SAGAR"}},
{"type":"Feature","geometry":{"type":"Polygon","coordinates":[[[75.9819,23.9296],[75.9375,23.8966],[75.7938,23.867],[75.7352,23.8982],[75.7214,23.8117],[75.6866,23.7558],[75.6899,23.7475],[75.8236,23.6971],[75.856,23.5675],[75.8782,23.5585],[75.9993,23.5736],[76.1213,23.5384],[76.1594,23.5704],[76.2313,23.5929],[76.1997,23.6921],[76.1343,23.7151],[76.1095,23.8357],[75.9819,23.9296]]]},"properties":{"AC_NO":166,"AC_NAME":"Agar (SC)","district":"AGAR MALWA","PC_NO":21,"PC_NAME":"DEWAS (SC)"}},
{"type":"Feature","geometry":{"type":"Polygon","coordinates":[[[75.2738,23.8275],[75.24,23.8641],[75.1539,23.8315],[75.0526,23.8259],[75.0267,23.7832],[74.9672,23.7988],[74.94,23.7644],[74.9201,23.719],[74.9365,23.6283],[74.8239,23.5424],[74.8549,23.4964],[74.9301,23.5039],[75.0361,23.5391],[75.1071,23.5003],[75.0933,23.5763],[75.1136,23.6293],[75.2089,23.6204],[75.2738,23.8275]]]},"properties":{"AC_NO":222,"AC_NAME":"Jaora","district":"RATLAM","PC_NO":23,"PC_NAME":"MANDSOUR"}},
{"type":"Feature","geometry":{"type":"Polygon","coordinates":[[[80.3549,23.9696],[80.2925,23.9237],[80.2706,23.9115],[80.3334,23.8013],[80.2867,23.7791],[80.3285,23.6842],[80.3727,23.6846],[80.381,23.7501],[80.4599,23.7629],[80.4467,23.8198],[80.4964,23.8941],[80.4882,23.9999],[80.3549,23.9696]]]},"properties":{"AC_NO":93,"AC_NAME":"Murwara","district":"KATNI","PC_NO":8,"PC_NAME":"KHAJURAHO"}},
{"type":"Feature","geometry":{"type":"Polygon","coordinates":[[[79.4638,23.97],[79.3966,23.9234],[79.3716,23.8224],[79.2914,23.7436],[79.2989,23.5622],[79.2868,23.4788],[79.3661,23.4558],[79.4156,23.5783],[79.4931,23.6405],[79.5008,23.6833],[79.5605,23.7043],[79.6569,23.8006],[79.6253,23.84],[79.5003,23.8907],[79.5132,23.9508],[79.4638,23.97]]]},"properties":{"AC_NO":55,"AC_NAME":"Damoh","district":"DAMOH","PC_NO":7,"PC_NAME":"DAMOH"}},
{"type":"Feature","geometry":{"type":"Polygon","coordinates":[[[78.397,23.9111],[78.3606,23.8429],[78.2919,23.9073],[78.2507,23.7466],[78.2938,23.6744],[78.3975,23.6325],[78.447,23.6917],[78.5184,23.5528],[78.6412,23.5466],[78.7394,23.5764],[78.9012,23.6],[78.9537,23.665],[78.9081,23.7516],[78.8547,23.734],[78.7328,23.767],[78.6787,23.7551],[78.5965,23.8132],[78.604,23.8462],[78.5354,23.9319],[78.4704,23.9512],[78.397,23.9111]]]},"properties":{"AC_NO":37,"AC_NAME":"Surkhi","district":"SAGAR","PC_NO":5,"PC_NAME":"SAGAR"}},
{"type":"Feature","geometry":{"type":"Polygon","coordinates":[[[76.355,23.8522],[76.4122,23.7192],[76.4013,23.6774],[76.4497,23.6237],[76.4409,23.5664],[76.4769,23.5241],[76.5262,23.5765],[76.5996,23.5632],[76.7082,23.4897],[76.7155,23.5878],[76.6735,23.6456],[76.727,23.7455],[76.7225,23.7461],[76.695,23.7468],[76.5979,23.8377],[76.564,23.8907],[76.4676,23.8868],[76.355,23.8522]]]},"properties":{"AC_NO":164,"AC_NAME":"Sarangpur (SC)","district":"RAJGARH","PC_NO":20,"PC_NAME":"RAJGARH"}},
{"type":"Feature","geometry":{"type":"Polygon","coordinates":[[[77.316,23.8915],[77.2265,23.8927],[77.2238,23.8127],[77.1894,23.7338],[77.1668,23.6746],[77.2261,23.6531],[77.2776,23.6018],[77.2883,23.4263],[77.2175,23.3292],[77.3117,23.28],[77.335,23.3187],[77.3943,23.3041],[77.413,23.3076],[77.4021,23.3308],[77.5,23.4138],[77.5177,23.5074],[77.5064,23.5694],[77.5544,23.5908],[77.5736,23.6477],[77.6483,23.6926],[77.5549,23.7551],[77.4337,23.7808],[77.3981,23.8513],[77.316,23.8915]]]},"properties":{"AC_NO":149,"AC_NAME":"Berasia (SC)","district":"BHOPAL","PC_NO":19,"PC_NAME":"BHOPAL"}},
{"type":"Feature","geometry":{"type":"Polygon","coordinates":[[[77.8461,23.8739],[77.801,23.7424],[78.0127,23.6916],[78.0193,23.6144],[78.047,23.5735],[78.0793,23.4525],[78.1335,23.5173],[78.2271,23.5346],[78.2938,23.6744],[78.2507,23.7466],[78.2919,23.9073],[78.1871,23.8889],[78.1501,23.8568],[78.0513,23.8598],[77.9594,23.8904],[77.9046,23.8432],[77.8461,23.8739]]]},"properties":{"AC_NO":145,"AC_NAME":"Basoda","district":"VIDISHA","PC_NO":18,"PC_NAME":"VIDISHA"}},
{"type":"Feature","geometry":{"type":"Polygon","coordinates":[[[78.9901,23.8817],[78.9611,23.8374],[78.8577,23.7775],[78.8547,23.734],[78.9081,23.7516],[78.9537,23.665],[78.9012,23.6],[79.0053,23.5195],[79.0452,23.5322],[79.1701,23.522],[79.1483,23.4857],[79.2121,23.4374],[79.2868,23.4788],[79.2989,23.5622],[79.2914,23.7436],[79.2187,23.7849],[79.2369,23.8186],[79.1496,23.8474],[79.0579,23.9159],[78.9901,23.8817]]]},"properties":{"AC_NO":39,"AC_NAME":"Rehli","district":"SAGAR","PC_NO":7,"PC_NAME":"DAMOH"}},
{"type":"Feature","geometry":{"type":"Polygon","coordinates":[[[78.7566,23.9047],[78.7208,23.8564],[78.7849,23.8113],[78.7566,23.9047]]]},"properties":{"AC_NO":41,"AC_NAME":"Sagar","district":"SAGAR","PC_NO":5,"PC_NAME":"SAGAR"}},
{"type":"Feature","geometry":{"type":"Polygon","coordinates":[[[80.4964,23.8941],[80.4467,23.8198],[80.4599,23.7629],[80.381,23.7501],[80.3727,23.6846],[80.3285,23.6842],[80.2698,23.642],[80.1982,23.5243],[80.3116,23.41],[80.2933,23.3586],[80.3265,23.3057],[80.4845,23.3923],[80.5441,23.3917],[80.5416,23.4939],[80.5609,23.5668],[80.6222,23.5927],[80.7251,23.7482],[80.6721,23.867],[80.585,23.8993],[80.5578,23.8586],[80.4964,23.8941]]]},"properties":{"AC_NO":91,"AC_NAME":"Barwara (ST)","district":"KATNI","PC_NO":12,"PC_NAME":"SHAHDOL (ST)"}},
{"type":"Feature","geometry":{"type":"Polygon","coordinates":[[[77.1894,23.7338],[77.1032,23.7478],[77.0492,23.7189],[76.9839,23.758],[76.9633,23.8094],[76.7533,23.7783],[76.727,23.7455],[76.6735,23.6456],[76.7155,23.5878],[76.7082,23.4897],[76.7593,23.4966],[76.8022,23.4601],[76.888,23.5232],[76.9989,23.4991],[77.0498,23.4673],[77.139,23.5479],[77.1267,23.6174],[77.1668,23.6746],[77.1894,23.7338]]]},"properties":{"AC_NO":160,"AC_NAME":"Narsinghgarh","district":"RAJGARH","PC_NO":20,"PC_NAME":"RAJGARH"}},
{"type":"Feature","geometry":{"type":"Polygon","coordinates":[[[75.6899,23.7475],[75.6215,23.6601],[75.5222,23.6659],[75.4991,23.5247],[75.4242,23.5667],[75.4037,23.4911],[75.453,23.4776],[75.4799,23.4197],[75.6005,23.449],[75.6471,23.3711],[75.7105,23.3896],[75.8005,23.3851],[75.8627,23.4633],[75.8782,23.5585],[75.856,23.5675],[75.8236,23.6971],[75.6899,23.7475]]]},"properties":{"AC_NO":213,"AC_NAME":"Mahidpur","district":"UJJAIN","PC_NO":22,"PC_NAME":"UJJAIN (SC)"}},
{"type":"Feature","geometry":{"type":"Polygon","coordinates":[[[79.6253,23.84],[79.6569,23.8006],[79.5605,23.7043],[79.5008,23.6833],[79.4931,23.6405],[79.4156,23.5783],[79.3661,23.4558],[79.2868,23.4788],[79.2121,23.4374],[79.1917,23.366],[79.2389,23.3404],[79.1899,23.223],[79.23,23.2512],[79.3055,23.2239],[79.3708,23.1675],[79.5159,23.2682],[79.5581,23.2733],[79.7028,23.3611],[79.7354,23.4263],[79.8022,23.466],[79.9294,23.5949],[79.9502,23.6681],[79.8178,23.7374],[79.7797,23.7444],[79.7427,23.8422],[79.6527,23.8588],[79.6253,23.84]]]},"properties":{"AC_NO":56,"AC_NAME":"Jabera","district":"DAMOH","PC_NO":7,"PC_NAME":"DAMOH"}},
{"type":"Feature","geometry":{"type":"Polygon","coordinates":[[[77.801,23.7424],[77.8302,23.6278],[77.7323,23.5876],[77.72,23.5315],[77.7641,23.5222],[77.8112,23.4557],[77.9131,23.4489],[77.9634,23.3747],[78.0122,23.4725],[78.0793,23.4525],[78.047,23.5735],[78.0193,23.6144],[78.0127,23.6916],[77.801,23.7424]]]},"properties":{"AC_NO":144,"AC_NAME":"Vidisha","district":"VIDISHA","PC_NO":18,"PC_NAME":"VIDISHA"}},
{"type":"Feature","geometry":{"type":"Polygon","coordinates":[[[78.7394,23.5764],[78.6412,23.5466],[78.5184,23.5528],[78.447,23.6917],[78.3975,23.6325],[78.2938,23.6744],[78.2271,23.5346],[78.3025,23.4779],[78.3769,23.4637],[78.4233,23.3905],[78.3599,23.3829],[78.319,23.3214],[78.2689,23.322],[78.2246,23.278],[78.1454,23.2542],[78.1889,23.1367],[78.2407,23.1279],[78.3057,23.1667],[78.4309,23.201],[78.5222,23.1638],[78.6165,23.1621],[78.6395,23.203],[78.7213,23.204],[78.7615,23.247],[78.7623,23.2994],[78.7076,23.3537],[78.6315,23.3617],[78.6288,23.4515],[78.7371,23.53],[78.7394,23.5764]]]},"properties":{"AC_NO":143,"AC_NAME":"Silwani","district":"RAISEN","PC_NO":18,"PC_NAME":"VIDISHA"}},
{"type":"Feature","geometry":{"type":"Polygon","coordinates":[[[75.4242,23.5667],[75.397,23.6017],[75.2803,23.5896],[75.2743,23.5404],[75.1885,23.5265],[75.1767,23.4987],[75.1566,23.417],[75.1943,23.3272],[75.3256,23.2899],[75.443,23.2822],[75.4285,23.3882],[75.4799,23.4197],[75.453,23.4776],[75.4037,23.4911],[75.4242,23.5667]]]},"properties":{"AC_NO":212,"AC_NAME":"Nagada-Khachrod","district":"UJJAIN","PC_NO":22,"PC_NAME":"UJJAIN (SC)"}},
{"type":"Feature","geometry":{"type":"Polygon","coordinates":[[[80.8313,23.6702],[80.7251,23.7482],[80.6222,23.5927],[80.5609,23.5668],[80.5416,23.4939],[80.5441,23.3917],[80.576,23.3519],[80.6992,23.3746],[80.7542,23.3206],[80.7167,23.2833],[80.7403,23.2345],[80.792,23.2503],[80.8648,23.2328],[80.9233,23.2854],[81.0679,23.1944],[81.1145,23.215],[81.066,23.2415],[80.9978,23.3752],[81.0135,23.4212],[80.9263,23.4795],[80.8704,23.4637],[80.8799,23.5737],[80.8313,23.6702]]]},"properties":{"AC_NO":89,"AC_NAME":"Bandhavgarh (ST)","district":"UMARIA","PC_NO":12,"PC_NAME":"SHAHDOL (ST)"}},
{"type":"Feature","geometry":{"type":"Polygon","coordinates":[[[81.6271,23.491],[81.5769,23.5854],[81.4867,23.6421],[81.5296,23.7225],[81.48,23.7549],[81.351,23.6948],[81.2393,23.6927],[81.2393,23.6248],[81.2656,23.5548],[81.3016,23.5389],[81.314,23.4032],[81.3408,23.2991],[81.3816,23.2525],[81.3303,23.1925],[81.2655,23.1958],[81.3238,23.1364],[81.3165,23.105],[81.4225,23.0595],[81.4175,23.1154],[81.4501,23.1867],[81.432,23.2379],[81.4916,23.3344],[81.4825,23.409],[81.5776,23.4124],[81.6271,23.491]]]},"properties":{"AC_NO":84,"AC_NAME":"Jaisinghnagar (ST)","district":"SHAHDOL","PC_NO":12,"PC_NAME":"SHAHDOL (ST)"}},
{"type":"Feature","geometry":{"type":"Polygon","coordinates":[[[77.2175,23.3292],[77.2883,23.4263],[77.2776,23.6018],[77.2261,23.6531],[77.1668,23.6746],[77.1267,23.6174],[77.139,23.5479],[77.0498,23.4673],[76.9885,23.3971],[76.9825,23.3266],[77.055,23.2011],[77.1146,23.1839],[77.1748,23.3021],[77.2175,23.3292]]]},"properties":{"AC_NO":159,"AC_NAME":"Sehore","district":"SEHORE","PC_NO":19,"PC_NAME":"BHOPAL"}},
{"type":"Feature","geometry":{"type":"Polygon","coordinates":[[[76.4497,23.6237],[76.2823,23.62],[76.2313,23.5929],[76.1594,23.5704],[76.1625,23.5054],[76.209,23.4883],[76.2126,23.3847],[76.1819,23.2693],[76.1204,23.2431],[76.1634,23.2245],[76.2761,23.2295],[76.4136,23.2189],[76.4343,23.1929],[76.3952,23.3321],[76.4473,23.3894],[76.4378,23.4378],[76.4769,23.5241],[76.4409,23.5664],[76.4497,23.6237]]]},"properties":{"AC_NO":167,"AC_NAME":"Shajapur","district":"SHAJAPUR","PC_NO":21,"PC_NAME":"DEWAS (SC)"}},
{"type":"Feature","geometry":{"type":"Polygon","coordinates":[[[74.8239,23.5424],[74.7941,23.5508],[74.7284,23.4962],[74.613,23.462],[74.5689,23.3762],[74.5143,23.3163],[74.6473,23.2553],[74.6767,23.2737],[74.7412,23.2264],[74.8074,23.1389],[74.8893,23.1375],[74.9202,23.1619],[74.8878,23.2636],[74.9148,23.2998],[74.927,23.3945],[74.9591,23.4527],[74.9301,23.5039],[74.8549,23.4964],[74.8239,23.5424]]]},"properties":{"AC_NO":221,"AC_NAME":"Sailana (ST)","district":"RATLAM","PC_NO":24,"PC_NAME":"RATLAM (ST)"}},
{"type":"Feature","geometry":{"type":"Polygon","coordinates":[[[75.1071,23.5003],[75.0361,23.5391],[74.9301,23.5039],[74.9591,23.4527],[74.927,23.3945],[74.9148,23.2998],[74.8878,23.2636],[74.9202,23.1619],[74.992,23.1432],[75.005,23.1104],[75.1675,23.1059],[75.2379,23.0858],[75.2421,23.135],[75.2258,23.21],[75.3256,23.2899],[75.1943,23.3272],[75.1566,23.417],[75.1767,23.4987],[75.1071,23.5003]],[[75.0516,23.3669],[75.0519,23.2882],[74.9926,23.3303],[75.0516,23.3669]]]},"properties":{"AC_NO":219,"AC_NAME":"Ratlam Rural (ST)","district":"RATLAM","PC_NO":24,"PC_NAME":"RATLAM (ST)"}},
{"type":"Feature","geometry":{"type":"Polygon","coordinates":[[[76.1594,23.5704],[76.1213,23.5384],[75.9993,23.5736],[75.8782,23.5585],[75.8627,23.4633],[75.9095,23.4582],[75.9423,23.4006],[75.9891,23.3789],[75.962,23.3198],[76.0102,23.2101],[76.0413,23.1808],[76.0823,23.0476],[76.1139,23.0546],[76.1072,23.105],[76.0595,23.1851],[76.1204,23.2431],[76.1819,23.2693],[76.2126,23.3847],[76.209,23.4883],[76.1625,23.5054],[76.1594,23.5704]]]},"properties":{"AC_NO":214,"AC_NAME":"Tarana (SC)","district":"UJJAIN","PC_NO":22,"PC_NAME":"UJJAIN (SC)"}},
{"type":"Feature","geometry":{"type":"Polygon","coordinates":[[[76.7082,23.4897],[76.5996,23.5632],[76.5262,23.5765],[76.4769,23.5241],[76.4378,23.4378],[76.4473,23.3894],[76.3952,23.3321],[76.4343,23.1929],[76.5109,23.1806],[76.4954,23.2544],[76.5993,23.3071],[76.5903,23.3652],[76.7558,23.2901],[76.792,23.3828],[76.8309,23.4122],[76.8022,23.4601],[76.7593,23.4966],[76.7082,23.4897]]]},"properties":{"AC_NO":168,"AC_NAME":"Shujalpur","district":"SHAJAPUR","PC_NO":21,"PC_NAME":"DEWAS (SC)"}},
{"type":"Feature","geometry":{"type":"Polygon","coordinates":[[[78.9012,23.6],[78.7394,23.5764],[78.7371,23.53],[78.6288,23.4515],[78.6315,23.3617],[78.7076,23.3537],[78.7623,23.2994],[78.7615,23.247],[78.8099,23.2352],[78.8975,23.2124],[79.0542,23.1981],[79.1388,23.1743],[79.1899,23.223],[79.2389,23.3404],[79.1917,23.366],[79.2121,23.4374],[79.1483,23.4857],[79.1701,23.522],[79.0452,23.5322],[79.0053,23.5195],[78.9012,23.6]]]},"properties":{"AC_NO":38,"AC_NAME":"Deori","district":"SAGAR","PC_NO":7,"PC_NAME":"DAMOH"}},
{"type":"Feature","geometry":{"type":"Polygon","coordinates":[[[79.8632,23.829],[79.8178,23.7374],[79.9502,23.6681],[79.9294,23.5949],[79.8022,23.466],[79.8704,23.3652],[79.9388,23.3845],[79.9757,23.3469],[80.0658,23.3482],[80.168,23.2989],[80.2933,23.3586],[80.3116,23.41],[80.1982,23.5243],[80.2698,23.642],[80.3285,23.6842],[80.2867,23.7791],[80.3334,23.8013],[80.2706,23.9115],[80.2925,23.9237],[80.1866,24.0035],[80.1552,23.9401],[80.0531,23.9915],[80.0159,23.9768],[79.9863,23.8941],[79.9011,23.8211],[79.8632,23.829]]]},"properties":{"AC_NO":94,"AC_NAME":"Bahoriband","district":"KATNI","PC_NO":8,"PC_NAME":"KHAJURAHO"}},
{"type":"Feature","geometry":{"type":"Polygon","coordinates":[[[77.72,23.5315],[77.6503,23.485],[77.5177,23.5074],[77.5,23.4138],[77.623,23.3449],[77.5872,23.2504],[77.6883,23.2378],[77.7546,23.1576],[77.8641,23.1762],[78.0396,23.2426],[78.1454,23.2542],[78.2246,23.278],[78.2689,23.322],[78.319,23.3214],[78.3599,23.3829],[78.4233,23.3905],[78.3769,23.4637],[78.3025,23.4779],[78.2271,23.5346],[78.1335,23.5173],[78.0793,23.4525],[78.0122,23.4725],[77.9634,23.3747],[77.9131,23.4489],[77.8112,23.4557],[77.7641,23.5222],[77.72,23.5315]]]},"properties":{"AC_NO":142,"AC_NAME":"Sanchi (SC)","district":"RAISEN","PC_NO":18,"PC_NAME":"VIDISHA"}},
{"type":"Feature","geometry":{"type":"Polygon","coordinates":[[[77.0498,23.4673],[76.9989,23.4991],[76.888,23.5232],[76.8022,23.4601],[76.8309,23.4122],[76.792,23.3828],[76.7558,23.2901],[76.5903,23.3652],[76.5993,23.3071],[76.4954,23.2544],[76.5109,23.1806],[76.5404,23.1309],[76.6283,23.1388],[76.7743,23.1717],[76.8035,23.1251],[76.8857,23.1258],[76.9065,23.2315],[76.9886,23.2882],[76.9825,23.3266],[76.9885,23.3971],[77.0498,23.4673]]]},"properties":{"AC_NO":169,"AC_NAME":"Kalapipal","district":"SHAJAPUR","PC_NO":21,"PC_NAME":"DEWAS (SC)"}},
{"type":"Feature","geometry":{"type":"Polygon","coordinates":[[[75.4799,23.4197],[75.4285,23.3882],[75.443,23.2822],[75.5761,23.247],[75.5718,23.1656],[75.6856,23.1877],[75.7264,23.1714],[75.739,23.2],[75.7945,23.2104],[75.771,23.1699],[75.784,23.1273],[75.8711,23.0852],[75.885,23.0249],[75.8971,23.0019],[75.9701,23.0328],[75.9795,23.1031],[75.9326,23.1319],[75.9536,23.1786],[75.927,23.2743],[75.962,23.3198],[75.9891,23.3789],[75.9423,23.4006],[75.9095,23.4582],[75.8627,23.4633],[75.8005,23.3851],[75.7105,23.3896],[75.6471,23.3711],[75.6005,23.449],[75.4799,23.4197]]]},"properties":{"AC_NO":215,"AC_NAME":"Ghatiya (SC)","district":"UJJAIN","PC_NO":22,"PC_NAME":"UJJAIN (SC)"}},
{"type":"Feature","geometry":{"type":"Polygon","coordinates":[[[81.9837,23.4182],[81.9578,23.5009],[81.9171,23.5353],[81.8202,23.5157],[81.8087,23.5495],[81.7254,23.5571],[81.6271,23.491],[81.5776,23.4124],[81.4825,23.409],[81.4916,23.3344],[81.432,23.2379],[81.4501,23.1867],[81.4175,23.1154],[81.4225,23.0595],[81.536,23.0763],[81.5516,23.0351],[81.5595,23.1483],[81.6021,23.1917],[81.6707,23.2182],[81.7549,23.2121],[81.7883,23.2555],[81.8739,23.2532],[81.8739,23.2976],[81.9722,23.371],[81.9837,23.4182]]]},"properties":{"AC_NO":85,"AC_NAME":"Jaitpur (ST)","district":"SHAHDOL","PC_NO":12,"PC_NAME":"SHAHDOL (ST)"}},
{"type":"Feature","geometry":{"type":"Polygon","coordinates":[[[75.0516,23.3669],[74.9926,23.3303],[75.0519,23.2882],[75.0516,23.3669]]]},"properties":{"AC_NO":220,"AC_NAME":"Ratlam City","district":"RATLAM","PC_NO":24,"PC_NAME":"RATLAM (ST)"}},
{"type":"Feature","geometry":{"type":"Polygon","coordinates":[[[77.5,23.4138],[77.4021,23.3308],[77.413,23.3076],[77.4738,23.2613],[77.5258,23.2154],[77.4543,23.1554],[77.4262,23.1733],[77.3361,23.1889],[77.3081,23.2492],[77.3117,23.28],[77.2175,23.3292],[77.1748,23.3021],[77.1762,23.2291],[77.2284,23.187],[77.2759,23.104],[77.3792,23.0726],[77.4827,23.0928],[77.5375,23.1344],[77.5948,23.2244],[77.5872,23.2504],[77.623,23.3449],[77.5,23.4138]]]},"properties":{"AC_NO":155,"AC_NAME":"Huzur","district":"BHOPAL","PC_NO":19,"PC_NAME":"BHOPAL"}},
{"type":"Feature","geometry":{"type":"Polygon","coordinates":[[[79.8022,23.466],[79.7354,23.4263],[79.7028,23.3611],[79.5581,23.2733],[79.5683,23.2391],[79.6818,23.1906],[79.7418,23.2054],[79.8631,23.1914],[79.8488,23.2956],[79.8704,23.3652],[79.8022,23.466]]]},"properties":{"AC_NO":95,"AC_NAME":"Patan","district":"JABALPUR","PC_NO":13,"PC_NAME":"JABALPUR"}},
{"type":"Feature","geometry":{"type":"Polygon","coordinates":[[[76.0823,23.0476],[76.0413,23.1808],[76.0102,23.2101],[75.962,23.3198],[75.927,23.2743],[75.9536,23.1786],[75.9326,23.1319],[75.9795,23.1031],[75.9701,23.0328],[76.0143,23.0028],[76.0823,23.0476]]]},"properties":{"AC_NO":171,"AC_NAME":"Dewas","district":"DEWAS","PC_NO":21,"PC_NAME":"DEWAS (SC)"}},
{"type":"Feature","geometry":{"type":"Polygon","coordinates":[[[75.443,23.2822],[75.3256,23.2899],[75.2258,23.21],[75.2421,23.135],[75.3005,23.127],[75.3347,23.0394],[75.3069,22.9312],[75.3716,22.8684],[75.4372,22.8677],[75.4737,22.9862],[75.5538,23.0646],[75.5718,23.1656],[75.5761,23.247],[75.443,23.2822]]]},"properties":{"AC_NO":218,"AC_NAME":"Badnagar","district":"UJJAIN","PC_NO":22,"PC_NAME":"UJJAIN (SC)"}},
{"type":"Feature","geometry":{"type":"Polygon","coordinates":[[[81.946,23.0746],[82.0357,23.0808],[82.0715,23.1181],[82.14,23.1321],[82.1452,23.2268],[82.1991,23.3137],[82.1041,23.3978],[82.0553,23.3768],[81.9837,23.4182],[81.9722,23.371],[81.8739,23.2976],[81.8739,23.2532],[81.9088,23.1909],[81.9773,23.1581],[81.946,23.0746]]]},"properties":{"AC_NO":86,"AC_NAME":"Kotma","district":"ANUPPUR","PC_NO":12,"PC_NAME":"SHAHDOL (ST)"}},
{"type":"Feature","geometry":{"type":"Polygon","coordinates":[[[79.8704,23.3652],[79.8488,23.2956],[79.8631,23.1914],[79.8763,23.18],[79.8844,23.1808],[79.9101,23.2115],[80.051,23.2078],[79.9689,23.0872],[79.9933,23.0253],[80.0817,23.0769],[80.1822,23.0624],[80.1842,23.1265],[80.1292,23.1566],[80.1144,23.2161],[80.1769,23.2588],[80.168,23.2989],[80.0658,23.3482],[79.9757,23.3469],[79.9388,23.3845],[79.8704,23.3652]]]},"properties":{"AC_NO":101,"AC_NAME":"Panagar","district":"JABALPUR","PC_NO":13,"PC_NAME":"JABALPUR"}},
{"type":"Feature","geometry":{"type":"Polygon","coordinates":[[[74.7412,23.2264],[74.6712,23.1999],[74.5281,23.0977],[74.4638,23.0817],[74.3862,23.1114],[74.3228,23.0405],[74.3935,22.8965],[74.4611,22.906],[74.4745,22.8487],[74.5425,22.8893],[74.6588,22.9166],[74.7291,22.8942],[74.7483,23.0998],[74.8074,23.1389],[74.7412,23.2264]]]},"properties":{"AC_NO":194,"AC_NAME":"Thandla (ST)","district":"JHABUA","PC_NO":24,"PC_NAME":"RATLAM (ST)"}},
{"type":"Feature","geometry":{"type":"Polygon","coordinates":[[[76.9825,23.3266],[76.9886,23.2882],[76.9065,23.2315],[76.8857,23.1258],[76.8393,22.9105],[76.8414,22.865],[76.952,22.8616],[77.003,22.8769],[77.1459,22.8534],[77.1969,22.9355],[77.2843,22.9334],[77.3053,22.8802],[77.3869,22.9072],[77.4065,22.9605],[77.337,23.0391],[77.3792,23.0726],[77.2759,23.104],[77.2284,23.187],[77.1762,23.2291],[77.1748,23.3021],[77.1146,23.1839],[77.055,23.2011],[76.9825,23.3266]]]},"properties":{"AC_NO":158,"AC_NAME":"Ichhawar","district":"SEHORE","PC_NO":18,"PC_NAME":"VIDISHA"}},
{"type":"Feature","geometry":{"type":"Polygon","coordinates":[[[80.5441,23.3917],[80.4845,23.3923],[80.3265,23.3057],[80.2933,23.3586],[80.168,23.2989],[80.1769,23.2588],[80.1144,23.2161],[80.1292,23.1566],[80.1842,23.1265],[80.2484,23.1513],[80.3053,23.097],[80.3596,23.1393],[80.4241,23.1422],[80.5285,23.0839],[80.5571,23.1219],[80.5031,23.2023],[80.5227,23.2591],[80.5825,23.2822],[80.576,23.3519],[80.5441,23.3917]]]},"properties":{"AC_NO":102,"AC_NAME":"Sihora (ST)","district":"JABALPUR","PC_NO":13,"PC_NAME":"JABALPUR"}},
{"type":"Feature","geometry":{"type":"Polygon","coordinates":[[[77.3117,23.28],[77.3081,23.2492],[77.405,23.266],[77.4068,23.2658],[77.3943,23.3041],[77.335,23.3187],[77.3117,23.28]]]},"properties":{"AC_NO":150,"AC_NAME":"Bhopal Uttar","district":"BHOPAL","PC_NO":19,"PC_NAME":"BHOPAL"}},
{"type":"Feature","geometry":{"type":"Polygon","coordinates":[[[77.3943,23.3041],[77.4068,23.2658],[77.4535,23.254],[77.4738,23.2613],[77.413,23.3076],[77.3943,23.3041]]]},"properties":{"AC_NO":151,"AC_NAME":"Narela","district":"BHOPAL","PC_NO":19,"PC_NAME":"BHOPAL"}},
{"type":"Feature","geometry":{"type":"Polygon","coordinates":[[[76.4343,23.1929],[76.4136,23.2189],[76.2761,23.2295],[76.1634,23.2245],[76.1204,23.2431],[76.0595,23.1851],[76.1072,23.105],[76.1139,23.0546],[76.1367,23.0033],[76.1882,22.9756],[76.2444,22.8889],[76.3964,22.8856],[76.452,22.8568],[76.5035,22.8758],[76.4536,22.9269],[76.4672,23.0757],[76.5404,23.1309],[76.5109,23.1806],[76.4343,23.1929]]]},"properties":{"AC_NO":170,"AC_NAME":"Sonkatch (SC)","district":"DEWAS","PC_NO":21,"PC_NAME":"DEWAS (SC)"}},
{"type":"Feature","geometry":{"type":"Polygon","coordinates":[[[78.1454,23.2542],[78.0396,23.2426],[77.8641,23.1762],[77.7546,23.1576],[77.6883,23.2378],[77.5872,23.2504],[77.5948,23.2244],[77.5375,23.1344],[77.4827,23.0928],[77.3792,23.0726],[77.337,23.0391],[77.4065,22.9605],[77.4448,22.9205],[77.5509,22.8593],[77.5873,22.8767],[77.6394,22.8387],[77.6897,22.8837],[77.7889,22.9067],[77.855,22.9491],[77.9608,22.9684],[77.9998,22.9259],[78.0275,22.9618],[78.1459,22.9434],[78.2026,22.9922],[78.1889,23.1367],[78.1454,23.2542]]]},"properties":{"AC_NO":141,"AC_NAME":"Bhojpur","district":"RAISEN","PC_NO":18,"PC_NAME":"VIDISHA"}},
{"type":"Feature","geometry":{"type":"Polygon","coordinates":[[[75.7264,23.1714],[75.771,23.1699],[75.7945,23.2104],[75.739,23.2],[75.7264,23.1714]]]},"properties":{"AC_NO":216,"AC_NAME":"Ujjain Uttar","district":"UJJAIN","PC_NO":22,"PC_NAME":"UJJAIN (SC)"}},
{"type":"Feature","geometry":{"type":"Polygon","coordinates":[[[77.4262,23.1733],[77.4326,23.2003],[77.405,23.266],[77.3081,23.2492],[77.3361,23.1889],[77.4262,23.1733]]]},"properties":{"AC_NO":152,"AC_NAME":"Bhopal Dakshin-Paschim","district":"BHOPAL","PC_NO":19,"PC_NAME":"BHOPAL"}},
{"type":"Feature","geometry":{"type":"Polygon","coordinates":[[[77.405,23.266],[77.4326,23.2003],[77.4535,23.254],[77.4068,23.2658],[77.405,23.266]]]},"properties":{"AC_NO":153,"AC_NAME":"Bhopal Madhya","district":"BHOPAL","PC_NO":19,"PC_NAME":"BHOPAL"}},
{"type":"Feature","geometry":{"type":"Polygon","coordinates":[[[81.7278,22.6753],[81.7943,22.7665],[81.7616,22.8301],[81.7757,22.8742],[81.8616,22.8891],[81.9504,22.9828],[81.93,23.0211],[81.9018,22.9869],[81.8158,22.9819],[81.7554,23.0118],[81.6795,23.0115],[81.5948,22.982],[81.5516,23.0351],[81.536,23.0763],[81.4225,23.0595],[81.3165,23.105],[81.3238,23.1364],[81.2655,23.1958],[81.2205,23.2652],[81.1664,23.2944],[81.1241,23.2165],[81.1433,23.1777],[81.2552,23.0824],[81.2264,23.0449],[81.1865,22.9522],[81.3513,22.8521],[81.4293,22.8355],[81.4531,22.7705],[81.5286,22.7524],[81.6423,22.7872],[81.6853,22.7834],[81.6922,22.7092],[81.7278,22.6753]]]},"properties":{"AC_NO":88,"AC_NAME":"Pushprajgarh (ST)","district":"ANUPPUR","PC_NO":12,"PC_NAME":"SHAHDOL (ST)"}},
{"type":"Feature","geometry":{"type":"Polygon","coordinates":[[[77.4738,23.2613],[77.4535,23.254],[77.4326,23.2003],[77.4262,23.1733],[77.4543,23.1554],[77.5258,23.2154],[77.4738,23.2613]]]},"properties":{"AC_NO":154,"AC_NAME":"Govindpura","district":"BHOPAL","PC_NO":19,"PC_NAME":"BHOPAL"}},
{"type":"Feature","geometry":{"type":"Polygon","coordinates":[[[74.9202,23.1619],[74.8893,23.1375],[74.8074,23.1389],[74.7483,23.0998],[74.7291,22.8942],[74.6588,22.9166],[74.6717,22.8761],[74.663,22.8715],[74.6774,22.7711],[74.653,22.682],[74.6131,22.6175],[74.7346,22.5879],[74.7499,22.5603],[74.7742,22.5715],[74.796,22.6584],[74.7623,22.7505],[74.8517,22.7459],[74.939,22.7935],[75.0031,22.913],[75.0088,22.9936],[75.005,23.1104],[74.992,23.1432],[74.9202,23.1619]]]},"properties":{"AC_NO":195,"AC_NAME":"Petlawad (ST)","district":"JHABUA","PC_NO":24,"PC_NAME":"RATLAM (ST)"}},
{"type":"Feature","geometry":{"type":"Polygon","coordinates":[[[75.885,23.0249],[75.8711,23.0852],[75.784,23.1273],[75.771,23.1699],[75.7264,23.1714],[75.6856,23.1877],[75.5718,23.1656],[75.5538,23.0646],[75.6164,23.0524],[75.6462,23.0069],[75.8048,23.0346],[75.885,23.0249]]]},"properties":{"AC_NO":217,"AC_NAME":"Ujjain Dakshin","district":"UJJAIN","PC_NO":22,"PC_NAME":"UJJAIN (SC)"}},
{"type":"Feature","geometry":{"type":"Polygon","coordinates":[[[76.8857,23.1258],[76.8035,23.1251],[76.7743,23.1717],[76.6283,23.1388],[76.5404,23.1309],[76.4672,23.0757],[76.4536,22.9269],[76.5035,22.8758],[76.5274,22.8063],[76.5757,22.7715],[76.7105,22.7925],[76.8414,22.865],[76.8393,22.9105],[76.8857,23.1258]]]},"properties":{"AC_NO":157,"AC_NAME":"Ashta (SC)","district":"SEHORE","PC_NO":21,"PC_NAME":"DEWAS (SC)"}},
{"type":"Feature","geometry":{"type":"Polygon","coordinates":[[[79.5581,23.2733],[79.5159,23.2682],[79.3708,23.1675],[79.3474,23.1074],[79.4584,23.0979],[79.5157,23.1435],[79.6077,23.0982],[79.5904,23.0235],[79.6225,22.9555],[79.6488,22.9263],[79.7504,22.899],[79.8395,22.8311],[79.8638,22.8521],[79.9638,22.8521],[79.9512,22.9462],[79.999,22.9793],[79.9933,23.0253],[79.9689,23.0872],[79.9449,23.0955],[79.8668,23.0977],[79.8763,23.18],[79.8631,23.1914],[79.7418,23.2054],[79.6818,23.1906],[79.5683,23.2391],[79.5581,23.2733]]]},"properties":{"AC_NO":96,"AC_NAME":"Bargi","district":"JABALPUR","PC_NO":13,"PC_NAME":"JABALPUR"}},
{"type":"Feature","geometry":{"type":"Polygon","coordinates":[[[79.0542,23.1981],[78.8975,23.2124],[78.8099,23.2352],[78.7878,23.117],[78.7294,23.0433],[78.7369,22.9726],[78.7768,22.9215],[78.8498,22.9218],[78.9315,22.8537],[78.9277,22.7622],[78.8458,22.758],[78.8815,22.6783],[78.9307,22.637],[78.996,22.6347],[79.0225,22.7423],[79.0078,22.8404],[79.025,22.8993],[79.0116,23.0498],[79.0201,23.154],[79.0542,23.1981]]]},"properties":{"AC_NO":120,"AC_NAME":"Tendukheda","district":"NARSINGHPUR","PC_NO":17,"PC_NAME":"HOSHANGABAD"}},
{"type":"Feature","geometry":{"type":"Polygon","coordinates":[[[75.2421,23.135],[75.2379,23.0858],[75.1675,23.1059],[75.005,23.1104],[75.0088,22.9936],[75.0777,22.996],[75.1423,22.9142],[75.1526,22.8365],[75.1207,22.7545],[75.1725,22.7262],[75.2407,22.6926],[75.2714,22.6474],[75.3645,22.6383],[75.4294,22.7278],[75.4845,22.7492],[75.4381,22.7737],[75.4372,22.8677],[75.3716,22.8684],[75.3069,22.9312],[75.3347,23.0394],[75.3005,23.127],[75.2421,23.135]]]},"properties":{"AC_NO":202,"AC_NAME":"Badnawar","district":"DHAR","PC_NO":25,"PC_NAME":"DHAR (ST)"}},
{"type":"Feature","geometry":{"type":"Polygon","coordinates":[[[78.1889,23.1367],[78.2026,22.9922],[78.1459,22.9434],[78.0275,22.9618],[77.9998,22.9259],[78.0271,22.8028],[78.0966,22.7926],[78.1276,22.8366],[78.2159,22.893],[78.2957,22.8866],[78.4445,22.9871],[78.4731,23.0062],[78.7294,23.0433],[78.7878,23.117],[78.8099,23.2352],[78.7615,23.247],[78.7213,23.204],[78.6395,23.203],[78.6165,23.1621],[78.5222,23.1638],[78.4309,23.201],[78.3057,23.1667],[78.2407,23.1279],[78.1889,23.1367]]]},"properties":{"AC_NO":140,"AC_NAME":"Udaipura","district":"RAISEN","PC_NO":17,"PC_NAME":"HOSHANGABAD"}},
{"type":"Feature","geometry":{"type":"Polygon","coordinates":[[[79.3708,23.1675],[79.3055,23.2239],[79.23,23.2512],[79.1899,23.223],[79.1388,23.1743],[79.0542,23.1981],[79.0201,23.154],[79.0116,23.0498],[79.025,22.8993],[79.0078,22.8404],[79.0225,22.7423],[79.1232,22.7658],[79.2272,22.8132],[79.2158,22.8688],[79.2248,22.9887],[79.3311,23.059],[79.3474,23.1074],[79.3708,23.1675]]]},"properties":{"AC_NO":119,"AC_NAME":"Narsingpur","district":"NARSINGHPUR","PC_NO":17,"PC_NAME":"HOSHANGABAD"}},
{"type":"Feature","geometry":{"type":"Polygon","coordinates":[[[81.93,23.0211],[81.946,23.0746],[81.9773,23.1581],[81.9088,23.1909],[81.8739,23.2532],[81.7883,23.2555],[81.7549,23.2121],[81.6707,23.2182],[81.6021,23.1917],[81.5595,23.1483],[81.5516,23.0351],[81.5948,22.982],[81.6795,23.0115],[81.7554,23.0118],[81.8158,22.9819],[81.9018,22.9869],[81.93,23.0211]]]},"properties":{"AC_NO":87,"AC_NAME":"Anuppur (ST)","district":"ANUPPUR","PC_NO":12,"PC_NAME":"SHAHDOL (ST)"}},
{"type":"Feature","geometry":{"type":"Polygon","coordinates":[[[79.9101,23.2115],[79.9362,23.1951],[79.9396,23.1596],[79.9449,23.0955],[79.9689,23.0872],[80.051,23.2078],[79.9101,23.2115]]]},"properties":{"AC_NO":99,"AC_NAME":"Jabalpur Cantt.","district":"JABALPUR","PC_NO":13,"PC_NAME":"JABALPUR"}},
{"type":"Feature","geometry":{"type":"Polygon","coordinates":[[[79.8844,23.1808],[79.9347,23.1606],[79.9362,23.1951],[79.9101,23.2115],[79.8844,23.1808]]]},"properties":{"AC_NO":98,"AC_NAME":"Jabalpur Uttar","district":"JABALPUR","PC_NO":13,"PC_NAME":"JABALPUR"}},
{"type":"Feature","geometry":{"type":"Polygon","coordinates":[[[75.5538,23.0646],[75.4737,22.9862],[75.4372,22.8677],[75.4381,22.7737],[75.4845,22.7492],[75.5284,22.6307],[75.7138,22.6279],[75.7376,22.6476],[75.7319,22.7192],[75.7895,22.7303],[75.8422,22.6959],[75.851,22.7975],[75.8389,22.8163],[75.7109,22.812],[75.6928,22.9302],[75.6462,23.0069],[75.6164,23.0524],[75.5538,23.0646]]]},"properties":{"AC_NO":203,"AC_NAME":"Depalpur","district":"INDORE","PC_NO":26,"PC_NAME":"INDORE"}},
{"type":"Feature","geometry":{"type":"Polygon","coordinates":[[[79.9362,23.1951],[79.9347,23.1606],[79.9396,23.1596],[79.9362,23.1951]]]},"properties":{"AC_NO":97,"AC_NAME":"Jabalpur Purba(SC)","district":"JABALPUR","PC_NO":13,"PC_NAME":"JABALPUR"}},
{"type":"Feature","geometry":{"type":"Polygon","coordinates":[[[79.8763,23.18],[79.8668,23.0977],[79.9449,23.0955],[79.9396,23.1596],[79.9347,23.1606],[79.8844,23.1808],[79.8763,23.18]]]},"properties":{"AC_NO":100,"AC_NAME":"Jabalpur Paschim","district":"JABALPUR","PC_NO":13,"PC_NAME":"JABALPUR"}},
{"type":"Feature","geometry":{"type":"Polygon","coordinates":[[[76.1139,23.0546],[76.0823,23.0476],[76.0143,23.0028],[75.9701,23.0328],[75.8971,23.0019],[75.9656,22.9441],[75.9795,22.8802],[76.0603,22.807],[76.1037,22.7016],[76.1878,22.6911],[76.2083,22.7717],[76.2731,22.7415],[76.3617,22.7644],[76.5095,22.7451],[76.5274,22.8063],[76.5035,22.8758],[76.452,22.8568],[76.3964,22.8856],[76.2444,22.8889],[76.1882,22.9756],[76.1367,23.0033],[76.1139,23.0546]]]},"properties":{"AC_NO":172,"AC_NAME":"Hatpipliya","district":"DEWAS","PC_NO":21,"PC_NAME":"DEWAS (SC)"}},
{"type":"Feature","geometry":{"type":"Polygon","coordinates":[[[75.8971,23.0019],[75.885,23.0249],[75.8048,23.0346],[75.6462,23.0069],[75.6928,22.9302],[75.7109,22.812],[75.8389,22.8163],[75.851,22.7975],[75.9422,22.753],[75.9301,22.7232],[75.9987,22.707],[76.0128,22.6111],[76.1175,22.5956],[76.2467,22.6451],[76.1878,22.6911],[76.1037,22.7016],[76.0603,22.807],[75.9795,22.8802],[75.9656,22.9441],[75.8971,23.0019]]]},"properties":{"AC_NO":211,"AC_NAME":"Sanwer (SC)","district":"INDORE","PC_NO":26,"PC_NAME":"INDORE"}},
{"type":"Feature","geometry":{"type":"Polygon","coordinates":[[[79.6225,22.9555],[79.5904,23.0235],[79.6077,23.0982],[79.5157,23.1435],[79.4584,23.0979],[79.3474,23.1074],[79.3311,23.059],[79.2248,22.9887],[79.2158,22.8688],[79.2272,22.8132],[79.325,22.6164],[79.4014,22.6849],[79.4096,22.7206],[79.5199,22.7343],[79.5147,22.778],[79.6122,22.86],[79.6225,22.9555]]]},"properties":{"AC_NO":118,"AC_NAME":"Gotegaon (SC)","district":"NARSINGHPUR","PC_NO":14,"PC_NAME":"MANDLA (ST)"}},
{"type":"Feature","geometry":{"type":"Polygon","coordinates":[[[75.0088,22.9936],[75.0031,22.913],[74.939,22.7935],[74.8517,22.7459],[74.7623,22.7505],[74.796,22.6584],[74.7742,22.5715],[74.838,22.5803],[74.9467,22.5426],[74.9966,22.5678],[75.0907,22.5403],[75.2269,22.5686],[75.1698,22.628],[75.1725,22.7262],[75.1207,22.7545],[75.1526,22.8365],[75.1423,22.9142],[75.0777,22.996],[75.0088,22.9936]]]},"properties":{"AC_NO":196,"AC_NAME":"Sardarpur (ST)","district":"DHAR","PC_NO":25,"PC_NAME":"DHAR (ST)"}},
{"type":"Feature","geometry":{"type":"Polygon","coordinates":[[[81.1241,23.2165],[81.1145,23.215],[81.0679,23.1944],[80.9233,23.2854],[80.8648,23.2328],[80.792,23.2503],[80.7403,23.2345],[80.7167,23.2833],[80.7542,23.3206],[80.6992,23.3746],[80.576,23.3519],[80.5825,23.2822],[80.5227,23.2591],[80.5031,23.2023],[80.5571,23.1219],[80.5285,23.0839],[80.5723,23.0131],[80.5418,22.9388],[80.5884,22.8565],[80.7299,22.812],[80.8605,22.8399],[80.8674,22.745],[80.9148,22.6948],[80.9437,22.563],[81.0098,22.5671],[81.0548,22.6234],[81.0235,22.8525],[80.9716,22.895],[81.0498,23.0147],[81.1532,23.0922],[81.2264,23.0449],[81.2552,23.0824],[81.1433,23.1777],[81.1241,23.2165]]]},"properties":{"AC_NO":103,"AC_NAME":"Shahpura (ST)","district":"DINDORI","PC_NO":14,"PC_NAME":"MANDLA (ST)"}},
{"type":"Feature","geometry":{"type":"Polygon","coordinates":[[[81.1079,22.3988],[81.1108,22.4372],[81.1721,22.4877],[81.2322,22.452],[81.3313,22.5255],[81.4228,22.4702],[81.5224,22.5391],[81.6227,22.5386],[81.6486,22.6153],[81.7278,22.6753],[81.6922,22.7092],[81.6853,22.7834],[81.6423,22.7872],[81.5286,22.7524],[81.4531,22.7705],[81.4293,22.8355],[81.3513,22.8521],[81.1865,22.9522],[81.2264,23.0449],[81.1532,23.0922],[81.0498,23.0147],[80.9716,22.895],[81.0235,22.8525],[81.0548,22.6234],[81.0098,22.5671],[80.9437,22.563],[80.9897,22.5163],[81.0932,22.4585],[81.1079,22.3988]]]},"properties":{"AC_NO":104,"AC_NAME":"Dindori (ST)","district":"DINDORI","PC_NO":14,"PC_NAME":"MANDLA (ST)"}},
{"type":"Feature","geometry":{"type":"Polygon","coordinates":[[[74.4745,22.8487],[74.4014,22.7304],[74.3788,22.6345],[74.4707,22.5478],[74.5188,22.5709],[74.5293,22.5654],[74.6057,22.5372],[74.5808,22.4675],[74.7118,22.4962],[74.7499,22.5603],[74.7346,22.5879],[74.6131,22.6175],[74.653,22.682],[74.6774,22.7711],[74.663,22.8715],[74.6717,22.8761],[74.6588,22.9166],[74.5425,22.8893],[74.4745,22.8487]]]},"properties":{"AC_NO":193,"AC_NAME":"Jhabua (ST)","district":"JHABUA","PC_NO":24,"PC_NAME":"RATLAM (ST)"}},
{"type":"Feature","geometry":{"type":"Polygon","coordinates":[[[78.8815,22.6783],[78.8458,22.758],[78.9277,22.7622],[78.9315,22.8537],[78.8498,22.9218],[78.7768,22.9215],[78.7369,22.9726],[78.7294,23.0433],[78.4731,23.0062],[78.4445,22.9871],[78.4678,22.9574],[78.5716,22.9551],[78.6309,22.7633],[78.6982,22.7634],[78.6805,22.6994],[78.7407,22.6188],[78.7789,22.6217],[78.7756,22.6471],[78.8815,22.6783]]]},"properties":{"AC_NO":121,"AC_NAME":"Gadarwara","district":"NARSINGHPUR","PC_NO":17,"PC_NAME":"HOSHANGABAD"}},
{"type":"Feature","geometry":{"type":"Polygon","coordinates":[[[77.003,22.8769],[77.0057,22.8142],[77.045,22.6978],[77.1297,22.5554],[77.2122,22.5655],[77.2543,22.6006],[77.3437,22.5696],[77.466,22.6475],[77.5889,22.6848],[77.6241,22.7445],[77.7324,22.7581],[77.7692,22.7832],[77.798,22.8416],[77.862,22.8399],[77.944,22.7898],[78.0271,22.8028],[77.9998,22.9259],[77.9608,22.9684],[77.855,22.9491],[77.7889,22.9067],[77.6897,22.8837],[77.6394,22.8387],[77.5873,22.8767],[77.5509,22.8593],[77.4448,22.9205],[77.4065,22.9605],[77.3869,22.9072],[77.3053,22.8802],[77.2843,22.9334],[77.1969,22.9355],[77.1459,22.8534],[77.003,22.8769]]]},"properties":{"AC_NO":156,"AC_NAME":"Budhni","district":"SEHORE","PC_NO":18,"PC_NAME":"VIDISHA"}},
{"type":"Feature","geometry":{"type":"Polygon","coordinates":[[[78.4445,22.9871],[78.2957,22.8866],[78.3411,22.768],[78.282,22.6736],[78.3291,22.5767],[78.2745,22.5162],[78.3436,22.492],[78.3484,22.4175],[78.4182,22.3831],[78.4831,22.3796],[78.5274,22.4203],[78.5178,22.4775],[78.5479,22.5367],[78.4964,22.5902],[78.5252,22.6662],[78.6118,22.649],[78.6805,22.6994],[78.6982,22.7634],[78.6309,22.7633],[78.5716,22.9551],[78.4678,22.9574],[78.4445,22.9871]]]},"properties":{"AC_NO":139,"AC_NAME":"Pipariya (SC)","district":"NARMADAPURAM","PC_NO":17,"PC_NAME":"HOSHANGABAD"}},
{"type":"Feature","geometry":{"type":"Polygon","coordinates":[[[77.003,22.8769],[76.952,22.8616],[76.8414,22.865],[76.7105,22.7925],[76.5757,22.7715],[76.5274,22.8063],[76.5095,22.7451],[76.5488,22.6846],[76.6054,22.6994],[76.63,22.6271],[76.7064,22.633],[76.7043,22.5616],[76.7809,22.5376],[76.7954,22.4292],[76.93,22.4904],[77.0323,22.4946],[77.1008,22.5275],[77.1297,22.5554],[77.045,22.6978],[77.0057,22.8142],[77.003,22.8769]]]},"properties":{"AC_NO":173,"AC_NAME":"Khategaon","district":"DEWAS","PC_NO":18,"PC_NAME":"VIDISHA"}},
{"type":"Feature","geometry":{"type":"Polygon","coordinates":[[[79.9638,22.8521],[79.8638,22.8521],[79.8395,22.8311],[79.7504,22.899],[79.6488,22.9263],[79.6225,22.9555],[79.6122,22.86],[79.5147,22.778],[79.5199,22.7343],[79.4096,22.7206],[79.4014,22.6849],[79.325,22.6164],[79.3681,22.6049],[79.3207,22.5276],[79.3467,22.4864],[79.388,22.5095],[79.5562,22.5263],[79.5445,22.4323],[79.5941,22.4529],[79.6824,22.4476],[79.7253,22.4889],[79.7844,22.4705],[79.866,22.5302],[79.9276,22.4767],[79.9565,22.5552],[80.0351,22.6082],[80.1129,22.6265],[80.1541,22.5996],[80.2888,22.7263],[80.27,22.7928],[80.2167,22.8004],[80.1791,22.7635],[80.0642,22.7589],[79.9638,22.8521]]]},"properties":{"AC_NO":117,"AC_NAME":"Lakhnadon(ST)","district":"SEONI","PC_NO":14,"PC_NAME":"MANDLA (ST)"}},
{"type":"Feature","geometry":{"type":"Polygon","coordinates":[[[78.2957,22.8866],[78.2159,22.893],[78.1276,22.8366],[78.0966,22.7926],[78.0271,22.8028],[77.944,22.7898],[77.862,22.8399],[77.798,22.8416],[77.7692,22.7832],[77.8171,22.741],[77.8299,22.6696],[77.7952,22.5729],[77.8713,22.5223],[77.9727,22.5924],[77.9761,22.5347],[77.9254,22.5165],[77.9482,22.4461],[77.922,22.394],[77.9447,22.3393],[78.0305,22.3308],[78.1753,22.3994],[78.2702,22.4021],[78.3484,22.4175],[78.3436,22.492],[78.2745,22.5162],[78.3291,22.5767],[78.282,22.6736],[78.3411,22.768],[78.2957,22.8866]]]},"properties":{"AC_NO":138,"AC_NAME":"Sohagpur","district":"NARMADAPURAM","PC_NO":17,"PC_NAME":"HOSHANGABAD"}},
{"type":"Feature","geometry":{"type":"Polygon","coordinates":[[[75.8422,22.6959],[75.9301,22.7232],[75.9422,22.753],[75.851,22.7975],[75.8422,22.6959]]]},"properties":{"AC_NO":204,"AC_NAME":"Indore-1","district":"INDORE","PC_NO":26,"PC_NAME":"INDORE"}},
{"type":"Feature","geometry":{"type":"Polygon","coordinates":[[[75.1725,22.7262],[75.1698,22.628],[75.2269,22.5686],[75.3748,22.5406],[75.465,22.5921],[75.4794,22.5004],[75.5546,22.5009],[75.6179,22.5586],[75.6964,22.5957],[75.7138,22.6279],[75.5284,22.6307],[75.4845,22.7492],[75.4294,22.7278],[75.3645,22.6383],[75.2714,22.6474],[75.2407,22.6926],[75.1725,22.7262]]]},"properties":{"AC_NO":201,"AC_NAME":"Dhar","district":"DHAR","PC_NO":25,"PC_NAME":"DHAR (ST)"}},
{"type":"Feature","geometry":{"type":"Polygon","coordinates":[[[76.5095,22.7451],[76.3617,22.7644],[76.2731,22.7415],[76.2083,22.7717],[76.1878,22.6911],[76.2467,22.6451],[76.1175,22.5956],[76.0875,22.5404],[76.1015,22.4701],[76.2342,22.3922],[76.2093,22.3293],[76.2513,22.2899],[76.3422,22.3038],[76.4443,22.3429],[76.495,22.4118],[76.6021,22.4059],[76.6643,22.3454],[76.6825,22.2966],[76.7391,22.2921],[76.7808,22.3442],[76.7954,22.4292],[76.7809,22.5376],[76.7043,22.5616],[76.7064,22.633],[76.63,22.6271],[76.6054,22.6994],[76.5488,22.6846],[76.5095,22.7451]]]},"properties":{"AC_NO":174,"AC_NAME":"Bagali (ST)","district":"DEWAS","PC_NO":28,"PC_NAME":"KHANDWA"}},
{"type":"Feature","geometry":{"type":"Polygon","coordinates":[[[80.1842,23.1265],[80.1822,23.0624],[80.0817,23.0769],[79.9933,23.0253],[79.999,22.9793],[79.9512,22.9462],[79.9638,22.8521],[80.0642,22.7589],[80.1791,22.7635],[80.2167,22.8004],[80.27,22.7928],[80.2888,22.7263],[80.3383,22.6659],[80.5101,22.6141],[80.6837,22.7104],[80.681,22.7538],[80.7299,22.812],[80.5884,22.8565],[80.5418,22.9388],[80.5723,23.0131],[80.5285,23.0839],[80.4241,23.1422],[80.3596,23.1393],[80.3053,23.097],[80.2484,23.1513],[80.1842,23.1265]]]},"properties":{"AC_NO":106,"AC_NAME":"Niwas (ST)","district":"MANDLA","PC_NO":14,"PC_NAME":"MANDLA (ST)"}},
{"type":"Feature","geometry":{"type":"Polygon","coordinates":[[[75.7376,22.6476],[75.8452,22.6266],[75.9538,22.5886],[76.0283,22.5301],[76.0875,22.5404],[76.1175,22.5956],[76.0128,22.6111],[75.9987,22.707],[75.9301,22.7232],[75.8422,22.6959],[75.7895,22.7303],[75.7319,22.7192],[75.7376,22.6476]]]},"properties":{"AC_NO":210,"AC_NAME":"Rau","district":"INDORE","PC_NO":26,"PC_NAME":"INDORE"}},
{"type":"Feature","geometry":{"type":"Polygon","coordinates":[[[74.3788,22.6345],[74.2772,22.646],[74.1894,22.5535],[74.1279,22.5173],[74.1331,22.4449],[74.2526,22.433],[74.2532,22.385],[74.3834,22.303],[74.5067,22.3226],[74.5993,22.268],[74.6297,22.3222],[74.6318,22.3664],[74.7368,22.4525],[74.7118,22.4962],[74.5808,22.4675],[74.6057,22.5372],[74.5293,22.5654],[74.5188,22.5709],[74.4707,22.5478],[74.3788,22.6345]]]},"properties":{"AC_NO":192,"AC_NAME":"Jobat (ST)","district":"ALIRAJPUR","PC_NO":24,"PC_NAME":"RATLAM (ST)"}},
{"type":"Feature","geometry":{"type":"Polygon","coordinates":[[[79.0225,22.7423],[78.996,22.6347],[78.9307,22.637],[78.8815,22.6783],[78.7756,22.6471],[78.7789,22.6217],[78.7807,22.5879],[78.8698,22.5593],[78.6874,22.4307],[78.6685,22.3497],[78.7375,22.3021],[78.788,22.3436],[78.88,22.3114],[78.8851,22.2693],[79.0043,22.2779],[78.9649,22.1729],[79.1304,22.1704],[79.2666,22.1854],[79.3254,22.2283],[79.2954,22.2945],[79.3511,22.3514],[79.3051,22.4409],[79.3467,22.4864],[79.3207,22.5276],[79.3681,22.6049],[79.325,22.6164],[79.2272,22.8132],[79.1232,22.7658],[79.0225,22.7423]]]},"properties":{"AC_NO":123,"AC_NAME":"Amarwara (ST)","district":"CHHINDWARA","PC_NO":16,"PC_NAME":"CHHINDWARA"}},
{"type":"Feature","geometry":{"type":"Polygon","coordinates":[[[77.7692,22.7832],[77.7324,22.7581],[77.6241,22.7445],[77.5889,22.6848],[77.6273,22.6489],[77.7091,22.6402],[77.7423,22.5721],[77.7952,22.5729],[77.8299,22.6696],[77.8171,22.741],[77.7692,22.7832]]]},"properties":{"AC_NO":137,"AC_NAME":"Hoshangabad","district":"NARMADAPURAM","PC_NO":17,"PC_NAME":"HOSHANGABAD"}},
{"type":"Feature","geometry":{"type":"Polygon","coordinates":[[[75.7138,22.6279],[75.6964,22.5957],[75.6179,22.5586],[75.5546,22.5009],[75.5744,22.453],[75.5644,22.3757],[75.6445,22.3356],[75.7523,22.3579],[75.8343,22.4086],[76.0527,22.4537],[76.0283,22.5301],[75.9538,22.5886],[75.8452,22.6266],[75.7376,22.6476],[75.7138,22.6279]]]},"properties":{"AC_NO":209,"AC_NAME":"Dr. Ambedkar Nagar-Mhow","district":"INDORE","PC_NO":25,"PC_NAME":"DHAR (ST)"}},
{"type":"Feature","geometry":{"type":"Polygon","coordinates":[[[74.7742,22.5715],[74.7499,22.5603],[74.7118,22.4962],[74.7368,22.4525],[74.6318,22.3664],[74.6297,22.3222],[74.8321,22.3483],[74.9109,22.3418],[74.9408,22.2304],[75.0828,22.307],[75.1095,22.394],[75.1717,22.3694],[75.2704,22.3919],[75.3748,22.5406],[75.2269,22.5686],[75.0907,22.5403],[74.9966,22.5678],[74.9467,22.5426],[74.838,22.5803],[74.7742,22.5715]]]},"properties":{"AC_NO":197,"AC_NAME":"Gandhwani (ST)","district":"DHAR","PC_NO":25,"PC_NAME":"DHAR (ST)"}},
{"type":"Feature","geometry":{"type":"Polygon","coordinates":[[[77.5889,22.6848],[77.466,22.6475],[77.3437,22.5696],[77.2543,22.6006],[77.2122,22.5655],[77.257,22.5537],[77.3199,22.3848],[77.3601,22.3099],[77.3627,22.2465],[77.4308,22.2132],[77.508,22.2808],[77.544,22.3405],[77.6555,22.3064],[77.8075,22.3391],[77.8649,22.3634],[77.8654,22.2887],[77.9447,22.3393],[77.922,22.394],[77.9482,22.4461],[77.9254,22.5165],[77.9761,22.5347],[77.9727,22.5924],[77.8713,22.5223],[77.7952,22.5729],[77.7423,22.5721],[77.7091,22.6402],[77.6273,22.6489],[77.5889,22.6848]]]},"properties":{"AC_NO":136,"AC_NAME":"Seoni-Malwa","district":"NARMADAPURAM","PC_NO":17,"PC_NAME":"HOSHANGABAD"}},
{"type":"Feature","geometry":{"type":"Polygon","coordinates":[[[78.7789,22.6217],[78.7407,22.6188],[78.6805,22.6994],[78.6118,22.649],[78.5252,22.6662],[78.4964,22.5902],[78.5479,22.5367],[78.5178,22.4775],[78.5274,22.4203],[78.4831,22.3796],[78.4182,22.3831],[78.3484,22.4175],[78.2702,22.4021],[78.2492,22.3272],[78.2721,22.1153],[78.3304,22.1074],[78.3575,22.0351],[78.4004,21.9854],[78.5145,21.9363],[78.5045,22.0036],[78.5775,22.0121],[78.6016,22.048],[78.5856,22.0984],[78.6891,22.1016],[78.6901,22.2026],[78.7375,22.3021],[78.6685,22.3497],[78.6874,22.4307],[78.8698,22.5593],[78.7807,22.5879],[78.7789,22.6217]]]},"properties":{"AC_NO":122,"AC_NAME":"Junnardeo (ST)","district":"CHHINDWARA","PC_NO":16,"PC_NAME":"CHHINDWARA"}},
{"type":"Feature","geometry":{"type":"Polygon","coordinates":[[[80.2888,22.7263],[80.1541,22.5996],[80.1129,22.6265],[80.0351,22.6082],[79.9565,22.5552],[80.0364,22.541],[80.05,22.4562],[80.0918,22.4064],[80.098,22.3385],[80.3346,22.3002],[80.3968,22.3056],[80.3968,22.3855],[80.4243,22.5255],[80.5094,22.5564],[80.5101,22.6141],[80.3383,22.6659],[80.2888,22.7263]]]},"properties":{"AC_NO":107,"AC_NAME":"Mandla (ST)","district":"MANDLA","PC_NO":14,"PC_NAME":"MANDLA (ST)"}},
{"type":"Feature","geometry":{"type":"Polygon","coordinates":[[[75.5546,22.5009],[75.4794,22.5004],[75.465,22.5921],[75.3748,22.5406],[75.2704,22.3919],[75.3375,22.3623],[75.3624,22.3032],[75.3472,22.1989],[75.2917,22.1792],[75.2756,22.1243],[75.3158,22.1342],[75.4982,22.1558],[75.5356,22.2351],[75.5173,22.2799],[75.5227,22.3751],[75.5644,22.3757],[75.5744,22.453],[75.5546,22.5009]]]},"properties":{"AC_NO":200,"AC_NAME":"Dharampuri (ST)","district":"DHAR","PC_NO":25,"PC_NAME":"DHAR (ST)"}},
{"type":"Feature","geometry":{"type":"Polygon","coordinates":[[[77.2122,22.5655],[77.1297,22.5554],[77.1008,22.5275],[77.1254,22.5192],[77.1801,22.4129],[77.1597,22.2798],[77.1722,22.234],[77.2304,22.1789],[77.2247,22.1274],[77.1622,22.1379],[77.0813,22.1903],[76.9938,22.219],[76.931,22.1254],[76.972,22.0376],[76.9556,22.0058],[76.9926,21.9767],[77.1382,21.9943],[77.2184,21.9059],[77.2764,21.9646],[77.4672,22.0193],[77.5064,22.0515],[77.4663,22.0795],[77.4726,22.165],[77.4203,22.1731],[77.3627,22.2465],[77.3601,22.3099],[77.3199,22.3848],[77.257,22.5537],[77.2122,22.5655]]]},"properties":{"AC_NO":134,"AC_NAME":"Timarni (ST)","district":"HARDA","PC_NO":29,"PC_NAME":"BETUL (ST)"}},
{"type":"Feature","geometry":{"type":"Polygon","coordinates":[[[76.2093,22.3293],[76.2342,22.3922],[76.1015,22.4701],[76.0875,22.5404],[76.0283,22.5301],[76.0527,22.4537],[76.0684,22.4007],[76.0159,22.3418],[76.0027,22.2876],[75.9581,22.2786],[75.9528,22.2007],[75.7942,22.1856],[75.7732,22.1227],[75.8101,22.0795],[75.9634,21.9951],[76.0058,21.9874],[76.1528,22.0287],[76.2249,22.0719],[76.1903,22.1153],[76.1355,22.1053],[76.0977,22.2491],[76.1579,22.2547],[76.2093,22.3293]]]},"properties":{"AC_NO":182,"AC_NAME":"Badwah","district":"KHARGONE","PC_NO":28,"PC_NAME":"KHANDWA"}},
{"type":"Feature","geometry":{"type":"Polygon","coordinates":[[[81.0469,22.2425],[81.1184,22.2906],[81.1079,22.3988],[81.0932,22.4585],[80.9897,22.5163],[80.9437,22.563],[80.9148,22.6948],[80.8674,22.745],[80.8605,22.8399],[80.7299,22.812],[80.681,22.7538],[80.6837,22.7104],[80.5101,22.6141],[80.5094,22.5564],[80.4243,22.5255],[80.3968,22.3855],[80.3968,22.3056],[80.5143,22.2646],[80.5803,22.2265],[80.7063,22.2021],[80.7039,22.2706],[80.7952,22.3282],[80.7957,22.4005],[80.8657,22.3791],[80.9147,22.279],[81.0259,22.2705],[81.0469,22.2425]]]},"properties":{"AC_NO":105,"AC_NAME":"Bichhiya (ST)","district":"MANDLA","PC_NO":14,"PC_NAME":"MANDLA (ST)"}},
{"type":"Feature","geometry":{"type":"Polygon","coordinates":[[[77.1008,22.5275],[77.0323,22.4946],[76.93,22.4904],[76.7954,22.4292],[76.7808,22.3442],[76.852,22.3312],[76.8585,22.2612],[76.8264,22.1569],[76.8365,22.1283],[76.8529,22.0307],[76.8865,21.9841],[76.9556,22.0058],[76.972,22.0376],[76.931,22.1254],[76.9938,22.219],[77.0813,22.1903],[77.1622,22.1379],[77.2247,22.1274],[77.2304,22.1789],[77.1722,22.234],[77.1597,22.2798],[77.1801,22.4129],[77.1254,22.5192],[77.1008,22.5275]]]},"properties":{"AC_NO":135,"AC_NAME":"Harda","district":"HARDA","PC_NO":29,"PC_NAME":"BETUL (ST)"}},
{"type":"Feature","geometry":{"type":"Polygon","coordinates":[[[74.2532,22.385],[74.2031,22.3662],[74.1893,22.32],[74.0684,22.3604],[74.0562,22.2784],[74.0722,22.219],[74.1222,22.2122],[74.1287,22.0947],[74.0999,21.9991],[74.1924,21.926],[74.2815,21.9329],[74.3875,22.0202],[74.4318,22.0302],[74.5022,22.0446],[74.4708,22.1118],[74.5403,22.1175],[74.4965,22.18],[74.5265,22.2364],[74.5993,22.268],[74.5067,22.3226],[74.3834,22.303],[74.2532,22.385]]]},"properties":{"AC_NO":191,"AC_NAME":"Alirajpur (ST)","district":"ALIRAJPUR","PC_NO":24,"PC_NAME":"RATLAM (ST)"}},
{"type":"Feature","geometry":{"type":"Polygon","coordinates":[[[76.0527,22.4537],[75.8343,22.4086],[75.7523,22.3579],[75.6445,22.3356],[75.5644,22.3757],[75.5227,22.3751],[75.5173,22.2799],[75.5356,22.2351],[75.4982,22.1558],[75.6066,22.1782],[75.7173,22.1518],[75.7942,22.1856],[75.9528,22.2007],[75.9581,22.2786],[76.0027,22.2876],[76.0159,22.3418],[76.0684,22.4007],[76.0527,22.4537]]]},"properties":{"AC_NO":183,"AC_NAME":"Maheshwar (SC)","district":"KHARGONE","PC_NO":27,"PC_NAME":"KHARGONE(ST)"}},
{"type":"Feature","geometry":{"type":"Polygon","coordinates":[[[79.5445,22.4323],[79.4705,22.3349],[79.5047,22.3152],[79.6827,22.346],[79.7008,22.3125],[79.6572,22.2518],[79.6554,22.2048],[79.6011,22.1712],[79.6849,22.1242],[79.7308,22.1175],[79.8083,22.1594],[79.9292,22.1219],[79.9332,22.0675],[80.0654,22.0764],[80.0336,22.1826],[80.0988,22.2458],[80.098,22.3385],[80.0918,22.4064],[80.05,22.4562],[80.0364,22.541],[79.9565,22.5552],[79.9276,22.4767],[79.866,22.5302],[79.7844,22.4705],[79.7253,22.4889],[79.6824,22.4476],[79.5941,22.4529],[79.5445,22.4323]]]},"properties":{"AC_NO":116,"AC_NAME":"Keolari","district":"SEONI","PC_NO":14,"PC_NAME":"MANDLA (ST)"}},
{"type":"Feature","geometry":{"type":"Polygon","coordinates":[[[79.3467,22.4864],[79.3051,22.4409],[79.3511,22.3514],[79.2954,22.2945],[79.3254,22.2283],[79.3395,22.1645],[79.4064,22.0414],[79.3962,21.9959],[79.5141,21.9596],[79.5856,21.9764],[79.6153,22.0994],[79.6849,22.1242],[79.6011,22.1712],[79.6554,22.2048],[79.6572,22.2518],[79.7008,22.3125],[79.6827,22.346],[79.5047,22.3152],[79.4705,22.3349],[79.5445,22.4323],[79.5562,22.5263],[79.388,22.5095],[79.3467,22.4864]]]},"properties":{"AC_NO":115,"AC_NAME":"Seoni","district":"SEONI","PC_NO":15,"PC_NAME":"BALAGHAT"}},
{"type":"Feature","geometry":{"type":"Polygon","coordinates":[[[74.9408,22.2304],[74.9195,22.1021],[74.95,22.0832],[74.9946,22.087],[75.1893,22.1049],[75.2756,22.1243],[75.2917,22.1792],[75.3472,22.1989],[75.3624,22.3032],[75.3375,22.3623],[75.2704,22.3919],[75.1717,22.3694],[75.1095,22.394],[75.0828,22.307],[74.9408,22.2304]]]},"properties":{"AC_NO":199,"AC_NAME":"Manawar (ST)","district":"DHAR","PC_NO":25,"PC_NAME":"DHAR (ST)"}},
{"type":"Feature","geometry":{"type":"Polygon","coordinates":[[[74.6297,22.3222],[74.5993,22.268],[74.5265,22.2364],[74.4965,22.18],[74.5403,22.1175],[74.4708,22.1118],[74.5022,22.0446],[74.5612,22.0238],[74.6949,22.0485],[74.7778,22.0787],[74.8349,22.0623],[74.95,22.0832],[74.9195,22.1021],[74.9408,22.2304],[74.9109,22.3418],[74.8321,22.3483],[74.6297,22.3222]]]},"properties":{"AC_NO":198,"AC_NAME":"Kukshi (ST)","district":"DHAR","PC_NO":25,"PC_NAME":"DHAR (ST)"}},
{"type":"Feature","geometry":{"type":"Polygon","coordinates":[[[76.7808,22.3442],[76.7391,22.2921],[76.6825,22.2966],[76.6643,22.3454],[76.6021,22.4059],[76.495,22.4118],[76.4443,22.3429],[76.3422,22.3038],[76.2513,22.2899],[76.2093,22.3293],[76.1579,22.2547],[76.0977,22.2491],[76.1355,22.1053],[76.1903,22.1153],[76.2249,22.0719],[76.2701,22.0894],[76.3766,22.1034],[76.4197,22.0326],[76.4659,22.0036],[76.5575,22.0101],[76.6026,22.0266],[76.6518,22.1609],[76.7134,22.1372],[76.8365,22.1283],[76.8264,22.1569],[76.8585,22.2612],[76.852,22.3312],[76.7808,22.3442]]]},"properties":{"AC_NO":175,"AC_NAME":"Mandhata","district":"KHANDWA","PC_NO":28,"PC_NAME":"KHANDWA"}},
{"type":"Feature","geometry":{"type":"Polygon","coordinates":[[[78.2702,22.4021],[78.1753,22.3994],[78.0305,22.3308],[77.9447,22.3393],[77.8654,22.2887],[77.8649,22.3634],[77.8075,22.3391],[77.6555,22.3064],[77.544,22.3405],[77.508,22.2808],[77.4308,22.2132],[77.3627,22.2465],[77.4203,22.1731],[77.4726,22.165],[77.4663,22.0795],[77.5064,22.0515],[77.584,21.9479],[77.6317,21.917],[77.6758,21.9578],[77.7212,21.9529],[77.7771,21.9955],[77.8854,21.953],[78.0698,22.0374],[78.0476,22.096],[78.0731,22.1761],[78.2048,22.1694],[78.2721,22.1153],[78.2492,22.3272],[78.2702,22.4021]]]},"properties":{"AC_NO":132,"AC_NAME":"Ghoradongri (ST)","district":"BETUL","PC_NO":29,"PC_NAME":"BETUL (ST)"}},
{"type":"Feature","geometry":{"type":"Polygon","coordinates":[[[80.717,21.6717],[80.7484,21.7562],[80.817,21.7616],[80.8449,21.8287],[80.8321,21.9078],[80.9079,22.1096],[80.9476,22.1183],[80.9944,22.0493],[81.0469,22.2425],[81.0259,22.2705],[80.9147,22.279],[80.8657,22.3791],[80.7957,22.4005],[80.7952,22.3282],[80.7039,22.2706],[80.7063,22.2021],[80.5803,22.2265],[80.5143,22.2646],[80.5711,22.2163],[80.5499,22.1216],[80.4865,22.1311],[80.4355,22.0685],[80.3627,22.0247],[80.3046,21.958],[80.32,21.8402],[80.3592,21.7946],[80.4228,21.8012],[80.4937,21.597],[80.5837,21.5483],[80.5889,21.6238],[80.717,21.6717]]]},"properties":{"AC_NO":108,"AC_NAME":"Baihar (ST)","district":"BALAGHAT","PC_NO":15,"PC_NAME":"BALAGHAT"}},
{"type":"Feature","geometry":{"type":"Polygon","coordinates":[[[78.7375,22.3021],[78.6901,22.2026],[78.6891,22.1016],[78.5856,22.0984],[78.6016,22.048],[78.6556,22.0142],[78.7968,21.9821],[78.8535,22.02],[78.8723,22.08],[78.9649,22.1729],[79.0043,22.2779],[78.8851,22.2693],[78.88,22.3114],[78.788,22.3436],[78.7375,22.3021]]]},"properties":{"AC_NO":127,"AC_NAME":"Parasia (SC)","district":"CHHINDWARA","PC_NO":16,"PC_NAME":"CHHINDWARA"}},
{"type":"Feature","geometry":{"type":"Polygon","coordinates":[[[80.3968,22.3056],[80.3346,22.3002],[80.098,22.3385],[80.0988,22.2458],[80.0336,22.1826],[80.0654,22.0764],[80.0939,22.0129],[80.0825,21.9675],[80.1646,21.8858],[80.235,21.851],[80.135,21.7755],[80.1497,21.6729],[80.1859,21.6275],[80.2726,21.6127],[80.3115,21.6181],[80.2984,21.7246],[80.3592,21.7946],[80.32,21.8402],[80.3046,21.958],[80.3627,22.0247],[80.4355,22.0685],[80.4865,22.1311],[80.5499,22.1216],[80.5711,22.2163],[80.5143,22.2646],[80.3968,22.3056]]]},"properties":{"AC_NO":110,"AC_NAME":"Paraswada","district":"BALAGHAT","PC_NO":15,"PC_NAME":"BALAGHAT"}},
{"type":"Feature","geometry":{"type":"Polygon","coordinates":[[[75.4982,22.1558],[75.3158,22.1342],[75.4134,22.0587],[75.3985,21.9853],[75.4308,21.9537],[75.5786,21.9461],[75.6553,21.9114],[75.6912,22.0065],[75.7526,21.9886],[75.8441,21.8148],[75.9319,21.9115],[75.9634,21.9951],[75.8101,22.0795],[75.7732,22.1227],[75.7942,22.1856],[75.7173,22.1518],[75.6066,22.1782],[75.4982,22.1558]]]},"properties":{"AC_NO":184,"AC_NAME":"Kasrawad","district":"KHARGONE","PC_NO":27,"PC_NAME":"KHARGONE(ST)"}},
{"type":"Feature","geometry":{"type":"Polygon","coordinates":[[[75.2756,22.1243],[75.1893,22.1049],[74.9946,22.087],[74.9884,21.996],[74.9493,21.9198],[74.9884,21.8803],[75.0628,21.9012],[75.1274,21.8413],[75.082,21.7863],[75.1484,21.7562],[75.2399,21.7447],[75.309,21.8338],[75.2829,21.9151],[75.3375,21.9241],[75.3505,21.9823],[75.3985,21.9853],[75.4134,22.0587],[75.3158,22.1342],[75.2756,22.1243]]]},"properties":{"AC_NO":188,"AC_NAME":"Rajpur (ST)","district":"BARWANI","PC_NO":27,"PC_NAME":"KHARGONE(ST)"}},
{"type":"Feature","geometry":{"type":"Polygon","coordinates":[[[77.2184,21.9059],[77.1382,21.9943],[76.9926,21.9767],[76.9556,22.0058],[76.8865,21.9841],[76.8529,22.0307],[76.8365,22.1283],[76.7134,22.1372],[76.6518,22.1609],[76.6026,22.0266],[76.5575,22.0101],[76.5469,21.9121],[76.5607,21.8236],[76.6512,21.6668],[76.6173,21.6042],[76.648,21.5648],[76.7811,21.5608],[76.8519,21.6129],[76.902,21.5971],[77.0658,21.7124],[77.0795,21.7704],[77.1723,21.782],[77.1623,21.8582],[77.2184,21.9059]]]},"properties":{"AC_NO":176,"AC_NAME":"Harsud (ST)","district":"KHANDWA","PC_NO":29,"PC_NAME":"BETUL (ST)"}},
{"type":"Feature","geometry":{"type":"Polygon","coordinates":[[[79.3254,22.2283],[79.2666,22.1854],[79.1304,22.1704],[79.1507,22.1082],[79.0904,22.0189],[79.1303,21.9473],[79.0559,21.9341],[79.0373,21.8643],[79.0294,21.7778],[78.9216,21.7748],[78.9247,21.6738],[78.9737,21.6124],[79.0122,21.5995],[79.1301,21.6258],[79.1493,21.661],[79.2229,21.6489],[79.2309,21.7188],[79.2733,21.7744],[79.3394,21.9541],[79.3962,21.9959],[79.4064,22.0414],[79.3395,22.1645],[79.3254,22.2283]]]},"properties":{"AC_NO":124,"AC_NAME":"Churai","district":"CHHINDWARA","PC_NO":16,"PC_NAME":"CHHINDWARA"}},
{"type":"Feature","geometry":{"type":"Polygon","coordinates":[[[74.4318,22.0302],[74.4462,21.9676],[74.5091,21.9369],[74.5136,21.8589],[74.604,21.7972],[74.6883,21.825],[74.7271,21.8065],[74.8481,21.8016],[74.9296,21.8558],[74.9493,21.9198],[74.9884,21.996],[74.9946,22.087],[74.95,22.0832],[74.8349,22.0623],[74.7778,22.0787],[74.6949,22.0485],[74.5612,22.0238],[74.5022,22.0446],[74.4318,22.0302]]]},"properties":{"AC_NO":190,"AC_NAME":"Badwani (ST)","district":"BARWANI","PC_NO":27,"PC_NAME":"KHARGONE(ST)"}},
{"type":"Feature","geometry":{"type":"Polygon","coordinates":[[[78.5145,21.9363],[78.4004,21.9854],[78.3575,22.0351],[78.3304,22.1074],[78.2721,22.1153],[78.2048,22.1694],[78.0731,22.1761],[78.0476,22.096],[78.0698,22.0374],[78.1074,22.0213],[78.1039,21.9456],[78.0716,21.8595],[78.0126,21.8441],[78.0988,21.8274],[78.1202,21.8624],[78.2019,21.8949],[78.2996,21.8642],[78.3726,21.8891],[78.4926,21.879],[78.5392,21.9058],[78.5145,21.9363]]]},"properties":{"AC_NO":130,"AC_NAME":"Amla (SC)","district":"BETUL","PC_NO":29,"PC_NAME":"BETUL (ST)"}},
{"type":"Feature","geometry":{"type":"Polygon","coordinates":[[[76.2701,22.0894],[76.2741,22.0057],[76.3052,21.9562],[76.314,21.8446],[76.3025,21.7701],[76.3638,21.733],[76.45,21.776],[76.5279,21.789],[76.5607,21.8236],[76.5469,21.9121],[76.5575,22.0101],[76.4659,22.0036],[76.4197,22.0326],[76.3766,22.1034],[76.2701,22.0894]]]},"properties":{"AC_NO":177,"AC_NAME":"Khandwa (SC)","district":"KHANDWA","PC_NO":28,"PC_NAME":"KHANDWA"}},
{"type":"Feature","geometry":{"type":"Polygon","coordinates":[[[79.9332,22.0675],[79.9292,22.1219],[79.8083,22.1594],[79.7308,22.1175],[79.6849,22.1242],[79.6153,22.0994],[79.5856,21.9764],[79.5141,21.9596],[79.3962,21.9959],[79.3394,21.9541],[79.2733,21.7744],[79.2309,21.7188],[79.3928,21.674],[79.4962,21.6744],[79.51,21.596],[79.6088,21.6799],[79.6734,21.6963],[79.6908,21.8004],[79.7524,21.8021],[79.7927,21.837],[79.8392,21.8853],[79.8618,21.9665],[79.9234,21.9738],[79.9332,22.0675]]]},"properties":{"AC_NO":114,"AC_NAME":"Barghat (ST)","district":"SEONI","PC_NO":15,"PC_NAME":"BALAGHAT"}},
{"type":"Feature","geometry":{"type":"Polygon","coordinates":[[[78.9649,22.1729],[78.8723,22.08],[78.8535,22.02],[78.911,22.0027],[78.9889,22.0083],[78.9896,21.9337],[79.0373,21.8643],[79.0559,21.9341],[79.1303,21.9473],[79.0904,22.0189],[79.1507,22.1082],[79.1304,22.1704],[78.9649,22.1729]]]},"properties":{"AC_NO":126,"AC_NAME":"Chhindwara","district":"CHHINDWARA","PC_NO":16,"PC_NAME":"CHHINDWARA"}},
{"type":"Feature","geometry":{"type":"Polygon","coordinates":[[[76.2249,22.0719],[76.1528,22.0287],[76.1548,21.8878],[76.1006,21.8549],[76.1155,21.7702],[76.1697,21.721],[76.0698,21.6634],[76.0769,21.5736],[76.129,21.5969],[76.1548,21.5496],[76.2604,21.5879],[76.3509,21.5688],[76.4352,21.5984],[76.5152,21.5622],[76.648,21.5648],[76.6173,21.6042],[76.6512,21.6668],[76.5607,21.8236],[76.5279,21.789],[76.45,21.776],[76.3638,21.733],[76.3025,21.7701],[76.314,21.8446],[76.3052,21.9562],[76.2741,22.0057],[76.2701,22.0894],[76.2249,22.0719]]]},"properties":{"AC_NO":178,"AC_NAME":"Pandhana (ST)","district":"KHANDWA","PC_NO":28,"PC_NAME":"KHANDWA"}},
{"type":"Feature","geometry":{"type":"Polygon","coordinates":[[[76.1528,22.0287],[76.0058,21.9874],[75.9634,21.9951],[75.9319,21.9115],[75.8441,21.8148],[75.8188,21.7365],[75.8561,21.5921],[75.7293,21.5105],[75.7931,21.3845],[75.9626,21.3899],[75.9866,21.3689],[76.0074,21.4221],[76.0069,21.4725],[75.9477,21.4893],[75.9487,21.5484],[76.0247,21.5495],[76.0769,21.5736],[76.0698,21.6634],[76.1697,21.721],[76.1155,21.7702],[76.1006,21.8549],[76.1548,21.8878],[76.1528,22.0287]]]},"properties":{"AC_NO":181,"AC_NAME":"Bhikangaon (ST)","district":"KHARGONE","PC_NO":28,"PC_NAME":"KHANDWA"}},
{"type":"Feature","geometry":{"type":"Polygon","coordinates":[[[75.3985,21.9853],[75.3505,21.9823],[75.3375,21.9241],[75.3981,21.8673],[75.4189,21.8058],[75.4724,21.8019],[75.5529,21.76],[75.623,21.747],[75.6816,21.7961],[75.8188,21.7365],[75.8441,21.8148],[75.7526,21.9886],[75.6912,22.0065],[75.6553,21.9114],[75.5786,21.9461],[75.4308,21.9537],[75.3985,21.9853]]]},"properties":{"AC_NO":185,"AC_NAME":"Khargone","district":"KHARGONE","PC_NO":27,"PC_NAME":"KHARGONE(ST)"}},
{"type":"Feature","geometry":{"type":"Polygon","coordinates":[[[77.5064,22.0515],[77.4672,22.0193],[77.2764,21.9646],[77.2184,21.9059],[77.1623,21.8582],[77.1723,21.782],[77.0795,21.7704],[77.0658,21.7124],[77.1299,21.7222],[77.2102,21.6898],[77.28,21.7584],[77.5019,21.7462],[77.542,21.706],[77.5726,21.6168],[77.5751,21.5263],[77.4551,21.5535],[77.4224,21.5169],[77.4736,21.4546],[77.4882,21.3743],[77.5626,21.3952],[77.6667,21.3841],[77.7098,21.3572],[77.8127,21.4091],[77.9037,21.3774],[78.0168,21.4188],[77.9458,21.4849],[77.9494,21.5802],[77.8389,21.6183],[77.8502,21.7118],[77.7842,21.7719],[77.749,21.8458],[77.6551,21.8716],[77.6317,21.917],[77.584,21.9479],[77.5064,22.0515]]]},"properties":{"AC_NO":133,"AC_NAME":"Bhainsdehi (ST)","district":"BETUL","PC_NO":29,"PC_NAME":"BETUL (ST)"}},
{"type":"Feature","geometry":{"type":"Polygon","coordinates":[[[77.6317,21.917],[77.6551,21.8716],[77.749,21.8458],[77.7842,21.7719],[77.8502,21.7118],[77.8389,21.6183],[77.9494,21.5802],[78.007,21.63],[78.0039,21.752],[78.0322,21.7714],[78.0126,21.8441],[78.0716,21.8595],[78.1039,21.9456],[78.1074,22.0213],[78.0698,22.0374],[77.8854,21.953],[77.7771,21.9955],[77.7212,21.9529],[77.6758,21.9578],[77.6317,21.917]]]},"properties":{"AC_NO":131,"AC_NAME":"Betul","district":"BETUL","PC_NO":29,"PC_NAME":"BETUL (ST)"}},
{"type":"Feature","geometry":{"type":"Polygon","coordinates":[[[80.0654,22.0764],[79.9332,22.0675],[79.9234,21.9738],[79.8618,21.9665],[79.8392,21.8853],[79.7927,21.837],[79.8349,21.7719],[79.8956,21.7789],[79.9245,21.8272],[80.135,21.7755],[80.235,21.851],[80.1646,21.8858],[80.0825,21.9675],[80.0939,22.0129],[80.0654,22.0764]]]},"properties":{"AC_NO":111,"AC_NAME":"Balaghat","district":"BALAGHAT","PC_NO":15,"PC_NAME":"BALAGHAT"}},
{"type":"Feature","geometry":{"type":"Polygon","coordinates":[[[78.5145,21.9363],[78.5392,21.9058],[78.5234,21.8351],[78.467,21.8133],[78.4593,21.7176],[78.3463,21.6231],[78.3427,21.589],[78.3903,21.6147],[78.4361,21.4998],[78.5117,21.5288],[78.5861,21.4875],[78.7559,21.4906],[78.7478,21.5184],[78.6445,21.5975],[78.6887,21.6321],[78.7164,21.7487],[78.8151,21.8426],[78.8063,21.9312],[78.911,22.0027],[78.8535,22.02],[78.7968,21.9821],[78.6556,22.0142],[78.6016,22.048],[78.5775,22.0121],[78.5045,22.0036],[78.5145,21.9363]]]},"properties":{"AC_NO":128,"AC_NAME":"Pandhurna (ST)","district":"PANDHURNA","PC_NO":16,"PC_NAME":"CHHINDWARA"}},
{"type":"Feature","geometry":{"type":"Polygon","coordinates":[[[74.9493,21.9198],[74.9296,21.8558],[74.8481,21.8016],[74.7271,21.8065],[74.6883,21.825],[74.604,21.7972],[74.5136,21.8589],[74.5143,21.7187],[74.5823,21.6649],[74.7709,21.6157],[74.8714,21.6316],[74.9726,21.5962],[75.0225,21.628],[75.0461,21.6864],[75.0011,21.7975],[75.082,21.7863],[75.1274,21.8413],[75.0628,21.9012],[74.9884,21.8803],[74.9493,21.9198]]]},"properties":{"AC_NO":189,"AC_NAME":"Pansemal (ST)","district":"BARWANI","PC_NO":27,"PC_NAME":"KHARGONE(ST)"}},
{"type":"Feature","geometry":{"type":"Polygon","coordinates":[[[75.3375,21.9241],[75.2829,21.9151],[75.309,21.8338],[75.2399,21.7447],[75.217,21.6959],[75.2712,21.6559],[75.3935,21.6819],[75.4835,21.596],[75.4629,21.5166],[75.4982,21.4878],[75.5828,21.4756],[75.6166,21.3884],[75.7931,21.3845],[75.7293,21.5105],[75.8561,21.5921],[75.8188,21.7365],[75.6816,21.7961],[75.623,21.747],[75.5529,21.76],[75.4724,21.8019],[75.4189,21.8058],[75.3981,21.8673],[75.3375,21.9241]]]},"properties":{"AC_NO":186,"AC_NAME":"Bhagwanpura(ST)","district":"KHARGONE","PC_NO":27,"PC_NAME":"KHARGONE(ST)"}},
{"type":"Feature","geometry":{"type":"Polygon","coordinates":[[[78.9737,21.6124],[78.9247,21.6738],[78.9216,21.7748],[79.0294,21.7778],[79.0373,21.8643],[78.9896,21.9337],[78.9889,22.0083],[78.911,22.0027],[78.8063,21.9312],[78.8151,21.8426],[78.7164,21.7487],[78.6887,21.6321],[78.6445,21.5975],[78.7478,21.5184],[78.7559,21.4906],[78.9367,21.4859],[78.9141,21.5888],[78.9737,21.6124]]]},"properties":{"AC_NO":125,"AC_NAME":"Saunsar","district":"PANDHURNA","PC_NO":16,"PC_NAME":"CHHINDWARA"}},
{"type":"Feature","geometry":{"type":"Polygon","coordinates":[[[75.082,21.7863],[75.0011,21.7975],[75.0461,21.6864],[75.0225,21.628],[74.9726,21.5962],[75.0537,21.5641],[75.1074,21.4628],[75.221,21.4086],[75.3829,21.3796],[75.6166,21.3884],[75.5828,21.4756],[75.4982,21.4878],[75.4629,21.5166],[75.4835,21.596],[75.3935,21.6819],[75.2712,21.6559],[75.217,21.6959],[75.2399,21.7447],[75.1484,21.7562],[75.082,21.7863]]]},"properties":{"AC_NO":187,"AC_NAME":"Sendhawa (ST)","district":"BARWANI","PC_NO":27,"PC_NAME":"KHARGONE(ST)"}},
{"type":"Feature","geometry":{"type":"Polygon","coordinates":[[[78.0126,21.8441],[78.0322,21.7714],[78.0039,21.752],[78.007,21.63],[77.9494,21.5802],[77.9458,21.4849],[78.0168,21.4188],[78.1762,21.5005],[78.2648,21.5915],[78.3427,21.589],[78.3463,21.6231],[78.4593,21.7176],[78.467,21.8133],[78.5234,21.8351],[78.5392,21.9058],[78.4926,21.879],[78.3726,21.8891],[78.2996,21.8642],[78.2019,21.8949],[78.1202,21.8624],[78.0988,21.8274],[78.0126,21.8441]]]},"properties":{"AC_NO":129,"AC_NAME":"Multai","district":"BETUL","PC_NO":29,"PC_NAME":"BETUL (ST)"}},
{"type":"Feature","geometry":{"type":"Polygon","coordinates":[[[79.7927,21.837],[79.7524,21.8021],[79.6908,21.8004],[79.6734,21.6963],[79.6088,21.6799],[79.51,21.596],[79.5804,21.5411],[79.6563,21.5594],[79.7362,21.6041],[79.7916,21.5868],[79.8634,21.5307],[79.9191,21.5244],[79.9636,21.5582],[79.9322,21.6871],[79.8956,21.7789],[79.8349,21.7719],[79.7927,21.837]]]},"properties":{"AC_NO":113,"AC_NAME":"Katangi","district":"BALAGHAT","PC_NO":15,"PC_NAME":"BALAGHAT"}},
{"type":"Feature","geometry":{"type":"Polygon","coordinates":[[[80.1859,21.6275],[80.1497,21.6729],[80.135,21.7755],[79.9245,21.8272],[79.8956,21.7789],[79.9322,21.6871],[79.9636,21.5582],[79.9985,21.5335],[80.064,21.5535],[80.1204,21.6106],[80.1859,21.6275]]]},"properties":{"AC_NO":112,"AC_NAME":"Waraseoni","district":"BALAGHAT","PC_NO":15,"PC_NAME":"BALAGHAT"}},
{"type":"Feature","geometry":{"type":"Polygon","coordinates":[[[80.2726,21.6127],[80.3758,21.5238],[80.4221,21.4406],[80.5171,21.3953],[80.6214,21.3205],[80.6714,21.3386],[80.7378,21.4758],[80.7403,21.5394],[80.717,21.6717],[80.5889,21.6238],[80.5837,21.5483],[80.4937,21.597],[80.4228,21.8012],[80.3592,21.7946],[80.2984,21.7246],[80.3115,21.6181],[80.2726,21.6127]]]},"properties":{"AC_NO":109,"AC_NAME":"Lanji","district":"BALAGHAT","PC_NO":15,"PC_NAME":"BALAGHAT"}},
{"type":"Feature","geometry":{"type":"Polygon","coordinates":[[[76.7811,21.5608],[76.648,21.5648],[76.5152,21.5622],[76.4352,21.5984],[76.3509,21.5688],[76.2604,21.5879],[76.1548,21.5496],[76.129,21.5969],[76.0769,21.5736],[76.0247,21.5495],[75.9487,21.5484],[75.9477,21.4893],[76.0069,21.4725],[76.0074,21.4221],[76.2175,21.3814],[76.236,21.2609],[76.3595,21.2265],[76.4801,21.227],[76.4984,21.1935],[76.6239,21.1854],[76.6628,21.2806],[76.6216,21.3326],[76.7395,21.4107],[76.7956,21.4896],[76.7811,21.5608]]]},"properties":{"AC_NO":179,"AC_NAME":"Nepanagar (ST)","district":"BURHANPUR","PC_NO":28,"PC_NAME":"KHANDWA"}},
{"type":"Feature","geometry":{"type":"Polygon","coordinates":[[[76.0074,21.4221],[75.9866,21.3689],[76.0489,21.3498],[76.0968,21.3719],[76.1546,21.2573],[76.1737,21.0895],[76.3739,21.0724],[76.456,21.1081],[76.4984,21.1935],[76.4801,21.227],[76.3595,21.2265],[76.236,21.2609],[76.2175,21.3814],[76.0074,21.4221]]]},"properties":{"AC_NO":180,"AC_NAME":"Burhanpur","district":"BURHANPUR","PC_NO":28,"PC_NAME":"KHANDWA"}},
{"type":"Feature","geometry":{"type":"Polygon","coordinates":[[[78.8832,25.9089],[78.8413,25.9505],[78.7809,25.9636],[78.7744,26.017],[78.729,25.9495],[78.6629,25.9258],[78.621,25.7928],[78.5793,25.8089],[78.4963,25.7814],[78.5482,25.7032],[78.5029,25.5842],[78.5316,25.571],[78.6578,25.5596],[78.6789,25.5855],[78.8104,25.6194],[78.8167,25.6759],[78.763,25.7204],[78.8082,25.8015],[78.8574,25.7916],[78.8832,25.9089]]]},"properties":{"AC_NO":21,"AC_NAME":"Bhander (SC)","district":"DATIA","PC_NO":2,"PC_NAME":"BHIND (SC)"}},
{"type":"Feature","geometry":{"type":"Polygon","coordinates":[[[78.449,25.5641],[78.3432,25.6583],[78.2473,25.722],[78.2768,25.7822],[78.2528,25.7709],[78.211,25.7374],[78.0527,25.7091],[77.933,25.7508],[77.9365,25.6911],[77.901,25.6445],[78.0392,25.5716],[77.8586,25.5243],[77.8707,25.4315],[77.9398,25.3639],[78.1925,25.3718],[78.3199,25.3836],[78.347,25.4357],[78.4308,25.4736],[78.4192,25.5333],[78.449,25.5641]]]},"properties":{"AC_NO":23,"AC_NAME":"Karera (SC)","district":"SHIVPURI","PC_NO":3,"PC_NAME":"GWALIOR"}}
]}