{"type":"FeatureCollection", "features": [
{"type":"Feature","geometry":{"type":"Polygon","coordinates":[[[77.554,18.0358],[77.5968,18.0865],[77.5969,18.1558],[77.5616,18.2846],[77.4651,18.2633],[77.4099,18.3018],[77.3612,18.4368],[77.3352,18.4507],[77.2417,18.4126],[77.2119,18.316],[77.1335,18.2063],[77.1797,18.1707],[77.2612,18.1545],[77.353,18.1079],[77.4063,18.0525],[77.4826,18.021],[77.554,18.0358]]]},"properties":{"AC_NO":52,"AC_NAME":"Aurad (SC)","district":"B\\dar","PC_NO":7,"PC_NAME":"BIDAR"}},
{"type":"Feature","geometry":{"type":"Polygon","coordinates":[[[77.1335,18.2063],[77.0636,18.1508],[76.9516,18.1883],[76.9219,18.1147],[76.9528,18.0409],[77.0497,18.0453],[77.0598,17.9762],[77.0949,17.943],[77.1683,17.9394],[77.1828,17.8957],[77.3306,17.8542],[77.3984,17.9276],[77.3992,17.97],[77.4063,18.0525],[77.353,18.1079],[77.2612,18.1545],[77.1797,18.1707],[77.1335,18.2063]]]},"properties":{"AC_NO":51,"AC_NAME":"Bhalki","district":"B\\dar","PC_NO":7,"PC_NAME":"BIDAR"}},
{"type":"Feature","geometry":{"type":"Polygon","coordinates":[[[77.5864,17.9086],[77.6496,17.9502],[77.6489,17.9989],[77.554,18.0358],[77.4826,18.021],[77.4063,18.0525],[77.3992,17.97],[77.4447,17.9049],[77.509,17.8694],[77.5371,17.9212],[77.5864,17.9086]]]},"properties":{"AC_NO":50,"AC_NAME":"Bidar","district":"B\\dar","PC_NO":7,"PC_NAME":"BIDAR"}},
{"type":"Feature","geometry":{"type":"Polygon","coordinates":[[[76.6913,17.6814],[76.7019,17.6418],[76.7326,17.6658],[76.9292,17.636],[76.9858,17.6935],[76.9864,17.7613],[76.9067,17.7609],[76.9333,17.8298],[77.0192,17.8394],[77.0437,17.9068],[77.0949,17.943],[77.0598,17.9762],[77.0497,18.0453],[76.9528,18.0409],[76.9144,18.035],[76.919,17.9167],[76.7746,17.8782],[76.7808,17.8034],[76.6991,17.7276],[76.6913,17.6814]]]},"properties":{"AC_NO":47,"AC_NAME":"Basavakalyan","district":"B\\dar","PC_NO":7,"PC_NAME":"BIDAR"}},
{"type":"Feature","geometry":{"type":"Polygon","coordinates":[[[77.2771,17.624],[77.3004,17.5977],[77.4431,17.584],[77.4525,17.6947],[77.5687,17.7491],[77.515,17.8055],[77.5675,17.8454],[77.5864,17.9086],[77.5371,17.9212],[77.509,17.8694],[77.4447,17.9049],[77.3992,17.97],[77.3984,17.9276],[77.3306,17.8542],[77.294,17.8148],[77.2508,17.6808],[77.2771,17.624]]]},"properties":{"AC_NO":49,"AC_NAME":"Bidar South","district":"B\\dar","PC_NO":7,"PC_NAME":"BIDAR"}},
{"type":"Feature","geometry":{"type":"Polygon","coordinates":[[[76.9858,17.6935],[77.1498,17.6328],[77.1913,17.614],[77.2771,17.624],[77.2508,17.6808],[77.294,17.8148],[77.3306,17.8542],[77.1828,17.8957],[77.1683,17.9394],[77.0949,17.943],[77.0437,17.9068],[77.0192,17.8394],[76.9333,17.8298],[76.9067,17.7609],[76.9864,17.7613],[76.9858,17.6935]]]},"properties":{"AC_NO":48,"AC_NAME":"Homnabad","district":"B\\dar","PC_NO":7,"PC_NAME":"BIDAR"}},
{"type":"Feature","geometry":{"type":"Polygon","coordinates":[[[76.7019,17.6418],[76.6913,17.6814],[76.6319,17.7549],[76.5696,17.7069],[76.526,17.76],[76.4862,17.7156],[76.4887,17.6621],[76.4278,17.6446],[76.419,17.6046],[76.3308,17.5958],[76.3635,17.3774],[76.4089,17.3712],[76.4741,17.3344],[76.6607,17.3609],[76.7577,17.4513],[76.6764,17.4961],[76.721,17.605],[76.7019,17.6418]]]},"properties":{"AC_NO":46,"AC_NAME":"Aland","district":"Kalaburagi","PC_NO":7,"PC_NAME":"BIDAR"}},
{"type":"Feature","geometry":{"type":"Polygon","coordinates":[[[76.9858,17.6935],[76.9292,17.636],[76.7326,17.6658],[76.7019,17.6418],[76.721,17.605],[76.6764,17.4961],[76.7577,17.4513],[76.841,17.3967],[76.8736,17.38],[76.8547,17.3048],[76.8601,17.2653],[76.8303,17.1949],[76.8816,17.1756],[76.8705,17.1176],[76.9439,17.1404],[76.912,17.1879],[76.9286,17.2591],[77.0013,17.279],[77.0435,17.3533],[77.0064,17.4337],[77.0853,17.5447],[77.0821,17.5843],[77.1498,17.6328],[76.9858,17.6935]]]},"properties":{"AC_NO":43,"AC_NAME":"Gulbarga Rural(SC)","district":"Kalaburagi","PC_NO":5,"PC_NAME":"GULBARGA (SC)"}},
{"type":"Feature","geometry":{"type":"Polygon","coordinates":[[[77.2771,17.624],[77.1913,17.614],[77.1498,17.6328],[77.0821,17.5843],[77.0853,17.5447],[77.0064,17.4337],[77.1278,17.3406],[77.0968,17.2586],[77.1499,17.2157],[77.1838,17.2609],[77.2561,17.2488],[77.2632,17.3504],[77.2922,17.4091],[77.3468,17.4322],[77.4537,17.374],[77.5192,17.3621],[77.5379,17.4061],[77.6621,17.5228],[77.4431,17.584],[77.3004,17.5977],[77.2771,17.624]]]},"properties":{"AC_NO":42,"AC_NAME":"Chincholi (SC)","district":"Kalaburagi","PC_NO":7,"PC_NAME":"BIDAR"}},
{"type":"Feature","geometry":{"type":"Polygon","coordinates":[[[75.8966,17.3503],[75.8215,17.4203],[75.8066,17.368],[75.7363,17.4193],[75.683,17.4181],[75.6342,17.478],[75.6038,17.3063],[75.6546,17.2727],[75.6619,17.2146],[75.6282,17.162],[75.6725,17.1153],[75.6766,16.9694],[75.7822,16.8981],[75.7468,16.8529],[75.7871,16.8307],[75.7966,16.7651],[75.7395,16.7582],[75.6635,16.8035],[75.6911,16.6983],[75.7651,16.707],[75.8492,16.7113],[75.8792,16.7726],[75.9955,16.7619],[76.0196,16.8486],[75.9979,16.9209],[75.9535,16.9342],[75.8601,16.9596],[75.7662,17.0251],[75.7255,17.0899],[75.7325,17.1884],[75.7643,17.2808],[75.8895,17.3005],[75.8966,17.3503]]]},"properties":{"AC_NO":31,"AC_NAME":"Nagthan (SC)","district":"Vijayapura","PC_NO":4,"PC_NAME":"BIJAPUR (SC)"}},
{"type":"Feature","geometry":{"type":"Polygon","coordinates":[[[76.6607,17.3609],[76.6296,17.3105],[76.6946,17.2873],[76.7074,17.2419],[76.7746,17.2223],[76.8601,17.2653],[76.8547,17.3048],[76.794,17.3233],[76.841,17.3967],[76.7577,17.4513],[76.6607,17.3609]]]},"properties":{"AC_NO":44,"AC_NAME":"Gulbarga Dakshin","district":"Kalaburagi","PC_NO":5,"PC_NAME":"GULBARGA (SC)"}},
{"type":"Feature","geometry":{"type":"Polygon","coordinates":[[[76.8705,17.1176],[76.8535,17.0655],[76.9397,16.9861],[76.9532,16.8864],[76.9204,16.8695],[76.9068,16.8217],[76.995,16.8345],[77.0177,16.899],[77.0931,16.9068],[77.2116,16.9452],[77.2286,16.9917],[77.1912,17.0515],[77.2066,17.1092],[77.1184,17.1619],[77.1499,17.2157],[77.0968,17.2586],[77.1278,17.3406],[77.0064,17.4337],[77.0435,17.3533],[77.0013,17.279],[76.9286,17.2591],[76.912,17.1879],[76.9439,17.1404],[76.8705,17.1176]]]},"properties":{"AC_NO":40,"AC_NAME":"Chittapur (SC)","district":"Kalaburagi","PC_NO":5,"PC_NAME":"GULBARGA (SC)"}},
{"type":"Feature","geometry":{"type":"Polygon","coordinates":[[[77.456,16.8857],[77.4796,16.996],[77.5024,17.0096],[77.4645,17.1068],[77.378,17.14],[77.3802,17.2225],[77.4587,17.2793],[77.4537,17.374],[77.3468,17.4322],[77.2922,17.4091],[77.2632,17.3504],[77.2561,17.2488],[77.1838,17.2609],[77.1499,17.2157],[77.1184,17.1619],[77.2066,17.1092],[77.1912,17.0515],[77.2286,16.9917],[77.2116,16.9452],[77.3414,16.9339],[77.4112,16.8747],[77.456,16.8857]]]},"properties":{"AC_NO":41,"AC_NAME":"Sedam","district":"Kalaburagi","PC_NO":5,"PC_NAME":"GULBARGA (SC)"}},
{"type":"Feature","geometry":{"type":"Polygon","coordinates":[[[76.841,17.3967],[76.794,17.3233],[76.8547,17.3048],[76.8736,17.38],[76.841,17.3967]]]},"properties":{"AC_NO":45,"AC_NAME":"Gulbarga Uttar","district":"Kalaburagi","PC_NO":5,"PC_NAME":"GULBARGA (SC)"}},
{"type":"Feature","geometry":{"type":"Polygon","coordinates":[[[76.6607,17.3609],[76.4741,17.3344],[76.4089,17.3712],[76.3822,17.3144],[76.2764,17.3345],[76.2719,17.3609],[76.1197,17.3706],[76.0726,17.3349],[76.1263,17.2459],[76.1938,17.1848],[76.2409,17.1518],[76.3571,17.1886],[76.4295,17.0994],[76.522,17.1782],[76.5459,17.1257],[76.6058,17.0817],[76.6868,17.0638],[76.7391,17.1563],[76.8151,17.0444],[76.8535,17.0655],[76.8705,17.1176],[76.8816,17.1756],[76.8303,17.1949],[76.8601,17.2653],[76.7746,17.2223],[76.7074,17.2419],[76.6946,17.2873],[76.6296,17.3105],[76.6607,17.3609]]]},"properties":{"AC_NO":34,"AC_NAME":"Afzalpur","district":"Kalaburagi","PC_NO":5,"PC_NAME":"GULBARGA (SC)"}},
{"type":"Feature","geometry":{"type":"Polygon","coordinates":[[[75.8966,17.3503],[75.8895,17.3005],[75.7643,17.2808],[75.7325,17.1884],[75.7255,17.0899],[75.7662,17.0251],[75.8601,16.9596],[75.9535,16.9342],[75.9612,16.96],[75.9495,17.0197],[76.0104,17.0493],[76.0965,17.016],[76.1691,17.0887],[76.1938,17.1848],[76.1263,17.2459],[76.0726,17.3349],[76.0595,17.3565],[75.9283,17.3227],[75.8966,17.3503]]]},"properties":{"AC_NO":32,"AC_NAME":"Indi","district":"Vijayapura","PC_NO":4,"PC_NAME":"BIJAPUR (SC)"}},
{"type":"Feature","geometry":{"type":"Polygon","coordinates":[[[76.4295,17.0994],[76.3571,17.1886],[76.2409,17.1518],[76.1938,17.1848],[76.1691,17.0887],[76.0965,17.016],[76.0104,17.0493],[75.9495,17.0197],[75.9612,16.96],[76.0569,16.9838],[76.0543,16.9063],[76.0813,16.8527],[76.1513,16.8381],[76.1808,16.7945],[76.3142,16.7682],[76.3932,16.7201],[76.4391,16.7527],[76.3705,16.7658],[76.3766,16.8576],[76.4289,16.8501],[76.4476,16.9409],[76.4295,17.0994]]]},"properties":{"AC_NO":33,"AC_NAME":"Sindgi","district":"Vijayapura","PC_NO":4,"PC_NAME":"BIJAPUR (SC)"}},
{"type":"Feature","geometry":{"type":"Polygon","coordinates":[[[76.9204,16.8695],[76.9532,16.8864],[76.9397,16.9861],[76.8535,17.0655],[76.8151,17.0444],[76.7391,17.1563],[76.6868,17.0638],[76.6058,17.0817],[76.5459,17.1257],[76.522,17.1782],[76.4295,17.0994],[76.4476,16.9409],[76.4289,16.8501],[76.3766,16.8576],[76.3705,16.7658],[76.4391,16.7527],[76.4607,16.7115],[76.5171,16.751],[76.6795,16.7848],[76.8165,16.8735],[76.9015,16.8925],[76.9204,16.8695]]]},"properties":{"AC_NO":35,"AC_NAME":"Jevargi","district":"Kalaburagi","PC_NO":5,"PC_NAME":"GULBARGA (SC)"}},
{"type":"Feature","geometry":{"type":"Polygon","coordinates":[[[75.6635,16.8035],[75.692,16.8976],[75.7468,16.8529],[75.7822,16.8981],[75.6766,16.9694],[75.5288,16.9689],[75.4644,16.9909],[75.3417,16.9581],[75.3332,16.87],[75.3921,16.8642],[75.3839,16.7626],[75.4918,16.7457],[75.4378,16.6978],[75.4937,16.5928],[75.4558,16.506],[75.4316,16.4352],[75.4899,16.419],[75.6428,16.4404],[75.6476,16.5526],[75.7163,16.5639],[75.7174,16.6693],[75.7651,16.707],[75.6911,16.6983],[75.6635,16.8035]]]},"properties":{"AC_NO":29,"AC_NAME":"Babaleshwar","district":"Vijayapura","PC_NO":4,"PC_NAME":"BIJAPUR (SC)"}},
{"type":"Feature","geometry":{"type":"Polygon","coordinates":[[[75.1817,16.8446],[75.1175,16.9135],[74.994,16.9525],[74.9102,16.8354],[74.9197,16.7726],[74.7719,16.7508],[74.6525,16.639],[74.6854,16.6067],[74.7705,16.606],[74.7785,16.5717],[74.8049,16.5902],[74.8087,16.6427],[74.8723,16.6556],[74.9412,16.6187],[74.9654,16.6785],[74.9594,16.7496],[75.0273,16.7832],[75.1659,16.7784],[75.1817,16.8446]]]},"properties":{"AC_NO":4,"AC_NAME":"Kagwad","district":"Belag","PC_NO":1,"PC_NAME":"CHIKKODI"}},
{"type":"Feature","geometry":{"type":"Polygon","coordinates":[[[75.3839,16.7626],[75.3921,16.8642],[75.3332,16.87],[75.3417,16.9581],[75.2791,16.9577],[75.2802,16.8783],[75.1817,16.8446],[75.1659,16.7784],[75.0273,16.7832],[74.9594,16.7496],[74.9654,16.6785],[74.9412,16.6187],[75.0078,16.5381],[75.1044,16.5118],[75.1625,16.5352],[75.1611,16.591],[75.2589,16.6074],[75.2651,16.6929],[75.3627,16.7144],[75.3839,16.7626]]]},"properties":{"AC_NO":3,"AC_NAME":"Athani","district":"Belag","PC_NO":1,"PC_NAME":"CHIKKODI"}},
{"type":"Feature","geometry":{"type":"Polygon","coordinates":[[[75.9955,16.7619],[76.0427,16.6796],[76.0162,16.554],[75.9793,16.4641],[75.9651,16.3623],[76.0564,16.4737],[76.1187,16.4936],[76.1375,16.5602],[76.1997,16.5482],[76.2663,16.5808],[76.2901,16.5194],[76.3568,16.5192],[76.3339,16.4273],[76.4351,16.4365],[76.419,16.5818],[76.4049,16.6535],[76.4607,16.7115],[76.4391,16.7527],[76.3932,16.7201],[76.3142,16.7682],[76.1808,16.7945],[76.1513,16.8381],[76.0813,16.8527],[76.0543,16.9063],[76.0569,16.9838],[75.9612,16.96],[75.9535,16.9342],[75.9979,16.9209],[76.0196,16.8486],[75.9955,16.7619]]]},"properties":{"AC_NO":27,"AC_NAME":"Devar Hippargi","district":"Vijayapura","PC_NO":4,"PC_NAME":"BIJAPUR (SC)"}},
{"type":"Feature","geometry":{"type":"Polygon","coordinates":[[[75.7468,16.8529],[75.692,16.8976],[75.6635,16.8035],[75.7395,16.7582],[75.7966,16.7651],[75.7871,16.8307],[75.7468,16.8529]]]},"properties":{"AC_NO":30,"AC_NAME":"Bijapur City","district":"Vijayapura","PC_NO":4,"PC_NAME":"BIJAPUR (SC)"}},
{"type":"Feature","geometry":{"type":"Polygon","coordinates":[[[77.2365,16.4733],[77.369,16.4887],[77.4678,16.6098],[77.4189,16.6689],[77.427,16.729],[77.4746,16.7815],[77.456,16.8857],[77.4112,16.8747],[77.3414,16.9339],[77.2116,16.9452],[77.0931,16.9068],[77.0177,16.899],[76.995,16.8345],[77.1337,16.7845],[77.2729,16.8228],[77.2943,16.754],[77.2683,16.7157],[77.2008,16.7078],[77.1334,16.6658],[77.1807,16.6237],[77.1685,16.5639],[77.2365,16.4733]]]},"properties":{"AC_NO":39,"AC_NAME":"Gurmitkal","district":"Y","PC_NO":5,"PC_NAME":"GULBARGA (SC)"}},
{"type":"Feature","geometry":{"type":"Polygon","coordinates":[[[76.9068,16.8217],[76.9204,16.8695],[76.9015,16.8925],[76.8165,16.8735],[76.6795,16.7848],[76.5171,16.751],[76.4607,16.7115],[76.4049,16.6535],[76.419,16.5818],[76.4684,16.6273],[76.5519,16.5936],[76.6934,16.5794],[76.7521,16.6106],[76.8478,16.558],[76.9001,16.5694],[76.9318,16.6977],[76.8817,16.7095],[76.9068,16.8217]]]},"properties":{"AC_NO":37,"AC_NAME":"Shahapur","district":"Y","PC_NO":6,"PC_NAME":"RAICHUR (ST)"}},
{"type":"Feature","geometry":{"type":"Polygon","coordinates":[[[77.2882,16.4088],[77.2365,16.4733],[77.1685,16.5639],[77.1807,16.6237],[77.1334,16.6658],[77.2008,16.7078],[77.2683,16.7157],[77.2943,16.754],[77.2729,16.8228],[77.1337,16.7845],[76.995,16.8345],[76.9068,16.8217],[76.8817,16.7095],[76.9318,16.6977],[76.9001,16.5694],[76.8478,16.558],[76.8794,16.4919],[76.9717,16.5044],[77.0092,16.5458],[77.1416,16.4803],[77.1743,16.4318],[77.2241,16.4209],[77.2882,16.4088]]]},"properties":{"AC_NO":38,"AC_NAME":"Yadgir","district":"Y","PC_NO":6,"PC_NAME":"RAICHUR (ST)"}},
{"type":"Feature","geometry":{"type":"Polygon","coordinates":[[[75.4558,16.506],[75.4937,16.5928],[75.4378,16.6978],[75.4918,16.7457],[75.3839,16.7626],[75.3627,16.7144],[75.2651,16.6929],[75.2589,16.6074],[75.1611,16.591],[75.2153,16.5732],[75.2096,16.515],[75.2651,16.4978],[75.2483,16.4351],[75.3895,16.4011],[75.3827,16.427],[75.4558,16.506]]]},"properties":{"AC_NO":21,"AC_NAME":"Jamkhandi","district":"B","PC_NO":3,"PC_NAME":"BAGALKOT"}},
{"type":"Feature","geometry":{"type":"Polygon","coordinates":[[[75.7651,16.707],[75.7174,16.6693],[75.7163,16.5639],[75.6476,16.5526],[75.6428,16.4404],[75.7206,16.3906],[75.8389,16.3505],[75.912,16.3208],[75.9651,16.3623],[75.9793,16.4641],[76.0162,16.554],[76.0427,16.6796],[75.9955,16.7619],[75.8792,16.7726],[75.8492,16.7113],[75.7651,16.707]]]},"properties":{"AC_NO":28,"AC_NAME":"Basavana Bagevadi","district":"Vijayapura","PC_NO":4,"PC_NAME":"BIJAPUR (SC)"}},
{"type":"Feature","geometry":{"type":"Polygon","coordinates":[[[74.5432,16.5951],[74.5441,16.6352],[74.3985,16.5841],[74.3818,16.5296],[74.3175,16.5541],[74.2643,16.5401],[74.2897,16.4629],[74.3327,16.4555],[74.329,16.3245],[74.4196,16.3493],[74.4182,16.456],[74.4949,16.4747],[74.4959,16.5759],[74.5432,16.5951]]]},"properties":{"AC_NO":1,"AC_NAME":"Nippani","district":"Belag","PC_NO":1,"PC_NAME":"CHIKKODI"}},
{"type":"Feature","geometry":{"type":"Polygon","coordinates":[[[74.8049,16.5902],[74.8602,16.5783],[74.8331,16.5014],[74.8683,16.4215],[74.8308,16.3577],[74.9282,16.3667],[74.9846,16.3957],[75.0343,16.3679],[75.0727,16.4046],[74.9882,16.4531],[75.0078,16.5381],[74.9412,16.6187],[74.8723,16.6556],[74.8087,16.6427],[74.8049,16.5902]]]},"properties":{"AC_NO":5,"AC_NAME":"Kudachi (SC)","district":"Belag","PC_NO":1,"PC_NAME":"CHIKKODI"}},
{"type":"Feature","geometry":{"type":"Polygon","coordinates":[[[74.7785,16.5717],[74.7705,16.606],[74.6854,16.6067],[74.5721,16.5534],[74.5432,16.5951],[74.4959,16.5759],[74.4949,16.4747],[74.4182,16.456],[74.4196,16.3493],[74.4723,16.3364],[74.5759,16.4424],[74.6425,16.43],[74.6729,16.4566],[74.6768,16.5379],[74.7136,16.5741],[74.7785,16.5717]]]},"properties":{"AC_NO":2,"AC_NAME":"Chikkodi-Sadalga","district":"Belag","PC_NO":1,"PC_NAME":"CHIKKODI"}},
{"type":"Feature","geometry":{"type":"Polygon","coordinates":[[[74.7785,16.5717],[74.7136,16.5741],[74.6768,16.5379],[74.6729,16.4566],[74.6425,16.43],[74.5759,16.4424],[74.4723,16.3364],[74.5412,16.3393],[74.5845,16.3099],[74.6777,16.323],[74.7536,16.284],[74.8031,16.3208],[74.8948,16.3292],[74.9282,16.3667],[74.8308,16.3577],[74.8683,16.4215],[74.8331,16.5014],[74.8602,16.5783],[74.8049,16.5902],[74.7785,16.5717]]]},"properties":{"AC_NO":6,"AC_NAME":"Raybag (SC)","district":"Belag","PC_NO":1,"PC_NAME":"CHIKKODI"}},
{"type":"Feature","geometry":{"type":"Polygon","coordinates":[[[75.1611,16.591],[75.1625,16.5352],[75.1044,16.5118],[75.0078,16.5381],[74.9882,16.4531],[75.0727,16.4046],[75.0343,16.3679],[75.1296,16.3301],[75.1377,16.4164],[75.2483,16.4351],[75.2651,16.4978],[75.2096,16.515],[75.2153,16.5732],[75.1611,16.591]]]},"properties":{"AC_NO":20,"AC_NAME":"Terdal","district":"B","PC_NO":3,"PC_NAME":"BAGALKOT"}},
{"type":"Feature","geometry":{"type":"Polygon","coordinates":[[[76.419,16.5818],[76.4351,16.4365],[76.3339,16.4273],[76.2998,16.283],[76.3477,16.2778],[76.3295,16.1944],[76.4779,16.2923],[76.6524,16.3641],[76.7452,16.4102],[76.8391,16.4297],[76.8794,16.4919],[76.8478,16.558],[76.7521,16.6106],[76.6934,16.5794],[76.5519,16.5936],[76.4684,16.6273],[76.419,16.5818]]]},"properties":{"AC_NO":36,"AC_NAME":"Shorapur (ST)","district":"Y","PC_NO":6,"PC_NAME":"RAICHUR (ST)"}},
{"type":"Feature","geometry":{"type":"Polygon","coordinates":[[[75.9651,16.3623],[75.912,16.3208],[76.0443,16.2794],[76.0666,16.2077],[76.2386,16.1666],[76.3295,16.1944],[76.3477,16.2778],[76.2998,16.283],[76.3339,16.4273],[76.3568,16.5192],[76.2901,16.5194],[76.2663,16.5808],[76.1997,16.5482],[76.1375,16.5602],[76.1187,16.4936],[76.0564,16.4737],[75.9651,16.3623]]]},"properties":{"AC_NO":26,"AC_NAME":"Muddebihal","district":"Vijayapura","PC_NO":4,"PC_NAME":"BIJAPUR (SC)"}},
{"type":"Feature","geometry":{"type":"Polygon","coordinates":[[[75.6428,16.4404],[75.4899,16.419],[75.4316,16.4352],[75.4558,16.506],[75.3827,16.427],[75.3895,16.4011],[75.4967,16.3538],[75.4444,16.2497],[75.4478,16.1858],[75.4114,16.1297],[75.4359,15.9967],[75.5249,16.0403],[75.6035,15.9743],[75.6584,15.9737],[75.6642,16.0281],[75.617,16.0745],[75.6412,16.144],[75.7382,16.2307],[75.7334,16.2897],[75.8389,16.3505],[75.7206,16.3906],[75.6428,16.4404]]]},"properties":{"AC_NO":22,"AC_NAME":"Bilgi","district":"B","PC_NO":3,"PC_NAME":"BAGALKOT"}},
{"type":"Feature","geometry":{"type":"Polygon","coordinates":[[[77.2241,16.4209],[77.1743,16.4318],[77.1416,16.4803],[77.0092,16.5458],[76.9717,16.5044],[76.8794,16.4919],[76.8391,16.4297],[76.7452,16.4102],[76.6524,16.3641],[76.7283,16.3357],[76.7349,16.2964],[76.7953,16.2291],[76.8462,16.1993],[77.151,16.1924],[77.1712,16.2892],[77.2241,16.4209]]]},"properties":{"AC_NO":56,"AC_NAME":"Devadurga (ST)","district":"Raich#r","PC_NO":6,"PC_NAME":"RAICHUR (ST)"}},
{"type":"Feature","geometry":{"type":"Polygon","coordinates":[[[75.2483,16.4351],[75.1377,16.4164],[75.1296,16.3301],[75.1291,16.2869],[75.2161,16.2694],[75.2325,16.2096],[75.2919,16.1697],[75.2758,16.1204],[75.4114,16.1297],[75.4478,16.1858],[75.4444,16.2497],[75.4967,16.3538],[75.3895,16.4011],[75.2483,16.4351]]]},"properties":{"AC_NO":19,"AC_NAME":"Mudhol (SC)","district":"B","PC_NO":3,"PC_NAME":"BAGALKOT"}},
{"type":"Feature","geometry":{"type":"Polygon","coordinates":[[[75.0343,16.3679],[74.9846,16.3957],[74.9282,16.3667],[74.8948,16.3292],[74.8031,16.3208],[74.7842,16.2773],[74.812,16.1776],[74.9216,16.1731],[74.9769,16.1249],[75.0957,16.1467],[75.1232,16.19],[75.2068,16.1853],[75.2325,16.2096],[75.2161,16.2694],[75.1291,16.2869],[75.1296,16.3301],[75.0343,16.3679]]]},"properties":{"AC_NO":8,"AC_NAME":"Arabhavi","district":"Belag","PC_NO":2,"PC_NAME":"BELGAUM"}},
{"type":"Feature","geometry":{"type":"Polygon","coordinates":[[[74.329,16.3245],[74.3426,16.2918],[74.4966,16.2335],[74.5765,16.2438],[74.5684,16.1616],[74.6138,16.1143],[74.7085,16.1518],[74.6904,16.2257],[74.7536,16.284],[74.6777,16.323],[74.5845,16.3099],[74.5412,16.3393],[74.4723,16.3364],[74.4196,16.3493],[74.329,16.3245]]]},"properties":{"AC_NO":7,"AC_NAME":"Hukkeri","district":"Belag","PC_NO":1,"PC_NAME":"CHIKKODI"}},
{"type":"Feature","geometry":{"type":"Polygon","coordinates":[[[77.146,15.9463],[77.2489,15.9649],[77.4332,15.9482],[77.5136,15.9271],[77.5069,16.0797],[77.4898,16.1196],[77.5049,16.2758],[77.5883,16.3328],[77.4897,16.385],[77.4195,16.3663],[77.2882,16.4088],[77.2241,16.4209],[77.1712,16.2892],[77.151,16.1924],[77.2481,16.1657],[77.2874,16.2376],[77.3996,16.2337],[77.4663,16.185],[77.4341,16.1178],[77.3557,16.1312],[77.2997,16.1798],[77.2491,16.1619],[77.2394,16.0914],[77.0886,16.0316],[77.1002,15.9564],[77.146,15.9463]]]},"properties":{"AC_NO":53,"AC_NAME":"Raichur Rural (ST)","district":"Raich#r","PC_NO":6,"PC_NAME":"RAICHUR (ST)"}},
{"type":"Feature","geometry":{"type":"Polygon","coordinates":[[[74.7536,16.284],[74.6904,16.2257],[74.7085,16.1518],[74.6742,16.0937],[74.6742,15.9593],[74.6873,15.9443],[74.7654,15.9897],[74.8446,15.9864],[74.9106,16.0016],[74.9779,16.0748],[74.9769,16.1249],[74.9216,16.1731],[74.812,16.1776],[74.7842,16.2773],[74.8031,16.3208],[74.7536,16.284]]]},"properties":{"AC_NO":9,"AC_NAME":"Gokak","district":"Belag","PC_NO":2,"PC_NAME":"BELGAUM"}},
{"type":"Feature","geometry":{"type":"Polygon","coordinates":[[[75.912,16.3208],[75.8389,16.3505],[75.7334,16.2897],[75.7382,16.2307],[75.6412,16.144],[75.7359,16.0849],[75.8417,16.0913],[75.8757,16.0146],[75.9507,16.0153],[75.9531,16.0909],[75.9275,16.1245],[75.9512,16.2207],[75.9954,16.2171],[76.0443,16.2794],[75.912,16.3208]]]},"properties":{"AC_NO":24,"AC_NAME":"Bagalkot","district":"B","PC_NO":3,"PC_NAME":"BAGALKOT"}},
{"type":"Feature","geometry":{"type":"Polygon","coordinates":[[[76.6524,16.3641],[76.4779,16.2923],[76.3295,16.1944],[76.2386,16.1666],[76.259,16.0741],[76.3029,16.0738],[76.3098,15.9572],[76.2855,15.9026],[76.4035,15.902],[76.4485,15.8538],[76.4397,15.9322],[76.486,16.0097],[76.471,16.0792],[76.533,16.0727],[76.6052,16.1225],[76.6293,16.076],[76.7194,16.1559],[76.7699,16.1416],[76.7953,16.2291],[76.7349,16.2964],[76.7283,16.3357],[76.6524,16.3641]]]},"properties":{"AC_NO":57,"AC_NAME":"Lingsugur (SC)","district":"Raich#r","PC_NO":6,"PC_NAME":"RAICHUR (ST)"}},
{"type":"Feature","geometry":{"type":"Polygon","coordinates":[[[74.4966,16.2335],[74.4845,16.1426],[74.3721,16.0782],[74.4623,16.0372],[74.4305,15.9582],[74.52,15.9107],[74.5718,15.8801],[74.6742,15.9593],[74.6742,16.0937],[74.7085,16.1518],[74.6138,16.1143],[74.5684,16.1616],[74.5765,16.2438],[74.4966,16.2335]]]},"properties":{"AC_NO":10,"AC_NAME":"Yemkanmardi (ST)","district":"Belag","PC_NO":1,"PC_NAME":"CHIKKODI"}},
{"type":"Feature","geometry":{"type":"Polygon","coordinates":[[[76.2386,16.1666],[76.0666,16.2077],[76.0443,16.2794],[75.9954,16.2171],[75.9512,16.2207],[75.9275,16.1245],[75.9531,16.0909],[75.9507,16.0153],[75.8757,16.0146],[75.8566,15.9347],[75.9744,15.8609],[75.975,15.9888],[76.0855,15.994],[76.0581,15.906],[76.145,15.8931],[76.2053,15.9421],[76.2855,15.9026],[76.3098,15.9572],[76.3029,16.0738],[76.259,16.0741],[76.2386,16.1666]]]},"properties":{"AC_NO":25,"AC_NAME":"Hungund","district":"B","PC_NO":3,"PC_NAME":"BAGALKOT"}},
{"type":"Feature","geometry":{"type":"Polygon","coordinates":[[[77.2481,16.1657],[77.2491,16.1619],[77.2997,16.1798],[77.3557,16.1312],[77.4341,16.1178],[77.4663,16.185],[77.3996,16.2337],[77.2874,16.2376],[77.2481,16.1657]]]},"properties":{"AC_NO":54,"AC_NAME":"Raichur","district":"Raich#r","PC_NO":6,"PC_NAME":"RAICHUR (ST)"}},
{"type":"Feature","geometry":{"type":"Polygon","coordinates":[[[75.4359,15.9967],[75.4114,16.1297],[75.2758,16.1204],[75.2919,16.1697],[75.2325,16.2096],[75.2068,16.1853],[75.1232,16.19],[75.0957,16.1467],[75.0738,16.0914],[75.109,16.0222],[75.0785,15.9918],[75.0872,15.9061],[75.1944,15.922],[75.1941,15.8624],[75.2706,15.8997],[75.3036,15.8096],[75.3855,15.8366],[75.4575,15.8166],[75.4535,15.8843],[75.4211,15.9213],[75.4359,15.9967]]]},"properties":{"AC_NO":18,"AC_NAME":"Ramdurg","district":"Belag","PC_NO":2,"PC_NAME":"BELGAUM"}},
{"type":"Feature","geometry":{"type":"Polygon","coordinates":[[[74.9769,16.1249],[74.9779,16.0748],[74.9106,16.0016],[74.9263,15.9477],[74.9789,15.8837],[75.0631,15.8578],[75.118,15.7604],[75.0511,15.7374],[75.0502,15.6828],[75.0907,15.6091],[75.1004,15.6619],[75.1734,15.6611],[75.2785,15.6899],[75.3139,15.7303],[75.3036,15.8096],[75.2706,15.8997],[75.1941,15.8624],[75.1944,15.922],[75.0872,15.9061],[75.0785,15.9918],[75.109,16.0222],[75.0738,16.0914],[75.0957,16.1467],[74.9769,16.1249]]]},"properties":{"AC_NO":17,"AC_NAME":"Saundatti Yellamma","district":"Belag","PC_NO":2,"PC_NAME":"BELGAUM"}},
{"type":"Feature","geometry":{"type":"Polygon","coordinates":[[[77.0316,15.8549],[77.073,15.9108],[77.146,15.9463],[77.1002,15.9564],[77.0886,16.0316],[77.2394,16.0914],[77.2491,16.1619],[77.2481,16.1657],[77.151,16.1924],[76.8462,16.1993],[76.7953,16.2291],[76.7699,16.1416],[76.8048,16.05],[76.8558,16.0454],[76.8123,15.9335],[76.8784,15.9267],[76.9417,15.8781],[77.0316,15.8549]]]},"properties":{"AC_NO":55,"AC_NAME":"Manvi (ST)","district":"Raich#r","PC_NO":6,"PC_NAME":"RAICHUR (ST)"}},
{"type":"Feature","geometry":{"type":"Polygon","coordinates":[[[75.6412,16.144],[75.617,16.0745],[75.6642,16.0281],[75.6584,15.9737],[75.6035,15.9743],[75.5249,16.0403],[75.4359,15.9967],[75.4211,15.9213],[75.4535,15.8843],[75.5326,15.8334],[75.6951,15.8239],[75.779,15.8171],[75.8453,15.8381],[75.8277,15.9004],[75.8566,15.9347],[75.8757,16.0146],[75.8417,16.0913],[75.7359,16.0849],[75.6412,16.144]]]},"properties":{"AC_NO":23,"AC_NAME":"Badami","district":"B","PC_NO":3,"PC_NAME":"BAGALKOT"}},
{"type":"Feature","geometry":{"type":"Polygon","coordinates":[[[76.7699,16.1416],[76.7194,16.1559],[76.6293,16.076],[76.6052,16.1225],[76.533,16.0727],[76.471,16.0792],[76.486,16.0097],[76.4397,15.9322],[76.4485,15.8538],[76.4131,15.8041],[76.4842,15.7146],[76.5971,15.6995],[76.7164,15.7427],[76.6837,15.7901],[76.6911,15.8777],[76.7916,15.8836],[76.8123,15.9335],[76.8558,16.0454],[76.8048,16.05],[76.7699,16.1416]]]},"properties":{"AC_NO":59,"AC_NAME":"Maski (ST)","district":"Raich#r","PC_NO":8,"PC_NAME":"KOPPAL"}},
{"type":"Feature","geometry":{"type":"Polygon","coordinates":[[[74.8446,15.9864],[74.8414,15.9025],[74.8017,15.8831],[74.7982,15.7073],[74.8621,15.716],[74.8587,15.613],[75.0191,15.6445],[75.0502,15.6828],[75.0511,15.7374],[75.118,15.7604],[75.0631,15.8578],[74.9789,15.8837],[74.9263,15.9477],[74.9106,16.0016],[74.8446,15.9864]]]},"properties":{"AC_NO":16,"AC_NAME":"Bailhongal","district":"Belag","PC_NO":2,"PC_NAME":"BELGAUM"}},
{"type":"Feature","geometry":{"type":"Polygon","coordinates":[[[74.6873,15.9443],[74.6996,15.8678],[74.6668,15.8035],[74.6507,15.7087],[74.689,15.6752],[74.7447,15.4939],[74.8108,15.5208],[74.8293,15.6096],[74.8587,15.613],[74.8621,15.716],[74.7982,15.7073],[74.8017,15.8831],[74.8414,15.9025],[74.8446,15.9864],[74.7654,15.9897],[74.6873,15.9443]]]},"properties":{"AC_NO":15,"AC_NAME":"Kittur","district":"Belag","PC_NO":12,"PC_NAME":"UTTARA KANNADA"}},
{"type":"Feature","geometry":{"type":"MultiPolygon","coordinates":[[[[74.52,15.9107],[74.4305,15.9582],[74.3867,15.9044],[74.3689,15.7877],[74.3405,15.7648],[74.5272,15.7324],[74.4844,15.8297],[74.52,15.9107]]],[[[74.6742,15.9593],[74.5718,15.8801],[74.5434,15.8243],[74.5649,15.7876],[74.5294,15.7333],[74.6317,15.6937],[74.6507,15.7087],[74.6668,15.8035],[74.6996,15.8678],[74.6873,15.9443],[74.6742,15.9593]]]]},"properties":{"AC_NO":13,"AC_NAME":"Belgaum Rural","district":"Belag","PC_NO":2,"PC_NAME":"BELGAUM"}},
{"type":"Feature","geometry":{"type":"Polygon","coordinates":[[[76.4485,15.8538],[76.4035,15.902],[76.2855,15.9026],[76.2053,15.9421],[76.145,15.8931],[76.0581,15.906],[76.0855,15.994],[75.975,15.9888],[75.9744,15.8609],[75.8566,15.9347],[75.8277,15.9004],[75.8453,15.8381],[75.9296,15.79],[75.9883,15.8014],[76.0434,15.737],[76.0758,15.7168],[76.2095,15.6997],[76.2693,15.7054],[76.3353,15.6367],[76.3616,15.6761],[76.4546,15.6694],[76.4842,15.7146],[76.4131,15.8041],[76.4485,15.8538]]]},"properties":{"AC_NO":60,"AC_NAME":"Kushtagi","district":"Koppal","PC_NO":8,"PC_NAME":"KOPPAL"}},
{"type":"Feature","geometry":{"type":"Polygon","coordinates":[[[74.52,15.9107],[74.4844,15.8297],[74.5434,15.8243],[74.5718,15.8801],[74.52,15.9107]]]},"properties":{"AC_NO":11,"AC_NAME":"Belgaum Uttar","district":"Belag","PC_NO":2,"PC_NAME":"BELGAUM"}},
{"type":"Feature","geometry":{"type":"Polygon","coordinates":[[[74.5272,15.7324],[74.5294,15.7333],[74.5649,15.7876],[74.5434,15.8243],[74.4844,15.8297],[74.5272,15.7324]]]},"properties":{"AC_NO":12,"AC_NAME":"Belgaum Dakshin","district":"Belag","PC_NO":2,"PC_NAME":"BELGAUM"}},
{"type":"Feature","geometry":{"type":"Polygon","coordinates":[[[77.0253,15.8375],[77.0316,15.8549],[76.9417,15.8781],[76.8784,15.9267],[76.8123,15.9335],[76.7916,15.8836],[76.6911,15.8777],[76.6837,15.7901],[76.7164,15.7427],[76.5971,15.6995],[76.691,15.6477],[76.6888,15.5954],[76.7523,15.5885],[76.8109,15.5473],[76.8345,15.6277],[76.9168,15.6997],[76.9427,15.762],[77.0253,15.8375]]]},"properties":{"AC_NO":58,"AC_NAME":"Sindhanur","district":"Raich#r","PC_NO":8,"PC_NAME":"KOPPAL"}},
{"type":"Feature","geometry":{"type":"Polygon","coordinates":[[[75.4535,15.8843],[75.4575,15.8166],[75.3855,15.8366],[75.3036,15.8096],[75.3139,15.7303],[75.2785,15.6899],[75.4109,15.6551],[75.4723,15.6864],[75.5543,15.6467],[75.5298,15.5376],[75.483,15.5312],[75.4975,15.4193],[75.532,15.4866],[75.6312,15.5032],[75.6565,15.4677],[75.6521,15.3312],[75.7588,15.3565],[75.7506,15.4353],[75.7018,15.4472],[75.7405,15.5531],[75.6548,15.6186],[75.6822,15.717],[75.7198,15.7661],[75.6951,15.8239],[75.5326,15.8334],[75.4535,15.8843]]]},"properties":{"AC_NO":68,"AC_NAME":"Nargund","district":"Gadag","PC_NO":3,"PC_NAME":"BAGALKOT"}},
{"type":"Feature","geometry":{"type":"Polygon","coordinates":[[[74.2786,15.5228],[74.342,15.5182],[74.4219,15.4621],[74.4269,15.3984],[74.5365,15.4184],[74.6135,15.359],[74.6488,15.3902],[74.7415,15.4118],[74.7447,15.4939],[74.689,15.6752],[74.6507,15.7087],[74.6317,15.6937],[74.5294,15.7333],[74.5272,15.7324],[74.3405,15.7648],[74.2416,15.7431],[74.1616,15.7513],[74.1217,15.7205],[74.1674,15.6718],[74.2505,15.6578],[74.2786,15.5228]]]},"properties":{"AC_NO":14,"AC_NAME":"Khanapur","district":"Belag","PC_NO":12,"PC_NAME":"UTTARA KANNADA"}},
{"type":"Feature","geometry":{"type":"Polygon","coordinates":[[[75.8453,15.8381],[75.779,15.8171],[75.6951,15.8239],[75.7198,15.7661],[75.6822,15.717],[75.6548,15.6186],[75.7405,15.5531],[75.7018,15.4472],[75.7506,15.4353],[75.7588,15.3565],[75.6521,15.3312],[75.6706,15.2442],[75.7135,15.2384],[75.7206,15.1351],[75.8809,15.2003],[75.9034,15.2397],[75.9028,15.3596],[75.9043,15.4026],[75.8189,15.4554],[75.8597,15.514],[75.8706,15.6733],[75.8964,15.7496],[75.9679,15.6654],[76.0434,15.737],[75.9883,15.8014],[75.9296,15.79],[75.8453,15.8381]]]},"properties":{"AC_NO":67,"AC_NAME":"Ron","district":"Gadag","PC_NO":10,"PC_NAME":"HAVERI"}},
{"type":"Feature","geometry":{"type":"Polygon","coordinates":[[[77.0463,15.3814],[77.0333,15.4332],[77.0305,15.6345],[77.0832,15.6592],[77.0491,15.7303],[77.0652,15.8278],[77.0253,15.8375],[76.9427,15.762],[76.9168,15.6997],[76.8345,15.6277],[76.8109,15.5473],[76.7752,15.4922],[76.6932,15.479],[76.7585,15.4172],[76.8303,15.4108],[76.9356,15.3579],[77.0463,15.3814]]]},"properties":{"AC_NO":92,"AC_NAME":"Siruguppa (ST)","district":"Ball","PC_NO":8,"PC_NAME":"KOPPAL"}},
{"type":"Feature","geometry":{"type":"Polygon","coordinates":[[[76.0434,15.737],[75.9679,15.6654],[75.8964,15.7496],[75.8706,15.6733],[75.8597,15.514],[75.8189,15.4554],[75.9043,15.4026],[75.9028,15.3596],[75.962,15.3567],[76.0021,15.3057],[76.0564,15.3424],[76.0613,15.3989],[76.1109,15.4481],[76.1636,15.4586],[76.2243,15.5068],[76.2608,15.6096],[76.3114,15.5948],[76.3353,15.6367],[76.2693,15.7054],[76.2095,15.6997],[76.0758,15.7168],[76.0434,15.737]]]},"properties":{"AC_NO":63,"AC_NAME":"Yelburga","district":"Koppal","PC_NO":8,"PC_NAME":"KOPPAL"}},
{"type":"Feature","geometry":{"type":"Polygon","coordinates":[[[75.2785,15.6899],[75.1734,15.6611],[75.1004,15.6619],[75.0907,15.6091],[75.1176,15.5435],[75.1748,15.5469],[75.1828,15.4895],[75.1417,15.4224],[75.142,15.4223],[75.2,15.365],[75.1859,15.3102],[75.3461,15.3513],[75.4117,15.2978],[75.4416,15.3016],[75.4928,15.37],[75.4975,15.4193],[75.483,15.5312],[75.5298,15.5376],[75.5543,15.6467],[75.4723,15.6864],[75.4109,15.6551],[75.2785,15.6899]]]},"properties":{"AC_NO":69,"AC_NAME":"Navalgund","district":"Dh","PC_NO":11,"PC_NAME":"DHARWAD"}},
{"type":"Feature","geometry":{"type":"Polygon","coordinates":[[[75.0907,15.6091],[75.0502,15.6828],[75.0191,15.6445],[74.8587,15.613],[74.8293,15.6096],[74.8108,15.5208],[74.8786,15.4873],[74.9252,15.5163],[74.9911,15.4657],[75.054,15.4732],[75.1417,15.4224],[75.1828,15.4895],[75.1748,15.5469],[75.1176,15.5435],[75.0907,15.6091]]]},"properties":{"AC_NO":71,"AC_NAME":"Dharwad","district":"Dh","PC_NO":11,"PC_NAME":"DHARWAD"}},
{"type":"Feature","geometry":{"type":"Polygon","coordinates":[[[76.5971,15.6995],[76.4842,15.7146],[76.4546,15.6694],[76.3616,15.6761],[76.3353,15.6367],[76.3114,15.5948],[76.3088,15.4777],[76.5331,15.5451],[76.515,15.464],[76.5785,15.4033],[76.6932,15.479],[76.7752,15.4922],[76.8109,15.5473],[76.7523,15.5885],[76.6888,15.5954],[76.691,15.6477],[76.5971,15.6995]]]},"properties":{"AC_NO":61,"AC_NAME":"Kanakagiri (SC)","district":"Koppal","PC_NO":8,"PC_NAME":"KOPPAL"}},
{"type":"Feature","geometry":{"type":"Polygon","coordinates":[[[74.2786,15.5228],[74.2509,15.4933],[74.2766,15.3903],[74.3163,15.3622],[74.3261,15.2837],[74.2596,15.2408],[74.3167,15.1869],[74.279,15.0954],[74.2954,15.0456],[74.3405,14.9523],[74.4044,14.9177],[74.4536,14.9378],[74.5271,14.9218],[74.6009,15.0281],[74.6053,15.0654],[74.7038,15.1044],[74.7741,15.0998],[74.8291,15.1395],[74.908,15.2488],[74.897,15.3016],[74.7415,15.4118],[74.6488,15.3902],[74.6135,15.359],[74.5365,15.4184],[74.4269,15.3984],[74.4219,15.4621],[74.342,15.5182],[74.2786,15.5228]]]},"properties":{"AC_NO":76,"AC_NAME":"Haliyal","district":"Uttara Kannada","PC_NO":12,"PC_NAME":"UTTARA KANNADA"}},
{"type":"Feature","geometry":{"type":"Polygon","coordinates":[[[76.1109,15.4481],[76.2207,15.4448],[76.2,15.4014],[76.2716,15.3717],[76.3723,15.3854],[76.4304,15.3352],[76.4943,15.344],[76.5413,15.3796],[76.5785,15.4033],[76.515,15.464],[76.5331,15.5451],[76.3088,15.4777],[76.3114,15.5948],[76.2608,15.6096],[76.2243,15.5068],[76.1636,15.4586],[76.1109,15.4481]]]},"properties":{"AC_NO":62,"AC_NAME":"Gangawati","district":"Koppal","PC_NO":8,"PC_NAME":"KOPPAL"}},
{"type":"Feature","geometry":{"type":"Polygon","coordinates":[[[74.8108,15.5208],[74.7447,15.4939],[74.7415,15.4118],[74.897,15.3016],[74.908,15.2488],[74.8291,15.1395],[74.8797,15.0841],[74.9413,15.0659],[75.0818,15.0743],[75.0768,15.1099],[75.1368,15.1606],[75.0223,15.3337],[75.0386,15.3889],[74.9513,15.4319],[74.9911,15.4657],[74.9252,15.5163],[74.8786,15.4873],[74.8108,15.5208]]]},"properties":{"AC_NO":75,"AC_NAME":"Kalghatgi","district":"Dh","PC_NO":11,"PC_NAME":"DHARWAD"}},
{"type":"Feature","geometry":{"type":"Polygon","coordinates":[[[75.6521,15.3312],[75.6565,15.4677],[75.6312,15.5032],[75.532,15.4866],[75.4975,15.4193],[75.4928,15.37],[75.4416,15.3016],[75.5018,15.2387],[75.5694,15.2559],[75.6281,15.2102],[75.6706,15.2442],[75.6521,15.3312]]]},"properties":{"AC_NO":66,"AC_NAME":"Gadag","district":"Gadag","PC_NO":10,"PC_NAME":"HAVERI"}},
{"type":"Feature","geometry":{"type":"MultiPolygon","coordinates":[[[[75.124,15.3326],[75.108,15.3354],[75.1023,15.3164],[75.124,15.3326]]],[[[75.1417,15.4224],[75.054,15.4732],[74.9911,15.4657],[74.9513,15.4319],[75.0386,15.3889],[75.0223,15.3337],[75.1039,15.3517],[75.142,15.4223],[75.1417,15.4224]]]]},"properties":{"AC_NO":74,"AC_NAME":"Hubli-Dharwad- West","district":"Dh","PC_NO":11,"PC_NAME":"DHARWAD"}},
{"type":"Feature","geometry":{"type":"Polygon","coordinates":[[[75.142,15.4223],[75.1039,15.3517],[75.108,15.3354],[75.124,15.3326],[75.2,15.365],[75.142,15.4223]]]},"properties":{"AC_NO":73,"AC_NAME":"Hubli-Dharwad-Central","district":"Dh","PC_NO":11,"PC_NAME":"DHARWAD"}},
{"type":"Feature","geometry":{"type":"Polygon","coordinates":[[[77.0646,15.3279],[77.0463,15.3814],[76.9356,15.3579],[76.8303,15.4108],[76.7585,15.4172],[76.6932,15.479],[76.5785,15.4033],[76.5413,15.3796],[76.5541,15.3187],[76.6099,15.2681],[76.7178,15.2726],[76.8297,15.233],[76.8953,15.2004],[76.9402,15.1906],[76.9912,15.2159],[77.0188,15.3125],[77.0646,15.3279]]]},"properties":{"AC_NO":91,"AC_NAME":"Kampli (ST)","district":"Ball","PC_NO":9,"PC_NAME":"BELLARY (ST)"}},
{"type":"Feature","geometry":{"type":"Polygon","coordinates":[[[75.9028,15.3596],[75.9034,15.2397],[75.9519,15.1367],[76.0915,15.162],[76.1846,15.234],[76.249,15.1905],[76.3132,15.2376],[76.3574,15.3223],[76.4304,15.3352],[76.3723,15.3854],[76.2716,15.3717],[76.2,15.4014],[76.2207,15.4448],[76.1109,15.4481],[76.0613,15.3989],[76.0564,15.3424],[76.0021,15.3057],[75.962,15.3567],[75.9028,15.3596]]]},"properties":{"AC_NO":64,"AC_NAME":"Koppal","district":"Koppal","PC_NO":8,"PC_NAME":"KOPPAL"}},
{"type":"Feature","geometry":{"type":"Polygon","coordinates":[[[75.2,15.365],[75.124,15.3326],[75.1023,15.3164],[75.1859,15.3102],[75.2,15.365]]]},"properties":{"AC_NO":72,"AC_NAME":"Hubli-Dharwad-East(SC)","district":"Dh","PC_NO":11,"PC_NAME":"DHARWAD"}},
{"type":"Feature","geometry":{"type":"Polygon","coordinates":[[[75.1859,15.3102],[75.1023,15.3164],[75.108,15.3354],[75.1039,15.3517],[75.0223,15.3337],[75.1368,15.1606],[75.1387,15.1027],[75.2253,15.1001],[75.3096,15.1382],[75.3674,15.0504],[75.417,15.0611],[75.4336,15.1078],[75.4014,15.1664],[75.4322,15.1991],[75.4117,15.2978],[75.3461,15.3513],[75.1859,15.3102]]]},"properties":{"AC_NO":70,"AC_NAME":"Kundgol","district":"Dh","PC_NO":11,"PC_NAME":"DHARWAD"}},
{"type":"Feature","geometry":{"type":"Polygon","coordinates":[[[76.5413,15.3796],[76.4943,15.344],[76.4304,15.3352],[76.3574,15.3223],[76.3132,15.2376],[76.4093,15.194],[76.4314,15.2174],[76.5351,15.1989],[76.6155,15.2022],[76.6099,15.2681],[76.5541,15.3187],[76.5413,15.3796]]]},"properties":{"AC_NO":90,"AC_NAME":"Vijayanagara","district":"Vijayanagara","PC_NO":9,"PC_NAME":"BELLARY (ST)"}},
{"type":"Feature","geometry":{"type":"Polygon","coordinates":[[[75.6706,15.2442],[75.6281,15.2102],[75.5694,15.2559],[75.5018,15.2387],[75.4416,15.3016],[75.4117,15.2978],[75.4322,15.1991],[75.4014,15.1664],[75.4336,15.1078],[75.417,15.0611],[75.5329,15.0347],[75.5414,14.9788],[75.5985,14.9545],[75.6316,14.9912],[75.701,14.9487],[75.7408,14.9444],[75.7856,15.0037],[75.9094,15.0788],[75.9519,15.1367],[75.9034,15.2397],[75.8809,15.2003],[75.7206,15.1351],[75.7135,15.2384],[75.6706,15.2442]]]},"properties":{"AC_NO":65,"AC_NAME":"Shirahatti (SC)","district":"Gadag","PC_NO":10,"PC_NAME":"HAVERI"}},
{"type":"Feature","geometry":{"type":"Polygon","coordinates":[[[76.7998,15.0959],[76.8773,15.0306],[77.113,15.0341],[77.1691,15.172],[77.1522,15.2758],[77.1134,15.3341],[77.0646,15.3279],[77.0188,15.3125],[76.9912,15.2159],[76.9402,15.1906],[76.9814,15.1643],[76.9808,15.1044],[76.9014,15.0787],[76.9147,15.1538],[76.8953,15.2004],[76.8297,15.233],[76.8247,15.167],[76.7495,15.1399],[76.7998,15.0959]]]},"properties":{"AC_NO":93,"AC_NAME":"Bellary (ST)","district":"Ball","PC_NO":9,"PC_NAME":"BELLARY (ST)"}},
{"type":"Feature","geometry":{"type":"Polygon","coordinates":[[[76.76,14.9895],[76.7902,15.0208],[76.7998,15.0959],[76.7495,15.1399],[76.8247,15.167],[76.8297,15.233],[76.7178,15.2726],[76.6099,15.2681],[76.6155,15.2022],[76.5351,15.1989],[76.4314,15.2174],[76.4093,15.194],[76.4599,15.0918],[76.3927,15.054],[76.3627,14.9855],[76.4529,14.9176],[76.4821,14.8595],[76.6774,14.8947],[76.76,14.9895]]]},"properties":{"AC_NO":95,"AC_NAME":"Sandur (ST)","district":"Ball","PC_NO":9,"PC_NAME":"BELLARY (ST)"}},
{"type":"Feature","geometry":{"type":"Polygon","coordinates":[[[76.3132,15.2376],[76.249,15.1905],[76.1846,15.234],[76.0915,15.162],[76.1197,15.1281],[76.1352,14.9838],[76.1206,14.8693],[76.1426,14.7964],[76.1925,14.7682],[76.3376,14.8214],[76.3174,14.895],[76.3305,14.9687],[76.3627,14.9855],[76.3927,15.054],[76.4599,15.0918],[76.4093,15.194],[76.3132,15.2376]]]},"properties":{"AC_NO":89,"AC_NAME":"Hagaribommanahalli(SC)","district":"Vijayanagara","PC_NO":9,"PC_NAME":"BELLARY (ST)"}},
{"type":"Feature","geometry":{"type":"Polygon","coordinates":[[[74.8291,15.1395],[74.7741,15.0998],[74.7038,15.1044],[74.6053,15.0654],[74.6009,15.0281],[74.5271,14.9218],[74.4982,14.7963],[74.5837,14.8478],[74.6989,14.8361],[74.7492,14.8305],[74.7595,14.777],[74.8134,14.7374],[74.9198,14.707],[74.9389,14.6609],[74.8895,14.5943],[74.9018,14.5291],[74.9803,14.5243],[75.0053,14.4806],[75.0505,14.649],[75.0323,14.7076],[75.0683,14.8367],[75.0683,14.9136],[75.1017,14.9273],[75.0682,15.0161],[75.0818,15.0743],[74.9413,15.0659],[74.8797,15.0841],[74.8291,15.1395]]]},"properties":{"AC_NO":81,"AC_NAME":"Yellapur","district":"Uttara Kannada","PC_NO":12,"PC_NAME":"UTTARA KANNADA"}},
{"type":"Feature","geometry":{"type":"Polygon","coordinates":[[[75.1368,15.1606],[75.0768,15.1099],[75.0818,15.0743],[75.0682,15.0161],[75.1017,14.9273],[75.0683,14.9136],[75.2047,14.866],[75.2645,14.8853],[75.3026,14.8502],[75.3795,14.8882],[75.4022,14.9449],[75.3674,15.0504],[75.3096,15.1382],[75.2253,15.1001],[75.1387,15.1027],[75.1368,15.1606]]]},"properties":{"AC_NO":83,"AC_NAME":"Shiggaon","district":"H","PC_NO":11,"PC_NAME":"DHARWAD"}},
{"type":"Feature","geometry":{"type":"Polygon","coordinates":[[[76.8953,15.2004],[76.9147,15.1538],[76.9014,15.0787],[76.9808,15.1044],[76.9814,15.1643],[76.9402,15.1906],[76.8953,15.2004]]]},"properties":{"AC_NO":94,"AC_NAME":"Bellary City","district":"Ball","PC_NO":9,"PC_NAME":"BELLARY (ST)"}},
{"type":"Feature","geometry":{"type":"Polygon","coordinates":[[[76.0915,15.162],[75.9519,15.1367],[75.9094,15.0788],[75.7856,15.0037],[75.7408,14.9444],[75.701,14.9487],[75.6656,14.7999],[75.7556,14.7385],[75.7729,14.7921],[75.8331,14.8131],[75.816,14.8999],[75.8873,14.8686],[76.0327,14.9245],[76.1206,14.8693],[76.1352,14.9838],[76.1197,15.1281],[76.0915,15.162]]]},"properties":{"AC_NO":88,"AC_NAME":"Hadagalli (SC)","district":"Vijayanagara","PC_NO":9,"PC_NAME":"BELLARY (ST)"}},
{"type":"Feature","geometry":{"type":"Polygon","coordinates":[[[74.2954,15.0456],[74.2489,14.9595],[74.1791,14.9573],[74.1018,14.9156],[74.1251,14.8407],[74.1181,14.7859],[74.1931,14.7345],[74.25,14.7395],[74.2828,14.6756],[74.2932,14.5969],[74.437,14.5685],[74.4813,14.5275],[74.5736,14.6094],[74.5755,14.6822],[74.6111,14.7442],[74.6989,14.8361],[74.5837,14.8478],[74.4982,14.7963],[74.5271,14.9218],[74.4536,14.9378],[74.4044,14.9177],[74.3405,14.9523],[74.2954,15.0456]]]},"properties":{"AC_NO":77,"AC_NAME":"Karwar","district":"Uttara Kannada","PC_NO":12,"PC_NAME":"UTTARA KANNADA"}},
{"type":"Feature","geometry":{"type":"Polygon","coordinates":[[[75.417,15.0611],[75.3674,15.0504],[75.4022,14.9449],[75.3795,14.8882],[75.3881,14.756],[75.4517,14.7467],[75.524,14.7817],[75.6088,14.7664],[75.6656,14.7999],[75.701,14.9487],[75.6316,14.9912],[75.5985,14.9545],[75.5414,14.9788],[75.5329,15.0347],[75.417,15.0611]]]},"properties":{"AC_NO":84,"AC_NAME":"Haveri (SC)","district":"H","PC_NO":10,"PC_NAME":"HAVERI"}},
{"type":"Feature","geometry":{"type":"Polygon","coordinates":[[[76.9158,14.4206],[76.9007,14.4892],[76.8063,14.5311],[76.765,14.6022],[76.7753,14.6812],[76.8366,14.7909],[76.8673,14.9696],[76.76,14.9895],[76.6774,14.8947],[76.7043,14.8179],[76.6486,14.7556],[76.6452,14.7131],[76.5706,14.5908],[76.5103,14.56],[76.4599,14.4516],[76.5346,14.3497],[76.6388,14.3851],[76.7903,14.3513],[76.814,14.4084],[76.9158,14.4206]]]},"properties":{"AC_NO":97,"AC_NAME":"Molakalmuru (ST)","district":"Chitradurga","PC_NO":18,"PC_NAME":"CHITRADURGA (SC)"}},
{"type":"Feature","geometry":{"type":"Polygon","coordinates":[[[76.6774,14.8947],[76.4821,14.8595],[76.4529,14.9176],[76.3627,14.9855],[76.3305,14.9687],[76.3174,14.895],[76.3376,14.8214],[76.1925,14.7682],[76.1843,14.7005],[76.3166,14.6925],[76.4215,14.6248],[76.4233,14.5812],[76.5103,14.56],[76.5706,14.5908],[76.6452,14.7131],[76.6486,14.7556],[76.7043,14.8179],[76.6774,14.8947]]]},"properties":{"AC_NO":96,"AC_NAME":"Kudligi (ST)","district":"Vijayanagara","PC_NO":9,"PC_NAME":"BELLARY (ST)"}},
{"type":"Feature","geometry":{"type":"Polygon","coordinates":[[[75.0683,14.9136],[75.0683,14.8367],[75.0323,14.7076],[75.0505,14.649],[75.0992,14.6525],[75.2231,14.5849],[75.2582,14.607],[75.2584,14.6477],[75.3252,14.675],[75.2832,14.7355],[75.2757,14.7944],[75.3026,14.8502],[75.2645,14.8853],[75.2047,14.866],[75.0683,14.9136]]]},"properties":{"AC_NO":82,"AC_NAME":"Hangal","district":"H","PC_NO":10,"PC_NAME":"HAVERI"}},
{"type":"Feature","geometry":{"type":"Polygon","coordinates":[[[76.1206,14.8693],[76.0327,14.9245],[75.8873,14.8686],[75.816,14.8999],[75.8331,14.8131],[75.7729,14.7921],[75.7556,14.7385],[75.8123,14.6362],[75.9104,14.563],[75.9904,14.5188],[76.0154,14.5224],[75.998,14.5825],[76.0208,14.6671],[76.1455,14.7051],[76.1843,14.7005],[76.1925,14.7682],[76.1426,14.7964],[76.1206,14.8693]]]},"properties":{"AC_NO":104,"AC_NAME":"Harapanahalli","district":"Vijayanagara","PC_NO":13,"PC_NAME":"DAVANAGERE"}},
{"type":"Feature","geometry":{"type":"Polygon","coordinates":[[[75.3026,14.8502],[75.2757,14.7944],[75.2832,14.7355],[75.3252,14.675],[75.2584,14.6477],[75.2582,14.607],[75.4141,14.6092],[75.5379,14.5171],[75.5939,14.5443],[75.6104,14.6583],[75.6313,14.6739],[75.6088,14.7664],[75.524,14.7817],[75.4517,14.7467],[75.3881,14.756],[75.3795,14.8882],[75.3026,14.8502]]]},"properties":{"AC_NO":85,"AC_NAME":"Byadgi","district":"H","PC_NO":10,"PC_NAME":"HAVERI"}},
{"type":"Feature","geometry":{"type":"Polygon","coordinates":[[[74.7296,14.2639],[74.8549,14.21],[74.9208,14.2274],[74.9211,14.316],[74.9734,14.3379],[74.9173,14.4311],[74.8746,14.4472],[74.9018,14.5291],[74.8895,14.5943],[74.9389,14.6609],[74.9198,14.707],[74.8134,14.7374],[74.7595,14.777],[74.7492,14.8305],[74.6989,14.8361],[74.6111,14.7442],[74.5755,14.6822],[74.5736,14.6094],[74.5741,14.4905],[74.6724,14.4507],[74.6614,14.386],[74.6199,14.3385],[74.7215,14.29],[74.7296,14.2639]]]},"properties":{"AC_NO":80,"AC_NAME":"Sirsi","district":"Uttara Kannada","PC_NO":12,"PC_NAME":"UTTARA KANNADA"}},
{"type":"Feature","geometry":{"type":"Polygon","coordinates":[[[75.7556,14.7385],[75.6656,14.7999],[75.6088,14.7664],[75.6313,14.6739],[75.6104,14.6583],[75.5939,14.5443],[75.5379,14.5171],[75.5956,14.4141],[75.6384,14.4053],[75.6896,14.4914],[75.7991,14.5101],[75.8206,14.5665],[75.8123,14.6362],[75.7556,14.7385]]]},"properties":{"AC_NO":87,"AC_NAME":"Ranibennur","district":"H","PC_NO":10,"PC_NAME":"HAVERI"}},
{"type":"Feature","geometry":{"type":"Polygon","coordinates":[[[76.4599,14.4516],[76.5103,14.56],[76.4233,14.5812],[76.4215,14.6248],[76.3166,14.6925],[76.1843,14.7005],[76.1455,14.7051],[76.0208,14.6671],[75.998,14.5825],[76.0154,14.5224],[76.1297,14.5273],[76.1361,14.427],[76.2065,14.458],[76.2744,14.4087],[76.3796,14.4195],[76.4599,14.4516]]]},"properties":{"AC_NO":103,"AC_NAME":"Jagalur (ST)","district":"D","PC_NO":13,"PC_NAME":"DAVANAGERE"}},
{"type":"Feature","geometry":{"type":"Polygon","coordinates":[[[75.0505,14.649],[75.0053,14.4806],[74.9803,14.5243],[74.9018,14.5291],[74.8746,14.4472],[74.9173,14.4311],[74.9734,14.3379],[74.9211,14.316],[74.9208,14.2274],[74.8549,14.21],[74.8949,14.1685],[74.9835,14.1292],[75.0058,14.1722],[74.9709,14.2221],[75.0103,14.2957],[75.0811,14.2344],[75.2255,14.2708],[75.2714,14.3064],[75.1664,14.4119],[75.1959,14.464],[75.2676,14.5151],[75.2658,14.5796],[75.2231,14.5849],[75.0992,14.6525],[75.0505,14.649]]]},"properties":{"AC_NO":116,"AC_NAME":"Sorab","district":"Shivamogga","PC_NO":14,"PC_NAME":"SHIMOGA"}},
{"type":"Feature","geometry":{"type":"Polygon","coordinates":[[[74.2932,14.5969],[74.3163,14.5278],[74.3554,14.5089],[74.398,14.4074],[74.4312,14.2652],[74.5687,14.3309],[74.5823,14.3722],[74.6614,14.386],[74.6724,14.4507],[74.5741,14.4905],[74.5736,14.6094],[74.4813,14.5275],[74.437,14.5685],[74.2932,14.5969]]]},"properties":{"AC_NO":78,"AC_NAME":"Kumta","district":"Uttara Kannada","PC_NO":12,"PC_NAME":"UTTARA KANNADA"}},
{"type":"Feature","geometry":{"type":"Polygon","coordinates":[[[75.9104,14.563],[75.8123,14.6362],[75.8206,14.5665],[75.7991,14.5101],[75.6896,14.4914],[75.6384,14.4053],[75.6239,14.3598],[75.6958,14.3439],[75.7264,14.2938],[75.8337,14.3379],[75.8451,14.4472],[75.8162,14.4877],[75.8354,14.5372],[75.9104,14.563]]]},"properties":{"AC_NO":105,"AC_NAME":"Harihar","district":"D","PC_NO":13,"PC_NAME":"DAVANAGERE"}},
{"type":"Feature","geometry":{"type":"Polygon","coordinates":[[[75.2582,14.607],[75.2231,14.5849],[75.2658,14.5796],[75.2676,14.5151],[75.3458,14.4817],[75.3478,14.387],[75.5355,14.2778],[75.5819,14.2781],[75.6239,14.3598],[75.6384,14.4053],[75.5956,14.4141],[75.5379,14.5171],[75.4141,14.6092],[75.2582,14.607]]]},"properties":{"AC_NO":86,"AC_NAME":"Hirekerur","district":"H","PC_NO":10,"PC_NAME":"HAVERI"}},
{"type":"Feature","geometry":{"type":"Polygon","coordinates":[[[75.9904,14.5188],[75.9104,14.563],[75.8354,14.5372],[75.8162,14.4877],[75.8451,14.4472],[75.8977,14.4691],[75.9766,14.4477],[75.9904,14.5188]]]},"properties":{"AC_NO":106,"AC_NAME":"Davanagere North","district":"D","PC_NO":13,"PC_NAME":"DAVANAGERE"}},
{"type":"Feature","geometry":{"type":"Polygon","coordinates":[[[75.2676,14.5151],[75.1959,14.464],[75.1664,14.4119],[75.2714,14.3064],[75.2255,14.2708],[75.2918,14.1254],[75.4015,14.1261],[75.5065,14.2192],[75.5355,14.2778],[75.3478,14.387],[75.3458,14.4817],[75.2676,14.5151]]]},"properties":{"AC_NO":115,"AC_NAME":"Shikaripura","district":"Shivamogga","PC_NO":14,"PC_NAME":"SHIMOGA"}},
{"type":"Feature","geometry":{"type":"Polygon","coordinates":[[[75.9904,14.5188],[75.9766,14.4477],[75.9349,14.414],[75.9695,14.361],[75.8804,14.3187],[75.8449,14.323],[75.8099,14.2497],[75.7603,14.2403],[75.7402,14.185],[75.8144,14.1057],[75.8795,14.139],[75.8765,14.1743],[75.9821,14.2586],[76.0609,14.2224],[76.1349,14.2563],[76.1542,14.3184],[76.1361,14.427],[76.1297,14.5273],[76.0154,14.5224],[75.9904,14.5188]]]},"properties":{"AC_NO":108,"AC_NAME":"Mayakonda (SC)","district":"D","PC_NO":13,"PC_NAME":"DAVANAGERE"}},
{"type":"Feature","geometry":{"type":"Polygon","coordinates":[[[75.8337,14.3379],[75.8449,14.323],[75.8804,14.3187],[75.9695,14.361],[75.9349,14.414],[75.9766,14.4477],[75.8977,14.4691],[75.8451,14.4472],[75.8337,14.3379]]]},"properties":{"AC_NO":107,"AC_NAME":"Davanagere South","district":"D","PC_NO":13,"PC_NAME":"DAVANAGERE"}},
{"type":"Feature","geometry":{"type":"Polygon","coordinates":[[[76.3796,14.4195],[76.2744,14.4087],[76.2065,14.458],[76.1361,14.427],[76.1542,14.3184],[76.1349,14.2563],[76.0609,14.2224],[76.0326,14.134],[76.0567,14.0712],[76.0335,13.8978],[76.1001,13.8598],[76.1758,13.877],[76.1847,13.9197],[76.274,13.9396],[76.36,13.9862],[76.4171,13.9528],[76.4655,13.9905],[76.4423,14.0592],[76.3152,14.0908],[76.2762,14.1636],[76.2055,14.1606],[76.2279,14.2361],[76.2208,14.2971],[76.2851,14.3304],[76.3096,14.3659],[76.3899,14.3559],[76.3796,14.4195]]]},"properties":{"AC_NO":102,"AC_NAME":"Holalkere (SC)","district":"Chitradurga","PC_NO":18,"PC_NAME":"CHITRADURGA (SC)"}},
{"type":"Feature","geometry":{"type":"Polygon","coordinates":[[[74.5828,13.9254],[74.6379,13.9377],[74.6651,13.9814],[74.6773,14.0333],[74.6375,14.0941],[74.6653,14.1843],[74.7284,14.1751],[74.7296,14.2639],[74.7215,14.29],[74.6199,14.3385],[74.6614,14.386],[74.5823,14.3722],[74.5687,14.3309],[74.4312,14.2652],[74.4695,14.1882],[74.5012,14.0233],[74.5828,13.9254]]]},"properties":{"AC_NO":79,"AC_NAME":"Bhatkal","district":"Uttara Kannada","PC_NO":12,"PC_NAME":"UTTARA KANNADA"}},
{"type":"Feature","geometry":{"type":"Polygon","coordinates":[[[77.0055,14.2359],[76.9398,14.2449],[76.8858,14.3957],[76.9158,14.4206],[76.814,14.4084],[76.7903,14.3513],[76.6388,14.3851],[76.5346,14.3497],[76.4599,14.4516],[76.3796,14.4195],[76.3899,14.3559],[76.3096,14.3659],[76.2851,14.3304],[76.3694,14.3192],[76.4678,14.2819],[76.5224,14.2998],[76.5816,14.203],[76.6877,14.1192],[76.785,14.1117],[76.788,14.1553],[76.8907,14.1436],[76.9606,14.1818],[77.0224,14.1773],[77.0055,14.2359]]]},"properties":{"AC_NO":98,"AC_NAME":"Challakere (ST)","district":"Chitradurga","PC_NO":18,"PC_NAME":"CHITRADURGA (SC)"}},
{"type":"Feature","geometry":{"type":"Polygon","coordinates":[[[75.8337,14.3379],[75.7264,14.2938],[75.6958,14.3439],[75.6239,14.3598],[75.5819,14.2781],[75.5355,14.2778],[75.5065,14.2192],[75.4015,14.1261],[75.5315,14.0976],[75.5853,14.0578],[75.6727,14.0648],[75.7388,14.1008],[75.814,14.1045],[75.8144,14.1057],[75.7402,14.185],[75.7603,14.2403],[75.8099,14.2497],[75.8449,14.323],[75.8337,14.3379]]]},"properties":{"AC_NO":110,"AC_NAME":"Honnali","district":"D","PC_NO":13,"PC_NAME":"DAVANAGERE"}},
{"type":"Feature","geometry":{"type":"Polygon","coordinates":[[[74.8549,14.21],[74.7296,14.2639],[74.7284,14.1751],[74.6653,14.1843],[74.6375,14.0941],[74.6773,14.0333],[74.6651,13.9814],[74.7148,13.9134],[74.8148,13.9081],[74.8842,13.8618],[74.8933,13.9151],[74.9895,13.9243],[75.0373,13.8826],[75.1293,13.9048],[75.2145,13.9752],[75.2946,13.9798],[75.3191,13.8825],[75.373,13.9259],[75.3395,14.0203],[75.2875,14.083],[75.2918,14.1254],[75.2255,14.2708],[75.0811,14.2344],[75.0103,14.2957],[74.9709,14.2221],[75.0058,14.1722],[74.9835,14.1292],[74.8949,14.1685],[74.8549,14.21]]]},"properties":{"AC_NO":117,"AC_NAME":"Sagar","district":"Shivamogga","PC_NO":14,"PC_NAME":"SHIMOGA"}},
{"type":"Feature","geometry":{"type":"Polygon","coordinates":[[[76.4423,14.0592],[76.4511,14.1612],[76.567,14.1484],[76.5816,14.203],[76.5224,14.2998],[76.4678,14.2819],[76.3694,14.3192],[76.2851,14.3304],[76.2208,14.2971],[76.2279,14.2361],[76.2055,14.1606],[76.2762,14.1636],[76.3152,14.0908],[76.4423,14.0592]]]},"properties":{"AC_NO":99,"AC_NAME":"Chitradurga","district":"Chitradurga","PC_NO":18,"PC_NAME":"CHITRADURGA (SC)"}},
{"type":"Feature","geometry":{"type":"Polygon","coordinates":[[[77.0224,14.1773],[77.0317,14.0569],[77.1274,14.0471],[77.1411,14.0039],[77.2751,14.0117],[77.3067,14.0323],[77.361,13.9911],[77.3546,13.9045],[77.4206,13.8998],[77.4259,13.9862],[77.3323,14.0307],[77.4009,14.1188],[77.3937,14.1743],[77.5035,14.1571],[77.4789,14.2922],[77.4109,14.337],[77.4054,14.2667],[77.2835,14.2828],[77.2474,14.3178],[77.1357,14.3369],[77.1102,14.2683],[77.0055,14.2359],[77.0224,14.1773]]]},"properties":{"AC_NO":137,"AC_NAME":"Pavagada (SC)","district":"Tumak#ru","PC_NO":18,"PC_NAME":"CHITRADURGA (SC)"}},
{"type":"Feature","geometry":{"type":"Polygon","coordinates":[[[75.8144,14.1057],[75.814,14.1045],[75.8287,13.9717],[75.8483,13.9352],[75.8788,13.8099],[75.9201,13.8072],[76.0335,13.8978],[76.0567,14.0712],[76.0326,14.134],[76.0609,14.2224],[75.9821,14.2586],[75.8765,14.1743],[75.8795,14.139],[75.8144,14.1057]]]},"properties":{"AC_NO":109,"AC_NAME":"Channagiri","district":"D","PC_NO":13,"PC_NAME":"DAVANAGERE"}},
{"type":"Feature","geometry":{"type":"Polygon","coordinates":[[[76.9484,14.0921],[76.8907,14.1436],[76.788,14.1553],[76.785,14.1117],[76.6877,14.1192],[76.5816,14.203],[76.567,14.1484],[76.4511,14.1612],[76.4423,14.0592],[76.4655,13.9905],[76.5208,13.746],[76.5608,13.6839],[76.5695,13.7146],[76.6619,13.7218],[76.7174,13.7955],[76.7648,13.7828],[76.7623,13.8349],[76.7221,13.8973],[76.8155,13.9161],[76.8234,13.9942],[76.9484,14.0921]]]},"properties":{"AC_NO":100,"AC_NAME":"Hiriyur","district":"Chitradurga","PC_NO":18,"PC_NAME":"CHITRADURGA (SC)"}},
{"type":"Feature","geometry":{"type":"Polygon","coordinates":[[[75.4015,14.1261],[75.2918,14.1254],[75.2875,14.083],[75.3395,14.0203],[75.373,13.9259],[75.3985,13.8607],[75.5447,13.8962],[75.57,13.9728],[75.62,13.9501],[75.5783,13.8901],[75.6055,13.8205],[75.6743,13.9132],[75.742,13.9378],[75.8252,13.9135],[75.8483,13.9352],[75.8287,13.9717],[75.814,14.1045],[75.7388,14.1008],[75.6727,14.0648],[75.5853,14.0578],[75.5315,14.0976],[75.4015,14.1261]]]},"properties":{"AC_NO":111,"AC_NAME":"Shimoga Rural (SC)","district":"Shivamogga","PC_NO":14,"PC_NAME":"SHIMOGA"}},
{"type":"Feature","geometry":{"type":"Polygon","coordinates":[[[77.0127,13.7398],[76.9764,13.8174],[77.0417,13.9334],[76.9992,13.9904],[76.9312,14.0302],[76.9484,14.0921],[76.8234,13.9942],[76.8155,13.9161],[76.7221,13.8973],[76.7623,13.8349],[76.7648,13.7828],[76.8176,13.6802],[76.8961,13.6543],[76.9208,13.5537],[76.9639,13.4903],[77.01,13.5367],[77.0282,13.5887],[77.0282,13.7083],[77.0127,13.7398]]]},"properties":{"AC_NO":136,"AC_NAME":"Sira","district":"Tumak#ru","PC_NO":18,"PC_NAME":"CHITRADURGA (SC)"}},
{"type":"Feature","geometry":{"type":"Polygon","coordinates":[[[74.6651,13.9814],[74.6379,13.9377],[74.5828,13.9254],[74.6101,13.8669],[74.6456,13.6831],[74.6689,13.6369],[74.6905,13.6496],[74.8111,13.6265],[74.9022,13.5742],[74.9194,13.6118],[75.023,13.6386],[75.0109,13.7249],[74.9423,13.7576],[74.9276,13.8405],[74.8842,13.8618],[74.8148,13.9081],[74.7148,13.9134],[74.6651,13.9814]]]},"properties":{"AC_NO":118,"AC_NAME":"Byndoor","district":"Udupi","PC_NO":14,"PC_NAME":"SHIMOGA"}},
{"type":"Feature","geometry":{"type":"Polygon","coordinates":[[[75.373,13.9259],[75.3191,13.8825],[75.2946,13.9798],[75.2145,13.9752],[75.1293,13.9048],[75.0373,13.8826],[74.9895,13.9243],[74.8933,13.9151],[74.8842,13.8618],[74.9276,13.8405],[74.9423,13.7576],[75.0109,13.7249],[75.023,13.6386],[75.033,13.5731],[75.0766,13.5146],[75.1409,13.461],[75.2211,13.5347],[75.2222,13.6037],[75.3442,13.5805],[75.414,13.6541],[75.3942,13.7001],[75.4877,13.7584],[75.5406,13.7281],[75.6075,13.7608],[75.6055,13.8205],[75.5783,13.8901],[75.5447,13.8962],[75.3985,13.8607],[75.373,13.9259]]]},"properties":{"AC_NO":114,"AC_NAME":"Tirthahalli","district":"Shivamogga","PC_NO":14,"PC_NAME":"SHIMOGA"}},
{"type":"Feature","geometry":{"type":"Polygon","coordinates":[[[75.5447,13.8962],[75.5783,13.8901],[75.62,13.9501],[75.57,13.9728],[75.5447,13.8962]]]},"properties":{"AC_NO":113,"AC_NAME":"Shimoga","district":"Shivamogga","PC_NO":14,"PC_NAME":"SHIMOGA"}},
{"type":"Feature","geometry":{"type":"Polygon","coordinates":[[[76.4655,13.9905],[76.4171,13.9528],[76.36,13.9862],[76.274,13.9396],[76.1847,13.9197],[76.1758,13.877],[76.1001,13.8598],[76.1438,13.7607],[76.2199,13.7132],[76.2799,13.637],[76.2733,13.6049],[76.3528,13.5793],[76.4552,13.5909],[76.5608,13.6839],[76.5208,13.746],[76.4655,13.9905]]]},"properties":{"AC_NO":101,"AC_NAME":"Hosadurga","district":"Chitradurga","PC_NO":18,"PC_NAME":"CHITRADURGA (SC)"}},
{"type":"Feature","geometry":{"type":"Polygon","coordinates":[[[75.8788,13.8099],[75.8483,13.9352],[75.8252,13.9135],[75.742,13.9378],[75.6743,13.9132],[75.6055,13.8205],[75.6075,13.7608],[75.6213,13.7131],[75.6703,13.7642],[75.7321,13.7691],[75.8256,13.8187],[75.8788,13.8099]]]},"properties":{"AC_NO":112,"AC_NAME":"Bhadravati","district":"Shivamogga","PC_NO":14,"PC_NAME":"SHIMOGA"}},
{"type":"Feature","geometry":{"type":"Polygon","coordinates":[[[76.1001,13.8598],[76.0335,13.8978],[75.9201,13.8072],[75.8788,13.8099],[75.8256,13.8187],[75.7321,13.7691],[75.6703,13.7642],[75.6213,13.7131],[75.603,13.5834],[75.675,13.564],[75.7247,13.5664],[75.7738,13.5167],[75.8346,13.5096],[75.8648,13.5896],[75.9207,13.6414],[75.9935,13.6468],[76.015,13.7029],[76.1438,13.7607],[76.1001,13.8598]]]},"properties":{"AC_NO":126,"AC_NAME":"Tarikere","district":"Chikkamagal#ru","PC_NO":15,"PC_NAME":"UDUPI CHIKMAGALUR"}},
{"type":"Feature","geometry":{"type":"Polygon","coordinates":[[[78.0662,13.6769],[78.1135,13.6925],[78.1257,13.7866],[78.1146,13.8633],[77.9921,13.8689],[77.9875,13.9555],[77.9271,13.9054],[77.8958,13.941],[77.8138,13.9271],[77.8371,13.8699],[77.7815,13.8183],[77.6715,13.7605],[77.6443,13.6828],[77.6534,13.6583],[77.6564,13.6446],[77.7443,13.6381],[77.8319,13.6114],[77.9118,13.6357],[77.9938,13.6317],[78.0662,13.6769]]]},"properties":{"AC_NO":140,"AC_NAME":"Bagepalli","district":"Chikkaball","PC_NO":27,"PC_NAME":"CHIKKBALLAPUR"}},
{"type":"Feature","geometry":{"type":"Polygon","coordinates":[[[77.4555,13.6827],[77.4645,13.8081],[77.432,13.8411],[77.3369,13.8328],[77.3106,13.8629],[77.1857,13.8762],[77.1575,13.8061],[77.0127,13.7398],[77.0282,13.7083],[77.0282,13.5887],[77.232,13.6022],[77.2623,13.6227],[77.2851,13.743],[77.3241,13.7377],[77.3693,13.636],[77.4555,13.6827]]]},"properties":{"AC_NO":138,"AC_NAME":"Madhugiri","district":"Tumak#ru","PC_NO":19,"PC_NAME":"TUMKUR"}},
{"type":"Feature","geometry":{"type":"Polygon","coordinates":[[[75.6075,13.7608],[75.5406,13.7281],[75.4877,13.7584],[75.3942,13.7001],[75.414,13.6541],[75.3442,13.5805],[75.2222,13.6037],[75.2211,13.5347],[75.1409,13.461],[75.1553,13.4309],[75.1119,13.3566],[75.1126,13.2827],[75.1578,13.2486],[75.2841,13.2985],[75.3717,13.2909],[75.4125,13.325],[75.5249,13.2497],[75.5593,13.3426],[75.5949,13.377],[75.5514,13.5204],[75.6445,13.499],[75.675,13.564],[75.603,13.5834],[75.6213,13.7131],[75.6075,13.7608]]]},"properties":{"AC_NO":123,"AC_NAME":"Sringeri","district":"Chikkamagal#ru","PC_NO":15,"PC_NAME":"UDUPI CHIKMAGALUR"}},
{"type":"Feature","geometry":{"type":"Polygon","coordinates":[[[76.7648,13.7828],[76.7174,13.7955],[76.6619,13.7218],[76.5695,13.7146],[76.5608,13.6839],[76.4552,13.5909],[76.3528,13.5793],[76.3637,13.5473],[76.3999,13.5264],[76.4095,13.436],[76.4804,13.4171],[76.6292,13.3141],[76.7064,13.3504],[76.7025,13.402],[76.7585,13.4191],[76.697,13.5366],[76.7603,13.587],[76.8541,13.5867],[76.9208,13.5537],[76.8961,13.6543],[76.8176,13.6802],[76.7648,13.7828]]]},"properties":{"AC_NO":128,"AC_NAME":"Chiknayakanhalli","district":"Tumak#ru","PC_NO":19,"PC_NAME":"TUMKUR"}},
{"type":"Feature","geometry":{"type":"Polygon","coordinates":[[[76.3528,13.5793],[76.2733,13.6049],[76.2799,13.637],[76.2199,13.7132],[76.1438,13.7607],[76.015,13.7029],[75.9935,13.6468],[75.9207,13.6414],[75.8648,13.5896],[75.8346,13.5096],[75.8613,13.4673],[75.9331,13.4687],[76.0478,13.435],[76.1375,13.4424],[76.234,13.5078],[76.3457,13.5137],[76.3637,13.5473],[76.3528,13.5793]]]},"properties":{"AC_NO":127,"AC_NAME":"Kadur","district":"Chikkamagal#ru","PC_NO":16,"PC_NAME":"HASSAN"}},
{"type":"Feature","geometry":{"type":"Polygon","coordinates":[[[77.6715,13.7605],[77.4555,13.6827],[77.3693,13.636],[77.3847,13.499],[77.5043,13.4457],[77.5483,13.4317],[77.5432,13.5393],[77.6152,13.5617],[77.6564,13.6446],[77.6534,13.6583],[77.6443,13.6828],[77.6715,13.7605]]]},"properties":{"AC_NO":139,"AC_NAME":"Gauribidanur","district":"Chikkaball","PC_NO":27,"PC_NAME":"CHIKKBALLAPUR"}},
{"type":"Feature","geometry":{"type":"Polygon","coordinates":[[[75.023,13.6386],[74.9194,13.6118],[74.9022,13.5742],[74.8111,13.6265],[74.6905,13.6496],[74.6689,13.6369],[74.6945,13.4559],[74.8191,13.4533],[74.9234,13.4887],[75.0766,13.5146],[75.033,13.5731],[75.023,13.6386]]]},"properties":{"AC_NO":119,"AC_NAME":"Kundapura","district":"Udupi","PC_NO":15,"PC_NAME":"UDUPI CHIKMAGALUR"}},
{"type":"Feature","geometry":{"type":"Polygon","coordinates":[[[77.01,13.5367],[77.049,13.4196],[77.1044,13.443],[77.1555,13.4013],[77.2153,13.4117],[77.2437,13.3657],[77.339,13.3308],[77.3455,13.416],[77.3847,13.499],[77.3693,13.636],[77.3241,13.7377],[77.2851,13.743],[77.2623,13.6227],[77.232,13.6022],[77.0282,13.5887],[77.01,13.5367]]]},"properties":{"AC_NO":134,"AC_NAME":"Koratagere (SC)","district":"Tumak#ru","PC_NO":19,"PC_NAME":"TUMKUR"}},
{"type":"Feature","geometry":{"type":"Polygon","coordinates":[[[77.6564,13.6446],[77.6152,13.5617],[77.5432,13.5393],[77.5483,13.4317],[77.6152,13.4184],[77.6763,13.3464],[77.791,13.3491],[77.8378,13.3774],[77.8432,13.4676],[77.8152,13.5146],[77.8319,13.6114],[77.7443,13.6381],[77.6564,13.6446]]]},"properties":{"AC_NO":141,"AC_NAME":"Chikkaballapur","district":"Chikkaball","PC_NO":27,"PC_NAME":"CHIKKBALLAPUR"}},
{"type":"Feature","geometry":{"type":"Polygon","coordinates":[[[78.0993,13.6433],[78.0662,13.6769],[77.9938,13.6317],[77.9118,13.6357],[77.8319,13.6114],[77.8152,13.5146],[77.8432,13.4676],[77.8378,13.3774],[77.791,13.3491],[77.8269,13.3267],[77.834,13.2462],[77.9281,13.2372],[77.9383,13.2678],[77.9225,13.285],[77.9674,13.3847],[77.9619,13.4804],[78.0718,13.5347],[78.0993,13.6433]]]},"properties":{"AC_NO":142,"AC_NAME":"Sidlaghatta","district":"Chikkaball","PC_NO":28,"PC_NAME":"KOLAR (SC)"}},
{"type":"Feature","geometry":{"type":"Polygon","coordinates":[[[78.1962,13.566],[78.2039,13.6284],[78.1561,13.6585],[78.0993,13.6433],[78.0718,13.5347],[77.9619,13.4804],[77.9674,13.3847],[77.9225,13.285],[77.9383,13.2678],[78.012,13.3015],[78.0774,13.3025],[78.1361,13.2904],[78.1376,13.4067],[78.2044,13.4657],[78.1962,13.566]]]},"properties":{"AC_NO":143,"AC_NAME":"Chintamani","district":"Chikkaball","PC_NO":28,"PC_NAME":"KOLAR (SC)"}},
{"type":"Feature","geometry":{"type":"Polygon","coordinates":[[[74.9234,13.4887],[74.8191,13.4533],[74.6945,13.4559],[74.7013,13.3447],[74.7849,13.3208],[74.8155,13.403],[74.9348,13.431],[74.9234,13.4887]]]},"properties":{"AC_NO":120,"AC_NAME":"Udupi","district":"Udupi","PC_NO":15,"PC_NAME":"UDUPI CHIKMAGALUR"}},
{"type":"Feature","geometry":{"type":"Polygon","coordinates":[[[75.675,13.564],[75.6445,13.499],[75.5514,13.5204],[75.5949,13.377],[75.655,13.4135],[75.7542,13.2801],[75.8304,13.2895],[75.8952,13.2661],[76.0367,13.2487],[76.0287,13.3454],[76.1001,13.3928],[76.1375,13.4424],[76.0478,13.435],[75.9331,13.4687],[75.8613,13.4673],[75.8346,13.5096],[75.7738,13.5167],[75.7247,13.5664],[75.675,13.564]]]},"properties":{"AC_NO":125,"AC_NAME":"Chikmagalur","district":"Chikkamagal#ru","PC_NO":15,"PC_NAME":"UDUPI CHIKMAGALUR"}},
{"type":"Feature","geometry":{"type":"Polygon","coordinates":[[[75.1409,13.461],[75.0766,13.5146],[74.9234,13.4887],[74.9348,13.431],[74.9559,13.3994],[74.9173,13.321],[74.8455,13.2641],[74.8547,13.1535],[74.8269,13.1296],[74.878,13.0952],[74.9533,13.1188],[74.9942,13.1557],[75.1273,13.131],[75.2058,13.177],[75.1578,13.2486],[75.1126,13.2827],[75.1119,13.3566],[75.1553,13.4309],[75.1409,13.461]]]},"properties":{"AC_NO":122,"AC_NAME":"Karkal","district":"Udupi","PC_NO":15,"PC_NAME":"UDUPI CHIKMAGALUR"}},
{"type":"Feature","geometry":{"type":"Polygon","coordinates":[[[76.9208,13.5537],[76.8541,13.5867],[76.7603,13.587],[76.697,13.5366],[76.7585,13.4191],[76.7025,13.402],[76.7064,13.3504],[76.723,13.3068],[76.8705,13.1987],[76.9651,13.1857],[76.9859,13.2088],[77.005,13.3362],[76.9639,13.4903],[76.9208,13.5537]]]},"properties":{"AC_NO":135,"AC_NAME":"Gubbi","district":"Tumak#ru","PC_NO":19,"PC_NAME":"TUMKUR"}},
{"type":"Feature","geometry":{"type":"Polygon","coordinates":[[[76.4095,13.436],[76.3999,13.5264],[76.3637,13.5473],[76.3457,13.5137],[76.234,13.5078],[76.1375,13.4424],[76.1001,13.3928],[76.1421,13.3828],[76.1926,13.2371],[76.1451,13.2147],[76.1472,13.1687],[76.147,13.165],[76.147,13.1603],[76.1687,13.1321],[76.2674,13.1249],[76.3174,13.0867],[76.3611,13.0937],[76.3809,13.151],[76.4291,13.1727],[76.3705,13.2004],[76.3472,13.3601],[76.3813,13.3643],[76.4095,13.436]]]},"properties":{"AC_NO":194,"AC_NAME":"Arsikere","district":"H","PC_NO":16,"PC_NAME":"HASSAN"}},
{"type":"Feature","geometry":{"type":"Polygon","coordinates":[[[78.4012,13.3155],[78.3776,13.3632],[78.3744,13.5091],[78.4067,13.5769],[78.3262,13.5949],[78.1962,13.566],[78.2044,13.4657],[78.1376,13.4067],[78.1361,13.2904],[78.0774,13.3025],[78.0619,13.1775],[78.1804,13.1748],[78.262,13.1719],[78.3241,13.2492],[78.3313,13.3047],[78.4012,13.3155]]]},"properties":{"AC_NO":144,"AC_NAME":"Srinivaspur","district":"Kol","PC_NO":28,"PC_NAME":"KOLAR (SC)"}},
{"type":"Feature","geometry":{"type":"Polygon","coordinates":[[[77.0799,13.1335],[77.2033,13.1841],[77.1923,13.2441],[77.2291,13.3131],[77.3385,13.3291],[77.339,13.3308],[77.2437,13.3657],[77.2153,13.4117],[77.1555,13.4013],[77.1044,13.443],[77.049,13.4196],[77.01,13.5367],[76.9639,13.4903],[77.005,13.3362],[76.9859,13.2088],[76.9651,13.1857],[76.984,13.1291],[77.0799,13.1335]],[[77.1095,13.3202],[77.0911,13.3425],[77.1273,13.3457],[77.1095,13.3202]]]},"properties":{"AC_NO":133,"AC_NAME":"Tumkur Rural","district":"Tumak#ru","PC_NO":19,"PC_NAME":"TUMKUR"}},
{"type":"Feature","geometry":{"type":"Polygon","coordinates":[[[74.7013,13.3447],[74.7763,13.0717],[74.8269,13.1296],[74.8547,13.1535],[74.8455,13.2641],[74.9173,13.321],[74.9559,13.3994],[74.9348,13.431],[74.8155,13.403],[74.7849,13.3208],[74.7013,13.3447]]]},"properties":{"AC_NO":121,"AC_NAME":"Kapu","district":"Udupi","PC_NO":15,"PC_NAME":"UDUPI CHIKMAGALUR"}},
{"type":"Feature","geometry":{"type":"Polygon","coordinates":[[[77.5043,13.4457],[77.3847,13.499],[77.3455,13.416],[77.339,13.3308],[77.3385,13.3291],[77.3735,13.261],[77.3726,13.2078],[77.432,13.1651],[77.4797,13.2239],[77.5592,13.2322],[77.6276,13.3333],[77.4896,13.3467],[77.5043,13.4457]]]},"properties":{"AC_NO":180,"AC_NAME":"Doddaballapur","district":"Bengal#ru (Rural)","PC_NO":27,"PC_NAME":"CHIKKBALLAPUR"}},
{"type":"Feature","geometry":{"type":"Polygon","coordinates":[[[75.1578,13.2486],[75.2058,13.177],[75.2525,13.1287],[75.3117,13.1321],[75.3828,13.1786],[75.5254,13.0505],[75.5139,12.979],[75.5567,12.9126],[75.6391,13.0236],[75.728,13.0237],[75.7279,13.0949],[75.7539,13.1367],[75.7281,13.1827],[75.8952,13.2661],[75.8304,13.2895],[75.7542,13.2801],[75.655,13.4135],[75.5949,13.377],[75.5593,13.3426],[75.5249,13.2497],[75.4125,13.325],[75.3717,13.2909],[75.2841,13.2985],[75.1578,13.2486]]]},"properties":{"AC_NO":124,"AC_NAME":"Mudigere (SC)","district":"Chikkamagal#ru","PC_NO":15,"PC_NAME":"UDUPI CHIKMAGALUR"}},
{"type":"Feature","geometry":{"type":"Polygon","coordinates":[[[76.4095,13.436],[76.3813,13.3643],[76.3472,13.3601],[76.3705,13.2004],[76.4291,13.1727],[76.4733,13.1498],[76.4723,13.0933],[76.5529,13.0766],[76.5662,13.1514],[76.611,13.1958],[76.6345,13.282],[76.689,13.2737],[76.723,13.3068],[76.7064,13.3504],[76.6292,13.3141],[76.4804,13.4171],[76.4095,13.436]]]},"properties":{"AC_NO":129,"AC_NAME":"Tiptur","district":"Tumak#ru","PC_NO":19,"PC_NAME":"TUMKUR"}},
{"type":"Feature","geometry":{"type":"Polygon","coordinates":[[[77.5483,13.4317],[77.5043,13.4457],[77.4896,13.3467],[77.6276,13.3333],[77.5592,13.2322],[77.5855,13.196],[77.7281,13.189],[77.7334,13.1156],[77.7606,13.1135],[77.834,13.2462],[77.8269,13.3267],[77.791,13.3491],[77.6763,13.3464],[77.6152,13.4184],[77.5483,13.4317]]]},"properties":{"AC_NO":179,"AC_NAME":"Devanahalli (SC)","district":"Bengal#ru (Rural)","PC_NO":27,"PC_NAME":"CHIKKBALLAPUR"}},
{"type":"Feature","geometry":{"type":"Polygon","coordinates":[[[76.1001,13.3928],[76.0287,13.3454],[76.0367,13.2487],[75.8952,13.2661],[75.7281,13.1827],[75.7539,13.1367],[75.7279,13.0949],[75.728,13.0237],[75.7656,12.9764],[75.8035,13.0417],[75.8948,13.0027],[75.9159,13.0688],[75.9656,13.0549],[75.9632,13.0851],[76.0425,13.1188],[76.1451,13.2147],[76.1926,13.2371],[76.1421,13.3828],[76.1001,13.3928]]]},"properties":{"AC_NO":195,"AC_NAME":"Belur","district":"H","PC_NO":16,"PC_NAME":"HASSAN"}},
{"type":"Feature","geometry":{"type":"Polygon","coordinates":[[[77.1095,13.3202],[77.1273,13.3457],[77.0911,13.3425],[77.1095,13.3202]]]},"properties":{"AC_NO":132,"AC_NAME":"Tumkur City","district":"Tumak#ru","PC_NO":19,"PC_NAME":"TUMKUR"}},
{"type":"Feature","geometry":{"type":"Polygon","coordinates":[[[77.3385,13.3291],[77.2291,13.3131],[77.1923,13.2441],[77.2033,13.1841],[77.2338,13.1235],[77.221,13.0478],[77.2642,12.9799],[77.3295,12.9752],[77.3791,12.9952],[77.4038,13.1142],[77.432,13.1651],[77.3726,13.2078],[77.3735,13.261],[77.3385,13.3291]]]},"properties":{"AC_NO":181,"AC_NAME":"Nelamangala (SC)","district":"Bengal#ru (Rural)","PC_NO":27,"PC_NAME":"CHIKKBALLAPUR"}},
{"type":"Feature","geometry":{"type":"Polygon","coordinates":[[[76.6326,13.0045],[76.6939,13.0372],[76.7729,13.0338],[76.8298,13.0021],[76.9063,13.0873],[76.9729,13.0911],[76.984,13.1291],[76.9651,13.1857],[76.8705,13.1987],[76.723,13.3068],[76.689,13.2737],[76.6345,13.282],[76.611,13.1958],[76.5662,13.1514],[76.5529,13.0766],[76.6326,13.0045]]]},"properties":{"AC_NO":130,"AC_NAME":"Turuvekere","district":"Tumak#ru","PC_NO":19,"PC_NAME":"TUMKUR"}},
{"type":"Feature","geometry":{"type":"Polygon","coordinates":[[[78.4604,13.0263],[78.4977,13.0621],[78.5849,13.2615],[78.4012,13.3155],[78.3313,13.3047],[78.3241,13.2492],[78.262,13.1719],[78.2871,13.0831],[78.3608,13.028],[78.4604,13.0263]]]},"properties":{"AC_NO":145,"AC_NAME":"Mulbagal (SC)","district":"Kol","PC_NO":28,"PC_NAME":"KOLAR (SC)"}},
{"type":"Feature","geometry":{"type":"Polygon","coordinates":[[[77.9383,13.2678],[77.9281,13.2372],[77.9555,13.1985],[77.9374,13.1086],[77.9857,13.108],[78.0229,13.0595],[78.0966,13.0333],[78.1634,13.0967],[78.1804,13.1748],[78.0619,13.1775],[78.0774,13.3025],[78.012,13.3015],[77.9383,13.2678]]]},"properties":{"AC_NO":148,"AC_NAME":"Kolar","district":"Kol","PC_NO":28,"PC_NAME":"KOLAR (SC)"}},
{"type":"Feature","geometry":{"type":"Polygon","coordinates":[[[75.2058,13.177],[75.1273,13.131],[75.0479,13.0193],[75.1569,12.9788],[75.1951,12.9265],[75.1934,12.8439],[75.3261,12.8569],[75.3894,12.8444],[75.4401,12.8709],[75.565,12.8659],[75.5567,12.9126],[75.5139,12.979],[75.5254,13.0505],[75.3828,13.1786],[75.3117,13.1321],[75.2525,13.1287],[75.2058,13.177]]]},"properties":{"AC_NO":200,"AC_NAME":"Belthangady","district":"Dakshina Kannada","PC_NO":17,"PC_NAME":"DAKSHINA KANNADA"}},
{"type":"Feature","geometry":{"type":"Polygon","coordinates":[[[76.147,13.165],[76.1472,13.1687],[76.1451,13.2147],[76.0425,13.1188],[75.9632,13.0851],[75.9656,13.0549],[76.0176,13.0369],[76.0265,12.9711],[76.1123,12.9377],[76.117,12.989],[76.2113,12.9944],[76.1108,13.0648],[76.147,13.1603],[76.147,13.165]]]},"properties":{"AC_NO":196,"AC_NAME":"Hassan","district":"H","PC_NO":16,"PC_NAME":"HASSAN"}},
{"type":"Feature","geometry":{"type":"Polygon","coordinates":[[[75.1273,13.131],[74.9942,13.1557],[74.9533,13.1188],[74.878,13.0952],[74.8269,13.1296],[74.7763,13.0717],[74.7847,13.0317],[74.8336,12.9493],[74.9108,12.9319],[74.8892,13.0057],[74.9765,13.0287],[75.012,12.9834],[75.0479,13.0193],[75.1273,13.131]]]},"properties":{"AC_NO":201,"AC_NAME":"Moodabidri","district":"Dakshina Kannada","PC_NO":17,"PC_NAME":"DAKSHINA KANNADA"}},
{"type":"Feature","geometry":{"type":"Polygon","coordinates":[[[77.8356,12.8714],[77.8667,12.8677],[77.8523,12.891],[77.8731,12.9956],[77.9129,13.1072],[77.9374,13.1086],[77.9555,13.1985],[77.9281,13.2372],[77.834,13.2462],[77.7606,13.1135],[77.782,13.0471],[77.7677,12.9408],[77.8108,12.9334],[77.8356,12.8714]]]},"properties":{"AC_NO":178,"AC_NAME":"Hosakote","district":"Bengal#ru (Rural)","PC_NO":27,"PC_NAME":"CHIKKBALLAPUR"}},
{"type":"Feature","geometry":{"type":"Polygon","coordinates":[[[77.5592,13.2322],[77.4797,13.2239],[77.432,13.1651],[77.4038,13.1142],[77.3791,12.9952],[77.4666,12.9848],[77.4913,13.0523],[77.538,13.0925],[77.6065,13.1018],[77.5855,13.196],[77.5592,13.2322]]]},"properties":{"AC_NO":150,"AC_NAME":"Yelahanka","district":"Bengal#ru (Urban)","PC_NO":27,"PC_NAME":"CHIKKBALLAPUR"}},
{"type":"Feature","geometry":{"type":"Polygon","coordinates":[[[76.4291,13.1727],[76.3809,13.151],[76.3611,13.0937],[76.3174,13.0867],[76.3804,12.9382],[76.3508,12.9038],[76.3698,12.829],[76.4464,12.8241],[76.489,12.7854],[76.5203,12.8416],[76.5774,12.8472],[76.6326,13.0045],[76.5529,13.0766],[76.4723,13.0933],[76.4733,13.1498],[76.4291,13.1727]]]},"properties":{"AC_NO":193,"AC_NAME":"Shravanabelagola","district":"H","PC_NO":16,"PC_NAME":"HASSAN"}},
{"type":"Feature","geometry":{"type":"Polygon","coordinates":[[[76.147,13.1603],[76.1108,13.0648],[76.2113,12.9944],[76.117,12.989],[76.1123,12.9377],[76.1543,12.833],[76.1891,12.7208],[76.2868,12.746],[76.3371,12.7863],[76.3698,12.829],[76.3508,12.9038],[76.3804,12.9382],[76.3174,13.0867],[76.2674,13.1249],[76.1687,13.1321],[76.147,13.1603]]]},"properties":{"AC_NO":197,"AC_NAME":"Holenarasipur","district":"H","PC_NO":16,"PC_NAME":"HASSAN"}},
{"type":"Feature","geometry":{"type":"Polygon","coordinates":[[[77.2033,13.1841],[77.0799,13.1335],[77.0699,13.0399],[77.1579,12.9578],[77.1314,12.8596],[77.1509,12.7922],[77.2257,12.7292],[77.3382,12.8522],[77.3577,12.7242],[77.4549,12.7071],[77.4756,12.7553],[77.4647,12.8093],[77.4119,12.877],[77.3479,12.8688],[77.3295,12.9752],[77.2642,12.9799],[77.221,13.0478],[77.2338,13.1235],[77.2033,13.1841]]]},"properties":{"AC_NO":182,"AC_NAME":"Magadi","district":"R","PC_NO":23,"PC_NAME":"BANGALORE RURAL"}},
{"type":"Feature","geometry":{"type":"Polygon","coordinates":[[[77.7334,13.1156],[77.7281,13.189],[77.5855,13.196],[77.6065,13.1018],[77.538,13.0925],[77.5308,13.0545],[77.5634,13.0425],[77.564,13.0423],[77.6072,13.0389],[77.6368,13.042],[77.6464,13.0852],[77.7334,13.1156]]]},"properties":{"AC_NO":152,"AC_NAME":"Byatarayanapura","district":"Bengal#ru (Urban)","PC_NO":24,"PC_NAME":"BANGALORE NORTH"}},
{"type":"Feature","geometry":{"type":"Polygon","coordinates":[[[78.0859,12.8321],[78.1342,12.782],[78.2307,12.7609],[78.2534,12.862],[78.2262,13.006],[78.2871,13.0831],[78.262,13.1719],[78.1804,13.1748],[78.1634,13.0967],[78.0966,13.0333],[78.1341,13.0236],[78.1196,12.8795],[78.0859,12.8321]]]},"properties":{"AC_NO":147,"AC_NAME":"Bangarapet (SC)","district":"Kol","PC_NO":28,"PC_NAME":"KOLAR (SC)"}},
{"type":"Feature","geometry":{"type":"Polygon","coordinates":[[[76.8298,13.0021],[76.8382,12.9458],[76.888,12.8984],[76.9333,12.7997],[76.9993,12.7755],[77.0806,12.746],[77.1509,12.7922],[77.1314,12.8596],[77.1579,12.9578],[77.0699,13.0399],[77.0799,13.1335],[76.984,13.1291],[76.9729,13.0911],[76.9063,13.0873],[76.8298,13.0021]]]},"properties":{"AC_NO":131,"AC_NAME":"Kunigal","district":"Tumak#ru","PC_NO":23,"PC_NAME":"BANGALORE RURAL"}},
{"type":"Feature","geometry":{"type":"Polygon","coordinates":[[[74.9108,12.9319],[74.9137,12.8589],[74.9653,12.905],[74.9552,12.9374],[75.012,12.9834],[74.9765,13.0287],[74.8892,13.0057],[74.9108,12.9319]]]},"properties":{"AC_NO":202,"AC_NAME":"Mangalore City North","district":"Dakshina Kannada","PC_NO":17,"PC_NAME":"DAKSHINA KANNADA"}},
{"type":"Feature","geometry":{"type":"Polygon","coordinates":[[[74.7847,13.0317],[74.831,12.8337],[74.9137,12.8589],[74.9108,12.9319],[74.8336,12.9493],[74.7847,13.0317]]]},"properties":{"AC_NO":203,"AC_NAME":"Mangalore City South","district":"Dakshina Kannada","PC_NO":17,"PC_NAME":"DAKSHINA KANNADA"}},
{"type":"Feature","geometry":{"type":"Polygon","coordinates":[[[75.728,13.0237],[75.6391,13.0236],[75.5567,12.9126],[75.565,12.8659],[75.6216,12.855],[75.6141,12.7973],[75.6882,12.7014],[75.7607,12.6742],[75.854,12.7244],[75.8806,12.8345],[75.9692,12.8049],[76.1543,12.833],[76.1123,12.9377],[76.0265,12.9711],[76.0176,13.0369],[75.9656,13.0549],[75.9159,13.0688],[75.8948,13.0027],[75.8035,13.0417],[75.7656,12.9764],[75.728,13.0237]]]},"properties":{"AC_NO":199,"AC_NAME":"Sakleshpur (SC)","district":"H","PC_NO":16,"PC_NAME":"HASSAN"}},
{"type":"Feature","geometry":{"type":"Polygon","coordinates":[[[75.0014,12.7919],[74.9874,12.7423],[75.0521,12.7133],[75.1069,12.8012],[75.1934,12.8439],[75.1951,12.9265],[75.1569,12.9788],[75.0479,13.0193],[75.012,12.9834],[74.9552,12.9374],[74.9653,12.905],[75.0007,12.8749],[75.0014,12.7919]]]},"properties":{"AC_NO":205,"AC_NAME":"Bantval","district":"Dakshina Kannada","PC_NO":17,"PC_NAME":"DAKSHINA KANNADA"}},
{"type":"Feature","geometry":{"type":"Polygon","coordinates":[[[77.7606,13.1135],[77.7334,13.1156],[77.6464,13.0852],[77.6782,12.9809],[77.6579,12.9402],[77.663,12.9277],[77.6623,12.9179],[77.661,12.9157],[77.6568,12.8948],[77.7335,12.8741],[77.7677,12.9408],[77.782,13.0471],[77.7606,13.1135]]]},"properties":{"AC_NO":174,"AC_NAME":"Mahadevapura","district":"Bengal#ru (Urban)","PC_NO":25,"PC_NAME":"BANGALORE CENTRAL"}},
{"type":"Feature","geometry":{"type":"Polygon","coordinates":[[[77.8667,12.8677],[77.9219,12.8842],[77.99,12.8218],[78.0238,12.8532],[78.0859,12.8321],[78.1196,12.8795],[78.1341,13.0236],[78.0966,13.0333],[78.0229,13.0595],[77.9857,13.108],[77.9374,13.1086],[77.9129,13.1072],[77.8731,12.9956],[77.8523,12.891],[77.8667,12.8677]]]},"properties":{"AC_NO":149,"AC_NAME":"Malur","district":"Kol","PC_NO":28,"PC_NAME":"KOLAR (SC)"}},
{"type":"Feature","geometry":{"type":"Polygon","coordinates":[[[77.4913,13.0523],[77.5019,12.9943],[77.5308,13.0545],[77.538,13.0925],[77.4913,13.0523]]]},"properties":{"AC_NO":155,"AC_NAME":"Dasarahalli","district":"Bengal#ru (Urban)","PC_NO":24,"PC_NAME":"BANGALORE NORTH"}},
{"type":"Feature","geometry":{"type":"Polygon","coordinates":[[[76.8298,13.0021],[76.7729,13.0338],[76.6939,13.0372],[76.6326,13.0045],[76.5774,12.8472],[76.5988,12.8319],[76.5951,12.7245],[76.6129,12.7015],[76.6807,12.6681],[76.7554,12.6829],[76.7592,12.7196],[76.8435,12.7537],[76.9357,12.7028],[76.9653,12.645],[77.0068,12.6587],[76.9993,12.7755],[76.9333,12.7997],[76.888,12.8984],[76.8382,12.9458],[76.8298,13.0021]]]},"properties":{"AC_NO":191,"AC_NAME":"Nagamangala","district":"Mandya","PC_NO":20,"PC_NAME":"MANDYA"}},
{"type":"Feature","geometry":{"type":"Polygon","coordinates":[[[77.6368,13.042],[77.6623,13.0083],[77.6782,12.9809],[77.6464,13.0852],[77.6368,13.042]]]},"properties":{"AC_NO":151,"AC_NAME":"K.R.Pura","district":"Bengal#ru (Urban)","PC_NO":24,"PC_NAME":"BANGALORE NORTH"}},
{"type":"Feature","geometry":{"type":"Polygon","coordinates":[[[78.2534,12.862],[78.3124,12.8586],[78.3558,12.9408],[78.3886,12.9069],[78.4604,13.0263],[78.3608,13.028],[78.2871,13.0831],[78.2262,13.006],[78.2534,12.862]]]},"properties":{"AC_NO":146,"AC_NAME":"Kolar Gold Field(SC)","district":"Kol","PC_NO":28,"PC_NAME":"KOLAR (SC)"}},
{"type":"Feature","geometry":{"type":"Polygon","coordinates":[[[77.5308,13.0545],[77.5019,12.9943],[77.4844,12.9576],[77.5183,12.8956],[77.54,12.9193],[77.5395,12.9336],[77.5392,12.9429],[77.529,12.9438],[77.5216,12.9866],[77.5551,13.0183],[77.5634,13.0425],[77.5308,13.0545]]]},"properties":{"AC_NO":154,"AC_NAME":"Rajarajeshwarinagar","district":"Bengal#ru (Urban)","PC_NO":23,"PC_NAME":"BANGALORE RURAL"}},
{"type":"Feature","geometry":{"type":"Polygon","coordinates":[[[77.3791,12.9952],[77.3295,12.9752],[77.3479,12.8688],[77.4119,12.877],[77.4647,12.8093],[77.4756,12.7553],[77.5426,12.7951],[77.5517,12.8802],[77.5183,12.8956],[77.4844,12.9576],[77.5019,12.9943],[77.4913,13.0523],[77.4666,12.9848],[77.3791,12.9952]]]},"properties":{"AC_NO":153,"AC_NAME":"Yeshvanthapura","district":"Bengal#ru (Urban)","PC_NO":24,"PC_NAME":"BANGALORE NORTH"}},
{"type":"Feature","geometry":{"type":"Polygon","coordinates":[[[77.6072,13.0389],[77.6113,13.0349],[77.6212,12.9987],[77.6623,13.0083],[77.6368,13.042],[77.6072,13.0389]]]},"properties":{"AC_NO":160,"AC_NAME":"Sarvagnanagar","district":"Bengal#ru (Urban)","PC_NO":25,"PC_NAME":"BANGALORE CENTRAL"}},
{"type":"Feature","geometry":{"type":"Polygon","coordinates":[[[77.564,13.0423],[77.5963,13.0092],[77.5967,13.0098],[77.6113,13.0349],[77.6072,13.0389],[77.564,13.0423]]]},"properties":{"AC_NO":158,"AC_NAME":"Hebbal","district":"Bengal#ru (Urban)","PC_NO":24,"PC_NAME":"BANGALORE NORTH"}},
{"type":"Feature","geometry":{"type":"Polygon","coordinates":[[[77.5634,13.0425],[77.5551,13.0183],[77.5541,12.9974],[77.569,12.9871],[77.5821,12.9968],[77.5963,13.0092],[77.564,13.0423],[77.5634,13.0425]]]},"properties":{"AC_NO":157,"AC_NAME":"Malleshwaram","district":"Bengal#ru (Urban)","PC_NO":24,"PC_NAME":"BANGALORE NORTH"}},
{"type":"Feature","geometry":{"type":"Polygon","coordinates":[[[77.6113,13.0349],[77.5967,13.0098],[77.6191,12.9864],[77.6212,12.9987],[77.6113,13.0349]]]},"properties":{"AC_NO":159,"AC_NAME":"Pulakeshinagar(SC)","district":"Bengal#ru (Urban)","PC_NO":24,"PC_NAME":"BANGALORE NORTH"}},
{"type":"Feature","geometry":{"type":"Polygon","coordinates":[[[77.5216,12.9866],[77.5307,12.9839],[77.5541,12.9974],[77.5551,13.0183],[77.5216,12.9866]]]},"properties":{"AC_NO":156,"AC_NAME":"Mahalakshmi Layout","district":"Bengal#ru (Urban)","PC_NO":24,"PC_NAME":"BANGALORE NORTH"}},
{"type":"Feature","geometry":{"type":"Polygon","coordinates":[[[74.831,12.8337],[74.8642,12.7614],[75.0014,12.7919],[75.0007,12.8749],[74.9653,12.905],[74.9137,12.8589],[74.831,12.8337]]]},"properties":{"AC_NO":204,"AC_NAME":"Mangalore","district":"Dakshina Kannada","PC_NO":17,"PC_NAME":"DAKSHINA KANNADA"}},
{"type":"Feature","geometry":{"type":"Polygon","coordinates":[[[77.5963,13.0092],[77.5821,12.9968],[77.5867,12.9639],[77.5948,12.9616],[77.627,12.9765],[77.6191,12.9864],[77.5967,13.0098],[77.5963,13.0092]]]},"properties":{"AC_NO":162,"AC_NAME":"Shivajinagar","district":"Bengal#ru (Urban)","PC_NO":25,"PC_NAME":"BANGALORE CENTRAL"}},
{"type":"Feature","geometry":{"type":"Polygon","coordinates":[[[77.6782,12.9809],[77.6623,13.0083],[77.6212,12.9987],[77.6191,12.9864],[77.627,12.9765],[77.6411,12.955],[77.6579,12.9402],[77.6782,12.9809]]]},"properties":{"AC_NO":161,"AC_NAME":"C.V. Raman Nagar(SC)","district":"Bengal#ru (Urban)","PC_NO":25,"PC_NAME":"BANGALORE CENTRAL"}},
{"type":"Feature","geometry":{"type":"Polygon","coordinates":[[[77.569,12.9871],[77.5565,12.9767],[77.5557,12.9676],[77.5796,12.9668],[77.5867,12.9639],[77.5821,12.9968],[77.569,12.9871]]]},"properties":{"AC_NO":164,"AC_NAME":"Gandhi Nagar","district":"Bengal#ru (Urban)","PC_NO":25,"PC_NAME":"BANGALORE CENTRAL"}},
{"type":"Feature","geometry":{"type":"Polygon","coordinates":[[[77.5541,12.9974],[77.5307,12.9839],[77.5555,12.9768],[77.5565,12.9767],[77.569,12.9871],[77.5541,12.9974]]]},"properties":{"AC_NO":165,"AC_NAME":"Rajaji Nagar","district":"Bengal#ru (Urban)","PC_NO":25,"PC_NAME":"BANGALORE CENTRAL"}},
{"type":"Feature","geometry":{"type":"Polygon","coordinates":[[[77.529,12.9438],[77.5555,12.9768],[77.5307,12.9839],[77.5216,12.9866],[77.529,12.9438]]]},"properties":{"AC_NO":166,"AC_NAME":"Govindraj Nagar","district":"Bengal#ru (Urban)","PC_NO":26,"PC_NAME":"BANGALORE SOUTH"}},
{"type":"Feature","geometry":{"type":"Polygon","coordinates":[[[77.5948,12.9616],[77.6029,12.9481],[77.6255,12.949],[77.6411,12.955],[77.627,12.9765],[77.5948,12.9616]]]},"properties":{"AC_NO":163,"AC_NAME":"Shanti Nagar","district":"Bengal#ru (Urban)","PC_NO":25,"PC_NAME":"BANGALORE CENTRAL"}},
{"type":"Feature","geometry":{"type":"Polygon","coordinates":[[[77.5392,12.9429],[77.5502,12.9544],[77.5557,12.9676],[77.5565,12.9767],[77.5555,12.9768],[77.529,12.9438],[77.5392,12.9429]]]},"properties":{"AC_NO":167,"AC_NAME":"Vijay Nagar","district":"Bengal#ru (Urban)","PC_NO":26,"PC_NAME":"BANGALORE SOUTH"}},
{"type":"Feature","geometry":{"type":"Polygon","coordinates":[[[77.5557,12.9676],[77.5502,12.9544],[77.5591,12.9535],[77.5796,12.9668],[77.5557,12.9676]]]},"properties":{"AC_NO":168,"AC_NAME":"Chamrajpet","district":"Bengal#ru (Urban)","PC_NO":25,"PC_NAME":"BANGALORE CENTRAL"}},
{"type":"Feature","geometry":{"type":"Polygon","coordinates":[[[75.2789,12.6166],[75.2794,12.5258],[75.3717,12.4756],[75.4162,12.501],[75.4639,12.4726],[75.5778,12.5124],[75.6197,12.4971],[75.6879,12.5413],[75.6633,12.6318],[75.6882,12.7014],[75.6141,12.7973],[75.6216,12.855],[75.565,12.8659],[75.4401,12.8709],[75.3894,12.8444],[75.3261,12.8569],[75.2984,12.8194],[75.2959,12.728],[75.3491,12.6679],[75.2789,12.6166]]]},"properties":{"AC_NO":207,"AC_NAME":"Sullia (SC)","district":"Dakshina Kannada","PC_NO":17,"PC_NAME":"DAKSHINA KANNADA"}},
{"type":"Feature","geometry":{"type":"Polygon","coordinates":[[[77.5867,12.9639],[77.5796,12.9668],[77.5591,12.9535],[77.5746,12.9396],[77.5855,12.9343],[77.5997,12.9271],[77.6029,12.9481],[77.5948,12.9616],[77.5867,12.9639]]]},"properties":{"AC_NO":169,"AC_NAME":"Chickpet","district":"Bengal#ru (Urban)","PC_NO":26,"PC_NAME":"BANGALORE SOUTH"}},
{"type":"Feature","geometry":{"type":"Polygon","coordinates":[[[77.5395,12.9336],[77.5746,12.9396],[77.5591,12.9535],[77.5502,12.9544],[77.5392,12.9429],[77.5395,12.9336]]]},"properties":{"AC_NO":170,"AC_NAME":"Basavanagudi","district":"Bengal#ru (Urban)","PC_NO":26,"PC_NAME":"BANGALORE SOUTH"}},
{"type":"Feature","geometry":{"type":"Polygon","coordinates":[[[77.6029,12.9481],[77.5997,12.9271],[77.6,12.9048],[77.6484,12.9266],[77.6255,12.949],[77.6029,12.9481]]]},"properties":{"AC_NO":172,"AC_NAME":"B.T.M Layout","district":"Bengal#ru (Urban)","PC_NO":26,"PC_NAME":"BANGALORE SOUTH"}},
{"type":"Feature","geometry":{"type":"Polygon","coordinates":[[[75.0521,12.7133],[75.1618,12.672],[75.22,12.5695],[75.2789,12.6166],[75.3491,12.6679],[75.2959,12.728],[75.2984,12.8194],[75.3261,12.8569],[75.1934,12.8439],[75.1069,12.8012],[75.0521,12.7133]]]},"properties":{"AC_NO":206,"AC_NAME":"Puttur","district":"Dakshina Kannada","PC_NO":17,"PC_NAME":"DAKSHINA KANNADA"}},
{"type":"Feature","geometry":{"type":"Polygon","coordinates":[[[77.54,12.9193],[77.5729,12.9055],[77.5855,12.9343],[77.5746,12.9396],[77.5395,12.9336],[77.54,12.9193]]]},"properties":{"AC_NO":171,"AC_NAME":"Padmanaba Nagar","district":"Bengal#ru (Urban)","PC_NO":26,"PC_NAME":"BANGALORE SOUTH"}},
{"type":"Feature","geometry":{"type":"Polygon","coordinates":[[[77.5855,12.9343],[77.5729,12.9055],[77.5793,12.9017],[77.6,12.9048],[77.5997,12.9271],[77.5855,12.9343]]]},"properties":{"AC_NO":173,"AC_NAME":"Jayanagar","district":"Bengal#ru (Urban)","PC_NO":26,"PC_NAME":"BANGALORE SOUTH"}},
{"type":"Feature","geometry":{"type":"Polygon","coordinates":[[[77.597,12.6581],[77.6595,12.6842],[77.7404,12.6736],[77.7947,12.7581],[77.8077,12.8477],[77.8356,12.8714],[77.8108,12.9334],[77.7677,12.9408],[77.7335,12.8741],[77.6568,12.8948],[77.6545,12.881],[77.6881,12.7682],[77.5959,12.7202],[77.597,12.6581]]]},"properties":{"AC_NO":177,"AC_NAME":"Anekal (SC)","district":"Bengal#ru (Urban)","PC_NO":23,"PC_NAME":"BANGALORE RURAL"}},
{"type":"Feature","geometry":{"type":"Polygon","coordinates":[[[77.661,12.9157],[77.6484,12.9266],[77.6,12.9048],[77.5793,12.9017],[77.6545,12.881],[77.6568,12.8948],[77.661,12.9157]]]},"properties":{"AC_NO":175,"AC_NAME":"Bommanahalli","district":"Bengal#ru (Urban)","PC_NO":26,"PC_NAME":"BANGALORE SOUTH"}},
{"type":"Feature","geometry":{"type":"Polygon","coordinates":[[[77.5183,12.8956],[77.5517,12.8802],[77.5426,12.7951],[77.5915,12.7805],[77.5959,12.7202],[77.6881,12.7682],[77.6545,12.881],[77.5793,12.9017],[77.5729,12.9055],[77.54,12.9193],[77.5183,12.8956]]]},"properties":{"AC_NO":176,"AC_NAME":"Bangalore South","district":"Bengal#ru (Urban)","PC_NO":23,"PC_NAME":"BANGALORE RURAL"}},
{"type":"Feature","geometry":{"type":"Polygon","coordinates":[[[76.5774,12.8472],[76.5203,12.8416],[76.489,12.7854],[76.4464,12.8241],[76.3698,12.829],[76.3371,12.7863],[76.3621,12.7114],[76.3419,12.6548],[76.3769,12.5765],[76.4505,12.4847],[76.5023,12.4517],[76.513,12.4527],[76.5154,12.5055],[76.6002,12.5772],[76.6129,12.7015],[76.5951,12.7245],[76.5988,12.8319],[76.5774,12.8472]]]},"properties":{"AC_NO":192,"AC_NAME":"Krishnarajpet","district":"Mandya","PC_NO":20,"PC_NAME":"MANDYA"}},
{"type":"Feature","geometry":{"type":"Polygon","coordinates":[[[75.9692,12.8049],[75.8806,12.8345],[75.854,12.7244],[75.7607,12.6742],[75.6882,12.7014],[75.6633,12.6318],[75.6879,12.5413],[75.6197,12.4971],[75.5778,12.5124],[75.5935,12.4761],[75.6996,12.4339],[75.7884,12.3762],[75.7686,12.3429],[75.6907,12.3514],[75.6835,12.311],[75.7599,12.2988],[75.8802,12.3101],[75.9133,12.3859],[75.9261,12.437],[76.0181,12.5706],[75.9686,12.5765],[75.9378,12.6432],[75.9653,12.7108],[75.9329,12.7644],[75.9692,12.8049]]]},"properties":{"AC_NO":208,"AC_NAME":"Madikeri","district":"Kodagu","PC_NO":21,"PC_NAME":"MYSORE"}},
{"type":"Feature","geometry":{"type":"Polygon","coordinates":[[[76.3371,12.7863],[76.2868,12.746],[76.1891,12.7208],[76.1543,12.833],[75.9692,12.8049],[75.9329,12.7644],[75.9653,12.7108],[75.9378,12.6432],[75.9686,12.5765],[76.0181,12.5706],[76.1338,12.5287],[76.2179,12.6433],[76.3097,12.6231],[76.3419,12.6548],[76.3621,12.7114],[76.3371,12.7863]]]},"properties":{"AC_NO":198,"AC_NAME":"Arkalgud","district":"H","PC_NO":16,"PC_NAME":"HASSAN"}},
{"type":"Feature","geometry":{"type":"Polygon","coordinates":[[[77.5813,12.5509],[77.597,12.6581],[77.5959,12.7202],[77.5915,12.7805],[77.5426,12.7951],[77.4756,12.7553],[77.4549,12.7071],[77.3577,12.7242],[77.3382,12.8522],[77.2257,12.7292],[77.2268,12.6974],[77.3061,12.5875],[77.3551,12.6453],[77.44,12.621],[77.5056,12.4813],[77.5813,12.5509]]]},"properties":{"AC_NO":183,"AC_NAME":"Ramanagaram","district":"R","PC_NO":23,"PC_NAME":"BANGALORE RURAL"}},
{"type":"Feature","geometry":{"type":"Polygon","coordinates":[[[77.1509,12.7922],[77.0806,12.746],[77.0736,12.6803],[77.1277,12.553],[77.1354,12.47],[77.2378,12.4994],[77.3061,12.5875],[77.2268,12.6974],[77.2257,12.7292],[77.1509,12.7922]]]},"properties":{"AC_NO":185,"AC_NAME":"Channapatna","district":"R","PC_NO":23,"PC_NAME":"BANGALORE RURAL"}},
{"type":"Feature","geometry":{"type":"Polygon","coordinates":[[[77.0806,12.746],[76.9993,12.7755],[77.0068,12.6587],[76.9653,12.645],[76.996,12.5847],[76.9743,12.5223],[76.9478,12.4471],[77.1006,12.4485],[77.1354,12.47],[77.1277,12.553],[77.0736,12.6803],[77.0806,12.746]]]},"properties":{"AC_NO":187,"AC_NAME":"Maddur","district":"Mandya","PC_NO":20,"PC_NAME":"MANDYA"}},
{"type":"Feature","geometry":{"type":"Polygon","coordinates":[[[76.7554,12.6829],[76.7772,12.6496],[76.8748,12.6059],[76.8472,12.5265],[76.9119,12.5445],[76.9743,12.5223],[76.996,12.5847],[76.9653,12.645],[76.9357,12.7028],[76.8435,12.7537],[76.7592,12.7196],[76.7554,12.6829]]]},"properties":{"AC_NO":189,"AC_NAME":"Mandya","district":"Mandya","PC_NO":20,"PC_NAME":"MANDYA"}},
{"type":"Feature","geometry":{"type":"Polygon","coordinates":[[[76.6129,12.7015],[76.6002,12.5772],[76.5154,12.5055],[76.513,12.4527],[76.5679,12.426],[76.6589,12.4338],[76.6622,12.468],[76.7538,12.4826],[76.8472,12.5265],[76.8748,12.6059],[76.7772,12.6496],[76.7554,12.6829],[76.6807,12.6681],[76.6129,12.7015]]]},"properties":{"AC_NO":188,"AC_NAME":"Melukote","district":"Mandya","PC_NO":20,"PC_NAME":"MANDYA"}},
{"type":"Feature","geometry":{"type":"Polygon","coordinates":[[[76.5023,12.4517],[76.4505,12.4847],[76.3769,12.5765],[76.3419,12.6548],[76.3097,12.6231],[76.2179,12.6433],[76.1338,12.5287],[76.2292,12.5013],[76.2377,12.4273],[76.3081,12.3994],[76.3569,12.4259],[76.3952,12.3962],[76.4665,12.4105],[76.5023,12.4517]]]},"properties":{"AC_NO":211,"AC_NAME":"Krishnarajanagara","district":"Mys#ru","PC_NO":20,"PC_NAME":"MANDYA"}},
{"type":"Feature","geometry":{"type":"Polygon","coordinates":[[[77.4734,12.2431],[77.5513,12.2913],[77.6168,12.3683],[77.6348,12.4869],[77.5813,12.5509],[77.5056,12.4813],[77.44,12.621],[77.3551,12.6453],[77.3061,12.5875],[77.2378,12.4994],[77.2859,12.393],[77.3337,12.3536],[77.3251,12.3082],[77.34,12.2836],[77.431,12.2869],[77.4734,12.2431]]]},"properties":{"AC_NO":184,"AC_NAME":"Kanakapura","district":"R","PC_NO":23,"PC_NAME":"BANGALORE RURAL"}},
{"type":"Feature","geometry":{"type":"Polygon","coordinates":[[[76.0181,12.5706],[75.9261,12.437],[75.9133,12.3859],[75.9823,12.3425],[76.0245,12.2488],[76.0608,12.2492],[76.1347,12.1871],[76.0996,12.2244],[76.1525,12.2715],[76.1554,12.3161],[76.217,12.3676],[76.2377,12.4273],[76.2292,12.5013],[76.1338,12.5287],[76.0181,12.5706]]]},"properties":{"AC_NO":210,"AC_NAME":"Piriyapatna","district":"Mys#ru","PC_NO":21,"PC_NAME":"MYSORE"}},
{"type":"Feature","geometry":{"type":"Polygon","coordinates":[[[75.4162,12.501],[75.3713,12.4379],[75.431,12.299],[75.5056,12.2707],[75.5319,12.2014],[75.577,12.1578],[75.6358,12.1492],[75.7148,12.0705],[75.8023,12.0791],[75.8009,12.0365],[75.8707,11.9523],[76.003,11.9314],[76.1124,11.9791],[76.1829,12.0318],[76.1664,12.1244],[76.1347,12.1871],[76.0608,12.2492],[76.0245,12.2488],[75.9823,12.3425],[75.9133,12.3859],[75.8802,12.3101],[75.7599,12.2988],[75.6835,12.311],[75.6907,12.3514],[75.7686,12.3429],[75.7884,12.3762],[75.6996,12.4339],[75.5935,12.4761],[75.5778,12.5124],[75.4639,12.4726],[75.4162,12.501]]]},"properties":{"AC_NO":209,"AC_NAME":"Virajpet","district":"Kodagu","PC_NO":21,"PC_NAME":"MYSORE"}},
{"type":"Feature","geometry":{"type":"Polygon","coordinates":[[[76.9743,12.5223],[76.9119,12.5445],[76.8472,12.5265],[76.7538,12.4826],[76.6622,12.468],[76.6589,12.4338],[76.5679,12.426],[76.5597,12.3649],[76.655,12.3961],[76.7313,12.3167],[76.8029,12.3554],[76.8323,12.4027],[76.9217,12.4419],[76.9478,12.4471],[76.9743,12.5223]]]},"properties":{"AC_NO":190,"AC_NAME":"Shrirangapattana","district":"Mandya","PC_NO":20,"PC_NAME":"MANDYA"}},
{"type":"Feature","geometry":{"type":"Polygon","coordinates":[[[77.2378,12.4994],[77.1354,12.47],[77.1006,12.4485],[76.9478,12.4471],[76.9217,12.4419],[76.939,12.3533],[76.9767,12.353],[76.9886,12.26],[77.0364,12.2323],[77.1238,12.2425],[77.1668,12.31],[77.3251,12.3082],[77.3337,12.3536],[77.2859,12.393],[77.2378,12.4994]]]},"properties":{"AC_NO":186,"AC_NAME":"Malavalli (SC)","district":"Mandya","PC_NO":20,"PC_NAME":"MANDYA"}},
{"type":"Feature","geometry":{"type":"Polygon","coordinates":[[[76.513,12.4527],[76.5023,12.4517],[76.4665,12.4105],[76.5038,12.3347],[76.4869,12.2824],[76.5202,12.2406],[76.54,12.1502],[76.6269,12.1514],[76.6808,12.202],[76.6726,12.2685],[76.7313,12.3167],[76.655,12.3961],[76.5597,12.3649],[76.5679,12.426],[76.513,12.4527]],[[76.6338,12.3018],[76.6103,12.324],[76.6286,12.3452],[76.6512,12.3321],[76.6883,12.3098],[76.6338,12.3018]]]},"properties":{"AC_NO":215,"AC_NAME":"Chamundeshwari","district":"Mys#ru","PC_NO":21,"PC_NAME":"MYSORE"}},
{"type":"Feature","geometry":{"type":"Polygon","coordinates":[[[76.2377,12.4273],[76.217,12.3676],[76.1554,12.3161],[76.1525,12.2715],[76.0996,12.2244],[76.1347,12.1871],[76.1664,12.1244],[76.2441,12.1586],[76.2664,12.2077],[76.3662,12.1598],[76.4033,12.1666],[76.4186,12.2358],[76.4869,12.2824],[76.5038,12.3347],[76.4665,12.4105],[76.3952,12.3962],[76.3569,12.4259],[76.3081,12.3994],[76.2377,12.4273]]]},"properties":{"AC_NO":212,"AC_NAME":"Hunsur","district":"Mys#ru","PC_NO":21,"PC_NAME":"MYSORE"}},
{"type":"Feature","geometry":{"type":"Polygon","coordinates":[[[76.9217,12.4419],[76.8323,12.4027],[76.8029,12.3554],[76.9068,12.229],[76.87,12.1745],[76.8898,12.1215],[76.9475,12.0983],[76.9755,12.1343],[77.1221,12.1974],[77.1238,12.2425],[77.0364,12.2323],[76.9886,12.26],[76.9767,12.353],[76.939,12.3533],[76.9217,12.4419]]]},"properties":{"AC_NO":220,"AC_NAME":"T.Narasipur (SC)","district":"Mys#ru","PC_NO":22,"PC_NAME":"CHAMARAJANAGAR(SC)"}},
{"type":"Feature","geometry":{"type":"Polygon","coordinates":[[[76.6338,12.3018],[76.6453,12.3256],[76.6512,12.3321],[76.6286,12.3452],[76.6103,12.324],[76.6338,12.3018]]]},"properties":{"AC_NO":217,"AC_NAME":"Chamaraja","district":"Mys#ru","PC_NO":21,"PC_NAME":"MYSORE"}},
{"type":"Feature","geometry":{"type":"Polygon","coordinates":[[[76.8029,12.3554],[76.7313,12.3167],[76.6726,12.2685],[76.6808,12.202],[76.6269,12.1514],[76.54,12.1502],[76.5402,12.1471],[76.5391,12.1223],[76.5361,12.1091],[76.6168,12.1176],[76.6578,12.1506],[76.7282,12.1496],[76.8107,12.0257],[76.8204,12.0104],[76.8995,11.9985],[76.939,12.0251],[76.8703,12.0556],[76.87,12.1745],[76.9068,12.229],[76.8029,12.3554]]]},"properties":{"AC_NO":219,"AC_NAME":"Varuna","district":"Mys#ru","PC_NO":22,"PC_NAME":"CHAMARAJANAGAR(SC)"}},
{"type":"Feature","geometry":{"type":"Polygon","coordinates":[[[76.6512,12.3321],[76.6453,12.3256],[76.6883,12.3098],[76.6512,12.3321]]]},"properties":{"AC_NO":218,"AC_NAME":"Narasimharaja","district":"Mys#ru","PC_NO":21,"PC_NAME":"MYSORE"}},
{"type":"Feature","geometry":{"type":"Polygon","coordinates":[[[76.6883,12.3098],[76.6453,12.3256],[76.6338,12.3018],[76.6883,12.3098]]]},"properties":{"AC_NO":216,"AC_NAME":"Krishnaraja","district":"Mys#ru","PC_NO":21,"PC_NAME":"MYSORE"}},
{"type":"Feature","geometry":{"type":"Polygon","coordinates":[[[76.1124,11.9791],[76.1126,11.8589],[76.2075,11.8617],[76.2801,11.8115],[76.3393,11.7391],[76.414,11.7589],[76.4926,11.8221],[76.4893,11.857],[76.4774,12.0257],[76.4411,12.0938],[76.5361,12.1091],[76.5391,12.1223],[76.5402,12.1471],[76.54,12.1502],[76.5202,12.2406],[76.4869,12.2824],[76.4186,12.2358],[76.4033,12.1666],[76.3662,12.1598],[76.2664,12.2077],[76.2441,12.1586],[76.1664,12.1244],[76.1829,12.0318],[76.1124,11.9791]]]},"properties":{"AC_NO":213,"AC_NAME":"Heggadadevankote(ST)","district":"Mys#ru","PC_NO":22,"PC_NAME":"CHAMARAJANAGAR(SC)"}},
{"type":"Feature","geometry":{"type":"Polygon","coordinates":[[[77.1888,11.7922],[77.2938,11.8091],[77.3351,11.7713],[77.4498,11.7961],[77.4616,11.9001],[77.5379,11.9325],[77.6756,11.952],[77.7089,12.0361],[77.7738,12.1206],[77.7313,12.1802],[77.6093,12.2062],[77.5187,12.1946],[77.4734,12.2431],[77.431,12.2869],[77.34,12.2836],[77.3251,12.3082],[77.1668,12.31],[77.1238,12.2425],[77.1221,12.1974],[77.1313,12.1365],[77.1781,12.1011],[77.1564,12.0308],[77.1828,11.9917],[77.173,11.889],[77.1888,11.7922]]]},"properties":{"AC_NO":221,"AC_NAME":"Hanur","district":"Ch","PC_NO":22,"PC_NAME":"CHAMARAJANAGAR(SC)"}},
{"type":"Feature","geometry":{"type":"Polygon","coordinates":[[[77.1221,12.1974],[76.9755,12.1343],[76.9475,12.0983],[76.8898,12.1215],[76.87,12.1745],[76.8703,12.0556],[76.939,12.0251],[76.981,11.9811],[77.05,11.9628],[77.173,11.889],[77.1828,11.9917],[77.1564,12.0308],[77.1781,12.1011],[77.1313,12.1365],[77.1221,12.1974]]]},"properties":{"AC_NO":222,"AC_NAME":"Kollegal (SC)","district":"Ch","PC_NO":22,"PC_NAME":"CHAMARAJANAGAR(SC)"}},
{"type":"Feature","geometry":{"type":"Polygon","coordinates":[[[76.5361,12.1091],[76.4411,12.0938],[76.4774,12.0257],[76.4893,11.857],[76.5754,11.9242],[76.5785,11.9874],[76.7886,11.986],[76.8107,12.0257],[76.7282,12.1496],[76.6578,12.1506],[76.6168,12.1176],[76.5361,12.1091]]]},"properties":{"AC_NO":214,"AC_NAME":"Nanjangud (SC)","district":"Mys#ru","PC_NO":22,"PC_NAME":"CHAMARAJANAGAR(SC)"}},
{"type":"Feature","geometry":{"type":"Polygon","coordinates":[[[76.8455,11.6741],[76.907,11.7954],[76.9697,11.7765],[77.0128,11.8148],[77.0823,11.74],[77.1109,11.7736],[77.1888,11.7922],[77.173,11.889],[77.05,11.9628],[76.981,11.9811],[76.939,12.0251],[76.8995,11.9985],[76.8204,12.0104],[76.8618,11.9442],[76.8013,11.9034],[76.8082,11.7697],[76.8455,11.6741]]]},"properties":{"AC_NO":223,"AC_NAME":"Chamarajanagar","district":"Ch","PC_NO":22,"PC_NAME":"CHAMARAJANAGAR(SC)"}},
{"type":"Feature","geometry":{"type":"Polygon","coordinates":[[[76.414,11.7589],[76.4159,11.6729],[76.4582,11.6645],[76.5116,11.7051],[76.5614,11.6328],[76.6139,11.6081],[76.7571,11.6191],[76.8468,11.5951],[76.8455,11.6741],[76.8082,11.7697],[76.8013,11.9034],[76.8618,11.9442],[76.8204,12.0104],[76.8107,12.0257],[76.7886,11.986],[76.5785,11.9874],[76.5754,11.9242],[76.4893,11.857],[76.4926,11.8221],[76.414,11.7589]]]},"properties":{"AC_NO":224,"AC_NAME":"Gundlupet","district":"Ch","PC_NO":22,"PC_NAME":"CHAMARAJANAGAR(SC)"}}
]}