{"type":"FeatureCollection","features":[{"type":"Feature","geometry":{"type":"Polygon","coordinates":[[[84.576,18.8421],[84.585,18.8644],[84.6036,18.8898],[84.6844,18.9675],[84.6763,18.9678],[84.6869,18.9709],[84.7647,19.0773],[84.7368,19.0957],[84.7036,19.1171],[84.7034,19.1252],[84.698,19.127],[84.7063,19.1397],[84.7001,19.1453],[84.7112,19.1465],[84.7152,19.156],[84.6708,19.1658],[84.673,19.1482],[84.6678,19.1296],[84.6449,19.1326],[84.6312,19.1263],[84.607,19.1303],[84.602,19.1278],[84.6097,19.1004],[84.6183,19.0995],[84.6194,19.1037],[84.6256,19.0989],[84.624,19.0898],[84.6364,19.0866],[84.6587,19.0929],[84.665,19.086],[84.6678,19.0772],[84.6614,19.074],[84.6599,19.0619],[84.6539,19.0675],[84.6291,19.065],[84.618,19.0662],[84.6207,19.0562],[84.6132,19.0563],[84.6011,19.0252],[84.5943,19.0222],[84.5827,19.031],[84.5834,19.0424],[84.5778,19.0408],[84.5833,19.0497],[84.5831,19.0736],[84.5764,19.067],[84.5707,19.0692],[84.5567,19.0563],[84.5408,19.0546],[84.5268,19.046],[84.5166,19.048],[84.5055,19.0323],[84.4966,19.0311],[84.4826,19.0167],[84.478,18.9909],[84.4661,18.9942],[84.4659,18.9636],[84.5014,18.9011],[84.5172,18.8835],[84.527,18.8596],[84.5519,18.8543],[84.576,18.8421]]]},"properties":{"AC_NO":"1","AC_NAME":"Ichchapuram","district":"SRIKAKULAM","PC_NO":2,"PC_NAME":"SRIKAKULAM"}},{"type":"Feature","geometry":{"type":"Polygon","coordinates":[[[83.7538,18.9252],[83.7405,18.9501],[83.733,18.9877],[83.7142,18.993],[83.6852,19.0586],[83.6735,19.073],[83.6639,19.0761],[83.6603,19.0845],[83.6628,19.099],[83.647,19.1184],[83.6496,19.1233],[83.6543,19.1222],[83.6549,19.1297],[83.637,19.1315],[83.6316,19.1409],[83.6372,19.1536],[83.626,19.1627],[83.6274,19.1505],[83.6207,19.1417],[83.6159,19.1371],[83.6016,19.1356],[83.5978,19.1188],[83.6106,19.0961],[83.5929,19.0927],[83.5862,19.0873],[83.5844,19.0576],[83.5749,19.0614],[83.5637,19.0583],[83.5604,19.0647],[83.5669,19.072],[83.5601,19.0871],[83.549,19.0806],[83.5573,19.0559],[83.5516,19.0546],[83.5417,19.0415],[83.5345,19.0131],[83.5225,19.0121],[83.5009,19.0207],[83.4968,19.0356],[83.5084,19.0356],[83.5148,19.0285],[83.5193,19.0391],[83.5131,19.0484],[83.5168,19.0571],[83.5117,19.0703],[83.5017,19.0659],[83.5006,19.0607],[83.4808,19.0786],[83.4662,19.0799],[83.4623,19.0638],[83.4692,19.0611],[83.4707,19.043],[83.4833,19.0336],[83.4784,19.0076],[83.4615,19.0124],[83.45,19.0099],[83.4565,18.9912],[83.4678,18.991],[83.4642,18.9804],[83.4685,18.9801],[83.4702,18.9685],[83.4636,18.9553],[83.4439,18.9603],[83.4464,18.9664],[83.439,18.9753],[83.4148,18.9894],[83.4201,18.9985],[83.4152,19.0031],[83.4116,19.0006],[83.3967,19.0097],[83.3843,19.0013],[83.3726,19.0023],[83.3666,19.0061],[83.3674,19.0165],[83.348,19.0169],[83.3429,19.0181],[83.337,19.0063],[83.3387,18.997],[83.3275,19.0026],[83.3104,18.9989],[83.3205,18.9721],[83.3282,18.9672],[83.3336,18.969],[83.3322,18.9579],[83.3396,18.9522],[83.3389,18.9473],[83.3272,18.9451],[83.3254,18.9328],[83.3347,18.9249],[83.3486,18.9266],[83.3445,18.9424],[83.3511,18.9463],[83.3502,18.9664],[83.3667,18.964],[83.3711,18.9432],[83.3526,18.9301],[83.3778,18.897],[83.397,18.8791],[83.4145,18.8735],[83.4044,18.8619],[83.4056,18.8423],[83.3792,18.8309],[83.3981,18.816],[83.4249,18.8182],[83.4349,18.7993],[83.45,18.7957],[83.4334,18.7645],[83.4199,18.7637],[83.4263,18.7407],[83.4059,18.7352],[83.4003,18.7176],[83.432,18.694],[83.4604,18.6889],[83.4819,18.6931],[83.5146,18.6729],[83.5248,18.6731],[83.5416,18.6861],[83.5388,18.7109],[83.548,18.7236],[83.5895,18.7392],[83.6191,18.7664],[83.6577,18.777],[83.6904,18.8056],[83.7132,18.7875],[83.7361,18.779],[83.7541,18.7871],[83.7482,18.8019],[83.7562,18.8266],[83.776,18.8196],[83.8065,18.825],[83.8072,18.8491],[83.781,18.8817],[83.7766,18.8974],[83.7583,18.9098],[83.7538,18.9252]]]},"properties":{"AC_NO":"11","AC_NAME":"Kurupam (ST)","district":"PARVATHIPURAM MANYAM","PC_NO":1,"PC_NAME":"ARAKU (ST)"}},{"type":"Feature","geometry":{"type":"Polygon","coordinates":[[[84.4661,18.9942],[84.4605,18.9973],[84.4245,19.0141],[84.4257,19.0194],[84.421,19.0221],[84.422,19.0129],[84.4325,19.0067],[84.4318,18.9948],[84.4432,18.9917],[84.452,18.9777],[84.443,18.9691],[84.4308,18.9691],[84.4322,18.959],[84.4252,18.9504],[84.4309,18.936],[84.4379,18.9327],[84.4394,18.9273],[84.4292,18.9098],[84.4221,18.9057],[84.4191,18.898],[84.4,18.8956],[84.3937,18.9046],[84.3851,18.8962],[84.3973,18.891],[84.3984,18.8842],[84.3921,18.8766],[84.3882,18.8845],[84.3813,18.8868],[84.3818,18.8817],[84.3601,18.8946],[84.3724,18.8784],[84.3842,18.8745],[84.3743,18.8618],[84.3665,18.8644],[84.3621,18.8612],[84.3371,18.8894],[84.3469,18.8483],[84.3648,18.8395],[84.3594,18.8316],[84.3564,18.8051],[84.3618,18.7788],[84.3487,18.7602],[84.3187,18.7474],[84.349,18.743],[84.3839,18.7491],[84.3952,18.734],[84.3833,18.7246],[84.3943,18.6867],[84.366,18.6732],[84.3833,18.6446],[84.3516,18.6385],[84.3371,18.6513],[84.3205,18.6483],[84.3311,18.6282],[84.3541,18.6208],[84.3536,18.5954],[84.364,18.5867],[84.4398,18.6596],[84.4372,18.658],[84.4532,18.693],[84.4937,18.7409],[84.5515,18.7906],[84.5578,18.8178],[84.576,18.8421],[84.5519,18.8543],[84.527,18.8596],[84.5172,18.8835],[84.5014,18.9011],[84.4659,18.9636],[84.4661,18.9942]]]},"properties":{"AC_NO":"2","AC_NAME":"Palasa","district":"SRIKAKULAM","PC_NO":2,"PC_NAME":"SRIKAKULAM"}},{"type":"Feature","geometry":{"type":"Polygon","coordinates":[[[83.8905,18.8267],[83.8725,18.8476],[83.8483,18.8645],[83.8436,18.8756],[83.8489,18.8999],[83.8457,18.9136],[83.8403,18.9185],[83.8265,18.9163],[83.8289,18.9306],[83.819,18.9452],[83.8217,18.9603],[83.8089,18.9923],[83.7949,19.0043],[83.7945,19.0176],[83.7775,19.0174],[83.7814,19.0083],[83.7651,19.0056],[83.7515,18.9987],[83.7451,18.9889],[83.7478,18.9744],[83.7553,18.9714],[83.7589,18.9507],[83.7696,18.9548],[83.7844,18.9336],[83.7878,18.9159],[83.7693,18.9144],[83.7631,18.9273],[83.7538,18.9252],[83.7583,18.9098],[83.7766,18.8974],[83.781,18.8817],[83.8072,18.8491],[83.8065,18.825],[83.776,18.8196],[83.7562,18.8266],[83.7482,18.8019],[83.7541,18.7871],[83.7361,18.779],[83.7132,18.7875],[83.6904,18.8056],[83.6577,18.777],[83.6191,18.7664],[83.5895,18.7392],[83.548,18.7236],[83.5388,18.7109],[83.5604,18.6868],[83.5614,18.6721],[83.6155,18.6254],[83.6233,18.6022],[83.6412,18.5828],[83.6767,18.5783],[83.6894,18.5692],[83.7162,18.5633],[83.7457,18.585],[83.7546,18.5696],[83.7601,18.5748],[83.7663,18.5965],[83.7773,18.6037],[83.7892,18.5738],[83.8111,18.5743],[83.8337,18.5468],[83.8402,18.5502],[83.8607,18.5404],[83.8732,18.5476],[83.8818,18.5398],[83.8993,18.5372],[83.9085,18.5429],[83.907,18.5579],[83.9076,18.5727],[83.9009,18.5904],[83.8729,18.5967],[83.8624,18.6095],[83.8831,18.6331],[83.8605,18.6428],[83.8576,18.6487],[83.8577,18.6728],[83.8711,18.677],[83.8757,18.7082],[83.8672,18.7157],[83.87,18.7348],[83.8852,18.724],[83.8891,18.7305],[83.8682,18.7492],[83.8336,18.7604],[83.8244,18.7695],[83.837,18.7812],[83.8697,18.7938],[83.861,18.8116],[83.881,18.8176],[83.8905,18.8267]]]},"properties":{"AC_NO":"10","AC_NAME":"Palakonda (ST)","district":"PARVATHIPURAM MANYAM","PC_NO":1,"PC_NAME":"ARAKU (ST)"}},{"type":"Feature","geometry":{"type":"Polygon","coordinates":[[[84.3594,18.8316],[84.3522,18.832],[84.3496,18.8206],[84.3308,18.818],[84.321,18.787],[84.2889,18.804],[84.2865,18.7926],[84.2604,18.7831],[84.2431,18.7887],[84.2263,18.7988],[84.2144,18.7955],[84.218,18.7902],[84.1953,18.7917],[84.19,18.7778],[84.1827,18.782],[84.1757,18.7801],[84.1697,18.7883],[84.1592,18.7879],[84.1584,18.7829],[84.1403,18.7773],[84.142,18.7643],[84.1374,18.7613],[84.1223,18.768],[84.0894,18.7568],[84.0764,18.7645],[84.068,18.7823],[84.0599,18.7825],[84.0598,18.7992],[84.0467,18.8016],[84.0456,18.8129],[84.0408,18.8156],[84.0329,18.8116],[84.0252,18.8171],[84.0153,18.8171],[84.0157,18.8088],[83.9655,18.8147],[83.9501,18.8052],[83.9417,18.8084],[83.9423,18.8155],[83.9316,18.8159],[83.9158,18.828],[83.8996,18.8244],[83.8931,18.8145],[83.8905,18.8267],[83.881,18.8176],[83.861,18.8116],[83.8697,18.7938],[83.837,18.7812],[83.8244,18.7695],[83.8336,18.7604],[83.8682,18.7492],[83.8891,18.7305],[83.8852,18.724],[83.87,18.7348],[83.8672,18.7157],[83.8757,18.7082],[83.8711,18.677],[83.8577,18.6728],[83.8576,18.6487],[83.8605,18.6428],[83.8831,18.6331],[83.8624,18.6095],[83.8729,18.5967],[83.9009,18.5904],[83.9076,18.5727],[83.907,18.5579],[83.9239,18.561],[83.9546,18.5548],[83.9726,18.5663],[83.9626,18.5852],[83.9473,18.5792],[83.958,18.616],[83.9922,18.6093],[84.0234,18.624],[84.0023,18.6649],[84.023,18.6789],[83.9861,18.703],[84.0552,18.7336],[84.0448,18.7097],[84.0576,18.6958],[84.08,18.6873],[84.0563,18.6691],[84.0804,18.6641],[84.1002,18.6686],[84.0956,18.6446],[84.1053,18.6351],[84.15,18.6282],[84.1632,18.6632],[84.1855,18.6641],[84.1985,18.6511],[84.2066,18.686],[84.2487,18.7169],[84.2454,18.7343],[84.2583,18.7485],[84.3055,18.7386],[84.3187,18.7474],[84.3487,18.7602],[84.3618,18.7788],[84.3564,18.8051],[84.3594,18.8316]]]},"properties":{"AC_NO":"4","AC_NAME":"Pathapatnam","district":"SRIKAKULAM","PC_NO":2,"PC_NAME":"SRIKAKULAM"}},{"type":"Feature","geometry":{"type":"Polygon","coordinates":[[[83.3792,18.8309],[83.3693,18.844],[83.3548,18.8326],[83.3284,18.8177],[83.33,18.8066],[83.3077,18.8088],[83.2818,18.7958],[83.2749,18.782],[83.2812,18.7747],[83.2714,18.7648],[83.263,18.7695],[83.2432,18.7683],[83.2246,18.7751],[83.2281,18.7569],[83.2201,18.7477],[83.2287,18.7255],[83.252,18.7257],[83.2643,18.7156],[83.2919,18.7122],[83.3015,18.6748],[83.3138,18.667],[83.2985,18.6397],[83.3271,18.6292],[83.332,18.617],[83.3451,18.6136],[83.3506,18.5939],[83.3651,18.5964],[83.3591,18.607],[83.3811,18.6166],[83.3953,18.6118],[83.4055,18.616],[83.4072,18.605],[83.4252,18.6204],[83.423,18.6275],[83.4362,18.6336],[83.4527,18.6178],[83.491,18.6229],[83.4974,18.6048],[83.469,18.5881],[83.459,18.5675],[83.484,18.56],[83.4875,18.5292],[83.5063,18.5418],[83.5102,18.5254],[83.5222,18.5339],[83.535,18.5252],[83.5483,18.5373],[83.5388,18.5492],[83.5267,18.5506],[83.5339,18.5669],[83.5382,18.5643],[83.5448,18.5833],[83.5513,18.5802],[83.5684,18.5888],[83.5697,18.5944],[83.5499,18.5962],[83.5533,18.6134],[83.5501,18.6463],[83.561,18.6676],[83.5538,18.683],[83.5416,18.6861],[83.5248,18.6731],[83.5146,18.6729],[83.4819,18.6931],[83.4604,18.6889],[83.432,18.694],[83.4003,18.7176],[83.4059,18.7352],[83.4263,18.7407],[83.4199,18.7637],[83.4334,18.7645],[83.45,18.7957],[83.4349,18.7993],[83.4249,18.8182],[83.3981,18.816],[83.3792,18.8309]]]},"properties":{"AC_NO":"12","AC_NAME":"Parvathipuram (SC)","district":"PARVATHIPURAM MANYAM","PC_NO":1,"PC_NAME":"ARAKU (ST)"}},{"type":"Feature","geometry":{"type":"Polygon","coordinates":[[[83.2201,18.7477],[83.2114,18.731],[83.207,18.7513],[83.1932,18.7532],[83.1779,18.7709],[83.1565,18.7683],[83.139,18.7854],[83.1151,18.7681],[83.1124,18.7528],[83.0917,18.7225],[83.0726,18.7053],[83.0624,18.6829],[83.058,18.6655],[83.0167,18.6501],[83.0131,18.6459],[83.0196,18.6352],[82.9992,18.618],[83.0004,18.608],[83.0152,18.6055],[83.0135,18.5944],[83.0237,18.5897],[83.0526,18.601],[83.0531,18.5882],[83.04,18.5865],[83.0298,18.5737],[83.0451,18.5443],[83.0619,18.5421],[83.0809,18.5541],[83.0895,18.553],[83.0948,18.5473],[83.0935,18.5399],[83.077,18.5262],[83.075,18.5146],[83.0552,18.4957],[83.0551,18.4856],[83.0209,18.4563],[83.0246,18.4485],[83.0329,18.448],[83.0409,18.4408],[83.0377,18.4346],[83.0425,18.4243],[83.0508,18.4342],[83.0599,18.437],[83.0673,18.4285],[83.0574,18.4194],[83.0642,18.4094],[83.0758,18.4057],[83.0878,18.4152],[83.0996,18.4159],[83.0706,18.375],[83.0758,18.3514],[83.0718,18.3358],[83.089,18.3282],[83.1003,18.3599],[83.1296,18.3539],[83.1531,18.3423],[83.1651,18.3121],[83.171,18.3104],[83.2197,18.3372],[83.2263,18.3319],[83.2174,18.3138],[83.2213,18.2989],[83.255,18.282],[83.2589,18.2971],[83.2787,18.307],[83.272,18.326],[83.2906,18.3358],[83.3288,18.3398],[83.3024,18.3549],[83.3136,18.3857],[83.3124,18.4197],[83.3223,18.425],[83.2911,18.4152],[83.2647,18.4289],[83.2382,18.4142],[83.2159,18.4159],[83.2016,18.4039],[83.1862,18.4163],[83.1817,18.4425],[83.1704,18.4563],[83.1807,18.4685],[83.194,18.5173],[83.2373,18.5295],[83.2446,18.5491],[83.2553,18.5529],[83.2644,18.566],[83.2405,18.5739],[83.2262,18.5849],[83.2311,18.6037],[83.2577,18.624],[83.2775,18.6244],[83.2985,18.6397],[83.3138,18.667],[83.3015,18.6748],[83.2919,18.7122],[83.2643,18.7156],[83.252,18.7257],[83.2287,18.7255],[83.2201,18.7477]]]},"properties":{"AC_NO":"13","AC_NAME":"Salur (ST)","district":"PARVATHIPURAM MANYAM","PC_NO":1,"PC_NAME":"ARAKU (ST)"}},{"type":"Feature","geometry":{"type":"Polygon","coordinates":[[[84.364,18.5867],[84.3536,18.5954],[84.3541,18.6208],[84.3311,18.6282],[84.3205,18.6483],[84.3371,18.6513],[84.3516,18.6385],[84.3833,18.6446],[84.366,18.6732],[84.3943,18.6867],[84.3833,18.7246],[84.3952,18.734],[84.3839,18.7491],[84.349,18.743],[84.3187,18.7474],[84.3055,18.7386],[84.2583,18.7485],[84.2454,18.7343],[84.2487,18.7169],[84.2066,18.686],[84.1985,18.6511],[84.1855,18.6641],[84.1632,18.6632],[84.15,18.6282],[84.1573,18.5929],[84.1368,18.5962],[84.1349,18.5792],[84.0845,18.5705],[84.0836,18.561],[84.1036,18.5464],[84.0876,18.5221],[84.0796,18.4987],[84.0821,18.4668],[84.1104,18.4257],[84.1252,18.4238],[84.1349,18.4453],[84.1629,18.4559],[84.1627,18.4784],[84.1847,18.4805],[84.1966,18.4621],[84.1959,18.4431],[84.2039,18.427],[84.2855,18.501],[84.3547,18.555],[84.3566,18.5721],[84.364,18.5867]]]},"properties":{"AC_NO":"3","AC_NAME":"Tekkali","district":"SRIKAKULAM","PC_NO":2,"PC_NAME":"SRIKAKULAM"}},{"type":"Feature","geometry":{"type":"Polygon","coordinates":[[[84.15,18.6282],[84.1053,18.6351],[84.0956,18.6446],[84.1002,18.6686],[84.0804,18.6641],[84.0563,18.6691],[84.08,18.6873],[84.0576,18.6958],[84.0448,18.7097],[84.0552,18.7336],[83.9861,18.703],[84.023,18.6789],[84.0023,18.6649],[84.0234,18.624],[83.9922,18.6093],[83.958,18.616],[83.9473,18.5792],[83.9626,18.5852],[83.9726,18.5663],[83.9743,18.5396],[83.9328,18.4966],[83.9338,18.4843],[83.9503,18.4666],[83.9496,18.4513],[83.9377,18.4328],[83.9392,18.4184],[83.9557,18.3964],[84.0126,18.3506],[84.0584,18.3377],[84.1288,18.3442],[84.1345,18.3458],[84.1496,18.3752],[84.2039,18.427],[84.1959,18.4431],[84.1966,18.4621],[84.1847,18.4805],[84.1627,18.4784],[84.1629,18.4559],[84.1349,18.4453],[84.1252,18.4238],[84.1104,18.4257],[84.0821,18.4668],[84.0796,18.4987],[84.0876,18.5221],[84.1036,18.5464],[84.0836,18.561],[84.0845,18.5705],[84.1349,18.5792],[84.1368,18.5962],[84.1573,18.5929],[84.15,18.6282]]]},"properties":{"AC_NO":"8","AC_NAME":"Narasannapeta","district":"SRIKAKULAM","PC_NO":2,"PC_NAME":"SRIKAKULAM"}},{"type":"Feature","geometry":{"type":"Polygon","coordinates":[[[83.7546,18.5696],[83.7457,18.585],[83.7162,18.5633],[83.6894,18.5692],[83.6767,18.5783],[83.6412,18.5828],[83.6233,18.6022],[83.6155,18.6254],[83.5614,18.6721],[83.5604,18.6868],[83.5388,18.7109],[83.5416,18.6861],[83.5538,18.683],[83.561,18.6676],[83.5501,18.6463],[83.5533,18.6134],[83.5499,18.5962],[83.5697,18.5944],[83.5684,18.5888],[83.5513,18.5802],[83.5448,18.5833],[83.5382,18.5643],[83.5339,18.5669],[83.5267,18.5506],[83.5388,18.5492],[83.5483,18.5373],[83.5592,18.5379],[83.5591,18.5569],[83.5764,18.5675],[83.6073,18.5591],[83.6181,18.5621],[83.6323,18.5593],[83.6283,18.5113],[83.6191,18.5056],[83.5918,18.5104],[83.6047,18.4604],[83.5874,18.4592],[83.5732,18.4168],[83.5823,18.41],[83.5966,18.4076],[83.6069,18.3894],[83.6053,18.3843],[83.6228,18.3784],[83.662,18.388],[83.7032,18.3871],[83.7091,18.3972],[83.6963,18.439],[83.6992,18.4465],[83.705,18.4452],[83.7162,18.4436],[83.7209,18.4326],[83.735,18.4321],[83.7361,18.4241],[83.7286,18.4094],[83.7481,18.4037],[83.7656,18.3839],[83.8078,18.3817],[83.8245,18.3912],[83.8355,18.4125],[83.8273,18.4277],[83.832,18.4676],[83.7921,18.4939],[83.7846,18.52],[83.7906,18.5414],[83.7748,18.5464],[83.7546,18.5696]]]},"properties":{"AC_NO":"9","AC_NAME":"Rajam (SC)","district":"VIZIANAGARAM","PC_NO":3,"PC_NAME":"VIZIANAGARAM"}},{"type":"Feature","geometry":{"type":"Polygon","coordinates":[[[83.2985,18.6397],[83.2775,18.6244],[83.2577,18.624],[83.2311,18.6037],[83.2262,18.5849],[83.2405,18.5739],[83.2644,18.566],[83.2553,18.5529],[83.2446,18.5491],[83.2373,18.5295],[83.194,18.5173],[83.1807,18.4685],[83.1704,18.4563],[83.1817,18.4425],[83.1862,18.4163],[83.2016,18.4039],[83.2159,18.4159],[83.2382,18.4142],[83.2647,18.4289],[83.2911,18.4152],[83.3223,18.425],[83.357,18.402],[83.3635,18.4196],[83.3799,18.4129],[83.4006,18.415],[83.414,18.4412],[83.4118,18.4672],[83.427,18.4677],[83.431,18.4523],[83.4455,18.4487],[83.4615,18.4384],[83.5023,18.4354],[83.5332,18.4444],[83.5765,18.4049],[83.5823,18.41],[83.5732,18.4168],[83.5874,18.4592],[83.6047,18.4604],[83.5918,18.5104],[83.6191,18.5056],[83.6283,18.5113],[83.6323,18.5593],[83.6181,18.5621],[83.6073,18.5591],[83.5764,18.5675],[83.5591,18.5569],[83.5592,18.5379],[83.5483,18.5373],[83.535,18.5252],[83.5222,18.5339],[83.5102,18.5254],[83.5063,18.5418],[83.4875,18.5292],[83.484,18.56],[83.459,18.5675],[83.469,18.5881],[83.4974,18.6048],[83.491,18.6229],[83.4527,18.6178],[83.4362,18.6336],[83.423,18.6275],[83.4252,18.6204],[83.4072,18.605],[83.4055,18.616],[83.3953,18.6118],[83.3811,18.6166],[83.3591,18.607],[83.3651,18.5964],[83.3506,18.5939],[83.3451,18.6136],[83.332,18.617],[83.3271,18.6292],[83.2985,18.6397]]]},"properties":{"AC_NO":"14","AC_NAME":"Bobbili","district":"VIZIANAGARAM","PC_NO":3,"PC_NAME":"VIZIANAGARAM"}},{"type":"Feature","geometry":{"type":"Polygon","coordinates":[[[83.7546,18.5696],[83.7748,18.5464],[83.7906,18.5414],[83.7846,18.52],[83.7921,18.4939],[83.832,18.4676],[83.8273,18.4277],[83.8355,18.4125],[83.8245,18.3912],[83.8078,18.3817],[83.7656,18.3839],[83.7587,18.354],[83.705,18.3354],[83.7263,18.3183],[83.7422,18.3153],[83.7426,18.2942],[83.7737,18.2938],[83.7794,18.2773],[83.8018,18.2757],[83.8222,18.3095],[83.8495,18.3055],[83.8683,18.3332],[83.8791,18.3339],[83.8811,18.3533],[83.8946,18.3664],[83.8899,18.3877],[83.9051,18.4014],[83.9188,18.3825],[83.9392,18.4184],[83.9377,18.4328],[83.9496,18.4513],[83.9503,18.4666],[83.9338,18.4843],[83.9328,18.4966],[83.9743,18.5396],[83.9726,18.5663],[83.9546,18.5548],[83.9239,18.561],[83.907,18.5579],[83.9085,18.5429],[83.8993,18.5372],[83.8818,18.5398],[83.8732,18.5476],[83.8607,18.5404],[83.8402,18.5502],[83.8337,18.5468],[83.8111,18.5743],[83.7892,18.5738],[83.7773,18.6037],[83.7663,18.5965],[83.7601,18.5748],[83.7546,18.5696]]]},"properties":{"AC_NO":"6","AC_NAME":"Amadalavalasa","district":"SRIKAKULAM","PC_NO":2,"PC_NAME":"SRIKAKULAM"}},{"type":"Feature","geometry":{"type":"Polygon","coordinates":[[[83.0758,18.4057],[83.0544,18.38],[83.0219,18.3917],[83.0057,18.3829],[82.996,18.3851],[82.9872,18.3789],[82.9831,18.3665],[82.9704,18.3601],[82.9601,18.3664],[82.9397,18.3609],[82.926,18.3682],[82.9131,18.3685],[82.8942,18.3816],[82.8907,18.3905],[82.8978,18.4035],[82.895,18.4241],[82.8713,18.4185],[82.8564,18.4255],[82.8524,18.4192],[82.8458,18.4335],[82.8238,18.4435],[82.8225,18.4478],[82.8031,18.4493],[82.7821,18.4308],[82.7868,18.4108],[82.7995,18.4068],[82.7914,18.3962],[82.7938,18.3861],[82.7826,18.3819],[82.7905,18.3632],[82.7764,18.3493],[82.7742,18.3405],[82.7648,18.3362],[82.7597,18.3397],[82.7551,18.3302],[82.7428,18.33],[82.7383,18.327],[82.7409,18.3227],[82.7342,18.3203],[82.7167,18.3234],[82.7096,18.3133],[82.6945,18.3123],[82.6844,18.3036],[82.6763,18.3066],[82.6574,18.2961],[82.6426,18.3021],[82.6438,18.288],[82.6428,18.2716],[82.6423,18.2638],[82.6471,18.2623],[82.6522,18.2499],[82.6377,18.2367],[82.6138,18.2585],[82.5969,18.2648],[82.5878,18.2761],[82.5986,18.3042],[82.5951,18.3107],[82.5851,18.3085],[82.5815,18.3164],[82.5839,18.3198],[82.5884,18.3179],[82.5948,18.3289],[82.6089,18.3272],[82.6112,18.3337],[82.6212,18.3597],[82.6059,18.3661],[82.6052,18.3821],[82.5948,18.3893],[82.5886,18.3917],[82.5838,18.3868],[82.5758,18.3963],[82.5624,18.4],[82.5521,18.3979],[82.5409,18.3995],[82.5355,18.4062],[82.5471,18.4126],[82.5414,18.4219],[82.552,18.4286],[82.5505,18.4333],[82.5616,18.447],[82.5548,18.4545],[82.5487,18.4531],[82.5423,18.4577],[82.5444,18.4494],[82.5395,18.4436],[82.5332,18.4587],[82.5283,18.4642],[82.5342,18.4778],[82.5332,18.4877],[82.5266,18.4958],[82.5292,18.5028],[82.5269,18.5059],[82.5324,18.5107],[82.5259,18.5162],[82.5135,18.5183],[82.5049,18.5135],[82.4862,18.5281],[82.4817,18.5414],[82.4934,18.5432],[82.4848,18.5494],[82.4449,18.5146],[82.434,18.4986],[82.4374,18.4938],[82.4091,18.4694],[82.396,18.4492],[82.3866,18.445],[82.382,18.4326],[82.3642,18.4216],[82.3796,18.4038],[82.386,18.3863],[82.3855,18.3675],[82.3698,18.3586],[82.3631,18.3443],[82.349,18.3305],[82.3381,18.3281],[82.3427,18.3205],[82.3558,18.316],[82.3751,18.3287],[82.3889,18.3285],[82.395,18.3157],[82.3923,18.298],[82.3765,18.2807],[82.3659,18.2776],[82.3589,18.2815],[82.3446,18.2806],[82.3325,18.252],[82.3365,18.2408],[82.3244,18.2312],[82.337,18.2243],[82.3249,18.2104],[82.3108,18.2041],[82.3154,18.1841],[82.3373,18.1722],[82.3533,18.1717],[82.3723,18.1482],[82.3632,18.1348],[82.3421,18.1367],[82.3342,18.1269],[82.3357,18.1059],[82.3385,18.0992],[82.347,18.0983],[82.3503,18.0777],[82.4018,18.0784],[82.4201,18.0836],[82.4482,18.1137],[82.4807,18.1074],[82.5171,18.1092],[82.5783,18.1034],[82.5875,18.1112],[82.6203,18.1149],[82.6266,18.1362],[82.6495,18.1474],[82.6597,18.1039],[82.6692,18.096],[82.712,18.1016],[82.7286,18.0655],[82.723,18.0513],[82.7326,18.0354],[82.7602,18.0473],[82.7685,18.0361],[82.8031,18.0116],[82.8229,18.0106],[82.8559,18.0199],[82.8826,18.0109],[82.89,17.9919],[82.9322,17.9918],[82.9423,17.9745],[82.9687,17.9922],[82.9731,18.0104],[82.9917,18.0318],[83.0095,18.0646],[83.0031,18.0749],[83.0026,18.0964],[82.9843,18.1076],[82.9891,18.118],[83.0112,18.1238],[83.0384,18.0865],[83.0738,18.0855],[83.0989,18.0902],[83.1077,18.096],[83.1236,18.0966],[83.1307,18.1048],[83.1257,18.109],[83.1046,18.1101],[83.1266,18.1185],[83.102,18.135],[83.1037,18.1431],[83.1122,18.1413],[83.1169,18.157],[83.086,18.1529],[83.0723,18.1755],[83.0779,18.1899],[83.1231,18.1925],[83.1241,18.183],[83.1388,18.1691],[83.1604,18.1824],[83.1617,18.1945],[83.1548,18.2087],[83.166,18.2111],[83.173,18.2293],[83.1895,18.1977],[83.2031,18.194],[83.2166,18.1913],[83.2182,18.2061],[83.2256,18.2129],[83.2416,18.2001],[83.252,18.2279],[83.2698,18.2177],[83.2692,18.2672],[83.255,18.282],[83.2213,18.2989],[83.2174,18.3138],[83.2263,18.3319],[83.2197,18.3372],[83.171,18.3104],[83.1651,18.3121],[83.1531,18.3423],[83.1296,18.3539],[83.1003,18.3599],[83.089,18.3282],[83.0718,18.3358],[83.0758,18.3514],[83.0706,18.375],[83.0996,18.4159],[83.0878,18.4152],[83.0758,18.4057]]]},"properties":{"AC_NO":"28","AC_NAME":"Araku Valley (ST)","district":"ALLURI SITHARAMA RAJU","PC_NO":1,"PC_NAME":"ARAKU (ST)"}},{"type":"Feature","geometry":{"type":"Polygon","coordinates":[[[83.4455,18.4487],[83.431,18.4523],[83.427,18.4677],[83.4118,18.4672],[83.414,18.4412],[83.4006,18.415],[83.3799,18.4129],[83.3635,18.4196],[83.357,18.402],[83.3223,18.425],[83.3124,18.4197],[83.3136,18.3857],[83.3024,18.3549],[83.3288,18.3398],[83.2906,18.3358],[83.272,18.326],[83.2787,18.307],[83.2589,18.2971],[83.255,18.282],[83.2692,18.2672],[83.2698,18.2177],[83.252,18.2279],[83.2416,18.2001],[83.2256,18.2129],[83.2182,18.2061],[83.2166,18.1913],[83.2031,18.194],[83.2063,18.1785],[83.2322,18.1557],[83.2273,18.1262],[83.2375,18.1237],[83.237,18.0987],[83.2277,18.0777],[83.2019,18.0771],[83.1744,18.0665],[83.1552,18.0748],[83.1049,18.0607],[83.0888,18.0462],[83.1047,18.0297],[83.1165,18.0544],[83.1415,18.0456],[83.16,18.0476],[83.1841,18.0637],[83.2173,18.0428],[83.2211,18.0316],[83.2846,18.0425],[83.3157,18.0536],[83.3127,18.09],[83.32,18.1082],[83.3444,18.1055],[83.3656,18.1276],[83.336,18.1414],[83.3444,18.1768],[83.3593,18.1766],[83.3597,18.1519],[83.382,18.1518],[83.3852,18.1669],[83.3933,18.1768],[83.3825,18.1913],[83.3996,18.2213],[83.3878,18.2372],[83.4079,18.248],[83.4213,18.2505],[83.4247,18.2754],[83.438,18.2854],[83.4402,18.3115],[83.4262,18.3472],[83.4309,18.3832],[83.4267,18.4005],[83.4114,18.4146],[83.4455,18.4487]]]},"properties":{"AC_NO":"16","AC_NAME":"Gajapathinagaram","district":"VIZIANAGARAM","PC_NO":3,"PC_NAME":"VIZIANAGARAM"}},{"type":"Feature","geometry":{"type":"Polygon","coordinates":[[[83.7656,18.3839],[83.7481,18.4037],[83.7286,18.4094],[83.7361,18.4241],[83.735,18.4321],[83.7209,18.4326],[83.7162,18.4436],[83.705,18.4452],[83.6992,18.4465],[83.6963,18.439],[83.7091,18.3972],[83.7032,18.3871],[83.662,18.388],[83.6228,18.3784],[83.6053,18.3843],[83.6027,18.3747],[83.5952,18.3717],[83.5998,18.3668],[83.5893,18.3647],[83.5852,18.354],[83.6109,18.3358],[83.6055,18.3279],[83.6238,18.3332],[83.6273,18.3215],[83.6564,18.3221],[83.6713,18.3107],[83.6851,18.3054],[83.6949,18.3063],[83.6991,18.2975],[83.7091,18.2952],[83.7024,18.289],[83.6734,18.2824],[83.667,18.2684],[83.6665,18.2325],[83.6518,18.2068],[83.6425,18.21],[83.6352,18.2192],[83.6247,18.2119],[83.608,18.2129],[83.6027,18.2058],[83.6031,18.2009],[83.5778,18.2071],[83.5842,18.1934],[83.6099,18.1928],[83.6133,18.1715],[83.6116,18.1654],[83.6029,18.1647],[83.6023,18.1604],[83.6074,18.1434],[83.624,18.1294],[83.6219,18.1147],[83.6348,18.1057],[83.6447,18.1064],[83.6677,18.0795],[83.7506,18.1293],[83.8603,18.1744],[83.8894,18.1962],[83.949,18.2164],[83.9227,18.2415],[83.9143,18.2641],[83.8886,18.29],[83.8845,18.3058],[83.8929,18.32],[83.8791,18.3339],[83.8683,18.3332],[83.8495,18.3055],[83.8222,18.3095],[83.8018,18.2757],[83.7794,18.2773],[83.7737,18.2938],[83.7426,18.2942],[83.7422,18.3153],[83.7263,18.3183],[83.705,18.3354],[83.7587,18.354],[83.7656,18.3839]]]},"properties":{"AC_NO":"7","AC_NAME":"Etcherla","district":"SRIKAKULAM","PC_NO":3,"PC_NAME":"VIZIANAGARAM"}},{"type":"Feature","geometry":{"type":"Polygon","coordinates":[[[84.1288,18.3442],[84.0584,18.3377],[84.0126,18.3506],[83.9557,18.3964],[83.9392,18.4184],[83.9188,18.3825],[83.9051,18.4014],[83.8899,18.3877],[83.8946,18.3664],[83.8811,18.3533],[83.8791,18.3339],[83.8929,18.32],[83.8845,18.3058],[83.8886,18.29],[83.9143,18.2641],[83.9227,18.2415],[83.949,18.2164],[84.0717,18.2766],[84.1258,18.3112],[84.1301,18.3164],[84.1288,18.3442]]]},"properties":{"AC_NO":"5","AC_NAME":"Srikakulam","district":"SRIKAKULAM","PC_NO":2,"PC_NAME":"SRIKAKULAM"}},{"type":"Feature","geometry":{"type":"Polygon","coordinates":[[[83.5823,18.41],[83.5765,18.4049],[83.5332,18.4444],[83.5023,18.4354],[83.4615,18.4384],[83.4455,18.4487],[83.4114,18.4146],[83.4267,18.4005],[83.4309,18.3832],[83.4262,18.3472],[83.4402,18.3115],[83.438,18.2854],[83.4247,18.2754],[83.4213,18.2505],[83.4079,18.248],[83.4077,18.2242],[83.4185,18.211],[83.4425,18.1996],[83.4565,18.1816],[83.4974,18.1796],[83.5206,18.1564],[83.5443,18.1971],[83.5778,18.2071],[83.6031,18.2009],[83.6027,18.2058],[83.608,18.2129],[83.6247,18.2119],[83.6352,18.2192],[83.6425,18.21],[83.6518,18.2068],[83.6665,18.2325],[83.667,18.2684],[83.6734,18.2824],[83.7024,18.289],[83.7091,18.2952],[83.6991,18.2975],[83.6949,18.3063],[83.6851,18.3054],[83.6713,18.3107],[83.6564,18.3221],[83.6273,18.3215],[83.6238,18.3332],[83.6055,18.3279],[83.6109,18.3358],[83.5852,18.354],[83.5893,18.3647],[83.5998,18.3668],[83.5952,18.3717],[83.6027,18.3747],[83.6053,18.3843],[83.6069,18.3894],[83.5966,18.4076],[83.5823,18.41]]]},"properties":{"AC_NO":"15","AC_NAME":"Cheepurupalle","district":"VIZIANAGARAM","PC_NO":3,"PC_NAME":"VIZIANAGARAM"}},{"type":"Feature","geometry":{"type":"Polygon","coordinates":[[[83.4079,18.248],[83.3878,18.2372],[83.3996,18.2213],[83.3825,18.1913],[83.3933,18.1768],[83.3852,18.1669],[83.4319,18.1596],[83.454,18.1229],[83.442,18.0961],[83.4283,18.0821],[83.4086,18.0772],[83.4029,18.057],[83.4037,18.0441],[83.3926,18.0175],[83.4209,18.0139],[83.4241,17.994],[83.4145,17.987],[83.4063,17.9638],[83.4217,17.9412],[83.4506,17.9233],[83.4447,17.928],[83.4459,17.9382],[83.4371,17.947],[83.4505,17.9451],[83.4513,17.9602],[83.4667,17.9661],[83.4731,17.9646],[83.4754,17.9533],[83.4823,17.9487],[83.5104,17.9549],[83.5246,17.9475],[83.5418,17.9613],[83.5581,17.9822],[83.5588,17.9967],[83.5686,18.0099],[83.6677,18.0795],[83.6447,18.1064],[83.6348,18.1057],[83.6219,18.1147],[83.624,18.1294],[83.6074,18.1434],[83.6023,18.1604],[83.6029,18.1647],[83.6116,18.1654],[83.6133,18.1715],[83.6099,18.1928],[83.5842,18.1934],[83.5778,18.2071],[83.5443,18.1971],[83.5206,18.1564],[83.4974,18.1796],[83.4565,18.1816],[83.4425,18.1996],[83.4185,18.211],[83.4077,18.2242],[83.4079,18.248]]]},"properties":{"AC_NO":"17","AC_NAME":"Nellimarla","district":"VIZIANAGARAM","PC_NO":3,"PC_NAME":"VIZIANAGARAM"}},{"type":"Feature","geometry":{"type":"Polygon","coordinates":[[[83.2031,18.194],[83.1895,18.1977],[83.173,18.2293],[83.166,18.2111],[83.1548,18.2087],[83.1617,18.1945],[83.1604,18.1824],[83.1388,18.1691],[83.1241,18.183],[83.1231,18.1925],[83.0779,18.1899],[83.0723,18.1755],[83.086,18.1529],[83.1169,18.157],[83.1122,18.1413],[83.1037,18.1431],[83.102,18.135],[83.1266,18.1185],[83.1046,18.1101],[83.1257,18.109],[83.1307,18.1048],[83.1236,18.0966],[83.1077,18.096],[83.0989,18.0902],[83.0738,18.0855],[83.0681,18.0733],[83.0462,18.072],[83.0499,18.064],[83.0249,18.0604],[83.0138,18.051],[83.0062,18.0237],[83.0113,18.0043],[83.0061,17.9769],[83.0332,17.973],[83.0526,17.9637],[83.0693,17.9445],[83.1105,17.9397],[83.1077,17.9237],[83.1201,17.9175],[83.125,17.9079],[83.1244,17.8865],[83.1291,17.8742],[83.136,17.8771],[83.1444,17.8719],[83.1485,17.8581],[83.1454,17.8454],[83.1611,17.8407],[83.1641,17.8493],[83.1857,17.846],[83.1863,17.8533],[83.2052,17.8478],[83.2056,17.8631],[83.2112,17.8821],[83.2164,17.882],[83.217,17.8759],[83.223,17.8736],[83.2308,17.876],[83.2389,17.9045],[83.2607,17.9158],[83.2466,17.9287],[83.236,17.9248],[83.2336,17.9363],[83.2242,17.9463],[83.2426,17.9508],[83.3086,17.9843],[83.3209,18.0021],[83.3048,18.0308],[83.3175,18.0261],[83.3203,18.0353],[83.334,18.0462],[83.3157,18.0536],[83.2846,18.0425],[83.2211,18.0316],[83.2173,18.0428],[83.1841,18.0637],[83.16,18.0476],[83.1415,18.0456],[83.1165,18.0544],[83.1047,18.0297],[83.0888,18.0462],[83.1049,18.0607],[83.1552,18.0748],[83.1744,18.0665],[83.2019,18.0771],[83.2277,18.0777],[83.237,18.0987],[83.2375,18.1237],[83.2273,18.1262],[83.2322,18.1557],[83.2063,18.1785],[83.2031,18.194]]]},"properties":{"AC_NO":"19","AC_NAME":"Srungavarapukota","district":"VIZIANAGARAM","PC_NO":4,"PC_NAME":"VISAKHAPATNAM"}},{"type":"Feature","geometry":{"type":"Polygon","coordinates":[[[83.3852,18.1669],[83.382,18.1518],[83.3597,18.1519],[83.3593,18.1766],[83.3444,18.1768],[83.336,18.1414],[83.3656,18.1276],[83.3444,18.1055],[83.32,18.1082],[83.3127,18.09],[83.3157,18.0536],[83.334,18.0462],[83.3583,18.0649],[83.3656,18.0648],[83.3641,18.0571],[83.3756,18.0518],[83.393,18.0505],[83.4029,18.057],[83.4086,18.0772],[83.4283,18.0821],[83.442,18.0961],[83.454,18.1229],[83.4319,18.1596],[83.3852,18.1669]]]},"properties":{"AC_NO":"18","AC_NAME":"Vizianagaram","district":"VIZIANAGARAM","PC_NO":3,"PC_NAME":"VIZIANAGARAM"}},{"type":"Feature","geometry":{"type":"Polygon","coordinates":[[[82.8826,18.0109],[82.8559,18.0199],[82.8229,18.0106],[82.8031,18.0116],[82.7685,18.0361],[82.7602,18.0473],[82.7326,18.0354],[82.723,18.0513],[82.7286,18.0655],[82.712,18.1016],[82.6692,18.096],[82.6597,18.1039],[82.6495,18.1474],[82.6266,18.1362],[82.6203,18.1149],[82.5875,18.1112],[82.5783,18.1034],[82.5171,18.1092],[82.4807,18.1074],[82.4482,18.1137],[82.4201,18.0836],[82.4018,18.0784],[82.3503,18.0777],[82.3438,18.058],[82.3284,18.059],[82.3194,18.0577],[82.3201,18.0448],[82.3077,18.0451],[82.3103,18.054],[82.2914,18.0689],[82.2726,18.0573],[82.2616,18.0419],[82.2734,18.0225],[82.2686,18.001],[82.2642,17.9959],[82.2495,17.9934],[82.2364,18.0027],[82.2222,18.0017],[82.2053,18.0184],[82.1878,18.0148],[82.1786,18.0204],[82.1843,18.0288],[82.1688,18.052],[82.1532,18.0479],[82.1467,18.0523],[82.1371,18.044],[82.1335,18.0599],[82.1249,18.0597],[82.1206,18.0643],[82.102,18.0603],[82.0961,18.0675],[82.0766,18.0753],[82.0658,18.0564],[82.0409,18.0572],[82.0329,18.0695],[82.0086,18.0577],[82.0062,18.0522],[82.0103,18.0313],[81.9944,18.0273],[81.992,18.02],[81.9793,18.0143],[81.9871,18.002],[81.997,17.9993],[82.0098,17.9806],[82.0072,17.9656],[82.0223,17.9572],[82.0277,17.9317],[82.0027,17.9009],[82.0048,17.8712],[82.017,17.8624],[82.0196,17.8396],[81.9774,17.8453],[81.9617,17.8168],[81.9347,17.8136],[81.9268,17.8008],[81.88,17.7725],[81.8771,17.7417],[81.8984,17.7455],[81.9353,17.7387],[81.9724,17.747],[81.9609,17.758],[81.9817,17.7688],[82.0181,17.7496],[82.0329,17.709],[82.0163,17.6616],[82.0018,17.6392],[82.0161,17.6188],[82.0516,17.6434],[82.0762,17.6449],[82.09,17.6569],[82.1165,17.6559],[82.1373,17.648],[82.1377,17.6354],[82.1629,17.6106],[82.1814,17.6088],[82.1908,17.6226],[82.2281,17.6388],[82.2486,17.6195],[82.2764,17.6245],[82.275,17.6119],[82.304,17.5902],[82.341,17.5873],[82.3421,17.5752],[82.3581,17.5763],[82.3703,17.5711],[82.3858,17.5736],[82.4508,17.5934],[82.473,17.6152],[82.4741,17.6328],[82.4595,17.631],[82.4441,17.6423],[82.4175,17.637],[82.4167,17.6462],[82.4254,17.6559],[82.4152,17.6653],[82.389,17.632],[82.3656,17.6379],[82.3601,17.66],[82.3635,17.6705],[82.3913,17.6797],[82.4276,17.6824],[82.4433,17.7123],[82.4654,17.7132],[82.4747,17.7311],[82.4989,17.7176],[82.5168,17.7171],[82.5107,17.6967],[82.5126,17.6877],[82.5336,17.6905],[82.5506,17.7016],[82.5783,17.7491],[82.58,17.7619],[82.6075,17.7563],[82.611,17.7699],[82.6273,17.7747],[82.6447,17.7668],[82.6481,17.7953],[82.6369,17.8225],[82.6836,17.8344],[82.699,17.8394],[82.7159,17.8573],[82.6928,17.8794],[82.6726,17.8947],[82.6852,17.9037],[82.7092,17.8998],[82.7279,17.9188],[82.7182,17.9307],[82.7236,17.9394],[82.7403,17.9387],[82.7551,17.9213],[82.7889,17.9237],[82.7979,17.9107],[82.8321,17.9171],[82.8578,17.9527],[82.8462,17.9588],[82.8435,17.9701],[82.8243,17.9807],[82.8715,17.9906],[82.8826,18.0109]]]},"properties":{"AC_NO":"29","AC_NAME":"Paderu (ST)","district":"ALLURI SITHARAMA RAJU","PC_NO":1,"PC_NAME":"ARAKU (ST)"}},{"type":"Feature","geometry":{"type":"Polygon","coordinates":[[[83.0738,18.0855],[83.0384,18.0865],[83.0112,18.1238],[82.9891,18.118],[82.9843,18.1076],[83.0026,18.0964],[83.0031,18.0749],[83.0095,18.0646],[82.9917,18.0318],[82.9731,18.0104],[82.9687,17.9922],[82.9423,17.9745],[82.9322,17.9918],[82.89,17.9919],[82.8826,18.0109],[82.8715,17.9906],[82.8243,17.9807],[82.8435,17.9701],[82.8462,17.9588],[82.8578,17.9527],[82.8321,17.9171],[82.7979,17.9107],[82.7889,17.9237],[82.7551,17.9213],[82.7403,17.9387],[82.7236,17.9394],[82.7182,17.9307],[82.7279,17.9188],[82.7092,17.8998],[82.6852,17.9037],[82.6726,17.8947],[82.6928,17.8794],[82.7159,17.8573],[82.699,17.8394],[82.6836,17.8344],[82.7805,17.8234],[82.815,17.8216],[82.8707,17.8446],[82.8698,17.8714],[82.8967,17.8515],[82.9354,17.8562],[82.9339,17.8802],[82.955,17.8682],[82.9857,17.8689],[82.9841,17.8509],[82.9696,17.8288],[82.9893,17.8069],[83.0297,17.8207],[83.1075,17.8486],[83.1255,17.8634],[83.1291,17.8742],[83.1244,17.8865],[83.125,17.9079],[83.1201,17.9175],[83.1077,17.9237],[83.1105,17.9397],[83.0693,17.9445],[83.0526,17.9637],[83.0332,17.973],[83.0061,17.9769],[83.0113,18.0043],[83.0062,18.0237],[83.0138,18.051],[83.0249,18.0604],[83.0499,18.064],[83.0462,18.072],[83.0681,18.0733],[83.0738,18.0855]]]},"properties":{"AC_NO":"27","AC_NAME":"Madugula","district":"ANAKAPALLI","PC_NO":5,"PC_NAME":"ANAKAPALLE"}},{"type":"Feature","geometry":{"type":"Polygon","coordinates":[[[83.4029,18.057],[83.393,18.0505],[83.3756,18.0518],[83.3641,18.0571],[83.3656,18.0648],[83.3583,18.0649],[83.334,18.0462],[83.3203,18.0353],[83.3175,18.0261],[83.3048,18.0308],[83.3209,18.0021],[83.3086,17.9843],[83.2426,17.9508],[83.2242,17.9463],[83.2336,17.9363],[83.236,17.9248],[83.2466,17.9287],[83.2607,17.9158],[83.2389,17.9045],[83.2308,17.876],[83.2363,17.8736],[83.2312,17.8575],[83.2393,17.8519],[83.2405,17.8332],[83.2582,17.8314],[83.264,17.8171],[83.2375,17.8048],[83.2232,17.7919],[83.2207,17.7657],[83.1912,17.765],[83.1975,17.729],[83.1985,17.7272],[83.2161,17.7307],[83.2382,17.7463],[83.2533,17.7304],[83.2891,17.7319],[83.3132,17.7265],[83.3248,17.7135],[83.3444,17.7235],[83.3446,17.7391],[83.3544,17.7557],[83.3857,17.7772],[83.3912,17.7931],[83.4114,17.8099],[83.4173,17.8344],[83.4118,17.8416],[83.4203,17.8571],[83.4447,17.873],[83.4568,17.8894],[83.4552,17.8964],[83.4715,17.9126],[83.5246,17.9475],[83.5104,17.9549],[83.4823,17.9487],[83.4754,17.9533],[83.4731,17.9646],[83.4667,17.9661],[83.4513,17.9602],[83.4505,17.9451],[83.4371,17.947],[83.4459,17.9382],[83.4447,17.928],[83.4506,17.9233],[83.4217,17.9412],[83.4063,17.9638],[83.4145,17.987],[83.4241,17.994],[83.4209,18.0139],[83.3926,18.0175],[83.4037,18.0441],[83.4029,18.057]]]},"properties":{"AC_NO":"20","AC_NAME":"Bhimili","district":"VISAKHAPATNAM","PC_NO":4,"PC_NAME":"VISAKHAPATNAM"}},{"type":"Feature","geometry":{"type":"Polygon","coordinates":[[[81.9793,18.0143],[81.9629,17.9993],[81.9366,17.9903],[81.9199,17.9912],[81.9037,17.9767],[81.8934,17.9763],[81.8665,17.9633],[81.8099,17.951],[81.7901,17.9208],[81.7714,17.9125],[81.7633,17.9026],[81.7727,17.8975],[81.7746,17.8864],[81.8069,17.8692],[81.8114,17.8595],[81.7895,17.8399],[81.7742,17.84],[81.7641,17.8271],[81.7467,17.8318],[81.712,17.8103],[81.699,17.7824],[81.676,17.7762],[81.634,17.7737],[81.6158,17.751],[81.5835,17.7324],[81.5816,17.6932],[81.5678,17.6817],[81.5443,17.6361],[81.5242,17.6215],[81.5165,17.6003],[81.5367,17.5846],[81.5318,17.5675],[81.5123,17.545],[81.5105,17.5194],[81.5246,17.5048],[81.5157,17.4845],[81.4983,17.4815],[81.5126,17.4729],[81.5172,17.4569],[81.5309,17.4407],[81.5409,17.4369],[81.5636,17.4403],[81.5759,17.4331],[81.5862,17.406],[81.6032,17.4117],[81.6145,17.4068],[81.6163,17.4009],[81.6099,17.3974],[81.6047,17.3762],[81.6147,17.3523],[81.611,17.3436],[81.6149,17.3314],[81.6277,17.325],[81.6425,17.3243],[81.6794,17.3017],[81.6803,17.2912],[81.6631,17.2829],[81.6573,17.2683],[81.6642,17.2605],[81.683,17.2557],[81.6914,17.2241],[81.7105,17.2161],[81.7233,17.2248],[81.7514,17.2244],[81.77,17.2375],[81.801,17.2364],[81.8212,17.254],[81.8261,17.2706],[81.8241,17.2909],[81.8321,17.3001],[81.8643,17.2697],[81.8782,17.2742],[81.8775,17.2933],[81.8894,17.3018],[81.8984,17.2954],[81.9217,17.2935],[81.9133,17.2693],[81.9155,17.2623],[81.9452,17.2676],[81.9742,17.2919],[81.9977,17.2954],[82.0217,17.291],[82.0347,17.272],[82.0589,17.2761],[82.078,17.2684],[82.0869,17.2843],[82.059,17.297],[82.0436,17.314],[82.045,17.3665],[82.0541,17.3802],[82.0666,17.379],[82.079,17.3836],[82.0976,17.3801],[82.1081,17.3966],[82.1223,17.3799],[82.1437,17.3661],[82.168,17.3615],[82.1792,17.3643],[82.2038,17.3797],[82.2297,17.4094],[82.2707,17.4391],[82.2797,17.4638],[82.2838,17.4759],[82.3319,17.5048],[82.3326,17.5184],[82.3376,17.524],[82.329,17.5572],[82.3421,17.5752],[82.341,17.5873],[82.304,17.5902],[82.275,17.6119],[82.2764,17.6245],[82.2486,17.6195],[82.2281,17.6388],[82.1908,17.6226],[82.1814,17.6088],[82.1629,17.6106],[82.1377,17.6354],[82.1373,17.648],[82.1165,17.6559],[82.09,17.6569],[82.0762,17.6449],[82.0516,17.6434],[82.0161,17.6188],[82.0018,17.6392],[82.0163,17.6616],[82.0329,17.709],[82.0181,17.7496],[81.9817,17.7688],[81.9609,17.758],[81.9724,17.747],[81.9353,17.7387],[81.8984,17.7455],[81.8771,17.7417],[81.88,17.7725],[81.9268,17.8008],[81.9347,17.8136],[81.9617,17.8168],[81.9774,17.8453],[82.0196,17.8396],[82.017,17.8624],[82.0048,17.8712],[82.0027,17.9009],[82.0277,17.9317],[82.0223,17.9572],[82.0072,17.9656],[82.0098,17.9806],[81.997,17.9993],[81.9871,18.002],[81.9793,18.0143]]]},"properties":{"AC_NO":"53","AC_NAME":"Rampachodavaram(ST)","district":"ALLURI SITHARAMA RAJU","PC_NO":1,"PC_NAME":"ARAKU (ST)"}},{"type":"Feature","geometry":{"type":"Polygon","coordinates":[[[82.6836,17.8344],[82.6369,17.8225],[82.6481,17.7953],[82.6447,17.7668],[82.6273,17.7747],[82.611,17.7699],[82.6075,17.7563],[82.58,17.7619],[82.5783,17.7491],[82.6118,17.7065],[82.6226,17.7052],[82.6413,17.6862],[82.6726,17.6871],[82.6644,17.6642],[82.6718,17.6429],[82.7069,17.6618],[82.7075,17.6899],[82.7235,17.6985],[82.7591,17.6954],[82.7873,17.6796],[82.8109,17.6727],[82.8438,17.674],[82.8564,17.6853],[82.8883,17.6675],[82.9022,17.6914],[82.9181,17.7039],[82.9085,17.7314],[82.9117,17.7562],[82.9265,17.7522],[82.9426,17.764],[82.9762,17.7568],[83.0175,17.7728],[83.0321,17.8051],[83.0297,17.8207],[82.9893,17.8069],[82.9696,17.8288],[82.9841,17.8509],[82.9857,17.8689],[82.955,17.8682],[82.9339,17.8802],[82.9354,17.8562],[82.8967,17.8515],[82.8698,17.8714],[82.8707,17.8446],[82.815,17.8216],[82.7805,17.8234],[82.6836,17.8344]]]},"properties":{"AC_NO":"26","AC_NAME":"Chodavaram","district":"ANAKAPALLI","PC_NO":5,"PC_NAME":"ANAKAPALLE"}},{"type":"Feature","geometry":{"type":"Polygon","coordinates":[[[83.2308,17.876],[83.223,17.8736],[83.217,17.8759],[83.2164,17.882],[83.2112,17.8821],[83.2056,17.8631],[83.2052,17.8478],[83.1863,17.8533],[83.1857,17.846],[83.1641,17.8493],[83.1611,17.8407],[83.1454,17.8454],[83.1485,17.8581],[83.1444,17.8719],[83.136,17.8771],[83.1291,17.8742],[83.1255,17.8634],[83.1075,17.8486],[83.0297,17.8207],[83.0321,17.8051],[83.0175,17.7728],[83.0466,17.77],[83.0544,17.746],[83.078,17.7477],[83.0886,17.728],[83.0757,17.72],[83.0743,17.6992],[83.0556,17.6801],[83.0509,17.6598],[83.0451,17.6279],[83.0538,17.616],[83.0454,17.5911],[83.0771,17.5911],[83.0601,17.5541],[83.0601,17.5379],[83.0661,17.525],[83.0888,17.5322],[83.1023,17.5417],[83.1619,17.5601],[83.1752,17.5744],[83.2129,17.591],[83.238,17.6123],[83.2396,17.6316],[83.2593,17.6435],[83.2597,17.6499],[83.282,17.6606],[83.276,17.6691],[83.2675,17.6754],[83.229,17.6698],[83.1981,17.6815],[83.1813,17.6678],[83.1828,17.6472],[83.1491,17.6406],[83.1387,17.6435],[83.1382,17.6703],[83.1212,17.6828],[83.1092,17.6849],[83.1055,17.6948],[83.1284,17.7153],[83.1492,17.7079],[83.1631,17.7275],[83.1975,17.729],[83.1912,17.765],[83.2207,17.7657],[83.2232,17.7919],[83.2375,17.8048],[83.264,17.8171],[83.2582,17.8314],[83.2405,17.8332],[83.2393,17.8519],[83.2312,17.8575],[83.2363,17.8736],[83.2308,17.876]]]},"properties":{"AC_NO":"31","AC_NAME":"Pendurthi","district":"ANAKAPALLI","PC_NO":5,"PC_NAME":"ANAKAPALLE"}},{"type":"Feature","geometry":{"type":"Polygon","coordinates":[[[82.8109,17.6727],[82.8029,17.6604],[82.8034,17.6329],[82.7895,17.6123],[82.8037,17.5933],[82.8478,17.6016],[82.868,17.5877],[82.9003,17.5856],[82.9098,17.6099],[82.9351,17.6242],[82.9446,17.641],[82.9692,17.6464],[82.979,17.6666],[83.019,17.6589],[83.0509,17.6598],[83.0556,17.6801],[83.0743,17.6992],[83.0757,17.72],[83.0886,17.728],[83.078,17.7477],[83.0544,17.746],[83.0466,17.77],[83.0175,17.7728],[82.9762,17.7568],[82.9426,17.764],[82.9265,17.7522],[82.9117,17.7562],[82.9085,17.7314],[82.9181,17.7039],[82.9022,17.6914],[82.8883,17.6675],[82.8564,17.6853],[82.8438,17.674],[82.8109,17.6727]]]},"properties":{"AC_NO":"30","AC_NAME":"Anakapalle","district":"ANAKAPALLI","PC_NO":5,"PC_NAME":"ANAKAPALLE"}},{"type":"Feature","geometry":{"type":"Polygon","coordinates":[[[83.2891,17.7319],[83.2533,17.7304],[83.2382,17.7463],[83.2161,17.7307],[83.2171,17.723],[83.2624,17.7094],[83.2914,17.7131],[83.2891,17.7319]]]},"properties":{"AC_NO":"23","AC_NAME":"Visakhapatnam North","district":"VISAKHAPATNAM","PC_NO":4,"PC_NAME":"VISAKHAPATNAM"}},{"type":"Feature","geometry":{"type":"Polygon","coordinates":[[[82.8109,17.6727],[82.7873,17.6796],[82.7591,17.6954],[82.7235,17.6985],[82.7075,17.6899],[82.7069,17.6618],[82.6718,17.6429],[82.6644,17.6642],[82.6726,17.6871],[82.6413,17.6862],[82.6226,17.7052],[82.6118,17.7065],[82.5783,17.7491],[82.5506,17.7016],[82.5336,17.6905],[82.5126,17.6877],[82.5107,17.6967],[82.5168,17.7171],[82.4989,17.7176],[82.4747,17.7311],[82.4654,17.7132],[82.4433,17.7123],[82.4276,17.6824],[82.3913,17.6797],[82.3635,17.6705],[82.3601,17.66],[82.3656,17.6379],[82.389,17.632],[82.4152,17.6653],[82.4254,17.6559],[82.4167,17.6462],[82.4175,17.637],[82.4441,17.6423],[82.4595,17.631],[82.4741,17.6328],[82.473,17.6152],[82.4508,17.5934],[82.3858,17.5736],[82.3703,17.5711],[82.3581,17.5763],[82.3421,17.5752],[82.329,17.5572],[82.3376,17.524],[82.3326,17.5184],[82.3319,17.5048],[82.3448,17.4945],[82.3592,17.5084],[82.3755,17.5108],[82.3786,17.5073],[82.3674,17.4898],[82.3729,17.4797],[82.3888,17.4793],[82.4103,17.467],[82.4378,17.4714],[82.4512,17.4809],[82.4547,17.4942],[82.4497,17.5115],[82.4654,17.5125],[82.4803,17.5013],[82.4873,17.4997],[82.4944,17.5005],[82.5023,17.5097],[82.5054,17.5036],[82.517,17.502],[82.5385,17.5078],[82.5465,17.5134],[82.552,17.5277],[82.5521,17.5277],[82.5761,17.5288],[82.593,17.5387],[82.6106,17.5384],[82.6023,17.5635],[82.6111,17.5836],[82.6282,17.5745],[82.6443,17.5779],[82.6509,17.5928],[82.6307,17.6063],[82.6382,17.6189],[82.6585,17.6192],[82.67,17.6003],[82.6905,17.6023],[82.7217,17.5704],[82.7571,17.5571],[82.7885,17.5587],[82.7852,17.5679],[82.8037,17.5933],[82.7895,17.6123],[82.8034,17.6329],[82.8029,17.6604],[82.8109,17.6727]]]},"properties":{"AC_NO":"34","AC_NAME":"Narsipatnam","district":"ANAKAPALLI","PC_NO":5,"PC_NAME":"ANAKAPALLE"}},{"type":"Feature","geometry":{"type":"Polygon","coordinates":[[[83.2891,17.7319],[83.2914,17.7131],[83.2965,17.6933],[83.3005,17.6965],[83.3248,17.7135],[83.3132,17.7265],[83.2891,17.7319]]]},"properties":{"AC_NO":"21","AC_NAME":"Visakhapatnam East","district":"VISAKHAPATNAM","PC_NO":4,"PC_NAME":"VISAKHAPATNAM"}},{"type":"Feature","geometry":{"type":"Polygon","coordinates":[[[83.1985,17.7272],[83.211,17.7097],[83.1981,17.6815],[83.229,17.6698],[83.2675,17.6754],[83.276,17.6691],[83.2731,17.6929],[83.2624,17.7094],[83.2171,17.723],[83.2161,17.7307],[83.1985,17.7272]]]},"properties":{"AC_NO":"24","AC_NAME":"Visakhapatnam West","district":"VISAKHAPATNAM","PC_NO":4,"PC_NAME":"VISAKHAPATNAM"}},{"type":"Feature","geometry":{"type":"Polygon","coordinates":[[[83.1975,17.729],[83.1631,17.7275],[83.1492,17.7079],[83.1284,17.7153],[83.1055,17.6948],[83.1092,17.6849],[83.1212,17.6828],[83.1382,17.6703],[83.1387,17.6435],[83.1491,17.6406],[83.1828,17.6472],[83.1813,17.6678],[83.1981,17.6815],[83.211,17.7097],[83.1985,17.7272],[83.1975,17.729]]]},"properties":{"AC_NO":"25","AC_NAME":"Gajuwaka","district":"VISAKHAPATNAM","PC_NO":4,"PC_NAME":"VISAKHAPATNAM"}},{"type":"Feature","geometry":{"type":"Polygon","coordinates":[[[83.2914,17.7131],[83.2624,17.7094],[83.2731,17.6929],[83.276,17.6691],[83.282,17.6606],[83.2947,17.6749],[83.2948,17.6897],[83.2961,17.6929],[83.2965,17.6933],[83.2914,17.7131]]]},"properties":{"AC_NO":"22","AC_NAME":"Visakhapatnam South","district":"VISAKHAPATNAM","PC_NO":4,"PC_NAME":"VISAKHAPATNAM"}},{"type":"Feature","geometry":{"type":"Polygon","coordinates":[[[83.0509,17.6598],[83.019,17.6589],[82.979,17.6666],[82.9692,17.6464],[82.9446,17.641],[82.9351,17.6242],[82.9098,17.6099],[82.9003,17.5856],[82.868,17.5877],[82.8478,17.6016],[82.8037,17.5933],[82.7852,17.5679],[82.7885,17.5587],[82.7951,17.5468],[82.7424,17.5055],[82.7553,17.4846],[82.7805,17.4856],[82.7897,17.4706],[82.8041,17.4687],[82.8173,17.4822],[82.8172,17.5061],[82.8272,17.5253],[82.8462,17.5332],[82.853,17.4661],[82.8718,17.448],[82.8925,17.443],[82.8988,17.4321],[82.992,17.4725],[83.0145,17.5034],[83.0661,17.525],[83.0601,17.5379],[83.0601,17.5541],[83.0771,17.5911],[83.0454,17.5911],[83.0538,17.616],[83.0451,17.6279],[83.0509,17.6598]]]},"properties":{"AC_NO":"32","AC_NAME":"Yelamanchili","district":"ANAKAPALLI","PC_NO":5,"PC_NAME":"ANAKAPALLE"}},{"type":"Feature","geometry":{"type":"Polygon","coordinates":[[[82.7885,17.5587],[82.7571,17.5571],[82.7217,17.5704],[82.6905,17.6023],[82.67,17.6003],[82.6585,17.6192],[82.6382,17.6189],[82.6307,17.6063],[82.6509,17.5928],[82.6443,17.5779],[82.6282,17.5745],[82.6111,17.5836],[82.6023,17.5635],[82.6106,17.5384],[82.593,17.5387],[82.5761,17.5288],[82.5521,17.5277],[82.5582,17.5218],[82.561,17.4912],[82.5678,17.4927],[82.5854,17.4695],[82.6048,17.4596],[82.5985,17.4437],[82.583,17.4251],[82.5603,17.4083],[82.5429,17.3749],[82.5598,17.3423],[82.5575,17.3261],[82.5355,17.3276],[82.5345,17.3065],[82.5181,17.2987],[82.5255,17.2715],[82.539,17.2639],[82.5424,17.2489],[82.703,17.3439],[82.8988,17.4321],[82.8925,17.443],[82.8718,17.448],[82.853,17.4661],[82.8462,17.5332],[82.8272,17.5253],[82.8172,17.5061],[82.8173,17.4822],[82.8041,17.4687],[82.7897,17.4706],[82.7805,17.4856],[82.7553,17.4846],[82.7424,17.5055],[82.7951,17.5468],[82.7885,17.5587]]]},"properties":{"AC_NO":"33","AC_NAME":"Payakaraopet (SC)","district":"ANAKAPALLI","PC_NO":5,"PC_NAME":"ANAKAPALLE"}},{"type":"Feature","geometry":{"type":"Polygon","coordinates":[[[82.5521,17.5277],[82.552,17.5277],[82.5465,17.5134],[82.5385,17.5078],[82.517,17.502],[82.5054,17.5036],[82.5023,17.5097],[82.4944,17.5005],[82.4873,17.4997],[82.4803,17.5013],[82.4654,17.5125],[82.4497,17.5115],[82.4547,17.4942],[82.4512,17.4809],[82.4378,17.4714],[82.4103,17.467],[82.3888,17.4793],[82.3729,17.4797],[82.3674,17.4898],[82.3786,17.5073],[82.3755,17.5108],[82.3592,17.5084],[82.3448,17.4945],[82.3319,17.5048],[82.2838,17.4759],[82.2797,17.4638],[82.2906,17.458],[82.2942,17.4423],[82.3111,17.4144],[82.3088,17.3897],[82.3282,17.3786],[82.413,17.3674],[82.4425,17.36],[82.431,17.3367],[82.4107,17.3247],[82.4116,17.283],[82.4056,17.2655],[82.3908,17.2711],[82.3863,17.2941],[82.3587,17.2807],[82.3497,17.2593],[82.3542,17.232],[82.3653,17.1842],[82.4011,17.1648],[82.4283,17.1931],[82.4441,17.1755],[82.5424,17.2489],[82.539,17.2639],[82.5255,17.2715],[82.5181,17.2987],[82.5345,17.3065],[82.5355,17.3276],[82.5575,17.3261],[82.5598,17.3423],[82.5429,17.3749],[82.5603,17.4083],[82.583,17.4251],[82.5985,17.4437],[82.6048,17.4596],[82.5854,17.4695],[82.5678,17.4927],[82.561,17.4912],[82.5582,17.5218],[82.5521,17.5277]]]},"properties":{"AC_NO":"35","AC_NAME":"Tuni","district":"KAKINADA","PC_NO":6,"PC_NAME":"KAKINADA"}},{"type":"Feature","geometry":{"type":"Polygon","coordinates":[[[81.4983,17.4815],[81.4956,17.4774],[81.5031,17.4639],[81.487,17.4352],[81.4604,17.4112],[81.4398,17.3799],[81.424,17.3676],[81.3797,17.3635],[81.354,17.3775],[81.3518,17.3954],[81.3342,17.3986],[81.3052,17.3462],[81.274,17.3175],[81.2456,17.3261],[81.2335,17.3207],[81.1904,17.3251],[81.1766,17.288],[81.1781,17.2694],[81.1876,17.255],[81.1736,17.231],[81.1014,17.2225],[81.0794,17.2154],[81.0549,17.2253],[81.0476,17.2056],[81.032,17.1921],[81.0392,17.1741],[81.0296,17.1575],[81.0341,17.1272],[81.0476,17.1192],[81.0389,17.0817],[81.0173,17.0845],[81.0101,17.0649],[81.0215,17.0355],[81.0436,17.041],[81.0707,17.0387],[81.0577,16.9913],[81.0935,16.9859],[81.0982,17.0075],[81.1128,17.0193],[81.1156,17.0336],[81.1369,17.0309],[81.1568,17.0408],[81.1751,17.0327],[81.1917,17.0405],[81.2247,17.0363],[81.2327,17.0611],[81.2239,17.0885],[81.2085,17.0943],[81.1972,17.1115],[81.1549,17.1239],[81.1516,17.1519],[81.1728,17.1401],[81.1757,17.1658],[81.2014,17.1709],[81.2179,17.1449],[81.2303,17.1616],[81.273,17.1687],[81.2894,17.1512],[81.321,17.1428],[81.3074,17.1248],[81.3197,17.1041],[81.3397,17.112],[81.364,17.1115],[81.3741,17.1193],[81.403,17.1089],[81.4003,17.0893],[81.3618,17.0679],[81.3448,17.0463],[81.3578,17.0211],[81.3705,17.0297],[81.3876,17.0329],[81.3915,17.0414],[81.4153,17.0419],[81.434,17.0111],[81.4462,17.0013],[81.4503,17.0071],[81.4476,17.0327],[81.4312,17.0419],[81.4261,17.0609],[81.4485,17.0721],[81.4475,17.0999],[81.466,17.1136],[81.4674,17.1322],[81.4775,17.1412],[81.4665,17.1699],[81.4943,17.1861],[81.5181,17.1899],[81.5447,17.2109],[81.5608,17.2003],[81.5712,17.1991],[81.5962,17.199],[81.5892,17.1849],[81.5979,17.1743],[81.613,17.1679],[81.6446,17.1518],[81.6635,17.1517],[81.6407,17.2073],[81.6416,17.2301],[81.6554,17.2495],[81.6573,17.2683],[81.6631,17.2829],[81.6803,17.2912],[81.6794,17.3017],[81.6425,17.3243],[81.6277,17.325],[81.6149,17.3314],[81.611,17.3436],[81.6147,17.3523],[81.6047,17.3762],[81.6099,17.3974],[81.6163,17.4009],[81.6145,17.4068],[81.6032,17.4117],[81.5862,17.406],[81.5759,17.4331],[81.5636,17.4403],[81.5409,17.4369],[81.5309,17.4407],[81.5172,17.4569],[81.5126,17.4729],[81.4983,17.4815]]]},"properties":{"AC_NO":"67","AC_NAME":"Polavaram (ST)","district":"ELURU","PC_NO":10,"PC_NAME":"ELURU"}},{"type":"Feature","geometry":{"type":"Polygon","coordinates":[[[82.2797,17.4638],[82.2707,17.4391],[82.2297,17.4094],[82.2038,17.3797],[82.1792,17.3643],[82.168,17.3615],[82.1437,17.3661],[82.1223,17.3799],[82.1081,17.3966],[82.0976,17.3801],[82.079,17.3836],[82.0666,17.379],[82.0541,17.3802],[82.045,17.3665],[82.0436,17.314],[82.059,17.297],[82.0869,17.2843],[82.078,17.2684],[82.098,17.2506],[82.0919,17.237],[82.1442,17.2139],[82.1809,17.2241],[82.2013,17.2144],[82.2287,17.2191],[82.2382,17.2339],[82.2692,17.237],[82.3091,17.2322],[82.3197,17.2198],[82.342,17.2345],[82.3542,17.232],[82.3497,17.2593],[82.3587,17.2807],[82.3863,17.2941],[82.3908,17.2711],[82.4056,17.2655],[82.4116,17.283],[82.4107,17.3247],[82.431,17.3367],[82.4425,17.36],[82.413,17.3674],[82.3282,17.3786],[82.3088,17.3897],[82.3111,17.4144],[82.2942,17.4423],[82.2906,17.458],[82.2797,17.4638]]]},"properties":{"AC_NO":"36","AC_NAME":"Prathipadu","district":"KAKINADA","PC_NO":6,"PC_NAME":"KAKINADA"}},{"type":"Feature","geometry":{"type":"Polygon","coordinates":[[[82.078,17.2684],[82.0589,17.2761],[82.0347,17.272],[82.0217,17.291],[81.9977,17.2954],[81.9742,17.2919],[81.9452,17.2676],[81.9155,17.2623],[81.9133,17.2693],[81.9217,17.2935],[81.8984,17.2954],[81.8894,17.3018],[81.8775,17.2933],[81.8782,17.2742],[81.8643,17.2697],[81.8321,17.3001],[81.8241,17.2909],[81.8261,17.2706],[81.8212,17.254],[81.801,17.2364],[81.77,17.2375],[81.7831,17.2029],[81.8094,17.1999],[81.8075,17.1843],[81.8205,17.1757],[81.866,17.1837],[81.9024,17.1681],[81.9101,17.152],[81.9064,17.1433],[81.9129,17.133],[81.9195,17.0957],[81.9331,17.0985],[81.9644,17.1159],[81.9941,17.113],[82.0346,17.0931],[82.0431,17.0772],[82.0569,17.0713],[82.0767,17.0849],[82.0817,17.1176],[82.0971,17.1311],[82.1119,17.1669],[82.135,17.1671],[82.1814,17.1476],[82.2,17.1789],[82.2013,17.2144],[82.1809,17.2241],[82.1442,17.2139],[82.0919,17.237],[82.098,17.2506],[82.078,17.2684]]]},"properties":{"AC_NO":"52","AC_NAME":"Jaggampeta","district":"KAKINADA","PC_NO":6,"PC_NAME":"KAKINADA"}},{"type":"Feature","geometry":{"type":"Polygon","coordinates":[[[81.6573,17.2683],[81.6554,17.2495],[81.6416,17.2301],[81.6407,17.2073],[81.6635,17.1517],[81.6648,17.1336],[81.6807,17.0948],[81.697,17.0856],[81.7227,17.051],[81.7492,17.0653],[81.7614,17.0783],[81.7851,17.0656],[81.7842,17.0302],[81.8086,17.0247],[81.8237,17.0034],[81.846,16.997],[81.8464,16.9747],[81.8285,16.96],[81.8263,16.9386],[81.8401,16.9248],[81.8569,16.924],[81.8649,16.9358],[81.8825,16.9455],[81.8984,16.9458],[81.9156,16.9697],[81.9341,16.9539],[81.9369,16.9399],[81.9616,16.9492],[81.9655,16.9702],[81.9596,16.9894],[81.93,17.0228],[81.9647,17.0455],[81.9416,17.0682],[81.9157,17.0764],[81.9195,17.0957],[81.9129,17.133],[81.9064,17.1433],[81.9101,17.152],[81.9024,17.1681],[81.866,17.1837],[81.8205,17.1757],[81.8075,17.1843],[81.8094,17.1999],[81.7831,17.2029],[81.77,17.2375],[81.7514,17.2244],[81.7233,17.2248],[81.7105,17.2161],[81.6914,17.2241],[81.683,17.2557],[81.6642,17.2605],[81.6573,17.2683]]]},"properties":{"AC_NO":"49","AC_NAME":"Rajanagaram","district":"EAST GODAVARI","PC_NO":8,"PC_NAME":"RAJAHMUNDRY"}},{"type":"Feature","geometry":{"type":"Polygon","coordinates":[[[82.3542,17.232],[82.342,17.2345],[82.3197,17.2198],[82.3091,17.2322],[82.2692,17.237],[82.2382,17.2339],[82.2287,17.2191],[82.2013,17.2144],[82.2,17.1789],[82.1814,17.1476],[82.1637,17.1295],[82.1768,17.0854],[82.1967,17.0821],[82.2243,17.0907],[82.2601,17.0677],[82.269,17.0593],[82.2924,17.0531],[82.307,17.0424],[82.4441,17.1755],[82.4283,17.1931],[82.4011,17.1648],[82.3653,17.1842],[82.3542,17.232]]]},"properties":{"AC_NO":"37","AC_NAME":"Pithapuram","district":"KAKINADA","PC_NO":6,"PC_NAME":"KAKINADA"}},{"type":"Feature","geometry":{"type":"Polygon","coordinates":[[[81.032,17.1921],[81.0125,17.1948],[80.9984,17.1906],[80.9754,17.2008],[80.9677,17.1987],[80.9682,17.2031],[80.9589,17.2053],[80.943,17.2184],[80.9354,17.2202],[80.9189,17.2199],[80.9165,17.2158],[80.9181,17.1901],[80.9255,17.1836],[80.9238,17.1577],[80.9096,17.1539],[80.8795,17.1606],[80.8796,17.1344],[80.8679,17.1233],[80.8763,17.1056],[80.8675,17.0806],[80.877,17.0702],[80.9182,17.065],[80.9429,17.0671],[80.9609,17.0465],[80.9643,17.0329],[80.9522,16.9907],[80.9361,16.9827],[80.9342,16.9599],[80.9563,16.9363],[80.9609,16.9127],[80.9752,16.8957],[80.983,16.8742],[81.0031,16.8661],[81.022,16.871],[81.0386,16.8646],[81.0562,16.868],[81.0629,16.8861],[81.0872,16.9131],[81.1233,16.9054],[81.1563,16.8797],[81.1862,16.8728],[81.178,16.8898],[81.1996,16.8935],[81.2104,16.9247],[81.2036,16.9392],[81.2049,16.9649],[81.2372,16.9676],[81.2558,17.024],[81.2791,17.011],[81.2981,17.0095],[81.3052,17.0338],[81.3325,17.0486],[81.3448,17.0463],[81.3618,17.0679],[81.4003,17.0893],[81.403,17.1089],[81.3741,17.1193],[81.364,17.1115],[81.3397,17.112],[81.3197,17.1041],[81.3074,17.1248],[81.321,17.1428],[81.2894,17.1512],[81.273,17.1687],[81.2303,17.1616],[81.2179,17.1449],[81.2014,17.1709],[81.1757,17.1658],[81.1728,17.1401],[81.1516,17.1519],[81.1549,17.1239],[81.1972,17.1115],[81.2085,17.0943],[81.2239,17.0885],[81.2327,17.0611],[81.2247,17.0363],[81.1917,17.0405],[81.1751,17.0327],[81.1568,17.0408],[81.1369,17.0309],[81.1156,17.0336],[81.1128,17.0193],[81.0982,17.0075],[81.0935,16.9859],[81.0577,16.9913],[81.0707,17.0387],[81.0436,17.041],[81.0215,17.0355],[81.0101,17.0649],[81.0173,17.0845],[81.0389,17.0817],[81.0476,17.1192],[81.0341,17.1272],[81.0296,17.1575],[81.0392,17.1741],[81.032,17.1921]]]},"properties":{"AC_NO":"68","AC_NAME":"Chintalapudi (SC)","district":"ELURU","PC_NO":10,"PC_NAME":"ELURU"}},{"type":"Feature","geometry":{"type":"Polygon","coordinates":[[[81.613,17.1679],[81.5979,17.1743],[81.5892,17.1849],[81.5962,17.199],[81.5712,17.1991],[81.5608,17.2003],[81.5447,17.2109],[81.5181,17.1899],[81.4943,17.1861],[81.4665,17.1699],[81.4775,17.1412],[81.4674,17.1322],[81.466,17.1136],[81.4475,17.0999],[81.4485,17.0721],[81.4261,17.0609],[81.4312,17.0419],[81.4476,17.0327],[81.4503,17.0071],[81.4462,17.0013],[81.434,17.0111],[81.4153,17.0419],[81.3915,17.0414],[81.3876,17.0329],[81.3705,17.0297],[81.3578,17.0211],[81.3448,17.0463],[81.3325,17.0486],[81.3052,17.0338],[81.2981,17.0095],[81.2791,17.011],[81.2558,17.024],[81.2372,16.9676],[81.2049,16.9649],[81.2036,16.9392],[81.2104,16.9247],[81.1996,16.8935],[81.178,16.8898],[81.1862,16.8728],[81.208,16.8658],[81.2186,16.8461],[81.2439,16.8463],[81.2494,16.8246],[81.2688,16.8233],[81.2674,16.8484],[81.2901,16.8458],[81.296,16.8222],[81.3225,16.8283],[81.3528,16.8693],[81.3562,16.8896],[81.3625,16.8978],[81.381,16.8999],[81.4038,16.8929],[81.4465,16.8974],[81.4578,16.8925],[81.4739,16.8943],[81.4814,16.9008],[81.483,16.941],[81.4916,16.9587],[81.5106,16.9423],[81.5336,16.9427],[81.5347,16.9527],[81.5632,16.9544],[81.5727,16.9754],[81.5925,16.9779],[81.5985,17.0112],[81.6435,17.0186],[81.6445,17.044],[81.6084,17.0632],[81.6096,17.1008],[81.5859,17.1181],[81.5852,17.153],[81.613,17.1679]]]},"properties":{"AC_NO":"66","AC_NAME":"Gopalapuram (SC)","district":"EAST GODAVARI","PC_NO":8,"PC_NAME":"RAJAHMUNDRY"}},{"type":"Feature","geometry":{"type":"Polygon","coordinates":[[[82.1814,17.1476],[82.135,17.1671],[82.1119,17.1669],[82.0971,17.1311],[82.0817,17.1176],[82.0767,17.0849],[82.0569,17.0713],[82.0686,17.0556],[82.0716,17.0301],[82.0713,17.0238],[82.0546,17.0092],[82.0562,16.9886],[82.0647,16.9672],[82.0739,16.9565],[82.1057,16.9688],[82.1129,16.983],[82.1375,16.9802],[82.1639,16.9932],[82.1799,16.9802],[82.1999,16.9858],[82.1921,16.9985],[82.2028,17.0155],[82.2311,17.0147],[82.2289,17.0408],[82.2601,17.0677],[82.2243,17.0907],[82.1967,17.0821],[82.1768,17.0854],[82.1637,17.1295],[82.1814,17.1476]]]},"properties":{"AC_NO":"39","AC_NAME":"Peddapuram","district":"KAKINADA","PC_NO":6,"PC_NAME":"KAKINADA"}},{"type":"Feature","geometry":{"type":"Polygon","coordinates":[[[81.613,17.1679],[81.5852,17.153],[81.5859,17.1181],[81.6096,17.1008],[81.6084,17.0632],[81.6445,17.044],[81.6435,17.0186],[81.5985,17.0112],[81.5925,16.9779],[81.5727,16.9754],[81.5632,16.9544],[81.583,16.932],[81.6039,16.9227],[81.6624,16.9185],[81.6979,16.9218],[81.7244,16.9149],[81.7292,16.9444],[81.7448,16.9652],[81.7428,17.0018],[81.7316,17.02],[81.7227,17.051],[81.697,17.0856],[81.6807,17.0948],[81.6648,17.1336],[81.6635,17.1517],[81.6446,17.1518],[81.613,17.1679]]]},"properties":{"AC_NO":"54","AC_NAME":"Kovvur (SC)","district":"EAST GODAVARI","PC_NO":8,"PC_NAME":"RAJAHMUNDRY"}},{"type":"Feature","geometry":{"type":"Polygon","coordinates":[[[80.7966,17.0622],[80.7648,17.0669],[80.7389,17.0796],[80.6994,17.0838],[80.6951,17.0749],[80.6711,17.0703],[80.6535,17.0689],[80.6497,17.0718],[80.6567,17.0893],[80.6704,17.1012],[80.6418,17.116],[80.6368,17.1284],[80.6182,17.1286],[80.58,17.1534],[80.5626,17.1332],[80.5541,17.1339],[80.5277,17.1193],[80.5139,17.1223],[80.5128,17.1092],[80.5042,17.0933],[80.51,17.0872],[80.5055,17.0691],[80.4909,17.0513],[80.4714,17.0507],[80.4648,17.0303],[80.4386,17.0379],[80.4317,17.0558],[80.417,17.0739],[80.419,17.0923],[80.4121,17.0925],[80.3944,17.0764],[80.3857,17.0671],[80.3985,17.0527],[80.3958,17.0358],[80.4075,17.0259],[80.407,17.0158],[80.3879,17.0093],[80.365,16.9753],[80.4474,16.9559],[80.4933,16.9272],[80.4971,16.9547],[80.5051,16.9568],[80.5265,16.9478],[80.5354,16.9612],[80.5808,16.9373],[80.6022,16.9188],[80.5868,16.9037],[80.5941,16.8999],[80.595,16.8841],[80.6134,16.8803],[80.6496,16.8623],[80.6696,16.8999],[80.6683,16.9296],[80.712,16.8972],[80.7187,16.9291],[80.7106,16.9441],[80.7158,16.9717],[80.7471,16.9738],[80.7769,16.9364],[80.7669,16.9179],[80.7752,16.8928],[80.7997,16.8914],[80.8043,16.9073],[80.8302,16.9455],[80.8303,17.0015],[80.8236,17.0131],[80.8054,17.0153],[80.7968,17.0271],[80.784,17.032],[80.7827,17.0377],[80.7966,17.0622]]]},"properties":{"AC_NO":"69","AC_NAME":"Tiruvuru (SC)","district":"NTR","PC_NO":12,"PC_NAME":"VIJAYAWADA"}},{"type":"Feature","geometry":{"type":"Polygon","coordinates":[[[81.9195,17.0957],[81.9157,17.0764],[81.9416,17.0682],[81.9647,17.0455],[81.93,17.0228],[81.9596,16.9894],[81.9655,16.9702],[81.9616,16.9492],[81.9369,16.9399],[81.9403,16.8945],[81.958,16.874],[81.9591,16.8465],[81.9535,16.8203],[81.9712,16.811],[81.9745,16.8438],[82.0042,16.8946],[82.0246,16.8825],[82.0378,16.8837],[82.052,16.8571],[82.0743,16.8675],[82.0908,16.8654],[82.0996,16.8663],[82.1038,16.8728],[82.1149,16.8741],[82.1239,16.8822],[82.1417,16.8817],[82.1494,16.9165],[82.1649,16.9331],[82.1858,16.9376],[82.201,16.9594],[82.1999,16.9858],[82.1799,16.9802],[82.1639,16.9932],[82.1375,16.9802],[82.1129,16.983],[82.1057,16.9688],[82.0739,16.9565],[82.0647,16.9672],[82.0562,16.9886],[82.0546,17.0092],[82.0713,17.0238],[82.0716,17.0301],[82.0686,17.0556],[82.0569,17.0713],[82.0431,17.0772],[82.0346,17.0931],[81.9941,17.113],[81.9644,17.1159],[81.9331,17.0985],[81.9195,17.0957]]]},"properties":{"AC_NO":"40","AC_NAME":"Anaparthy","district":"EAST GODAVARI","PC_NO":8,"PC_NAME":"RAJAHMUNDRY"}},{"type":"Feature","geometry":{"type":"Polygon","coordinates":[[[81.7227,17.051],[81.7316,17.02],[81.7428,17.0018],[81.7735,16.9922],[81.7815,16.9752],[81.7857,16.9466],[81.7981,16.9677],[81.8189,16.987],[81.8237,17.0034],[81.8086,17.0247],[81.7842,17.0302],[81.7851,17.0656],[81.7614,17.0783],[81.7492,17.0653],[81.7227,17.051]]]},"properties":{"AC_NO":"50","AC_NAME":"Rajahmundry City","district":"EAST GODAVARI","PC_NO":8,"PC_NAME":"RAJAHMUNDRY"}},{"type":"Feature","geometry":{"type":"Polygon","coordinates":[[[80.877,17.0702],[80.8452,17.0396],[80.8335,17.0509],[80.7966,17.0622],[80.7827,17.0377],[80.784,17.032],[80.7968,17.0271],[80.8054,17.0153],[80.8236,17.0131],[80.8303,17.0015],[80.8302,16.9455],[80.8043,16.9073],[80.7997,16.8914],[80.8094,16.8589],[80.8084,16.8398],[80.8182,16.8275],[80.8255,16.7927],[80.8163,16.7922],[80.7779,16.8142],[80.762,16.7786],[80.7471,16.7571],[80.7396,16.7266],[80.7258,16.7195],[80.7081,16.6996],[80.6944,16.683],[80.6927,16.6565],[80.6945,16.6355],[80.707,16.627],[80.7434,16.6275],[80.764,16.6342],[80.7839,16.6328],[80.7946,16.6468],[80.8179,16.6549],[80.8363,16.6457],[80.841,16.6188],[80.8667,16.6304],[80.8852,16.6223],[80.8854,16.6435],[80.896,16.6717],[80.9088,16.6772],[80.9317,16.7033],[80.9409,16.6824],[80.9542,16.6711],[80.976,16.6654],[80.9955,16.6359],[81.0111,16.6366],[81.0186,16.6505],[80.9987,16.6649],[81.0073,16.6724],[80.9899,16.6816],[80.9815,16.7236],[80.9894,16.722],[80.9933,16.7274],[81.0007,16.7525],[81.0173,16.7771],[81.0428,16.7855],[81.0368,16.808],[81.0246,16.8079],[80.9996,16.8371],[80.983,16.8742],[80.9752,16.8957],[80.9609,16.9127],[80.9563,16.9363],[80.9342,16.9599],[80.9361,16.9827],[80.9522,16.9907],[80.9643,17.0329],[80.9609,17.0465],[80.9429,17.0671],[80.9182,17.065],[80.877,17.0702]]]},"properties":{"AC_NO":"70","AC_NAME":"Nuzvid","district":"ELURU","PC_NO":10,"PC_NAME":"ELURU"}},{"type":"Feature","geometry":{"type":"Polygon","coordinates":[[[82.2601,17.0677],[82.2289,17.0408],[82.2311,17.0147],[82.2028,17.0155],[82.1921,16.9985],[82.1999,16.9858],[82.201,16.9594],[82.1858,16.9376],[82.1649,16.9331],[82.1494,16.9165],[82.1417,16.8817],[82.1239,16.8822],[82.1149,16.8741],[82.1038,16.8728],[82.0996,16.8663],[82.0908,16.8654],[82.1015,16.8493],[82.086,16.8349],[82.1075,16.828],[82.1285,16.8079],[82.1501,16.8312],[82.1515,16.853],[82.1956,16.845],[82.2024,16.8702],[82.2144,16.868],[82.2308,16.8921],[82.2524,16.8958],[82.2482,16.9048],[82.2495,16.9356],[82.2271,16.9385],[82.2342,16.9567],[82.2575,16.9372],[82.2686,16.9546],[82.2885,17.0149],[82.307,17.0424],[82.2924,17.0531],[82.269,17.0593],[82.2601,17.0677]]]},"properties":{"AC_NO":"38","AC_NAME":"Kakinada Rural","district":"KAKINADA","PC_NO":6,"PC_NAME":"KAKINADA"}},{"type":"Feature","geometry":{"type":"Polygon","coordinates":[[[80.3218,16.8793],[80.3246,16.9061],[80.3127,16.9174],[80.3162,16.9486],[80.3033,16.9542],[80.3073,16.9736],[80.293,16.9769],[80.2941,16.9959],[80.2831,17.0078],[80.2705,17.0043],[80.2641,16.9976],[80.2404,17.0025],[80.2262,17.0156],[80.2229,17.0082],[80.2114,17.0106],[80.2021,17.0173],[80.2041,17.0383],[80.1965,17.0441],[80.1873,17.02],[80.1702,17.0169],[80.1534,17.007],[80.1405,16.9904],[80.0954,16.9904],[80.0914,16.9683],[80.0563,16.9708],[80.0514,16.9383],[80.0405,16.9197],[80.0172,16.9173],[80.014,16.9039],[80.0023,16.8714],[80.0037,16.8617],[80.0181,16.8537],[80.0466,16.8532],[80.0482,16.8329],[80.0729,16.8182],[80.1136,16.8233],[80.1258,16.8082],[80.1315,16.7885],[80.1427,16.7868],[80.1597,16.793],[80.1702,16.7836],[80.1824,16.7934],[80.2017,16.7955],[80.2347,16.7916],[80.2669,16.7937],[80.2744,16.808],[80.3018,16.8069],[80.3076,16.816],[80.2945,16.833],[80.326,16.8614],[80.3218,16.8793]]]},"properties":{"AC_NO":"84","AC_NAME":"Jaggayyapeta","district":"NTR","PC_NO":12,"PC_NAME":"VIJAYAWADA"}},{"type":"Feature","geometry":{"type":"Polygon","coordinates":[[[81.7857,16.9466],[81.81,16.8417],[81.8417,16.8498],[81.869,16.8285],[81.8681,16.8523],[81.8801,16.8582],[81.8837,16.8759],[81.8709,16.8801],[81.8691,16.9017],[81.8569,16.924],[81.8401,16.9248],[81.8263,16.9386],[81.8285,16.96],[81.8464,16.9747],[81.846,16.997],[81.8237,17.0034],[81.8189,16.987],[81.7981,16.9677],[81.7857,16.9466]]]},"properties":{"AC_NO":"51","AC_NAME":"Rajahmundry Rural","district":"EAST GODAVARI","PC_NO":8,"PC_NAME":"RAJAHMUNDRY"}},{"type":"Feature","geometry":{"type":"Polygon","coordinates":[[[81.7428,17.0018],[81.7448,16.9652],[81.7292,16.9444],[81.7244,16.9149],[81.7312,16.9142],[81.7332,16.8801],[81.7467,16.8666],[81.7516,16.8511],[81.7533,16.8249],[81.7466,16.8114],[81.7501,16.8055],[81.7445,16.7935],[81.765,16.7615],[81.7909,16.7455],[81.7948,16.7331],[81.785,16.7093],[81.8021,16.694],[81.8446,16.6412],[81.8824,16.6508],[81.8833,16.6636],[81.9173,16.6685],[81.9353,16.6576],[81.9596,16.6723],[81.9631,16.6828],[81.9663,16.703],[81.9378,16.7138],[81.9151,16.7159],[81.886,16.7481],[81.9122,16.751],[81.9262,16.7666],[81.9317,16.7933],[81.9143,16.8142],[81.869,16.8285],[81.8417,16.8498],[81.81,16.8417],[81.7857,16.9466],[81.7815,16.9752],[81.7735,16.9922],[81.7428,17.0018]]]},"properties":{"AC_NO":"47","AC_NAME":"Kothapeta","district":"DR.B.R.AMBEDKAR KONASEEMA","PC_NO":7,"PC_NAME":"AMALAPURAM (SC)"}},{"type":"Feature","geometry":{"type":"Polygon","coordinates":[[[82.1738,16.5112],[82.2603,16.5525],[82.2995,16.556],[82.3231,16.5778],[82.33,16.6208],[82.3172,16.662],[82.329,16.6768],[82.3659,16.7068],[82.3484,16.7162],[82.3443,16.7441],[82.3585,16.8097],[82.3662,16.8785],[82.367,16.9113],[82.3591,16.9621],[82.3515,16.9581],[82.3627,16.9181],[82.3611,16.8546],[82.3582,16.8629],[82.3549,16.8513],[82.3522,16.8591],[82.3494,16.8506],[82.3446,16.8582],[82.3326,16.8638],[82.3218,16.8592],[82.2642,16.8826],[82.2524,16.8958],[82.2308,16.8921],[82.2144,16.868],[82.2024,16.8702],[82.1956,16.845],[82.2083,16.8089],[82.2112,16.7802],[82.2191,16.7641],[82.1919,16.7528],[82.1816,16.7392],[82.1401,16.7342],[82.1242,16.7149],[82.1287,16.7096],[82.1569,16.7105],[82.1633,16.6819],[82.1255,16.678],[82.1054,16.6841],[82.0661,16.6728],[82.0874,16.6651],[82.086,16.6321],[82.0674,16.6134],[82.0434,16.6037],[82.0687,16.5851],[82.0935,16.5873],[82.1094,16.5724],[82.135,16.5715],[82.1738,16.5112]],[[82.226,16.7586],[82.2281,16.7607],[82.232,16.7548],[82.2244,16.753],[82.2175,16.7328],[82.2435,16.7223],[82.2897,16.7267],[82.3055,16.7483],[82.3138,16.7294],[82.3091,16.7168],[82.2945,16.7045],[82.2675,16.6947],[82.239,16.7163],[82.2038,16.7177],[82.1934,16.7216],[82.195,16.7302],[82.2056,16.7346],[82.2119,16.7511],[82.2199,16.7503],[82.2207,16.7575],[82.226,16.7586]]]},"properties":{"AC_NO":"43","AC_NAME":"Mummidivaram","district":"DR.B.R.AMBEDKAR KONASEEMA","PC_NO":7,"PC_NAME":"AMALAPURAM (SC)"}},{"type":"Feature","geometry":{"type":"Polygon","coordinates":[[[80.7997,16.8914],[80.7752,16.8928],[80.7669,16.9179],[80.7769,16.9364],[80.7471,16.9738],[80.7158,16.9717],[80.7106,16.9441],[80.7187,16.9291],[80.712,16.8972],[80.6683,16.9296],[80.6696,16.8999],[80.6496,16.8623],[80.6134,16.8803],[80.595,16.8841],[80.5689,16.8697],[80.576,16.8264],[80.5945,16.8027],[80.597,16.7929],[80.5701,16.7688],[80.552,16.775],[80.5033,16.7799],[80.5019,16.7591],[80.5132,16.731],[80.5112,16.7114],[80.5001,16.6955],[80.4811,16.6835],[80.4566,16.6424],[80.425,16.6231],[80.4103,16.5848],[80.4672,16.5907],[80.4985,16.5797],[80.5288,16.5629],[80.554,16.5422],[80.563,16.5512],[80.5788,16.5972],[80.599,16.6074],[80.619,16.6317],[80.6437,16.6478],[80.6683,16.6938],[80.6917,16.6892],[80.7081,16.6996],[80.7258,16.7195],[80.7396,16.7266],[80.7471,16.7571],[80.762,16.7786],[80.7779,16.8142],[80.8163,16.7922],[80.8255,16.7927],[80.8182,16.8275],[80.8084,16.8398],[80.8094,16.8589],[80.7997,16.8914]]]},"properties":{"AC_NO":"82","AC_NAME":"Mylavaram","district":"NTR","PC_NO":12,"PC_NAME":"VIJAYAWADA"}},{"type":"Feature","geometry":{"type":"Polygon","coordinates":[[[81.9369,16.9399],[81.9341,16.9539],[81.9156,16.9697],[81.8984,16.9458],[81.8825,16.9455],[81.8649,16.9358],[81.8569,16.924],[81.8691,16.9017],[81.8709,16.8801],[81.8837,16.8759],[81.8801,16.8582],[81.8681,16.8523],[81.869,16.8285],[81.9143,16.8142],[81.9317,16.7933],[81.9262,16.7666],[81.9122,16.751],[81.886,16.7481],[81.9151,16.7159],[81.9378,16.7138],[81.9663,16.703],[81.9631,16.6828],[81.9924,16.6789],[81.9944,16.7006],[82.0158,16.7054],[82.0157,16.7227],[81.9807,16.7512],[82.0185,16.76],[82.0281,16.7911],[82.0075,16.8233],[82.0289,16.8318],[82.0243,16.8519],[82.052,16.8571],[82.0378,16.8837],[82.0246,16.8825],[82.0042,16.8946],[81.9745,16.8438],[81.9712,16.811],[81.9535,16.8203],[81.9591,16.8465],[81.958,16.874],[81.9403,16.8945],[81.9369,16.9399]]]},"properties":{"AC_NO":"48","AC_NAME":"Mandapeta","district":"DR.B.R.AMBEDKAR KONASEEMA","PC_NO":7,"PC_NAME":"AMALAPURAM (SC)"}},{"type":"Feature","geometry":{"type":"Polygon","coordinates":[[[81.5336,16.9427],[81.5106,16.9423],[81.4916,16.9587],[81.483,16.941],[81.4814,16.9008],[81.4739,16.8943],[81.4578,16.8925],[81.4555,16.8832],[81.4605,16.8581],[81.4917,16.8036],[81.493,16.7918],[81.4739,16.7873],[81.4679,16.7712],[81.471,16.7572],[81.4431,16.7531],[81.4361,16.7479],[81.4434,16.7218],[81.4593,16.7215],[81.478,16.731],[81.4992,16.7217],[81.5125,16.7337],[81.5386,16.7305],[81.548,16.7558],[81.5629,16.7461],[81.5637,16.717],[81.5894,16.7186],[81.6062,16.7489],[81.6044,16.7742],[81.5954,16.7811],[81.6023,16.8014],[81.621,16.8198],[81.6384,16.8167],[81.6514,16.8432],[81.6356,16.8511],[81.6194,16.8876],[81.603,16.8961],[81.5714,16.8976],[81.5485,16.9139],[81.5508,16.9257],[81.5336,16.9427]]]},"properties":{"AC_NO":"62","AC_NAME":"Tadepalligudem","district":"WEST GODAVARI","PC_NO":9,"PC_NAME":"NARSAPURAM"}},{"type":"Feature","geometry":{"type":"Polygon","coordinates":[[[82.2575,16.9372],[82.2342,16.9567],[82.2271,16.9385],[82.2495,16.9356],[82.2575,16.9372]]]},"properties":{"AC_NO":"41","AC_NAME":"Kakinada City","district":"KAKINADA","PC_NO":6,"PC_NAME":"KAKINADA"}},{"type":"Feature","geometry":{"type":"Polygon","coordinates":[[[81.5632,16.9544],[81.5347,16.9527],[81.5336,16.9427],[81.5508,16.9257],[81.5485,16.9139],[81.5714,16.8976],[81.603,16.8961],[81.6194,16.8876],[81.6356,16.8511],[81.6514,16.8432],[81.6384,16.8167],[81.6266,16.7943],[81.6306,16.7823],[81.674,16.7578],[81.724,16.7586],[81.7231,16.7235],[81.7506,16.7086],[81.7524,16.6951],[81.762,16.6829],[81.7608,16.6708],[81.7888,16.6788],[81.8021,16.694],[81.785,16.7093],[81.7948,16.7331],[81.7909,16.7455],[81.765,16.7615],[81.7445,16.7935],[81.7501,16.8055],[81.7466,16.8114],[81.7533,16.8249],[81.7516,16.8511],[81.7467,16.8666],[81.7332,16.8801],[81.7312,16.9142],[81.7244,16.9149],[81.6979,16.9218],[81.6624,16.9185],[81.6039,16.9227],[81.583,16.932],[81.5632,16.9544]]]},"properties":{"AC_NO":"55","AC_NAME":"Nidadavole","district":"EAST GODAVARI","PC_NO":8,"PC_NAME":"RAJAHMUNDRY"}},{"type":"Feature","geometry":{"type":"Polygon","coordinates":[[[81.1862,16.8728],[81.1563,16.8797],[81.1233,16.9054],[81.0872,16.9131],[81.0629,16.8861],[81.0562,16.868],[81.0386,16.8646],[81.022,16.871],[81.0031,16.8661],[80.983,16.8742],[80.9996,16.8371],[81.0246,16.8079],[81.0368,16.808],[81.0428,16.7855],[81.0173,16.7771],[81.0007,16.7525],[80.9933,16.7274],[80.9894,16.722],[80.9815,16.7236],[80.9899,16.6816],[81.0073,16.6724],[80.9987,16.6649],[81.0186,16.6505],[81.0111,16.6366],[80.9955,16.6359],[80.976,16.6654],[80.9542,16.6711],[80.9541,16.6656],[80.9694,16.6468],[80.9729,16.6266],[81.0063,16.5864],[81.0114,16.5605],[81.0185,16.5621],[81.0224,16.557],[81.0278,16.5623],[81.0398,16.5619],[81.0401,16.5663],[81.0497,16.5703],[81.0788,16.5752],[81.0916,16.6057],[81.0943,16.6342],[81.0805,16.6577],[81.1016,16.6927],[81.0628,16.6894],[81.0618,16.709],[81.0716,16.7774],[81.0845,16.7749],[81.093,16.7447],[81.1151,16.7257],[81.1289,16.7439],[81.1455,16.7461],[81.1531,16.7329],[81.1498,16.7086],[81.1783,16.6852],[81.2423,16.7068],[81.2407,16.7409],[81.211,16.7635],[81.2154,16.7822],[81.2127,16.8107],[81.2206,16.8253],[81.2186,16.8461],[81.208,16.8658],[81.1862,16.8728]]]},"properties":{"AC_NO":"64","AC_NAME":"Denduluru","district":"ELURU","PC_NO":10,"PC_NAME":"ELURU"}},{"type":"Feature","geometry":{"type":"Polygon","coordinates":[[[81.4578,16.8925],[81.4465,16.8974],[81.4038,16.8929],[81.381,16.8999],[81.3625,16.8978],[81.3562,16.8896],[81.3528,16.8693],[81.3225,16.8283],[81.296,16.8222],[81.2901,16.8458],[81.2674,16.8484],[81.2688,16.8233],[81.2494,16.8246],[81.2439,16.8463],[81.2186,16.8461],[81.2206,16.8253],[81.2127,16.8107],[81.2154,16.7822],[81.211,16.7635],[81.2407,16.7409],[81.2423,16.7068],[81.2481,16.6937],[81.2353,16.665],[81.279,16.6513],[81.3073,16.6928],[81.3289,16.6892],[81.3304,16.6856],[81.3316,16.6594],[81.3437,16.6597],[81.3856,16.6655],[81.4353,16.6564],[81.4447,16.6696],[81.4678,16.6749],[81.5276,16.6658],[81.5423,16.6371],[81.5549,16.647],[81.5474,16.6639],[81.5726,16.6895],[81.5961,16.7026],[81.5894,16.7186],[81.5637,16.717],[81.5629,16.7461],[81.548,16.7558],[81.5386,16.7305],[81.5125,16.7337],[81.4992,16.7217],[81.478,16.731],[81.4593,16.7215],[81.4434,16.7218],[81.4361,16.7479],[81.4431,16.7531],[81.471,16.7572],[81.4679,16.7712],[81.4739,16.7873],[81.493,16.7918],[81.4917,16.8036],[81.4605,16.8581],[81.4555,16.8832],[81.4578,16.8925]]]},"properties":{"AC_NO":"63","AC_NAME":"Ungutur","district":"ELURU","PC_NO":10,"PC_NAME":"ELURU"}},{"type":"Feature","geometry":{"type":"Polygon","coordinates":[[[80.3218,16.8793],[80.326,16.8614],[80.2945,16.833],[80.3076,16.816],[80.3018,16.8069],[80.2744,16.808],[80.2669,16.7937],[80.2347,16.7916],[80.2017,16.7955],[80.1824,16.7934],[80.1702,16.7836],[80.1597,16.793],[80.1427,16.7868],[80.1315,16.7885],[80.1341,16.7622],[80.1442,16.7349],[80.1411,16.7056],[80.1489,16.688],[80.1372,16.6699],[80.1365,16.6581],[80.141,16.6506],[80.1627,16.6419],[80.1815,16.6427],[80.228,16.6189],[80.2526,16.6111],[80.3313,16.6118],[80.3675,16.5878],[80.3889,16.5861],[80.4103,16.5848],[80.425,16.6231],[80.4566,16.6424],[80.4811,16.6835],[80.5001,16.6955],[80.5112,16.7114],[80.5132,16.731],[80.5019,16.7591],[80.5033,16.7799],[80.4855,16.792],[80.465,16.7952],[80.465,16.8203],[80.4536,16.8227],[80.4284,16.8381],[80.4263,16.8498],[80.3828,16.8654],[80.3783,16.8527],[80.408,16.8487],[80.4044,16.8324],[80.3986,16.8333],[80.3857,16.8253],[80.3853,16.8171],[80.3817,16.816],[80.3734,16.8298],[80.3736,16.8521],[80.3405,16.8597],[80.3443,16.8745],[80.3218,16.8793]]]},"properties":{"AC_NO":"83","AC_NAME":"Nandigama (SC)","district":"NTR","PC_NO":12,"PC_NAME":"VIJAYAWADA"}},{"type":"Feature","geometry":{"type":"Polygon","coordinates":[[[82.0908,16.8654],[82.0743,16.8675],[82.052,16.8571],[82.0243,16.8519],[82.0289,16.8318],[82.0075,16.8233],[82.0281,16.7911],[82.0185,16.76],[81.9807,16.7512],[82.0157,16.7227],[82.0158,16.7054],[82.0188,16.6801],[82.0398,16.6676],[82.0661,16.6728],[82.1054,16.6841],[82.1255,16.678],[82.1633,16.6819],[82.1569,16.7105],[82.1287,16.7096],[82.1242,16.7149],[82.1401,16.7342],[82.1816,16.7392],[82.1919,16.7528],[82.2191,16.7641],[82.2112,16.7802],[82.2083,16.8089],[82.1956,16.845],[82.1515,16.853],[82.1501,16.8312],[82.1285,16.8079],[82.1075,16.828],[82.086,16.8349],[82.1015,16.8493],[82.0908,16.8654]]]},"properties":{"AC_NO":"42","AC_NAME":"Ramachandrapuram","district":"DR.B.R.AMBEDKAR KONASEEMA","PC_NO":7,"PC_NAME":"AMALAPURAM (SC)"}},{"type":"Feature","geometry":{"type":"Polygon","coordinates":[[[80.0729,16.8182],[80.0669,16.7884],[80.0543,16.7667],[80.0529,16.7444],[80.0379,16.7298],[80.031,16.7153],[80.0076,16.7093],[79.9975,16.7023],[79.9794,16.6657],[79.9616,16.6429],[79.9324,16.6316],[79.9076,16.6357],[79.9046,16.6028],[79.9203,16.5924],[79.9071,16.5787],[79.9096,16.5639],[79.9451,16.5711],[79.957,16.5426],[79.9453,16.5245],[79.9561,16.513],[79.9702,16.5409],[79.9955,16.5169],[79.9821,16.5059],[79.9713,16.4769],[79.9581,16.4734],[79.9608,16.4646],[79.9913,16.4704],[80.0007,16.4519],[80.0305,16.4668],[80.05,16.4593],[80.0668,16.462],[80.0854,16.4796],[80.099,16.4704],[80.1244,16.4837],[80.1469,16.477],[80.1583,16.508],[80.1823,16.5036],[80.2112,16.481],[80.205,16.4596],[80.2241,16.4416],[80.2433,16.4338],[80.2502,16.4211],[80.271,16.4122],[80.3043,16.4184],[80.3085,16.446],[80.3211,16.4573],[80.3603,16.4495],[80.386,16.4709],[80.4255,16.4712],[80.4141,16.4987],[80.3948,16.5199],[80.4023,16.5559],[80.3889,16.5861],[80.3675,16.5878],[80.3313,16.6118],[80.2526,16.6111],[80.228,16.6189],[80.1815,16.6427],[80.1627,16.6419],[80.141,16.6506],[80.1365,16.6581],[80.1372,16.6699],[80.1489,16.688],[80.1411,16.7056],[80.1442,16.7349],[80.1341,16.7622],[80.1315,16.7885],[80.1258,16.8082],[80.1136,16.8233],[80.0729,16.8182]]]},"properties":{"AC_NO":"85","AC_NAME":"Pedakurapadu","district":"PALNADU","PC_NO":14,"PC_NAME":"NARASARAOPET"}},{"type":"Feature","geometry":{"type":"Polygon","coordinates":[[[81.6384,16.8167],[81.621,16.8198],[81.6023,16.8014],[81.5954,16.7811],[81.6044,16.7742],[81.6062,16.7489],[81.5894,16.7186],[81.5961,16.7026],[81.5726,16.6895],[81.5474,16.6639],[81.5549,16.647],[81.5423,16.6371],[81.5711,16.6277],[81.5723,16.6031],[81.581,16.589],[81.5982,16.5998],[81.6108,16.6213],[81.6298,16.6668],[81.6541,16.6864],[81.6738,16.6817],[81.6837,16.6593],[81.6806,16.6447],[81.6982,16.6363],[81.7116,16.6488],[81.7319,16.6418],[81.7374,16.6637],[81.7608,16.6708],[81.762,16.6829],[81.7524,16.6951],[81.7506,16.7086],[81.7231,16.7235],[81.724,16.7586],[81.674,16.7578],[81.6306,16.7823],[81.6266,16.7943],[81.6384,16.8167]]]},"properties":{"AC_NO":"61","AC_NAME":"Tanuku","district":"WEST GODAVARI","PC_NO":9,"PC_NAME":"NARSAPURAM"}},{"type":"Feature","geometry":{"type":"Polygon","coordinates":[[[81.2423,16.7068],[81.1783,16.6852],[81.1498,16.7086],[81.1531,16.7329],[81.1455,16.7461],[81.1289,16.7439],[81.1151,16.7257],[81.093,16.7447],[81.0845,16.7749],[81.0716,16.7774],[81.0618,16.709],[81.0628,16.6894],[81.1016,16.6927],[81.0805,16.6577],[81.0943,16.6342],[81.0916,16.6057],[81.1156,16.5926],[81.137,16.607],[81.1515,16.5949],[81.1675,16.6199],[81.189,16.6216],[81.2282,16.5739],[81.2375,16.5926],[81.2653,16.6068],[81.279,16.6513],[81.2353,16.665],[81.2481,16.6937],[81.2423,16.7068]]]},"properties":{"AC_NO":"65","AC_NAME":"Eluru","district":"ELURU","PC_NO":10,"PC_NAME":"ELURU"}},{"type":"Feature","geometry":{"type":"Polygon","coordinates":[[[79.5254,16.631],[79.5266,16.5984],[79.5548,16.5867],[79.5716,16.591],[79.5682,16.5681],[79.5787,16.5633],[79.5839,16.5382],[79.5811,16.5157],[79.5519,16.5077],[79.5458,16.4707],[79.5673,16.4726],[79.5747,16.4489],[79.5914,16.4426],[79.6258,16.4824],[79.6646,16.4827],[79.672,16.5135],[79.7,16.5175],[79.7293,16.5432],[79.7254,16.508],[79.737,16.4863],[79.7663,16.5061],[79.7816,16.4984],[79.7814,16.4847],[79.7585,16.4306],[79.781,16.4108],[79.7772,16.3713],[79.7949,16.3546],[79.8211,16.3504],[79.8317,16.3601],[79.8503,16.3963],[79.8327,16.4044],[79.8671,16.4348],[79.9162,16.4603],[79.9412,16.4617],[79.9581,16.4734],[79.9713,16.4769],[79.9821,16.5059],[79.9955,16.5169],[79.9702,16.5409],[79.9561,16.513],[79.9453,16.5245],[79.957,16.5426],[79.9451,16.5711],[79.9096,16.5639],[79.9071,16.5787],[79.9203,16.5924],[79.9046,16.6028],[79.9076,16.6357],[79.8929,16.6522],[79.886,16.6864],[79.8784,16.697],[79.8511,16.7062],[79.8173,16.6922],[79.7859,16.7305],[79.7728,16.7309],[79.7444,16.7192],[79.7242,16.6913],[79.6988,16.6917],[79.6838,16.6949],[79.6649,16.6883],[79.6497,16.6707],[79.6331,16.6606],[79.5973,16.6731],[79.5761,16.6504],[79.5434,16.6332],[79.5254,16.631]]]},"properties":{"AC_NO":"100","AC_NAME":"Gurajala","district":"PALNADU","PC_NO":14,"PC_NAME":"NARASARAOPET"}},{"type":"Feature","geometry":{"type":"Polygon","coordinates":[[[80.7081,16.6996],[80.6917,16.6892],[80.6683,16.6938],[80.6437,16.6478],[80.619,16.6317],[80.599,16.6074],[80.5788,16.5972],[80.563,16.5512],[80.554,16.5422],[80.555,16.5344],[80.5911,16.5159],[80.6067,16.5581],[80.626,16.5574],[80.6607,16.566],[80.6667,16.5501],[80.6855,16.5451],[80.6923,16.5463],[80.7186,16.5308],[80.7374,16.5275],[80.7482,16.544],[80.7616,16.5395],[80.7627,16.5194],[80.7791,16.5173],[80.7915,16.4993],[80.8127,16.5107],[80.84,16.475],[80.8155,16.4687],[80.812,16.4498],[80.8218,16.4397],[80.8473,16.4379],[80.8543,16.4488],[80.88,16.4621],[80.9025,16.4532],[80.9279,16.5175],[80.9333,16.5453],[80.9582,16.5537],[80.9739,16.5381],[80.9819,16.5556],[80.9977,16.5518],[81.0114,16.5605],[81.0063,16.5864],[80.9729,16.6266],[80.9694,16.6468],[80.9541,16.6656],[80.9542,16.6711],[80.9409,16.6824],[80.9317,16.7033],[80.9088,16.6772],[80.896,16.6717],[80.8854,16.6435],[80.8852,16.6223],[80.8667,16.6304],[80.841,16.6188],[80.8363,16.6457],[80.8179,16.6549],[80.7946,16.6468],[80.7839,16.6328],[80.764,16.6342],[80.7434,16.6275],[80.707,16.627],[80.6945,16.6355],[80.6927,16.6565],[80.6944,16.683],[80.7081,16.6996]]]},"properties":{"AC_NO":"71","AC_NAME":"Gannavaram","district":"KRISHNA","PC_NO":11,"PC_NAME":"MACHILIPATNAM"}},{"type":"Feature","geometry":{"type":"Polygon","coordinates":[[[81.9631,16.6828],[81.9596,16.6723],[81.9353,16.6576],[81.9173,16.6685],[81.8833,16.6636],[81.8824,16.6508],[81.8446,16.6412],[81.8584,16.5979],[81.854,16.5591],[81.8449,16.5296],[81.8484,16.5055],[81.8637,16.5053],[81.8637,16.502],[81.8813,16.4963],[81.903,16.5121],[81.9207,16.5144],[81.9263,16.545],[81.9431,16.5568],[81.9645,16.5308],[81.9676,16.552],[81.961,16.5748],[81.9918,16.5882],[81.9775,16.6005],[81.9895,16.6138],[82.0117,16.6056],[82.0291,16.6102],[82.0434,16.6037],[82.0674,16.6134],[82.086,16.6321],[82.0874,16.6651],[82.0661,16.6728],[82.0398,16.6676],[82.0188,16.6801],[82.0158,16.7054],[81.9944,16.7006],[81.9924,16.6789],[81.9631,16.6828]]]},"properties":{"AC_NO":"46","AC_NAME":"Gannavaram (SC)","district":"DR.B.R.AMBEDKAR KONASEEMA","PC_NO":7,"PC_NAME":"AMALAPURAM (SC)"}},{"type":"Feature","geometry":{"type":"Polygon","coordinates":[[[81.3316,16.6594],[81.3304,16.6856],[81.3289,16.6892],[81.3073,16.6928],[81.279,16.6513],[81.2653,16.6068],[81.2375,16.5926],[81.2282,16.5739],[81.189,16.6216],[81.1675,16.6199],[81.1515,16.5949],[81.137,16.607],[81.1156,16.5926],[81.0916,16.6057],[81.0788,16.5752],[81.0497,16.5703],[81.0505,16.557],[81.0654,16.5488],[81.0834,16.5692],[81.0971,16.5702],[81.1071,16.5583],[81.1058,16.528],[81.1173,16.517],[81.1114,16.5036],[81.0875,16.496],[81.0899,16.4717],[81.0865,16.4568],[81.0623,16.4061],[81.0718,16.4006],[81.0809,16.4048],[81.1092,16.4003],[81.1144,16.3877],[81.1386,16.3831],[81.1432,16.3833],[81.1681,16.4123],[81.1739,16.3924],[81.1994,16.3843],[81.2131,16.426],[81.2507,16.4157],[81.2757,16.4347],[81.2906,16.439],[81.2925,16.4622],[81.3198,16.4599],[81.3194,16.4281],[81.3515,16.4136],[81.3719,16.4144],[81.386,16.4268],[81.3995,16.4316],[81.4013,16.4388],[81.3933,16.4401],[81.3884,16.4465],[81.3732,16.4591],[81.3689,16.4757],[81.3707,16.4998],[81.3629,16.5074],[81.3384,16.5052],[81.3326,16.5108],[81.339,16.5132],[81.3395,16.5275],[81.3436,16.5306],[81.349,16.5652],[81.3462,16.5914],[81.3533,16.592],[81.3573,16.5965],[81.3545,16.6106],[81.3453,16.6042],[81.3276,16.6197],[81.3316,16.6594]]]},"properties":{"AC_NO":"73","AC_NAME":"Kaikalur","district":"ELURU","PC_NO":10,"PC_NAME":"ELURU"}},{"type":"Feature","geometry":{"type":"Polygon","coordinates":[[[81.7608,16.6708],[81.7374,16.6637],[81.7319,16.6418],[81.7116,16.6488],[81.6982,16.6363],[81.6806,16.6447],[81.6837,16.6593],[81.6738,16.6817],[81.6541,16.6864],[81.6298,16.6668],[81.6108,16.6213],[81.632,16.6044],[81.6732,16.6126],[81.679,16.5808],[81.6962,16.5651],[81.7077,16.542],[81.7312,16.5327],[81.734,16.5154],[81.7656,16.5065],[81.7808,16.5274],[81.791,16.5146],[81.8096,16.5263],[81.8449,16.5296],[81.854,16.5591],[81.8584,16.5979],[81.8446,16.6412],[81.8021,16.694],[81.7888,16.6788],[81.7608,16.6708]]]},"properties":{"AC_NO":"56","AC_NAME":"Achanta","district":"WEST GODAVARI","PC_NO":9,"PC_NAME":"NARSAPURAM"}},{"type":"Feature","geometry":{"type":"Polygon","coordinates":[[[81.5423,16.6371],[81.5276,16.6658],[81.4678,16.6749],[81.4447,16.6696],[81.4353,16.6564],[81.3856,16.6655],[81.3437,16.6597],[81.3316,16.6594],[81.3276,16.6197],[81.3453,16.6042],[81.3545,16.6106],[81.3573,16.5965],[81.3533,16.592],[81.3462,16.5914],[81.349,16.5652],[81.3436,16.5306],[81.3395,16.5275],[81.339,16.5132],[81.3326,16.5108],[81.3384,16.5052],[81.3629,16.5074],[81.3707,16.4998],[81.3689,16.4757],[81.3732,16.4591],[81.3884,16.4465],[81.3933,16.4401],[81.4162,16.4529],[81.4301,16.4828],[81.453,16.473],[81.4727,16.4985],[81.4796,16.5321],[81.491,16.5436],[81.4906,16.5729],[81.5114,16.5743],[81.5297,16.5532],[81.5514,16.5503],[81.5525,16.5198],[81.5688,16.5051],[81.5818,16.5081],[81.5972,16.5277],[81.6136,16.5625],[81.6123,16.587],[81.5982,16.5998],[81.581,16.589],[81.5723,16.6031],[81.5711,16.6277],[81.5423,16.6371]]]},"properties":{"AC_NO":"60","AC_NAME":"Undi","district":"WEST GODAVARI","PC_NO":9,"PC_NAME":"NARSAPURAM"}},{"type":"Feature","geometry":{"type":"Polygon","coordinates":[[[79.5254,16.631],[79.5044,16.6365],[79.4943,16.6339],[79.4849,16.6232],[79.4616,16.6231],[79.4411,16.615],[79.4334,16.5921],[79.4184,16.58],[79.3786,16.584],[79.3513,16.5793],[79.3396,16.5823],[79.3178,16.5746],[79.3081,16.5747],[79.2892,16.5608],[79.2571,16.5661],[79.2452,16.5326],[79.2284,16.525],[79.2214,16.5155],[79.2149,16.4826],[79.2335,16.4599],[79.2118,16.448],[79.208,16.3835],[79.2125,16.3739],[79.2107,16.3567],[79.2343,16.3349],[79.2227,16.2365],[79.2158,16.2271],[79.2157,16.1841],[79.2219,16.1636],[79.2495,16.18],[79.2593,16.1939],[79.2957,16.2147],[79.3256,16.2285],[79.3712,16.233],[79.4473,16.3029],[79.4733,16.2909],[79.5002,16.2908],[79.5279,16.2973],[79.5362,16.306],[79.5465,16.2896],[79.5619,16.3073],[79.5883,16.3228],[79.5878,16.3441],[79.6157,16.3725],[79.6413,16.3798],[79.6446,16.3562],[79.6658,16.3665],[79.6979,16.3636],[79.7261,16.3726],[79.7772,16.3713],[79.781,16.4108],[79.7585,16.4306],[79.7814,16.4847],[79.7816,16.4984],[79.7663,16.5061],[79.737,16.4863],[79.7254,16.508],[79.7293,16.5432],[79.7,16.5175],[79.672,16.5135],[79.6646,16.4827],[79.6258,16.4824],[79.5914,16.4426],[79.5747,16.4489],[79.5673,16.4726],[79.5458,16.4707],[79.5519,16.5077],[79.5811,16.5157],[79.5839,16.5382],[79.5787,16.5633],[79.5682,16.5681],[79.5716,16.591],[79.5548,16.5867],[79.5266,16.5984],[79.5254,16.631]]]},"properties":{"AC_NO":"101","AC_NAME":"Macherla","district":"PALNADU","PC_NO":14,"PC_NAME":"NARASARAOPET"}},{"type":"Feature","geometry":{"type":"Polygon","coordinates":[[[81.679,16.5808],[81.6732,16.6126],[81.632,16.6044],[81.6108,16.6213],[81.5982,16.5998],[81.6123,16.587],[81.6136,16.5625],[81.5972,16.5277],[81.5818,16.5081],[81.5688,16.5051],[81.5525,16.5198],[81.5514,16.5503],[81.5297,16.5532],[81.5114,16.5743],[81.4906,16.5729],[81.491,16.5436],[81.4796,16.5321],[81.4727,16.4985],[81.453,16.473],[81.4301,16.4828],[81.4162,16.4529],[81.3933,16.4401],[81.4013,16.4388],[81.3995,16.4316],[81.4137,16.4197],[81.4258,16.4194],[81.4269,16.4112],[81.4377,16.3985],[81.4537,16.4051],[81.4699,16.3985],[81.4803,16.3881],[81.4975,16.4209],[81.5188,16.4315],[81.5405,16.4227],[81.53,16.3911],[81.5404,16.3906],[81.5578,16.4077],[81.5574,16.4246],[81.5809,16.4351],[81.5811,16.4531],[81.6306,16.4684],[81.6322,16.489],[81.6344,16.5318],[81.6709,16.5546],[81.679,16.5808]]]},"properties":{"AC_NO":"59","AC_NAME":"Bhimavaram","district":"WEST GODAVARI","PC_NO":9,"PC_NAME":"NARSAPURAM"}},{"type":"Feature","geometry":{"type":"Polygon","coordinates":[[[82.0434,16.6037],[82.0291,16.6102],[82.0117,16.6056],[81.9895,16.6138],[81.9775,16.6005],[81.9918,16.5882],[81.961,16.5748],[81.9676,16.552],[81.9645,16.5308],[81.974,16.5097],[81.9625,16.4776],[81.9656,16.447],[81.9554,16.4153],[81.9578,16.3975],[81.992,16.4204],[82.1738,16.5112],[82.135,16.5715],[82.1094,16.5724],[82.0935,16.5873],[82.0687,16.5851],[82.0434,16.6037]]]},"properties":{"AC_NO":"44","AC_NAME":"Amalapuram (SC)","district":"DR.B.R.AMBEDKAR KONASEEMA","PC_NO":7,"PC_NAME":"AMALAPURAM (SC)"}},{"type":"Feature","geometry":{"type":"Polygon","coordinates":[[[80.3889,16.5861],[80.4023,16.5559],[80.3948,16.5199],[80.4141,16.4987],[80.4255,16.4712],[80.386,16.4709],[80.3603,16.4495],[80.3211,16.4573],[80.3085,16.446],[80.3043,16.4184],[80.271,16.4122],[80.2624,16.4023],[80.2367,16.407],[80.2153,16.385],[80.2233,16.3583],[80.2138,16.3477],[80.2138,16.3313],[80.205,16.3302],[80.1909,16.3513],[80.1804,16.3527],[80.1769,16.3502],[80.1736,16.3194],[80.1547,16.3177],[80.1544,16.2965],[80.1256,16.3027],[80.1179,16.2869],[80.127,16.2681],[80.1491,16.2538],[80.1858,16.2684],[80.2145,16.2495],[80.2356,16.2448],[80.2401,16.2647],[80.2698,16.2593],[80.2827,16.2619],[80.2916,16.2737],[80.3075,16.2818],[80.3101,16.2948],[80.3263,16.3083],[80.3335,16.3082],[80.3367,16.2968],[80.3423,16.3012],[80.3513,16.2957],[80.3506,16.2806],[80.3598,16.2895],[80.3627,16.3111],[80.353,16.3411],[80.3615,16.3551],[80.3778,16.3585],[80.3876,16.3446],[80.4143,16.3595],[80.426,16.3451],[80.4406,16.3575],[80.4542,16.3831],[80.48,16.3772],[80.5166,16.3742],[80.5149,16.3983],[80.4934,16.4167],[80.4868,16.4541],[80.4979,16.4663],[80.5214,16.4685],[80.5267,16.484],[80.5481,16.5046],[80.555,16.5344],[80.554,16.5422],[80.5288,16.5629],[80.4985,16.5797],[80.4672,16.5907],[80.4103,16.5848],[80.3889,16.5861]]]},"properties":{"AC_NO":"86","AC_NAME":"Tadikonda (SC)","district":"GUNTUR","PC_NO":13,"PC_NAME":"GUNTUR"}},{"type":"Feature","geometry":{"type":"Polygon","coordinates":[[[81.8449,16.5296],[81.8096,16.5263],[81.791,16.5146],[81.7808,16.5274],[81.7656,16.5065],[81.734,16.5154],[81.7312,16.5327],[81.7077,16.542],[81.6962,16.5651],[81.679,16.5808],[81.6709,16.5546],[81.6344,16.5318],[81.6322,16.489],[81.6629,16.484],[81.6845,16.4686],[81.7347,16.4743],[81.7494,16.4499],[81.7301,16.4362],[81.7364,16.4224],[81.7555,16.4235],[81.7821,16.4507],[81.7854,16.4636],[81.7997,16.4777],[81.8198,16.4905],[81.8448,16.4947],[81.8484,16.5055],[81.8449,16.5296]]]},"properties":{"AC_NO":"57","AC_NAME":"Palacole","district":"WEST GODAVARI","PC_NO":9,"PC_NAME":"NARSAPURAM"}},{"type":"Feature","geometry":{"type":"Polygon","coordinates":[[[80.626,16.5574],[80.6269,16.5379],[80.6392,16.5358],[80.6426,16.5059],[80.6619,16.507],[80.6838,16.5391],[80.6855,16.5451],[80.6667,16.5501],[80.6607,16.566],[80.626,16.5574]]]},"properties":{"AC_NO":"80","AC_NAME":"Vijayawada Central","district":"NTR","PC_NO":12,"PC_NAME":"VIJAYAWADA"}},{"type":"Feature","geometry":{"type":"Polygon","coordinates":[[[81.0497,16.5703],[81.0401,16.5663],[81.0398,16.5619],[81.0278,16.5623],[81.0224,16.557],[81.0185,16.5621],[81.0114,16.5605],[80.9977,16.5518],[80.9819,16.5556],[80.9739,16.5381],[80.9511,16.5278],[80.9519,16.5027],[80.972,16.4985],[80.972,16.4791],[80.9813,16.4504],[80.9749,16.416],[80.9592,16.3988],[80.9693,16.3885],[81.0013,16.3823],[80.9944,16.3717],[81.0091,16.3581],[81.0062,16.3405],[81.028,16.3313],[81.0287,16.3078],[81.0457,16.2832],[81.0784,16.3092],[81.0945,16.2991],[81.0963,16.2844],[81.1219,16.2806],[81.135,16.3144],[81.1,16.3409],[81.105,16.3546],[81.1369,16.3751],[81.1386,16.3831],[81.1144,16.3877],[81.1092,16.4003],[81.0809,16.4048],[81.0718,16.4006],[81.0623,16.4061],[81.0865,16.4568],[81.0899,16.4717],[81.0875,16.496],[81.1114,16.5036],[81.1173,16.517],[81.1058,16.528],[81.1071,16.5583],[81.0971,16.5702],[81.0834,16.5692],[81.0654,16.5488],[81.0505,16.557],[81.0497,16.5703]]]},"properties":{"AC_NO":"72","AC_NAME":"Gudivada","district":"KRISHNA","PC_NO":11,"PC_NAME":"MACHILIPATNAM"}},{"type":"Feature","geometry":{"type":"Polygon","coordinates":[[[80.5911,16.5159],[80.5908,16.5128],[80.6286,16.4947],[80.6311,16.4985],[80.6381,16.4948],[80.6427,16.4971],[80.6426,16.5059],[80.6392,16.5358],[80.6269,16.5379],[80.626,16.5574],[80.6067,16.5581],[80.5911,16.5159]]]},"properties":{"AC_NO":"79","AC_NAME":"Vijayawada West","district":"NTR","PC_NO":12,"PC_NAME":"VIJAYAWADA"}},{"type":"Feature","geometry":{"type":"Polygon","coordinates":[[[81.9645,16.5308],[81.9431,16.5568],[81.9263,16.545],[81.9207,16.5144],[81.903,16.5121],[81.8813,16.4963],[81.8637,16.502],[81.8637,16.5053],[81.8484,16.5055],[81.8448,16.4947],[81.8198,16.4905],[81.7997,16.4777],[81.7854,16.4636],[81.7821,16.4507],[81.7555,16.4235],[81.7364,16.4224],[81.7301,16.4362],[81.7234,16.4464],[81.7112,16.4442],[81.6976,16.4159],[81.717,16.3589],[81.7138,16.3133],[81.7171,16.3069],[81.7224,16.3075],[81.7483,16.3243],[81.8662,16.3792],[81.906,16.3902],[81.9578,16.3975],[81.9554,16.4153],[81.9656,16.447],[81.9625,16.4776],[81.974,16.5097],[81.9645,16.5308]]]},"properties":{"AC_NO":"45","AC_NAME":"Razole (SC)","district":"DR.B.R.AMBEDKAR KONASEEMA","PC_NO":7,"PC_NAME":"AMALAPURAM (SC)"}},{"type":"Feature","geometry":{"type":"Polygon","coordinates":[[[80.9739,16.5381],[80.9582,16.5537],[80.9333,16.5453],[80.9279,16.5175],[80.9025,16.4532],[80.902,16.4368],[80.918,16.4259],[80.9202,16.3957],[80.8663,16.3722],[80.8534,16.3552],[80.8339,16.368],[80.8117,16.3702],[80.7991,16.3803],[80.8,16.3992],[80.7762,16.4116],[80.764,16.4002],[80.7503,16.4138],[80.7266,16.3788],[80.7484,16.3298],[80.7848,16.2883],[80.7979,16.2832],[80.8027,16.2426],[80.8173,16.2411],[80.8203,16.2183],[80.8236,16.2178],[80.893,16.2206],[80.9309,16.2031],[80.969,16.2046],[80.9809,16.1942],[80.999,16.2301],[81.0283,16.2273],[81.0483,16.2606],[81.0457,16.2832],[81.0287,16.3078],[81.028,16.3313],[81.0062,16.3405],[81.0091,16.3581],[80.9944,16.3717],[81.0013,16.3823],[80.9693,16.3885],[80.9592,16.3988],[80.9749,16.416],[80.9813,16.4504],[80.972,16.4791],[80.972,16.4985],[80.9519,16.5027],[80.9511,16.5278],[80.9739,16.5381]]]},"properties":{"AC_NO":"77","AC_NAME":"Pamarru (SC)","district":"KRISHNA","PC_NO":11,"PC_NAME":"MACHILIPATNAM"}},{"type":"Feature","geometry":{"type":"Polygon","coordinates":[[[80.6855,16.5451],[80.6838,16.5391],[80.6868,16.528],[80.6837,16.4868],[80.6546,16.4791],[80.6705,16.4657],[80.6742,16.4248],[80.7066,16.4006],[80.7266,16.3788],[80.7503,16.4138],[80.764,16.4002],[80.7762,16.4116],[80.8,16.3992],[80.7991,16.3803],[80.8117,16.3702],[80.8339,16.368],[80.8534,16.3552],[80.8663,16.3722],[80.9202,16.3957],[80.918,16.4259],[80.902,16.4368],[80.9025,16.4532],[80.88,16.4621],[80.8543,16.4488],[80.8473,16.4379],[80.8218,16.4397],[80.812,16.4498],[80.8155,16.4687],[80.84,16.475],[80.8127,16.5107],[80.7915,16.4993],[80.7791,16.5173],[80.7627,16.5194],[80.7616,16.5395],[80.7482,16.544],[80.7374,16.5275],[80.7186,16.5308],[80.6923,16.5463],[80.6855,16.5451]]]},"properties":{"AC_NO":"78","AC_NAME":"Penamaluru","district":"KRISHNA","PC_NO":11,"PC_NAME":"MACHILIPATNAM"}},{"type":"Feature","geometry":{"type":"Polygon","coordinates":[[[80.6426,16.5059],[80.6427,16.4971],[80.6381,16.4948],[80.6311,16.4985],[80.6286,16.4947],[80.6546,16.4791],[80.6837,16.4868],[80.6868,16.528],[80.6838,16.5391],[80.6619,16.507],[80.6426,16.5059]]]},"properties":{"AC_NO":"81","AC_NAME":"Vijayawada East","district":"NTR","PC_NO":12,"PC_NAME":"VIJAYAWADA"}},{"type":"Feature","geometry":{"type":"Polygon","coordinates":[[[80.555,16.5344],[80.5481,16.5046],[80.5267,16.484],[80.5214,16.4685],[80.4979,16.4663],[80.4868,16.4541],[80.4934,16.4167],[80.5149,16.3983],[80.5166,16.3742],[80.5617,16.3587],[80.5667,16.3506],[80.5561,16.3248],[80.5662,16.3168],[80.6134,16.3186],[80.6324,16.3093],[80.6363,16.2908],[80.6737,16.2918],[80.6988,16.3168],[80.681,16.3277],[80.6767,16.3414],[80.7007,16.3463],[80.7069,16.3644],[80.7266,16.3788],[80.7066,16.4006],[80.6742,16.4248],[80.6705,16.4657],[80.6546,16.4791],[80.6286,16.4947],[80.5908,16.5128],[80.5911,16.5159],[80.555,16.5344]]]},"properties":{"AC_NO":"87","AC_NAME":"Mangalagiri","district":"GUNTUR","PC_NO":13,"PC_NAME":"GUNTUR"}},{"type":"Feature","geometry":{"type":"Polygon","coordinates":[[[80.271,16.4122],[80.2502,16.4211],[80.2433,16.4338],[80.2241,16.4416],[80.205,16.4596],[80.2112,16.481],[80.1823,16.5036],[80.1583,16.508],[80.1469,16.477],[80.1244,16.4837],[80.099,16.4704],[80.0854,16.4796],[80.0668,16.462],[80.05,16.4593],[80.0305,16.4668],[80.0007,16.4519],[79.9913,16.4704],[79.9608,16.4646],[79.9581,16.4734],[79.9412,16.4617],[79.9162,16.4603],[79.8671,16.4348],[79.8327,16.4044],[79.8503,16.3963],[79.8317,16.3601],[79.8211,16.3504],[79.7944,16.3364],[79.7942,16.3255],[79.8244,16.2995],[79.8571,16.2797],[79.8517,16.2584],[79.867,16.2463],[79.9086,16.2701],[79.9096,16.3003],[79.8941,16.311],[79.8985,16.3356],[79.9203,16.3227],[79.9439,16.3253],[79.9515,16.299],[79.9696,16.2944],[79.9688,16.2747],[79.9855,16.2715],[80.0197,16.2788],[80.0204,16.3047],[80.0415,16.3261],[80.0594,16.315],[80.0681,16.2845],[80.0949,16.2793],[80.1179,16.2869],[80.1256,16.3027],[80.1544,16.2965],[80.1547,16.3177],[80.1736,16.3194],[80.1769,16.3502],[80.1804,16.3527],[80.1909,16.3513],[80.205,16.3302],[80.2138,16.3313],[80.2138,16.3477],[80.2233,16.3583],[80.2153,16.385],[80.2367,16.407],[80.2624,16.4023],[80.271,16.4122]]]},"properties":{"AC_NO":"98","AC_NAME":"Sattenapalle","district":"PALNADU","PC_NO":14,"PC_NAME":"NARASARAOPET"}},{"type":"Feature","geometry":{"type":"Polygon","coordinates":[[[81.6322,16.489],[81.6306,16.4684],[81.5811,16.4531],[81.5809,16.4351],[81.5574,16.4246],[81.5578,16.4077],[81.5404,16.3906],[81.53,16.3911],[81.5405,16.4227],[81.5188,16.4315],[81.4975,16.4209],[81.4803,16.3881],[81.4883,16.3734],[81.4965,16.3699],[81.5127,16.3703],[81.5227,16.381],[81.5467,16.3783],[81.5554,16.3473],[81.6906,16.3278],[81.7138,16.3133],[81.717,16.3589],[81.6976,16.4159],[81.7112,16.4442],[81.7234,16.4464],[81.7301,16.4362],[81.7494,16.4499],[81.7347,16.4743],[81.6845,16.4686],[81.6629,16.484],[81.6322,16.489]]]},"properties":{"AC_NO":"58","AC_NAME":"Narasapuram","district":"WEST GODAVARI","PC_NO":9,"PC_NAME":"NARSAPURAM"}},{"type":"Feature","geometry":{"type":"Polygon","coordinates":[[[81.3995,16.4316],[81.386,16.4268],[81.3719,16.4144],[81.3515,16.4136],[81.3194,16.4281],[81.3198,16.4599],[81.2925,16.4622],[81.2906,16.439],[81.2757,16.4347],[81.2507,16.4157],[81.2131,16.426],[81.1994,16.3843],[81.1739,16.3924],[81.1681,16.4123],[81.1432,16.3833],[81.1386,16.3831],[81.1369,16.3751],[81.105,16.3546],[81.1,16.3409],[81.135,16.3144],[81.1219,16.2806],[81.0963,16.2844],[81.0945,16.2991],[81.0784,16.3092],[81.0457,16.2832],[81.0483,16.2606],[81.0283,16.2273],[80.999,16.2301],[80.9809,16.1942],[80.9822,16.1824],[81.0139,16.1788],[81.0145,16.1657],[81.0348,16.1649],[81.0483,16.1523],[81.069,16.1432],[81.1005,16.1769],[81.0809,16.1951],[81.1106,16.2176],[81.1173,16.2318],[81.1713,16.2667],[81.1953,16.2583],[81.2111,16.2658],[81.215,16.2874],[81.2522,16.3038],[81.265,16.2785],[81.3243,16.3145],[81.3924,16.3427],[81.4872,16.3554],[81.5304,16.3537],[81.5554,16.3473],[81.5467,16.3783],[81.5227,16.381],[81.5127,16.3703],[81.4965,16.3699],[81.4883,16.3734],[81.4803,16.3881],[81.4699,16.3985],[81.4537,16.4051],[81.4377,16.3985],[81.4269,16.4112],[81.4258,16.4194],[81.4137,16.4197],[81.3995,16.4316]]]},"properties":{"AC_NO":"74","AC_NAME":"Pedana","district":"KRISHNA","PC_NO":11,"PC_NAME":"MACHILIPATNAM"}},{"type":"Feature","geometry":{"type":"Polygon","coordinates":[[[79.7772,16.3713],[79.7261,16.3726],[79.6979,16.3636],[79.6658,16.3665],[79.6446,16.3562],[79.6413,16.3798],[79.6157,16.3725],[79.5878,16.3441],[79.5883,16.3228],[79.5619,16.3073],[79.5465,16.2896],[79.5666,16.2763],[79.5596,16.2416],[79.5631,16.2273],[79.5563,16.2145],[79.5603,16.2002],[79.5517,16.1793],[79.5381,16.1709],[79.5366,16.1429],[79.5444,16.1205],[79.5543,16.1122],[79.5539,16.09],[79.5465,16.0767],[79.5474,16.0678],[79.5638,16.033],[79.5671,16.018],[79.5629,16.0125],[79.5724,16.0048],[79.5595,15.9637],[79.5592,15.9482],[79.5724,15.9372],[79.5899,15.9405],[79.6155,15.9328],[79.6116,15.9224],[79.6359,15.9073],[79.6553,15.9209],[79.6763,15.9037],[79.6933,15.8983],[79.6886,15.8762],[79.7146,15.8676],[79.7198,15.8591],[79.7171,15.8455],[79.7106,15.8376],[79.7324,15.8358],[79.7456,15.8256],[79.7709,15.8255],[79.7727,15.8425],[79.7542,15.8478],[79.7469,15.8596],[79.7539,15.8714],[79.7554,15.8999],[79.7631,15.9007],[79.7834,15.915],[79.7912,15.9411],[79.8433,15.93],[79.8483,15.9284],[79.8472,15.9228],[79.8699,15.9167],[79.878,15.9251],[79.8755,15.9356],[79.8801,15.9405],[79.8941,15.9397],[79.9033,15.9427],[79.9123,15.9673],[79.9026,15.9836],[79.8906,15.9878],[79.8904,15.9949],[79.8793,15.9997],[79.8629,15.9936],[79.8666,16.0217],[79.8698,16.0304],[79.8804,16.0391],[79.9175,16.0473],[79.9206,16.0613],[79.9158,16.075],[79.8955,16.0773],[79.8952,16.0874],[79.8836,16.0861],[79.8817,16.0924],[79.8685,16.0963],[79.8739,16.1123],[79.8752,16.1289],[79.8662,16.1352],[79.8782,16.1544],[79.8745,16.1694],[79.8443,16.1686],[79.8478,16.2073],[79.8606,16.2147],[79.867,16.2463],[79.8517,16.2584],[79.8571,16.2797],[79.8244,16.2995],[79.7942,16.3255],[79.7944,16.3364],[79.8211,16.3504],[79.7949,16.3546],[79.7772,16.3713]]]},"properties":{"AC_NO":"99","AC_NAME":"Vinukonda","district":"PALNADU","PC_NO":14,"PC_NAME":"NARASARAOPET"}},{"type":"Feature","geometry":{"type":"Polygon","coordinates":[[[80.48,16.3772],[80.4542,16.3831],[80.4406,16.3575],[80.426,16.3451],[80.4362,16.3188],[80.4312,16.2837],[80.4353,16.244],[80.4631,16.2358],[80.4949,16.2402],[80.5052,16.2678],[80.4769,16.2963],[80.4861,16.3119],[80.4713,16.3251],[80.4839,16.3459],[80.48,16.3772]]]},"properties":{"AC_NO":"95","AC_NAME":"Guntur East","district":"GUNTUR","PC_NO":13,"PC_NAME":"GUNTUR"}},{"type":"Feature","geometry":{"type":"Polygon","coordinates":[[[80.48,16.3772],[80.4839,16.3459],[80.4713,16.3251],[80.4861,16.3119],[80.4769,16.2963],[80.5052,16.2678],[80.4949,16.2402],[80.4631,16.2358],[80.4508,16.2028],[80.4763,16.1835],[80.4978,16.1808],[80.4932,16.1382],[80.479,16.127],[80.4743,16.0935],[80.4799,16.0523],[80.4512,16.0325],[80.4647,16.0212],[80.4655,16.0066],[80.4929,16.0013],[80.4997,15.9897],[80.5253,16.008],[80.5271,15.9915],[80.5392,15.9908],[80.5575,16.0101],[80.5581,16.0221],[80.5645,16.0244],[80.5787,16.0194],[80.5951,16.0426],[80.5875,16.0687],[80.5941,16.1013],[80.5799,16.1094],[80.5643,16.1466],[80.559,16.1501],[80.5792,16.1696],[80.5805,16.2221],[80.5713,16.2302],[80.5687,16.2413],[80.599,16.2528],[80.6055,16.2779],[80.596,16.2863],[80.5426,16.2905],[80.5662,16.3168],[80.5561,16.3248],[80.5667,16.3506],[80.5617,16.3587],[80.5166,16.3742],[80.48,16.3772]]]},"properties":{"AC_NO":"88","AC_NAME":"Ponnur","district":"GUNTUR","PC_NO":13,"PC_NAME":"GUNTUR"}},{"type":"Feature","geometry":{"type":"Polygon","coordinates":[[[80.7266,16.3788],[80.7069,16.3644],[80.7007,16.3463],[80.6767,16.3414],[80.681,16.3277],[80.6988,16.3168],[80.6737,16.2918],[80.6363,16.2908],[80.6324,16.3093],[80.6134,16.3186],[80.5662,16.3168],[80.5426,16.2905],[80.596,16.2863],[80.6055,16.2779],[80.599,16.2528],[80.5687,16.2413],[80.5713,16.2302],[80.5805,16.2221],[80.5984,16.2289],[80.6386,16.2044],[80.6455,16.1919],[80.6634,16.1882],[80.6798,16.194],[80.6929,16.2175],[80.7162,16.2238],[80.7334,16.2122],[80.7494,16.2253],[80.7539,16.2463],[80.787,16.2409],[80.8027,16.2426],[80.7979,16.2832],[80.7848,16.2883],[80.7484,16.3298],[80.7266,16.3788]]]},"properties":{"AC_NO":"91","AC_NAME":"Tenali","district":"GUNTUR","PC_NO":13,"PC_NAME":"GUNTUR"}},{"type":"Feature","geometry":{"type":"Polygon","coordinates":[[[80.426,16.3451],[80.4143,16.3595],[80.3876,16.3446],[80.3778,16.3585],[80.3615,16.3551],[80.353,16.3411],[80.3627,16.3111],[80.409,16.2482],[80.4353,16.244],[80.4312,16.2837],[80.4362,16.3188],[80.426,16.3451]]]},"properties":{"AC_NO":"94","AC_NAME":"Guntur West","district":"GUNTUR","PC_NO":13,"PC_NAME":"GUNTUR"}},{"type":"Feature","geometry":{"type":"Polygon","coordinates":[[[80.1179,16.2869],[80.0949,16.2793],[80.0681,16.2845],[80.0594,16.315],[80.0415,16.3261],[80.0204,16.3047],[80.0197,16.2788],[79.9855,16.2715],[79.9688,16.2747],[79.9696,16.2944],[79.9515,16.299],[79.9439,16.3253],[79.9203,16.3227],[79.8985,16.3356],[79.8941,16.311],[79.9096,16.3003],[79.9086,16.2701],[79.867,16.2463],[79.8606,16.2147],[79.8478,16.2073],[79.8443,16.1686],[79.8745,16.1694],[79.8782,16.1544],[79.9017,16.1495],[79.9327,16.1325],[79.9448,16.1394],[79.9536,16.1522],[79.9513,16.1646],[79.9721,16.1551],[79.9761,16.1512],[79.974,16.1463],[80.0006,16.1402],[79.9988,16.1365],[80.0108,16.128],[80.0127,16.1171],[80.0319,16.1178],[80.0434,16.1302],[80.0503,16.131],[80.0508,16.1257],[80.0674,16.1254],[80.0767,16.1303],[80.0862,16.1562],[80.1013,16.1723],[80.0886,16.1941],[80.1009,16.2331],[80.0937,16.267],[80.127,16.2681],[80.1179,16.2869]]]},"properties":{"AC_NO":"97","AC_NAME":"Narasaraopet","district":"PALNADU","PC_NO":14,"PC_NAME":"NARASARAOPET"}},{"type":"Feature","geometry":{"type":"Polygon","coordinates":[[[79.5465,16.2896],[79.5362,16.306],[79.5279,16.2973],[79.5002,16.2908],[79.4733,16.2909],[79.4473,16.3029],[79.3712,16.233],[79.3256,16.2285],[79.2957,16.2147],[79.2593,16.1939],[79.2495,16.18],[79.2219,16.1636],[79.2157,16.1841],[79.2158,16.2271],[79.1923,16.2164],[79.1592,16.209],[79.1217,16.2328],[79.0995,16.2235],[79.0828,16.2311],[79.0711,16.2278],[79.0509,16.2384],[79.0128,16.2409],[78.9858,16.2111],[78.9603,16.2094],[78.9055,16.1839],[78.9042,16.1768],[78.9148,16.1497],[78.9239,16.1377],[78.9227,16.1269],[78.9311,16.0929],[78.9109,15.9688],[78.837,15.9071],[78.8098,15.8675],[78.7925,15.7721],[78.7963,15.7759],[78.8377,15.7806],[78.9096,15.7807],[78.9431,15.7917],[78.9698,15.8068],[78.9916,15.8066],[79,15.7921],[79.0072,15.7605],[79.0324,15.7232],[79.0552,15.7194],[79.0884,15.7402],[79.1101,15.7364],[79.1334,15.6695],[79.1557,15.6888],[79.1804,15.7225],[79.1739,15.7356],[79.178,15.7568],[79.1933,15.7631],[79.2101,15.7903],[79.2417,15.7792],[79.2625,15.7774],[79.2913,15.756],[79.3123,15.7728],[79.325,15.805],[79.3324,15.8276],[79.3696,15.8548],[79.4018,15.8933],[79.4252,15.9101],[79.4307,15.924],[79.4511,15.9322],[79.4592,15.9487],[79.4748,15.9542],[79.5114,15.949],[79.5458,15.9932],[79.5724,16.0048],[79.5629,16.0125],[79.5671,16.018],[79.5638,16.033],[79.5474,16.0678],[79.5465,16.0767],[79.5539,16.09],[79.5543,16.1122],[79.5444,16.1205],[79.5366,16.1429],[79.5381,16.1709],[79.5517,16.1793],[79.5603,16.2002],[79.5563,16.2145],[79.5631,16.2273],[79.5596,16.2416],[79.5666,16.2763],[79.5465,16.2896]]]},"properties":{"AC_NO":"102","AC_NAME":"Yerragondapalem (SC)","district":"PRAKASAM","PC_NO":16,"PC_NAME":"ONGOLE"}},{"type":"Feature","geometry":{"type":"Polygon","coordinates":[[[80.3506,16.2806],[80.3008,16.2169],[80.2831,16.2089],[80.2745,16.1915],[80.2603,16.1846],[80.2623,16.1567],[80.2777,16.1383],[80.2707,16.1208],[80.2854,16.1073],[80.2881,16.0988],[80.2778,16.088],[80.2571,16.0906],[80.2195,16.0821],[80.2267,16.0569],[80.2388,16.0448],[80.2401,16.0526],[80.2625,16.0536],[80.2837,16.0495],[80.2935,16.0536],[80.3009,16.0501],[80.3019,16.0557],[80.3058,16.0544],[80.3185,16.0449],[80.3138,16.0292],[80.328,16.0252],[80.3455,16.029],[80.3586,16.0271],[80.3589,16.022],[80.3718,16.0133],[80.4262,15.9999],[80.4231,15.9738],[80.4537,15.9817],[80.4655,16.0066],[80.4647,16.0212],[80.4512,16.0325],[80.4799,16.0523],[80.4743,16.0935],[80.479,16.127],[80.4932,16.1382],[80.4978,16.1808],[80.4763,16.1835],[80.4508,16.2028],[80.4631,16.2358],[80.4353,16.244],[80.409,16.2482],[80.3627,16.3111],[80.3598,16.2895],[80.3506,16.2806]]]},"properties":{"AC_NO":"93","AC_NAME":"Prathipadu (SC)","district":"GUNTUR","PC_NO":13,"PC_NAME":"GUNTUR"}},{"type":"Feature","geometry":{"type":"Polygon","coordinates":[[[80.3506,16.2806],[80.3513,16.2957],[80.3423,16.3012],[80.3367,16.2968],[80.3335,16.3082],[80.3263,16.3083],[80.3101,16.2948],[80.3075,16.2818],[80.2916,16.2737],[80.2827,16.2619],[80.2698,16.2593],[80.2401,16.2647],[80.2356,16.2448],[80.2145,16.2495],[80.1858,16.2684],[80.1491,16.2538],[80.127,16.2681],[80.0937,16.267],[80.1009,16.2331],[80.0886,16.1941],[80.1013,16.1723],[80.0862,16.1562],[80.0767,16.1303],[80.0674,16.1254],[80.0508,16.1257],[80.0406,16.0927],[80.0475,16.0856],[80.0679,16.0949],[80.0741,16.0923],[80.0708,16.0754],[80.0826,16.0633],[80.0887,16.0181],[80.0972,16.0114],[80.1206,16.0209],[80.1331,16.02],[80.1373,16.0459],[80.1553,16.0459],[80.1548,16.0418],[80.1823,16.0348],[80.1901,16.0387],[80.2295,16.0321],[80.2298,16.0379],[80.2373,16.0374],[80.2388,16.0448],[80.2267,16.0569],[80.2195,16.0821],[80.2571,16.0906],[80.2778,16.088],[80.2881,16.0988],[80.2854,16.1073],[80.2707,16.1208],[80.2777,16.1383],[80.2623,16.1567],[80.2603,16.1846],[80.2745,16.1915],[80.2831,16.2089],[80.3008,16.2169],[80.3506,16.2806]]]},"properties":{"AC_NO":"96","AC_NAME":"Chilakaluripet","district":"PALNADU","PC_NO":14,"PC_NAME":"NARASARAOPET"}},{"type":"Feature","geometry":{"type":"Polygon","coordinates":[[[81.265,16.2785],[81.2522,16.3038],[81.215,16.2874],[81.2111,16.2658],[81.1953,16.2583],[81.1713,16.2667],[81.1173,16.2318],[81.1106,16.2176],[81.0809,16.1951],[81.1005,16.1769],[81.069,16.1432],[81.0483,16.1523],[81.037,16.1433],[80.9933,16.1505],[80.9823,16.1294],[81.024,16.1327],[81.0014,16.1113],[81.0164,16.0909],[81.0419,16.0785],[81.0467,16.0588],[81.0709,16.0562],[81.0741,16.0299],[81.0657,16.0109],[81.079,16.0026],[81.0939,16.0077],[81.1171,16.0026],[81.1392,15.9696],[81.1485,15.9756],[81.1427,15.9998],[81.1474,16.02],[81.1956,16.1155],[81.2137,16.2076],[81.2379,16.2469],[81.265,16.2785]]]},"properties":{"AC_NO":"75","AC_NAME":"Machilipatnam","district":"KRISHNA","PC_NO":11,"PC_NAME":"MACHILIPATNAM"}},{"type":"Feature","geometry":{"type":"Polygon","coordinates":[[[80.8027,16.2426],[80.787,16.2409],[80.7539,16.2463],[80.7494,16.2253],[80.7334,16.2122],[80.7162,16.2238],[80.6929,16.2175],[80.6798,16.194],[80.6634,16.1882],[80.6455,16.1919],[80.6386,16.2044],[80.5984,16.2289],[80.5805,16.2221],[80.5792,16.1696],[80.559,16.1501],[80.5643,16.1466],[80.5799,16.1094],[80.5941,16.1013],[80.5875,16.0687],[80.5951,16.0426],[80.6141,16.0361],[80.6553,16.0535],[80.665,16.0658],[80.6907,16.0691],[80.7018,16.108],[80.7395,16.1092],[80.7494,16.061],[80.7707,16.0675],[80.7713,16.0463],[80.7907,16.0355],[80.8148,16.0451],[80.8569,16.038],[80.877,16.0522],[80.8816,16.0646],[80.8752,16.0703],[80.8677,16.1058],[80.855,16.1044],[80.8635,16.133],[80.8282,16.1992],[80.8412,16.2159],[80.8236,16.2178],[80.8203,16.2183],[80.8173,16.2411],[80.8027,16.2426]]]},"properties":{"AC_NO":"89","AC_NAME":"Vemuru (SC)","district":"BAPATLA","PC_NO":15,"PC_NAME":"BAPATLA (SC)"}},{"type":"Feature","geometry":{"type":"Polygon","coordinates":[[[80.9809,16.1942],[80.969,16.2046],[80.9309,16.2031],[80.893,16.2206],[80.8236,16.2178],[80.8412,16.2159],[80.8282,16.1992],[80.8635,16.133],[80.855,16.1044],[80.8677,16.1058],[80.8752,16.0703],[80.8816,16.0646],[80.877,16.0522],[80.8914,16.0011],[80.8902,15.9611],[80.8967,15.9653],[80.8987,15.9356],[80.8949,15.9231],[80.9032,15.9174],[80.8863,15.8565],[80.8727,15.8464],[80.8383,15.7633],[80.8322,15.7421],[80.8326,15.707],[80.928,15.722],[80.9388,15.7166],[80.9616,15.728],[81.0082,15.7541],[81.0144,15.7723],[81.0091,15.789],[81.0054,15.7895],[81.0028,15.7863],[80.9953,15.8035],[81.0009,15.8324],[81.0149,15.851],[81.0715,15.9115],[81.1347,15.9664],[81.12,15.9935],[81.0913,16.0049],[81.075,15.9988],[81.0628,16.0135],[81.0711,16.0278],[81.0712,16.0492],[81.0448,16.0579],[81.0383,16.0783],[81.0164,16.0909],[81.0014,16.1113],[81.024,16.1327],[80.9823,16.1294],[80.9933,16.1505],[81.037,16.1433],[81.0483,16.1523],[81.0348,16.1649],[81.0145,16.1657],[81.0139,16.1788],[80.9822,16.1824],[80.9809,16.1942]]]},"properties":{"AC_NO":"76","AC_NAME":"Avanigadda","district":"KRISHNA","PC_NO":11,"PC_NAME":"MACHILIPATNAM"}},{"type":"Feature","geometry":{"type":"Polygon","coordinates":[[[78.9227,16.1269],[78.9214,16.1031],[78.8896,16.085],[78.873,16.1436],[78.8548,16.1492],[78.8354,16.1458],[78.8331,16.1377],[78.8425,16.0956],[78.8404,16.0785],[78.8195,16.0486],[78.8013,16.0381],[78.7919,16.0247],[78.7511,16.0161],[78.7356,16.0085],[78.7236,16.0205],[78.6857,16.0332],[78.6242,15.9799],[78.5778,15.9541],[78.5683,15.9353],[78.5376,15.9157],[78.554,15.8868],[78.5379,15.8618],[78.5552,15.8515],[78.5584,15.8322],[78.5448,15.8241],[78.5461,15.8063],[78.5608,15.7938],[78.5282,15.7638],[78.5422,15.7459],[78.5208,15.7377],[78.4875,15.7449],[78.4996,15.7152],[78.4773,15.7131],[78.4608,15.7246],[78.4388,15.7033],[78.4587,15.6621],[78.4789,15.6567],[78.4811,15.6356],[78.4633,15.6223],[78.5101,15.6034],[78.5037,15.5917],[78.4722,15.5908],[78.4548,15.5791],[78.4543,15.566],[78.4714,15.5457],[78.4971,15.5437],[78.4933,15.5166],[78.5185,15.4984],[78.5027,15.491],[78.5217,15.4623],[78.5159,15.4328],[78.4933,15.4338],[78.4867,15.4212],[78.4997,15.4047],[78.5241,15.4191],[78.5339,15.4377],[78.5556,15.4259],[78.5673,15.4095],[78.5904,15.3964],[78.6112,15.4042],[78.6287,15.3956],[78.6564,15.3952],[78.712,15.4029],[78.7713,15.4206],[78.7693,15.4653],[78.7767,15.5337],[78.7696,15.6347],[78.7715,15.6648],[78.7925,15.7721],[78.8098,15.8675],[78.837,15.9071],[78.9109,15.9688],[78.9311,16.0929],[78.9227,16.1269]]]},"properties":{"AC_NO":"135","AC_NAME":"Srisailam","district":"NANDYAL","PC_NO":17,"PC_NAME":"NANDYAL"}},{"type":"Feature","geometry":{"type":"Polygon","coordinates":[[[80.0508,16.1257],[80.0503,16.131],[80.0434,16.1302],[80.0319,16.1178],[80.0127,16.1171],[80.0108,16.128],[79.9988,16.1365],[80.0006,16.1402],[79.974,16.1463],[79.9761,16.1512],[79.9721,16.1551],[79.9513,16.1646],[79.9536,16.1522],[79.9448,16.1394],[79.9327,16.1325],[79.9017,16.1495],[79.8782,16.1544],[79.8662,16.1352],[79.8752,16.1289],[79.8739,16.1123],[79.8685,16.0963],[79.8817,16.0924],[79.8836,16.0861],[79.8952,16.0874],[79.8955,16.0773],[79.9158,16.075],[79.9206,16.0613],[79.9175,16.0473],[79.8804,16.0391],[79.8698,16.0304],[79.8666,16.0217],[79.8629,15.9936],[79.8793,15.9997],[79.8904,15.9949],[79.8906,15.9878],[79.9026,15.9836],[79.9123,15.9673],[79.9033,15.9427],[79.8941,15.9397],[79.8801,15.9405],[79.8755,15.9356],[79.878,15.9251],[79.8699,15.9167],[79.8815,15.9096],[79.8922,15.8805],[79.9139,15.8684],[79.916,15.8535],[79.9359,15.8453],[79.9364,15.8309],[79.916,15.8251],[79.9074,15.8158],[79.9034,15.7776],[79.9087,15.7485],[79.8907,15.7145],[79.8899,15.7041],[79.8978,15.7081],[79.9263,15.6957],[79.9595,15.7194],[79.9801,15.7038],[80.0106,15.6944],[80.0212,15.7095],[80.0303,15.7106],[80.0615,15.6938],[80.074,15.6922],[80.0965,15.6734],[80.1055,15.6725],[80.1157,15.6799],[80.1009,15.6983],[80.0999,15.7053],[80.1259,15.6956],[80.14,15.7044],[80.1535,15.7244],[80.1292,15.746],[80.1524,15.781],[80.1523,15.8103],[80.1414,15.8215],[80.1339,15.8632],[80.1202,15.8665],[80.1116,15.8883],[80.0851,15.8886],[80.0248,15.9203],[80.0189,15.9579],[80.0256,15.9849],[80.0348,15.9946],[80.0578,15.9993],[80.0887,16.0181],[80.0826,16.0633],[80.0708,16.0754],[80.0741,16.0923],[80.0679,16.0949],[80.0475,16.0856],[80.0406,16.0927],[80.0508,16.1257]]]},"properties":{"AC_NO":"105","AC_NAME":"Addanki","district":"BAPATLA","PC_NO":15,"PC_NAME":"BAPATLA (SC)"}},{"type":"Feature","geometry":{"type":"Polygon","coordinates":[[[78.6857,16.0332],[78.6504,16.0728],[78.6498,16.0795],[78.6325,16.0868],[78.61,16.0874],[78.587,16.0637],[78.5499,16.043],[78.4749,16.0688],[78.408,16.0752],[78.3977,16.0665],[78.3845,16.0649],[78.3655,16.0471],[78.3478,16.0478],[78.3267,16.0371],[78.322,16.0175],[78.3124,16.0119],[78.2995,16.0119],[78.2773,16.0247],[78.261,16.0262],[78.2556,16.0132],[78.2591,15.9926],[78.2511,15.973],[78.2511,15.9351],[78.2322,15.9243],[78.1845,15.9102],[78.1795,15.9023],[78.19,15.8926],[78.1768,15.8771],[78.1754,15.8584],[78.1589,15.8541],[78.1356,15.855],[78.1302,15.851],[78.1343,15.8369],[78.1462,15.8141],[78.1362,15.8026],[78.1485,15.7851],[78.1794,15.7767],[78.1455,15.7487],[78.1618,15.731],[78.1701,15.7115],[78.1916,15.6881],[78.2357,15.697],[78.2456,15.6932],[78.2482,15.6867],[78.2648,15.6869],[78.2919,15.6699],[78.3141,15.6638],[78.3371,15.68],[78.3487,15.6511],[78.3794,15.6565],[78.3789,15.679],[78.4028,15.7178],[78.4388,15.7033],[78.4608,15.7246],[78.4773,15.7131],[78.4996,15.7152],[78.4875,15.7449],[78.5208,15.7377],[78.5422,15.7459],[78.5282,15.7638],[78.5608,15.7938],[78.5461,15.8063],[78.5448,15.8241],[78.5584,15.8322],[78.5552,15.8515],[78.5379,15.8618],[78.554,15.8868],[78.5376,15.9157],[78.5683,15.9353],[78.5778,15.9541],[78.6242,15.9799],[78.6857,16.0332]]]},"properties":{"AC_NO":"136","AC_NAME":"Nandikotkur (SC)","district":"NANDYAL","PC_NO":17,"PC_NAME":"NANDYAL"}},{"type":"Feature","geometry":{"type":"Polygon","coordinates":[[[80.877,16.0522],[80.8569,16.038],[80.8148,16.0451],[80.7907,16.0355],[80.7713,16.0463],[80.7707,16.0675],[80.7494,16.061],[80.7395,16.1092],[80.7018,16.108],[80.6907,16.0691],[80.665,16.0658],[80.6553,16.0535],[80.6141,16.0361],[80.6191,16.0019],[80.6503,16.0015],[80.6541,15.9756],[80.6272,15.9593],[80.6404,15.9468],[80.6502,15.9248],[80.636,15.9175],[80.6129,15.9261],[80.6175,15.9033],[80.6052,15.8707],[80.6766,15.8807],[80.6806,15.8858],[80.6859,15.8819],[80.7291,15.8789],[80.7819,15.8633],[80.8003,15.8484],[80.8126,15.8315],[80.8157,15.8113],[80.8008,15.8062],[80.7914,15.821],[80.7887,15.8328],[80.7858,15.8311],[80.7796,15.8413],[80.8111,15.7648],[80.8158,15.741],[80.8092,15.7354],[80.8095,15.7226],[80.8157,15.7138],[80.8224,15.7093],[80.8326,15.707],[80.8322,15.7421],[80.8383,15.7633],[80.8727,15.8464],[80.8863,15.8565],[80.9032,15.9174],[80.8949,15.9231],[80.8987,15.9356],[80.8967,15.9653],[80.8902,15.9611],[80.8914,16.0011],[80.877,16.0522]]]},"properties":{"AC_NO":"90","AC_NAME":"Repalle","district":"BAPATLA","PC_NO":15,"PC_NAME":"BAPATLA (SC)"}},{"type":"Feature","geometry":{"type":"Polygon","coordinates":[[[80.2388,16.0448],[80.2373,16.0374],[80.2298,16.0379],[80.2295,16.0321],[80.1901,16.0387],[80.1823,16.0348],[80.1548,16.0418],[80.1553,16.0459],[80.1373,16.0459],[80.1331,16.02],[80.1206,16.0209],[80.0972,16.0114],[80.0887,16.0181],[80.0578,15.9993],[80.0348,15.9946],[80.0256,15.9849],[80.0189,15.9579],[80.0248,15.9203],[80.0851,15.8886],[80.1116,15.8883],[80.1202,15.8665],[80.1339,15.8632],[80.1414,15.8215],[80.1523,15.8103],[80.1524,15.781],[80.1292,15.746],[80.1535,15.7244],[80.1733,15.7445],[80.1781,15.7676],[80.197,15.7612],[80.1918,15.725],[80.1741,15.7007],[80.1672,15.6601],[80.1719,15.6266],[80.2217,15.618],[80.2401,15.6062],[80.2696,15.666],[80.3021,15.7091],[80.281,15.7266],[80.2693,15.7489],[80.2506,15.752],[80.2412,15.7622],[80.23,15.765],[80.2087,15.7817],[80.2123,15.8418],[80.2749,15.8034],[80.291,15.8167],[80.2871,15.8393],[80.309,15.8624],[80.3377,15.8746],[80.3365,15.9031],[80.356,15.9327],[80.362,15.9769],[80.3797,15.974],[80.4231,15.9738],[80.4262,15.9999],[80.3718,16.0133],[80.3589,16.022],[80.3586,16.0271],[80.3455,16.029],[80.328,16.0252],[80.3138,16.0292],[80.3185,16.0449],[80.3058,16.0544],[80.3019,16.0557],[80.3009,16.0501],[80.2935,16.0536],[80.2837,16.0495],[80.2625,16.0536],[80.2401,16.0526],[80.2388,16.0448]]]},"properties":{"AC_NO":"104","AC_NAME":"Parchur","district":"BAPATLA","PC_NO":15,"PC_NAME":"BAPATLA (SC)"}},{"type":"Feature","geometry":{"type":"Polygon","coordinates":[[[80.5951,16.0426],[80.5787,16.0194],[80.5645,16.0244],[80.5581,16.0221],[80.5575,16.0101],[80.5392,15.9908],[80.5271,15.9915],[80.5253,16.008],[80.4997,15.9897],[80.4929,16.0013],[80.4655,16.0066],[80.4537,15.9817],[80.4231,15.9738],[80.3797,15.974],[80.375,15.9442],[80.3781,15.8969],[80.3868,15.8917],[80.4068,15.8576],[80.437,15.8782],[80.4508,15.8574],[80.4476,15.8231],[80.4173,15.8078],[80.4182,15.7979],[80.5365,15.8527],[80.6052,15.8707],[80.6175,15.9033],[80.6129,15.9261],[80.636,15.9175],[80.6502,15.9248],[80.6404,15.9468],[80.6272,15.9593],[80.6541,15.9756],[80.6503,16.0015],[80.6191,16.0019],[80.6141,16.0361],[80.5951,16.0426]]]},"properties":{"AC_NO":"92","AC_NAME":"Bapatla","district":"BAPATLA","PC_NO":15,"PC_NAME":"BAPATLA (SC)"}},{"type":"Feature","geometry":{"type":"Polygon","coordinates":[[[77.4237,15.9477],[77.4151,15.942],[77.3975,15.9443],[77.3792,15.9396],[77.3614,15.9496],[77.3221,15.9504],[77.3006,15.9579],[77.2844,15.9539],[77.2489,15.9649],[77.2347,15.9574],[77.1848,15.9567],[77.1736,15.9506],[77.146,15.9463],[77.1366,15.9379],[77.1034,15.9291],[77.073,15.9108],[77.0548,15.8806],[77.0316,15.8549],[77.0253,15.8375],[77.0356,15.8297],[77.0401,15.8328],[77.0435,15.8289],[77.0652,15.8278],[77.0636,15.8032],[77.0669,15.8027],[77.0673,15.7889],[77.0663,15.7851],[77.0608,15.7862],[77.0568,15.7686],[77.0523,15.7698],[77.051,15.7646],[77.0563,15.7627],[77.0542,15.7561],[77.0478,15.7562],[77.0491,15.7303],[77.0797,15.7275],[77.0874,15.7155],[77.0787,15.6952],[77.1093,15.6815],[77.1214,15.6711],[77.1202,15.6676],[77.1289,15.6656],[77.1441,15.6857],[77.1653,15.6745],[77.2158,15.6804],[77.217,15.6947],[77.2376,15.7376],[77.2241,15.7484],[77.2356,15.7728],[77.2746,15.7711],[77.2877,15.7488],[77.2703,15.7303],[77.2718,15.7105],[77.2912,15.7],[77.3324,15.7048],[77.3483,15.6871],[77.3166,15.6832],[77.3088,15.6636],[77.3505,15.6629],[77.3824,15.726],[77.4496,15.7179],[77.4534,15.733],[77.4438,15.7489],[77.4594,15.7627],[77.4235,15.7768],[77.4189,15.791],[77.3993,15.808],[77.4054,15.8359],[77.4264,15.837],[77.4394,15.8471],[77.435,15.8675],[77.4442,15.9179],[77.4237,15.9477]]]},"properties":{"AC_NO":"145","AC_NAME":"Mantralayam","district":"KURNOOL","PC_NO":18,"PC_NAME":"KURNOOL"}},{"type":"Feature","geometry":{"type":"Polygon","coordinates":[[[79.8699,15.9167],[79.8472,15.9228],[79.8483,15.9284],[79.8433,15.93],[79.7912,15.9411],[79.7834,15.915],[79.7631,15.9007],[79.7554,15.8999],[79.7539,15.8714],[79.7469,15.8596],[79.7542,15.8478],[79.7727,15.8425],[79.7709,15.8255],[79.7456,15.8256],[79.7324,15.8358],[79.7106,15.8376],[79.7171,15.8455],[79.7198,15.8591],[79.7146,15.8676],[79.6886,15.8762],[79.6933,15.8983],[79.6763,15.9037],[79.6553,15.9209],[79.6359,15.9073],[79.6116,15.9224],[79.6155,15.9328],[79.5899,15.9405],[79.5724,15.9372],[79.5592,15.9482],[79.5595,15.9637],[79.5724,16.0048],[79.5458,15.9932],[79.5114,15.949],[79.4748,15.9542],[79.4592,15.9487],[79.4511,15.9322],[79.4307,15.924],[79.4252,15.9101],[79.4018,15.8933],[79.3696,15.8548],[79.3324,15.8276],[79.325,15.805],[79.3406,15.7959],[79.3753,15.7579],[79.3898,15.7859],[79.3702,15.7843],[79.3672,15.8001],[79.374,15.8262],[79.3846,15.8334],[79.3989,15.8196],[79.3944,15.7921],[79.4018,15.7779],[79.4209,15.775],[79.434,15.7619],[79.4321,15.725],[79.4625,15.7349],[79.4883,15.7203],[79.4993,15.6992],[79.5422,15.7075],[79.5598,15.717],[79.5909,15.7139],[79.6113,15.7344],[79.6274,15.728],[79.6399,15.7122],[79.6486,15.6881],[79.6874,15.663],[79.7143,15.6151],[79.738,15.5909],[79.7464,15.5932],[79.7446,15.6116],[79.7704,15.6407],[79.7995,15.6391],[79.8093,15.6591],[79.8268,15.6407],[79.8387,15.6616],[79.858,15.667],[79.8628,15.6842],[79.8814,15.6912],[79.8899,15.7041],[79.8907,15.7145],[79.9087,15.7485],[79.9034,15.7776],[79.9074,15.8158],[79.916,15.8251],[79.9364,15.8309],[79.9359,15.8453],[79.916,15.8535],[79.9139,15.8684],[79.8922,15.8805],[79.8815,15.9096],[79.8699,15.9167]]]},"properties":{"AC_NO":"103","AC_NAME":"Darsi","district":"PRAKASAM","PC_NO":16,"PC_NAME":"ONGOLE"}},{"type":"Feature","geometry":{"type":"Polygon","coordinates":[[[77.6372,15.8961],[77.6115,15.9182],[77.5935,15.9123],[77.581,15.9188],[77.5491,15.9195],[77.5136,15.9271],[77.4989,15.9335],[77.4671,15.9344],[77.4332,15.9482],[77.4237,15.9477],[77.4442,15.9179],[77.435,15.8675],[77.4394,15.8471],[77.4264,15.837],[77.4054,15.8359],[77.3993,15.808],[77.4189,15.791],[77.4235,15.7768],[77.4594,15.7627],[77.4438,15.7489],[77.4534,15.733],[77.4496,15.7179],[77.3824,15.726],[77.3505,15.6629],[77.3947,15.6452],[77.4207,15.6448],[77.4387,15.6558],[77.4632,15.6391],[77.4623,15.6072],[77.4849,15.6175],[77.51,15.6147],[77.523,15.6456],[77.5528,15.66],[77.5688,15.6534],[77.5808,15.664],[77.5922,15.6398],[77.6055,15.6495],[77.6239,15.6477],[77.6396,15.6571],[77.6479,15.6447],[77.6838,15.6334],[77.6876,15.6157],[77.7089,15.6169],[77.7335,15.6054],[77.7505,15.6303],[77.7431,15.672],[77.7313,15.679],[77.7065,15.6765],[77.7049,15.6986],[77.6849,15.7064],[77.6845,15.7618],[77.6738,15.7682],[77.6434,15.7673],[77.6181,15.7903],[77.6014,15.8139],[77.6202,15.8321],[77.6236,15.8739],[77.6372,15.8961]]]},"properties":{"AC_NO":"144","AC_NAME":"Yemmiganur","district":"KURNOOL","PC_NO":18,"PC_NAME":"KURNOOL"}},{"type":"Feature","geometry":{"type":"Polygon","coordinates":[[[80.4182,15.7979],[80.4173,15.8078],[80.4476,15.8231],[80.4508,15.8574],[80.437,15.8782],[80.4068,15.8576],[80.3868,15.8917],[80.3781,15.8969],[80.375,15.9442],[80.3797,15.974],[80.362,15.9769],[80.356,15.9327],[80.3365,15.9031],[80.3377,15.8746],[80.309,15.8624],[80.2871,15.8393],[80.291,15.8167],[80.2749,15.8034],[80.2123,15.8418],[80.2087,15.7817],[80.23,15.765],[80.2412,15.7622],[80.2506,15.752],[80.2693,15.7489],[80.281,15.7266],[80.3021,15.7091],[80.3456,15.7516],[80.4182,15.7979]]]},"properties":{"AC_NO":"106","AC_NAME":"Chirala","district":"BAPATLA","PC_NO":15,"PC_NAME":"BAPATLA (SC)"}},{"type":"Feature","geometry":{"type":"Polygon","coordinates":[[[78.0065,15.8631],[77.9757,15.8835],[77.9364,15.884],[77.8888,15.9061],[77.8781,15.9051],[77.8598,15.8846],[77.8381,15.8852],[77.8051,15.8747],[77.7827,15.8767],[77.7676,15.8862],[77.7488,15.8856],[77.7242,15.8962],[77.6846,15.8836],[77.6576,15.8863],[77.6372,15.8961],[77.6236,15.8739],[77.6202,15.8321],[77.6014,15.8139],[77.6181,15.7903],[77.6434,15.7673],[77.6738,15.7682],[77.6845,15.7618],[77.6849,15.7064],[77.7049,15.6986],[77.7065,15.6765],[77.7313,15.679],[77.7431,15.672],[77.7505,15.6303],[77.7681,15.6257],[77.7791,15.6415],[77.8105,15.6426],[77.8088,15.622],[77.7963,15.6],[77.7807,15.5874],[77.7752,15.559],[77.7972,15.5699],[77.8072,15.6041],[77.8279,15.6209],[77.8623,15.6172],[77.8677,15.6066],[77.9004,15.5927],[77.907,15.6185],[77.9015,15.6283],[77.8955,15.7013],[77.9181,15.7246],[77.9007,15.7355],[77.8925,15.7538],[77.8737,15.7347],[77.8628,15.7355],[77.8487,15.7549],[77.8632,15.7892],[77.9098,15.7858],[77.9402,15.7933],[77.9427,15.8215],[77.9764,15.8264],[77.9987,15.8232],[78.0065,15.8631]]]},"properties":{"AC_NO":"143","AC_NAME":"Kodumur (SC)","district":"KURNOOL","PC_NO":18,"PC_NAME":"KURNOOL"}},{"type":"Feature","geometry":{"type":"Polygon","coordinates":[[[78.1343,15.8369],[78.0991,15.8364],[78.0837,15.8413],[78.0715,15.8507],[78.0716,15.8621],[78.056,15.8667],[78.0563,15.875],[78.0469,15.8753],[78.0451,15.9045],[78.032,15.9077],[78.0311,15.9033],[78.0256,15.9027],[78.0065,15.8631],[77.9987,15.8232],[78.008,15.808],[78.0286,15.8057],[78.0339,15.7868],[77.9896,15.7735],[77.9779,15.7655],[78.0021,15.7456],[78.026,15.7408],[78.0399,15.7255],[78.0606,15.7333],[78.0918,15.7334],[78.1026,15.7431],[78.1455,15.7487],[78.1794,15.7767],[78.1485,15.7851],[78.1362,15.8026],[78.1462,15.8141],[78.1343,15.8369]]]},"properties":{"AC_NO":"137","AC_NAME":"Kurnool","district":"KURNOOL","PC_NO":18,"PC_NAME":"KURNOOL"}},{"type":"Feature","geometry":{"type":"Polygon","coordinates":[[[77.9987,15.8232],[77.9764,15.8264],[77.9427,15.8215],[77.9402,15.7933],[77.9098,15.7858],[77.8632,15.7892],[77.8487,15.7549],[77.8628,15.7355],[77.8737,15.7347],[77.8925,15.7538],[77.9007,15.7355],[77.9181,15.7246],[77.8955,15.7013],[77.9015,15.6283],[77.907,15.6185],[77.9404,15.6116],[77.9657,15.5956],[77.9972,15.6009],[78.0112,15.6349],[78.0217,15.6366],[78.0438,15.6172],[78.0507,15.596],[78.073,15.6154],[78.0849,15.6142],[78.103,15.5802],[78.1133,15.5531],[78.115,15.5304],[78.1235,15.5295],[78.1621,15.5485],[78.1822,15.544],[78.1849,15.5344],[78.1757,15.5257],[78.1748,15.5098],[78.1945,15.4994],[78.2268,15.5136],[78.2365,15.4992],[78.2676,15.5066],[78.2932,15.5005],[78.3001,15.4754],[78.2764,15.473],[78.2799,15.4543],[78.3006,15.4335],[78.3243,15.4239],[78.3242,15.3879],[78.3451,15.3776],[78.3652,15.3988],[78.3683,15.4205],[78.4064,15.462],[78.3976,15.4877],[78.4091,15.5023],[78.3965,15.5151],[78.4215,15.5566],[78.4543,15.566],[78.4548,15.5791],[78.4722,15.5908],[78.5037,15.5917],[78.5101,15.6034],[78.4633,15.6223],[78.4811,15.6356],[78.4789,15.6567],[78.4587,15.6621],[78.4388,15.7033],[78.4028,15.7178],[78.3789,15.679],[78.3794,15.6565],[78.3487,15.6511],[78.3371,15.68],[78.3141,15.6638],[78.2919,15.6699],[78.2648,15.6869],[78.2482,15.6867],[78.2456,15.6932],[78.2357,15.697],[78.1916,15.6881],[78.1701,15.7115],[78.1618,15.731],[78.1455,15.7487],[78.1026,15.7431],[78.0918,15.7334],[78.0606,15.7333],[78.0399,15.7255],[78.026,15.7408],[78.0021,15.7456],[77.9779,15.7655],[77.9896,15.7735],[78.0339,15.7868],[78.0286,15.8057],[78.008,15.808],[77.9987,15.8232]]]},"properties":{"AC_NO":"138","AC_NAME":"Panyam","district":"NANDYAL","PC_NO":17,"PC_NAME":"NANDYAL"}},{"type":"Feature","geometry":{"type":"Polygon","coordinates":[[[79.7464,15.5932],[79.738,15.5909],[79.7143,15.6151],[79.6874,15.663],[79.6486,15.6881],[79.6399,15.7122],[79.6274,15.728],[79.6113,15.7344],[79.5909,15.7139],[79.5598,15.717],[79.5422,15.7075],[79.4993,15.6992],[79.4883,15.7203],[79.4625,15.7349],[79.4321,15.725],[79.434,15.7619],[79.4209,15.775],[79.4018,15.7779],[79.3944,15.7921],[79.3989,15.8196],[79.3846,15.8334],[79.374,15.8262],[79.3672,15.8001],[79.3702,15.7843],[79.3898,15.7859],[79.3753,15.7579],[79.3406,15.7959],[79.325,15.805],[79.3123,15.7728],[79.2913,15.756],[79.2625,15.7774],[79.2417,15.7792],[79.2101,15.7903],[79.1933,15.7631],[79.178,15.7568],[79.1739,15.7356],[79.1804,15.7225],[79.1557,15.6888],[79.1644,15.6498],[79.2115,15.6118],[79.2092,15.6018],[79.2227,15.5643],[79.2341,15.5558],[79.2525,15.5734],[79.3046,15.5821],[79.3325,15.5652],[79.3527,15.5356],[79.3657,15.5254],[79.4471,15.514],[79.4649,15.5425],[79.4835,15.5328],[79.5184,15.5014],[79.5429,15.5046],[79.5708,15.4996],[79.5711,15.5482],[79.5862,15.535],[79.6035,15.5462],[79.6104,15.5583],[79.6116,15.5842],[79.6301,15.5756],[79.6536,15.5743],[79.6721,15.5827],[79.7126,15.5647],[79.7424,15.5566],[79.7646,15.5862],[79.7464,15.5932]]]},"properties":{"AC_NO":"111","AC_NAME":"Markapuram","district":"PRAKASAM","PC_NO":16,"PC_NAME":"ONGOLE"}},{"type":"Feature","geometry":{"type":"Polygon","coordinates":[[[77.1289,15.6656],[77.1215,15.6311],[77.1063,15.6375],[77.1014,15.6485],[77.0832,15.6592],[77.0718,15.6467],[77.0305,15.6345],[77.0326,15.6093],[77.0938,15.578],[77.1187,15.5707],[77.1397,15.5869],[77.1609,15.5949],[77.1659,15.5813],[77.1823,15.582],[77.1911,15.5579],[77.1961,15.524],[77.2182,15.5217],[77.2411,15.5333],[77.2562,15.5182],[77.2867,15.5202],[77.2931,15.5551],[77.3306,15.5518],[77.3522,15.542],[77.3604,15.5591],[77.38,15.5742],[77.3827,15.5927],[77.4092,15.5937],[77.4109,15.6226],[77.4249,15.6293],[77.4207,15.6448],[77.3947,15.6452],[77.3505,15.6629],[77.3088,15.6636],[77.3166,15.6832],[77.3483,15.6871],[77.3324,15.7048],[77.2912,15.7],[77.2718,15.7105],[77.2703,15.7303],[77.2877,15.7488],[77.2746,15.7711],[77.2356,15.7728],[77.2241,15.7484],[77.2376,15.7376],[77.217,15.6947],[77.2158,15.6804],[77.1653,15.6745],[77.1441,15.6857],[77.1289,15.6656]]]},"properties":{"AC_NO":"146","AC_NAME":"Adoni","district":"KURNOOL","PC_NO":18,"PC_NAME":"KURNOOL"}},{"type":"Feature","geometry":{"type":"Polygon","coordinates":[[[79.1557,15.6888],[79.1334,15.6695],[79.1101,15.7364],[79.0884,15.7402],[79.0552,15.7194],[79.0324,15.7232],[79.0072,15.7605],[79,15.7921],[78.9916,15.8066],[78.9698,15.8068],[78.9431,15.7917],[78.9096,15.7807],[78.8377,15.7806],[78.7963,15.7759],[78.7925,15.7721],[78.7715,15.6648],[78.7696,15.6347],[78.7767,15.5337],[78.7693,15.4653],[78.7713,15.4206],[78.7425,15.3539],[78.7366,15.3265],[78.737,15.1992],[78.7421,15.1822],[78.7583,15.185],[78.7775,15.2],[78.8687,15.1977],[78.9194,15.1873],[78.9271,15.2288],[78.9478,15.2288],[78.9477,15.2037],[78.9548,15.1923],[78.9574,15.1763],[78.9814,15.165],[79.0092,15.1686],[79.0172,15.1796],[79.0825,15.1732],[79.106,15.1903],[79.1287,15.2199],[79.1331,15.2471],[79.13,15.2687],[79.1364,15.2849],[79.1594,15.2846],[79.191,15.3184],[79.1955,15.3301],[79.1941,15.3758],[79.2184,15.4375],[79.2271,15.4876],[79.2466,15.5484],[79.2341,15.5558],[79.2227,15.5643],[79.2092,15.6018],[79.2115,15.6118],[79.1644,15.6498],[79.1557,15.6888]]]},"properties":{"AC_NO":"112","AC_NAME":"Giddalur","district":"PRAKASAM","PC_NO":16,"PC_NAME":"ONGOLE"}},{"type":"Feature","geometry":{"type":"Polygon","coordinates":[[[80.2401,15.6062],[80.2217,15.618],[80.1719,15.6266],[80.1672,15.6601],[80.1741,15.7007],[80.1918,15.725],[80.197,15.7612],[80.1781,15.7676],[80.1733,15.7445],[80.1535,15.7244],[80.14,15.7044],[80.1259,15.6956],[80.0999,15.7053],[80.1009,15.6983],[80.1157,15.6799],[80.1055,15.6725],[80.0965,15.6734],[80.074,15.6922],[80.0615,15.6938],[80.0303,15.7106],[80.0212,15.7095],[80.0106,15.6944],[79.9801,15.7038],[79.9595,15.7194],[79.9263,15.6957],[79.8978,15.7081],[79.8899,15.7041],[79.8814,15.6912],[79.8628,15.6842],[79.858,15.667],[79.8387,15.6616],[79.8268,15.6407],[79.8093,15.6591],[79.7995,15.6391],[79.7704,15.6407],[79.7446,15.6116],[79.7464,15.5932],[79.7646,15.5862],[79.7906,15.564],[79.7961,15.5274],[79.8042,15.5116],[79.8299,15.4873],[79.8499,15.481],[79.87,15.4578],[79.8873,15.4519],[79.9057,15.4324],[79.9182,15.4522],[79.9126,15.4731],[79.9311,15.4815],[79.9385,15.4976],[79.9656,15.4884],[79.9715,15.4627],[79.9899,15.4782],[79.9884,15.4971],[80.0091,15.5133],[80.0249,15.5426],[80.0268,15.5607],[80.066,15.5819],[80.0812,15.5998],[80.0932,15.597],[80.1034,15.5791],[80.1353,15.5657],[80.1644,15.5796],[80.1815,15.5655],[80.1947,15.5715],[80.2297,15.5646],[80.2401,15.6062]]]},"properties":{"AC_NO":"107","AC_NAME":"Santhanuthalapadu (SC)","district":"PRAKASAM","PC_NO":15,"PC_NAME":"BAPATLA (SC)"}},{"type":"Feature","geometry":{"type":"Polygon","coordinates":[[[77.4207,15.6448],[77.4249,15.6293],[77.4109,15.6226],[77.4092,15.5937],[77.3827,15.5927],[77.38,15.5742],[77.3604,15.5591],[77.3522,15.542],[77.3306,15.5518],[77.2931,15.5551],[77.2867,15.5202],[77.2562,15.5182],[77.2411,15.5333],[77.2182,15.5217],[77.1961,15.524],[77.1911,15.5579],[77.1823,15.582],[77.1659,15.5813],[77.1609,15.5949],[77.1397,15.5869],[77.1187,15.5707],[77.0938,15.578],[77.0326,15.6093],[77.0263,15.5818],[77.0313,15.5441],[77.0293,15.5008],[76.9761,15.5107],[76.9739,15.4996],[76.9771,15.4898],[76.9973,15.478],[77.0091,15.4512],[77.0333,15.4332],[77.0293,15.4053],[77.0464,15.3922],[77.0463,15.3814],[77.0415,15.3691],[77.0431,15.3593],[77.0644,15.3452],[77.0646,15.3279],[77.0749,15.3261],[77.1134,15.3341],[77.1184,15.2949],[77.1518,15.2923],[77.1522,15.2758],[77.1672,15.2684],[77.1678,15.2581],[77.1438,15.2572],[77.1362,15.241],[77.1266,15.2399],[77.1251,15.2273],[77.1477,15.2239],[77.162,15.2011],[77.1691,15.172],[77.1629,15.1574],[77.1408,15.1586],[77.1347,15.1483],[77.138,15.1435],[77.1573,15.1405],[77.1605,15.147],[77.1804,15.1433],[77.1881,15.1575],[77.2,15.1601],[77.23,15.1441],[77.2643,15.143],[77.2713,15.1311],[77.292,15.1313],[77.3012,15.1544],[77.3102,15.1547],[77.3165,15.1778],[77.3516,15.1779],[77.3538,15.1983],[77.3632,15.2233],[77.3951,15.2174],[77.4065,15.2195],[77.4091,15.2258],[77.4183,15.2243],[77.4013,15.2465],[77.3709,15.2549],[77.3599,15.275],[77.3433,15.2848],[77.3569,15.3367],[77.3772,15.3309],[77.4109,15.3359],[77.4207,15.3575],[77.3922,15.3708],[77.3866,15.3812],[77.4193,15.3935],[77.415,15.4212],[77.4051,15.4348],[77.4222,15.4923],[77.4423,15.4789],[77.4729,15.4778],[77.4806,15.464],[77.5012,15.4653],[77.501,15.4938],[77.5118,15.5069],[77.5293,15.49],[77.5343,15.4705],[77.5538,15.4716],[77.5548,15.4964],[77.5808,15.4793],[77.5862,15.4295],[77.6094,15.4217],[77.641,15.4453],[77.6635,15.4532],[77.6605,15.4733],[77.6791,15.4934],[77.6771,15.5247],[77.7014,15.5144],[77.7264,15.5143],[77.7231,15.5388],[77.7316,15.5502],[77.7112,15.5603],[77.7083,15.5746],[77.7335,15.6054],[77.7089,15.6169],[77.6876,15.6157],[77.6838,15.6334],[77.6479,15.6447],[77.6396,15.6571],[77.6239,15.6477],[77.6055,15.6495],[77.5922,15.6398],[77.5808,15.664],[77.5688,15.6534],[77.5528,15.66],[77.523,15.6456],[77.51,15.6147],[77.4849,15.6175],[77.4623,15.6072],[77.4632,15.6391],[77.4387,15.6558],[77.4207,15.6448]]]},"properties":{"AC_NO":"147","AC_NAME":"Alur","district":"KURNOOL","PC_NO":18,"PC_NAME":"KURNOOL"}},{"type":"Feature","geometry":{"type":"Polygon","coordinates":[[[77.907,15.6185],[77.9004,15.5927],[77.8677,15.6066],[77.8623,15.6172],[77.8279,15.6209],[77.8072,15.6041],[77.7972,15.5699],[77.7752,15.559],[77.7807,15.5874],[77.7963,15.6],[77.8088,15.622],[77.8105,15.6426],[77.7791,15.6415],[77.7681,15.6257],[77.7505,15.6303],[77.7335,15.6054],[77.7083,15.5746],[77.7112,15.5603],[77.7316,15.5502],[77.7231,15.5388],[77.7264,15.5143],[77.7014,15.5144],[77.6771,15.5247],[77.6791,15.4934],[77.6605,15.4733],[77.6635,15.4532],[77.641,15.4453],[77.6094,15.4217],[77.5862,15.4295],[77.5808,15.4793],[77.5548,15.4964],[77.5538,15.4716],[77.5343,15.4705],[77.5293,15.49],[77.5118,15.5069],[77.501,15.4938],[77.5012,15.4653],[77.4806,15.464],[77.4729,15.4778],[77.4423,15.4789],[77.4222,15.4923],[77.4051,15.4348],[77.415,15.4212],[77.4193,15.3935],[77.3866,15.3812],[77.3922,15.3708],[77.4207,15.3575],[77.4109,15.3359],[77.3772,15.3309],[77.3569,15.3367],[77.3433,15.2848],[77.3599,15.275],[77.3709,15.2549],[77.4013,15.2465],[77.4183,15.2243],[77.4331,15.2208],[77.4343,15.2102],[77.4504,15.2054],[77.4465,15.2139],[77.4513,15.2222],[77.4673,15.2178],[77.4812,15.2083],[77.5018,15.2217],[77.5272,15.2243],[77.5418,15.2093],[77.5756,15.1998],[77.5823,15.1883],[77.6115,15.1839],[77.6105,15.1959],[77.6156,15.2069],[77.6346,15.207],[77.6372,15.2215],[77.6499,15.2254],[77.6517,15.2329],[77.6692,15.2329],[77.6772,15.2583],[77.6831,15.3186],[77.679,15.3249],[77.6698,15.3214],[77.6646,15.3354],[77.6508,15.3455],[77.6613,15.3616],[77.671,15.3928],[77.6816,15.3945],[77.7081,15.3817],[77.72,15.3846],[77.7485,15.411],[77.7703,15.4064],[77.7895,15.454],[77.7868,15.4697],[77.8075,15.4866],[77.8251,15.4851],[77.8322,15.4656],[77.854,15.4804],[77.8824,15.4722],[77.8917,15.4653],[77.8988,15.4459],[77.9252,15.4236],[77.9522,15.4319],[77.9711,15.4284],[77.9789,15.4364],[77.9832,15.4596],[78.0271,15.4796],[78.0353,15.5017],[78.0347,15.5232],[78.0499,15.531],[78.0482,15.5519],[78.0625,15.5665],[78.103,15.5802],[78.0849,15.6142],[78.073,15.6154],[78.0507,15.596],[78.0438,15.6172],[78.0217,15.6366],[78.0112,15.6349],[77.9972,15.6009],[77.9657,15.5956],[77.9404,15.6116],[77.907,15.6185]]]},"properties":{"AC_NO":"142","AC_NAME":"Pattikonda","district":"KURNOOL","PC_NO":18,"PC_NAME":"KURNOOL"}},{"type":"Feature","geometry":{"type":"Polygon","coordinates":[[[78.103,15.5802],[78.0625,15.5665],[78.0482,15.5519],[78.0499,15.531],[78.0347,15.5232],[78.0353,15.5017],[78.0271,15.4796],[77.9832,15.4596],[77.9789,15.4364],[77.9711,15.4284],[77.9522,15.4319],[77.9252,15.4236],[77.8988,15.4459],[77.8917,15.4653],[77.8824,15.4722],[77.854,15.4804],[77.8322,15.4656],[77.8251,15.4851],[77.8075,15.4866],[77.7868,15.4697],[77.7895,15.454],[77.7703,15.4064],[77.7485,15.411],[77.72,15.3846],[77.7081,15.3817],[77.6816,15.3945],[77.671,15.3928],[77.6613,15.3616],[77.6508,15.3455],[77.6646,15.3354],[77.6698,15.3214],[77.679,15.3249],[77.6831,15.3186],[77.6772,15.2583],[77.6692,15.2329],[77.6773,15.2287],[77.6801,15.2162],[77.6979,15.2062],[77.6932,15.1844],[77.7027,15.1805],[77.7116,15.1872],[77.7166,15.1728],[77.7333,15.1691],[77.7306,15.1512],[77.7467,15.1414],[77.7497,15.1295],[77.7742,15.1246],[77.7736,15.1125],[77.7849,15.1134],[77.7918,15.1065],[77.7965,15.1193],[77.8113,15.129],[77.8099,15.1356],[77.8158,15.1432],[77.839,15.1453],[77.8545,15.1355],[77.8756,15.1355],[77.8845,15.1785],[77.8965,15.1778],[77.9056,15.1772],[77.9063,15.1885],[77.9152,15.2061],[77.9313,15.2276],[77.9565,15.2504],[77.9723,15.2838],[77.9973,15.2837],[77.9978,15.3042],[77.977,15.3133],[77.9669,15.3436],[77.9878,15.3524],[78.0205,15.3495],[78.0517,15.3579],[78.0815,15.3549],[78.1037,15.3819],[78.1135,15.4167],[78.1287,15.4188],[78.1389,15.4351],[78.1553,15.4135],[78.1854,15.4103],[78.1871,15.4364],[78.1691,15.4505],[78.1706,15.4737],[78.1958,15.4833],[78.1945,15.4994],[78.1748,15.5098],[78.1757,15.5257],[78.1849,15.5344],[78.1822,15.544],[78.1621,15.5485],[78.1235,15.5295],[78.115,15.5304],[78.1133,15.5531],[78.103,15.5802]]]},"properties":{"AC_NO":"141","AC_NAME":"Dhone","district":"NANDYAL","PC_NO":17,"PC_NAME":"NANDYAL"}},{"type":"Feature","geometry":{"type":"Polygon","coordinates":[[[79.7646,15.5862],[79.7424,15.5566],[79.7126,15.5647],[79.6721,15.5827],[79.6536,15.5743],[79.6301,15.5756],[79.6116,15.5842],[79.6104,15.5583],[79.6035,15.5462],[79.6056,15.5198],[79.6194,15.5002],[79.6232,15.482],[79.6047,15.4823],[79.5784,15.391],[79.5897,15.3966],[79.6116,15.4274],[79.6353,15.4266],[79.6484,15.4138],[79.6637,15.4247],[79.6858,15.4242],[79.6888,15.4081],[79.7113,15.3985],[79.7064,15.3698],[79.68,15.3847],[79.6699,15.3792],[79.662,15.34],[79.6753,15.3239],[79.6619,15.2605],[79.6739,15.2551],[79.6991,15.229],[79.7335,15.2456],[79.7648,15.2382],[79.7691,15.2149],[79.7967,15.2271],[79.8067,15.2631],[79.8489,15.2623],[79.8574,15.2692],[79.8696,15.2951],[79.886,15.3078],[79.9135,15.3183],[79.9156,15.3258],[79.9069,15.3464],[79.9194,15.3639],[79.9332,15.3615],[79.9319,15.3274],[79.9608,15.3334],[79.9938,15.3151],[79.9927,15.2968],[79.978,15.2707],[79.9719,15.2425],[79.9833,15.2298],[79.9848,15.2216],[80.0119,15.2223],[80.0233,15.2339],[80.044,15.2359],[80.071,15.2136],[80.0802,15.2111],[80.0895,15.2154],[80.0845,15.2699],[80.1064,15.3207],[80.1157,15.3546],[80.1089,15.3596],[80.0865,15.3583],[80.0756,15.3793],[80.0562,15.3811],[80.0483,15.3964],[80.0655,15.4222],[80.0861,15.4363],[80.0699,15.4541],[80.0575,15.4506],[80.0191,15.4617],[79.9911,15.4513],[79.9899,15.4782],[79.9715,15.4627],[79.9656,15.4884],[79.9385,15.4976],[79.9311,15.4815],[79.9126,15.4731],[79.9182,15.4522],[79.9057,15.4324],[79.8873,15.4519],[79.87,15.4578],[79.8499,15.481],[79.8299,15.4873],[79.8042,15.5116],[79.7961,15.5274],[79.7906,15.564],[79.7646,15.5862]]]},"properties":{"AC_NO":"110","AC_NAME":"Kondapi (SC)","district":"PRAKASAM","PC_NO":16,"PC_NAME":"ONGOLE"}},{"type":"Feature","geometry":{"type":"Polygon","coordinates":[[[80.2297,15.5646],[80.1947,15.5715],[80.1815,15.5655],[80.1644,15.5796],[80.1353,15.5657],[80.1034,15.5791],[80.0932,15.597],[80.0812,15.5998],[80.066,15.5819],[80.0268,15.5607],[80.0249,15.5426],[80.0091,15.5133],[79.9884,15.4971],[79.9899,15.4782],[79.9911,15.4513],[80.0191,15.4617],[80.0575,15.4506],[80.0699,15.4541],[80.0861,15.4363],[80.0655,15.4222],[80.0483,15.3964],[80.0562,15.3811],[80.0756,15.3793],[80.0865,15.3583],[80.1089,15.3596],[80.1157,15.3546],[80.1407,15.3927],[80.2048,15.4707],[80.2196,15.5229],[80.2308,15.5416],[80.2297,15.5646]]]},"properties":{"AC_NO":"108","AC_NAME":"Ongole","district":"PRAKASAM","PC_NO":16,"PC_NAME":"ONGOLE"}},{"type":"Feature","geometry":{"type":"Polygon","coordinates":[[[78.4543,15.566],[78.4215,15.5566],[78.3965,15.5151],[78.4091,15.5023],[78.3976,15.4877],[78.4064,15.462],[78.3683,15.4205],[78.3652,15.3988],[78.3451,15.3776],[78.3492,15.3444],[78.3952,15.3321],[78.3952,15.3143],[78.4161,15.2818],[78.4493,15.2991],[78.4578,15.3584],[78.4807,15.3756],[78.4845,15.3915],[78.4997,15.4047],[78.4867,15.4212],[78.4933,15.4338],[78.5159,15.4328],[78.5217,15.4623],[78.5027,15.491],[78.5185,15.4984],[78.4933,15.5166],[78.4971,15.5437],[78.4714,15.5457],[78.4543,15.566]]]},"properties":{"AC_NO":"139","AC_NAME":"Nandyal","district":"NANDYAL","PC_NO":17,"PC_NAME":"NANDYAL"}},{"type":"Feature","geometry":{"type":"Polygon","coordinates":[[[79.2341,15.5558],[79.2466,15.5484],[79.2271,15.4876],[79.2184,15.4375],[79.1941,15.3758],[79.1955,15.3301],[79.191,15.3184],[79.1594,15.2846],[79.1364,15.2849],[79.13,15.2687],[79.1331,15.2471],[79.1287,15.2199],[79.106,15.1903],[79.0825,15.1732],[79.0734,15.1652],[79.0761,15.1042],[79.0901,15.0491],[79.095,15.0543],[79.0941,15.066],[79.1013,15.0723],[79.1009,15.0843],[79.1301,15.0864],[79.1291,15.1001],[79.1527,15.0978],[79.1613,15.0912],[79.1814,15.0874],[79.215,15.0857],[79.2487,15.1054],[79.2618,15.1067],[79.2656,15.1051],[79.2658,15.0969],[79.2914,15.0984],[79.309,15.0939],[79.3145,15.0935],[79.3146,15.1017],[79.3287,15.1115],[79.3271,15.1154],[79.3353,15.117],[79.3356,15.0995],[79.3283,15.1004],[79.3273,15.0928],[79.3439,15.0855],[79.3516,15.1169],[79.3598,15.1116],[79.3572,15.1019],[79.3677,15.0855],[79.3908,15.0754],[79.4037,15.0782],[79.4195,15.0737],[79.4172,15.0594],[79.4224,15.0567],[79.4385,15.0555],[79.4515,15.0632],[79.4626,15.0622],[79.4678,15.0678],[79.4761,15.0573],[79.5016,15.057],[79.5057,15.0473],[79.5188,15.0385],[79.5292,15.0381],[79.5436,15.0261],[79.5586,15.0221],[79.5645,15.0439],[79.5797,15.0435],[79.5802,15.0367],[79.6086,15.0411],[79.6207,15.0344],[79.6283,15.0351],[79.6308,15.0821],[79.6426,15.1317],[79.6376,15.1537],[79.6595,15.1742],[79.6527,15.1858],[79.6335,15.1859],[79.6619,15.2605],[79.6753,15.3239],[79.662,15.34],[79.6699,15.3792],[79.68,15.3847],[79.7064,15.3698],[79.7113,15.3985],[79.6888,15.4081],[79.6858,15.4242],[79.6637,15.4247],[79.6484,15.4138],[79.6353,15.4266],[79.6116,15.4274],[79.5897,15.3966],[79.5784,15.391],[79.6047,15.4823],[79.6232,15.482],[79.6194,15.5002],[79.6056,15.5198],[79.6035,15.5462],[79.5862,15.535],[79.5711,15.5482],[79.5708,15.4996],[79.5429,15.5046],[79.5184,15.5014],[79.4835,15.5328],[79.4649,15.5425],[79.4471,15.514],[79.3657,15.5254],[79.3527,15.5356],[79.3325,15.5652],[79.3046,15.5821],[79.2525,15.5734],[79.2341,15.5558]]]},"properties":{"AC_NO":"113","AC_NAME":"Kanigiri","district":"PRAKASAM","PC_NO":16,"PC_NAME":"ONGOLE"}},{"type":"Feature","geometry":{"type":"Polygon","coordinates":[[[78.1945,15.4994],[78.1958,15.4833],[78.1706,15.4737],[78.1691,15.4505],[78.1871,15.4364],[78.1854,15.4103],[78.1553,15.4135],[78.1389,15.4351],[78.1287,15.4188],[78.1135,15.4167],[78.1037,15.3819],[78.0815,15.3549],[78.0517,15.3579],[78.0205,15.3495],[77.9878,15.3524],[77.9669,15.3436],[77.977,15.3133],[77.9978,15.3042],[77.9973,15.2837],[77.9723,15.2838],[77.9565,15.2504],[77.9313,15.2276],[77.9152,15.2061],[77.9063,15.1885],[77.9056,15.1772],[77.9194,15.1744],[77.9237,15.1619],[77.9248,15.1522],[77.9088,15.1388],[77.9151,15.1293],[77.9072,15.131],[77.9064,15.123],[77.9329,15.1128],[77.9614,15.109],[77.9745,15.1393],[77.9934,15.1335],[78.0142,15.1123],[78.0058,15.0822],[77.9952,15.0643],[78.0107,15.0512],[78.0114,15.0274],[78.0267,15.0167],[78.034,14.9999],[78.0656,14.9954],[78.0886,14.9826],[78.0874,14.9726],[78.1339,14.9616],[78.137,14.9481],[78.1534,14.96],[78.1678,14.9643],[78.18,14.9646],[78.2106,14.9524],[78.2204,14.9555],[78.2245,14.9779],[78.2359,15.0036],[78.244,14.9998],[78.2601,15.0269],[78.2838,15.0314],[78.2751,15.0584],[78.2846,15.071],[78.2933,15.0736],[78.2898,15.101],[78.2976,15.1284],[78.312,15.1515],[78.3398,15.1633],[78.3496,15.1825],[78.3448,15.2085],[78.3766,15.2018],[78.3887,15.209],[78.3799,15.2265],[78.3822,15.2415],[78.3648,15.2455],[78.3551,15.2665],[78.3661,15.2932],[78.3952,15.3143],[78.3952,15.3321],[78.3492,15.3444],[78.3451,15.3776],[78.3242,15.3879],[78.3243,15.4239],[78.3006,15.4335],[78.2799,15.4543],[78.2764,15.473],[78.3001,15.4754],[78.2932,15.5005],[78.2676,15.5066],[78.2365,15.4992],[78.2268,15.5136],[78.1945,15.4994]]]},"properties":{"AC_NO":"140","AC_NAME":"Banaganapalle","district":"NANDYAL","PC_NO":17,"PC_NAME":"NANDYAL"}},{"type":"Feature","geometry":{"type":"Polygon","coordinates":[[[78.4997,15.4047],[78.4845,15.3915],[78.4807,15.3756],[78.4578,15.3584],[78.4493,15.2991],[78.4161,15.2818],[78.3952,15.3143],[78.3661,15.2932],[78.3551,15.2665],[78.3648,15.2455],[78.3822,15.2415],[78.3799,15.2265],[78.3887,15.209],[78.3766,15.2018],[78.3448,15.2085],[78.3496,15.1825],[78.3398,15.1633],[78.312,15.1515],[78.2976,15.1284],[78.2898,15.101],[78.2933,15.0736],[78.3138,15.0691],[78.3253,15.0736],[78.3328,15.0666],[78.3546,15.0622],[78.3637,15.0523],[78.3781,15.0567],[78.3999,15.049],[78.3756,15.0364],[78.3532,15.0313],[78.3428,15.0032],[78.3593,14.9859],[78.3922,14.9684],[78.4097,14.973],[78.4194,15.0318],[78.4362,15.0326],[78.4387,15.0339],[78.4573,15.0311],[78.4617,15.0394],[78.4743,15.0357],[78.4825,15.0433],[78.4853,15.037],[78.4875,15.0504],[78.4813,15.0507],[78.4781,15.0615],[78.4739,15.0631],[78.4813,15.0635],[78.4816,15.0715],[78.4988,15.0704],[78.5061,15.0697],[78.5156,15.0606],[78.5122,15.042],[78.5153,15.0137],[78.5085,15.0052],[78.5166,14.997],[78.5052,14.9557],[78.4983,14.9559],[78.4774,14.9028],[78.4853,14.9008],[78.4904,14.9111],[78.5196,14.9435],[78.5281,14.9605],[78.54,14.9652],[78.5512,14.9616],[78.5466,14.933],[78.5622,14.9312],[78.5818,14.9463],[78.5913,14.9396],[78.6013,14.9547],[78.6097,14.9485],[78.6296,14.9472],[78.63,14.926],[78.6604,14.9302],[78.6659,14.9354],[78.6846,14.939],[78.6917,14.9683],[78.7179,14.9689],[78.7099,15.0224],[78.7486,15.0345],[78.7623,15.0592],[78.7604,15.08],[78.7509,15.1083],[78.753,15.1302],[78.7501,15.1347],[78.7583,15.185],[78.7421,15.1822],[78.737,15.1992],[78.7366,15.3265],[78.7425,15.3539],[78.7713,15.4206],[78.712,15.4029],[78.6564,15.3952],[78.6287,15.3956],[78.6112,15.4042],[78.5904,15.3964],[78.5673,15.4095],[78.5556,15.4259],[78.5339,15.4377],[78.5241,15.4191],[78.4997,15.4047]]]},"properties":{"AC_NO":"134","AC_NAME":"Allagadda","district":"NANDYAL","PC_NO":17,"PC_NAME":"NANDYAL"}},{"type":"Feature","geometry":{"type":"Polygon","coordinates":[[[79.6619,15.2605],[79.6335,15.1859],[79.6527,15.1858],[79.6595,15.1742],[79.6376,15.1537],[79.6426,15.1317],[79.6308,15.0821],[79.6283,15.0351],[79.6562,15.0347],[79.6645,15.0384],[79.6829,15.034],[79.7154,15.0532],[79.7338,15.0311],[79.7528,15.0554],[79.7783,15.0673],[79.7969,15.0562],[79.794,15.0211],[79.7795,14.9815],[79.8224,14.9736],[79.8321,14.9671],[79.8654,14.9641],[79.8734,14.9877],[79.9142,15.0164],[79.9344,15.0234],[79.9618,15.0232],[79.9892,14.9991],[80.0273,14.981],[80.0402,15.0096],[80.0542,15.0055],[80.0471,15.0838],[80.0557,15.1238],[80.0837,15.191],[80.0895,15.2154],[80.0802,15.2111],[80.071,15.2136],[80.044,15.2359],[80.0233,15.2339],[80.0119,15.2223],[79.9848,15.2216],[79.9833,15.2298],[79.9719,15.2425],[79.978,15.2707],[79.9927,15.2968],[79.9938,15.3151],[79.9608,15.3334],[79.9319,15.3274],[79.9332,15.3615],[79.9194,15.3639],[79.9069,15.3464],[79.9156,15.3258],[79.9135,15.3183],[79.886,15.3078],[79.8696,15.2951],[79.8574,15.2692],[79.8489,15.2623],[79.8067,15.2631],[79.7967,15.2271],[79.7691,15.2149],[79.7648,15.2382],[79.7335,15.2456],[79.6991,15.229],[79.6739,15.2551],[79.6619,15.2605]]]},"properties":{"AC_NO":"109","AC_NAME":"Kandukur","district":"SRI POTTI SRIRAMULU NELLORE","PC_NO":22,"PC_NAME":"NELLORE"}},{"type":"Feature","geometry":{"type":"Polygon","coordinates":[[[77.4183,15.2243],[77.4091,15.2258],[77.4065,15.2195],[77.3951,15.2174],[77.3632,15.2233],[77.3538,15.1983],[77.3516,15.1779],[77.3165,15.1778],[77.3102,15.1547],[77.3012,15.1544],[77.3187,15.1325],[77.3592,15.1193],[77.404,15.0902],[77.4192,15.0641],[77.4432,15.045],[77.4455,15.0235],[77.4584,15.0069],[77.4501,14.9917],[77.4546,14.976],[77.4268,14.9279],[77.4239,14.9115],[77.4685,14.8879],[77.5292,14.8932],[77.5956,14.9298],[77.6205,14.9299],[77.657,14.9189],[77.6427,14.9458],[77.6458,15.0037],[77.5981,14.9965],[77.6184,15.0217],[77.6074,15.0394],[77.6104,15.0635],[77.6271,15.0731],[77.6578,15.0774],[77.67,15.0686],[77.6924,15.0794],[77.7141,15.0742],[77.7266,15.09],[77.7503,15.0894],[77.7706,15.1007],[77.7736,15.1125],[77.7742,15.1246],[77.7497,15.1295],[77.7467,15.1414],[77.7306,15.1512],[77.7333,15.1691],[77.7166,15.1728],[77.7116,15.1872],[77.7027,15.1805],[77.6932,15.1844],[77.6979,15.2062],[77.6801,15.2162],[77.6773,15.2287],[77.6692,15.2329],[77.6517,15.2329],[77.6499,15.2254],[77.6372,15.2215],[77.6346,15.207],[77.6156,15.2069],[77.6105,15.1959],[77.6115,15.1839],[77.5823,15.1883],[77.5756,15.1998],[77.5418,15.2093],[77.5272,15.2243],[77.5018,15.2217],[77.4812,15.2083],[77.4673,15.2178],[77.4513,15.2222],[77.4465,15.2139],[77.4504,15.2054],[77.4343,15.2102],[77.4331,15.2208],[77.4183,15.2243]]]},"properties":{"AC_NO":"150","AC_NAME":"Guntakal","district":"ANANTHAPURAMU","PC_NO":19,"PC_NAME":"ANANTAPUR"}},{"type":"Feature","geometry":{"type":"Polygon","coordinates":[[[79.0825,15.1732],[79.0172,15.1796],[79.0092,15.1686],[78.9814,15.165],[78.9574,15.1763],[78.9548,15.1923],[78.9477,15.2037],[78.9478,15.2288],[78.9271,15.2288],[78.9194,15.1873],[78.8687,15.1977],[78.7775,15.2],[78.7583,15.185],[78.7501,15.1347],[78.753,15.1302],[78.7509,15.1083],[78.7604,15.08],[78.7623,15.0592],[78.7486,15.0345],[78.7659,14.9874],[78.7835,14.9688],[78.7947,14.9198],[78.833,14.8605],[78.8959,14.8838],[78.9148,14.9177],[78.9377,14.9051],[78.9388,14.8885],[78.9526,14.8676],[78.9448,14.8512],[78.9533,14.8335],[78.9767,14.8226],[78.9809,14.7704],[78.9762,14.7514],[78.9943,14.7456],[79.0114,14.731],[79.0075,14.6994],[78.9705,14.6997],[78.9526,14.6949],[78.8848,14.6903],[78.8898,14.6329],[78.9084,14.6175],[78.9022,14.5917],[78.9009,14.58],[78.8815,14.5686],[78.8718,14.538],[78.8867,14.509],[78.9189,14.4898],[78.9484,14.4642],[78.9842,14.4623],[78.9983,14.4514],[79.0214,14.4525],[79.0403,14.4429],[79.0637,14.4429],[79.1009,14.4714],[79.129,14.4463],[79.1457,14.4387],[79.1703,14.4514],[79.1858,14.4521],[79.1948,14.4346],[79.2183,14.4042],[79.2011,14.383],[79.2046,14.3747],[79.2335,14.3531],[79.2384,14.3381],[79.263,14.3372],[79.2761,14.3297],[79.3077,14.3528],[79.3365,14.344],[79.357,14.3442],[79.371,14.3492],[79.365,14.3555],[79.3676,14.3685],[79.3643,14.3788],[79.3591,14.3817],[79.3487,14.4055],[79.33,14.4262],[79.3267,14.4577],[79.3165,14.477],[79.311,14.4787],[79.3053,14.4843],[79.2929,14.4851],[79.2783,14.5326],[79.2677,14.5512],[79.2487,14.571],[79.242,14.5931],[79.2296,14.6025],[79.2202,14.5885],[79.2099,14.6027],[79.2028,14.6047],[79.2003,14.6137],[79.1891,14.6166],[79.1814,14.6441],[79.1866,14.6598],[79.179,14.6644],[79.1791,14.679],[79.184,14.6886],[79.1856,14.711],[79.1687,14.7448],[79.1654,14.7645],[79.1602,14.7815],[79.1506,14.7937],[79.1338,14.8672],[79.1085,14.8951],[79.1118,14.899],[79.1041,14.8989],[79.0929,14.9331],[79.0815,14.983],[79.0901,15.0491],[79.0761,15.1042],[79.0734,15.1652],[79.0825,15.1732]]]},"properties":{"AC_NO":"124","AC_NAME":"Badvel (SC)","district":"YSR KADAPA","PC_NO":21,"PC_NAME":"KADAPA"}},{"type":"Feature","geometry":{"type":"Polygon","coordinates":[[[77.1573,15.1405],[77.1564,15.123],[77.1502,15.1116],[77.1301,15.1008],[77.1282,15.0723],[77.113,15.0341],[77.0937,15.0362],[77.0848,15.0307],[77.0825,15.0068],[77.0916,14.9942],[77.0993,14.971],[77.1182,14.9536],[77.1242,14.9185],[77.1469,14.9247],[77.1558,14.9058],[77.147,14.8811],[77.18,14.8694],[77.1807,14.8281],[77.1986,14.8252],[77.1963,14.7985],[77.1724,14.783],[77.1728,14.7738],[77.2119,14.7675],[77.2078,14.7312],[77.1414,14.736],[77.1163,14.7503],[77.0889,14.7574],[77.0711,14.7378],[77.0364,14.7445],[77.0036,14.7187],[76.9993,14.7356],[76.9736,14.7423],[76.9625,14.7358],[76.9678,14.7028],[76.9809,14.6931],[76.9778,14.6735],[76.9949,14.6581],[77.005,14.6301],[77.0436,14.6418],[77.0681,14.6436],[77.0853,14.625],[77.1472,14.6293],[77.1954,14.6186],[77.2131,14.6102],[77.2245,14.6268],[77.2405,14.6292],[77.259,14.5882],[77.2911,14.594],[77.3007,14.6397],[77.3002,14.6723],[77.338,14.6853],[77.3816,14.6855],[77.4052,14.6935],[77.4271,14.6888],[77.4419,14.6759],[77.4559,14.6977],[77.4832,14.7031],[77.5203,14.6979],[77.5322,14.7059],[77.542,14.7454],[77.5066,14.7463],[77.4944,14.7754],[77.4704,14.7892],[77.4738,14.8059],[77.4536,14.8122],[77.4294,14.8742],[77.4511,14.8734],[77.4685,14.8879],[77.4239,14.9115],[77.4268,14.9279],[77.4546,14.976],[77.4501,14.9917],[77.4584,15.0069],[77.4455,15.0235],[77.4432,15.045],[77.4192,15.0641],[77.404,15.0902],[77.3592,15.1193],[77.3187,15.1325],[77.3012,15.1544],[77.292,15.1313],[77.2713,15.1311],[77.2643,15.143],[77.23,15.1441],[77.2,15.1601],[77.1881,15.1575],[77.1804,15.1433],[77.1605,15.147],[77.1573,15.1405]]]},"properties":{"AC_NO":"149","AC_NAME":"Uravakonda","district":"ANANTHAPURAMU","PC_NO":19,"PC_NAME":"ANANTAPUR"}},{"type":"Feature","geometry":{"type":"Polygon","coordinates":[[[77.9056,15.1772],[77.8965,15.1778],[77.8845,15.1785],[77.8756,15.1355],[77.8545,15.1355],[77.839,15.1453],[77.8158,15.1432],[77.8099,15.1356],[77.8113,15.129],[77.7965,15.1193],[77.7918,15.1065],[77.7849,15.1134],[77.7736,15.1125],[77.7706,15.1007],[77.7503,15.0894],[77.7266,15.09],[77.7141,15.0742],[77.6924,15.0794],[77.67,15.0686],[77.6578,15.0774],[77.6271,15.0731],[77.6104,15.0635],[77.6074,15.0394],[77.6184,15.0217],[77.5981,14.9965],[77.6458,15.0037],[77.6427,14.9458],[77.657,14.9189],[77.6961,14.9136],[77.7354,14.8905],[77.753,14.8867],[77.7637,14.9021],[77.7633,14.918],[77.7802,14.9302],[77.7909,14.8974],[77.8055,14.8841],[77.8252,14.8499],[77.8265,14.8163],[77.8613,14.7948],[77.8648,14.8085],[77.8919,14.8372],[77.8937,14.8569],[77.9112,14.8608],[77.9188,14.8493],[77.9478,14.8541],[77.9747,14.8376],[78.0374,14.8409],[78.0735,14.8147],[78.0763,14.8275],[78.1013,14.8174],[78.1136,14.851],[78.0892,14.858],[78.0943,14.8846],[78.1131,14.932],[78.1235,14.9372],[78.1312,14.9345],[78.137,14.9481],[78.1339,14.9616],[78.0874,14.9726],[78.0886,14.9826],[78.0656,14.9954],[78.034,14.9999],[78.0267,15.0167],[78.0114,15.0274],[78.0107,15.0512],[77.9952,15.0643],[78.0058,15.0822],[78.0142,15.1123],[77.9934,15.1335],[77.9745,15.1393],[77.9614,15.109],[77.9329,15.1128],[77.9064,15.123],[77.9072,15.131],[77.9151,15.1293],[77.9088,15.1388],[77.9248,15.1522],[77.9237,15.1619],[77.9194,15.1744],[77.9056,15.1772]]]},"properties":{"AC_NO":"151","AC_NAME":"Tadpatri","district":"ANANTHAPURAMU","PC_NO":19,"PC_NAME":"ANANTAPUR"}},{"type":"Feature","geometry":{"type":"Polygon","coordinates":[[[77.0825,15.0068],[77.069,15.0048],[77.0441,15.0099],[77.0496,15.0331],[77.0041,15.0339],[76.9661,15.0184],[76.9497,15.0308],[76.9224,15.0317],[76.9185,15.0359],[76.9074,15.0329],[76.8951,15.0375],[76.8773,15.0306],[76.866,15.0601],[76.8362,15.0796],[76.8239,15.0804],[76.7998,15.0959],[76.7862,15.0882],[76.7823,15.0777],[76.7779,15.0799],[76.7799,15.0761],[76.7739,15.0657],[76.7902,15.0208],[76.7878,15.0093],[76.7788,15.0046],[76.772,14.9905],[76.76,14.9895],[76.7667,14.9746],[76.8181,14.9692],[76.8286,14.9563],[76.8417,14.966],[76.8673,14.9696],[76.8695,14.9377],[76.8638,14.8955],[76.8525,14.887],[76.8571,14.8674],[76.8539,14.8429],[76.8418,14.8366],[76.8456,14.8341],[76.8461,14.8221],[76.8547,14.8179],[76.8542,14.8098],[76.8374,14.8111],[76.8366,14.7909],[76.7824,14.7861],[76.79,14.7592],[76.803,14.7419],[76.7865,14.7085],[76.7864,14.6962],[76.7753,14.6812],[76.765,14.6022],[76.7803,14.5931],[76.7914,14.5547],[76.8028,14.5422],[76.8063,14.5311],[76.8235,14.5269],[76.8325,14.5295],[76.8727,14.5402],[76.905,14.5709],[76.9239,14.5765],[76.948,14.6095],[76.9761,14.612],[77.005,14.6301],[76.9949,14.6581],[76.9778,14.6735],[76.9809,14.6931],[76.9678,14.7028],[76.9625,14.7358],[76.9736,14.7423],[76.9993,14.7356],[77.0036,14.7187],[77.0364,14.7445],[77.0711,14.7378],[77.0889,14.7574],[77.1163,14.7503],[77.1414,14.736],[77.2078,14.7312],[77.2119,14.7675],[77.1728,14.7738],[77.1724,14.783],[77.1963,14.7985],[77.1986,14.8252],[77.1807,14.8281],[77.18,14.8694],[77.147,14.8811],[77.1558,14.9058],[77.1469,14.9247],[77.1242,14.9185],[77.1182,14.9536],[77.0993,14.971],[77.0916,14.9942],[77.0825,15.0068]]]},"properties":{"AC_NO":"148","AC_NAME":"Rayadurg","district":"ANANTHAPURAMU","PC_NO":19,"PC_NAME":"ANANTAPUR"}},{"type":"Feature","geometry":{"type":"Polygon","coordinates":[[[79.0901,15.0491],[79.0815,14.983],[79.0929,14.9331],[79.1041,14.8989],[79.1118,14.899],[79.1085,14.8951],[79.1338,14.8672],[79.1506,14.7937],[79.1602,14.7815],[79.1654,14.7645],[79.1761,14.8025],[79.1788,14.8479],[79.2285,14.8896],[79.2277,14.8596],[79.2203,14.8529],[79.2381,14.8227],[79.2342,14.8051],[79.2551,14.8035],[79.2829,14.7794],[79.3016,14.8041],[79.3387,14.78],[79.3536,14.7614],[79.3903,14.7783],[79.4385,14.722],[79.4813,14.7168],[79.4897,14.7353],[79.5068,14.7451],[79.5262,14.771],[79.5375,14.7667],[79.5448,14.7356],[79.5638,14.7351],[79.5696,14.754],[79.6004,14.7559],[79.6088,14.7736],[79.6284,14.7712],[79.6288,14.7892],[79.6504,14.7903],[79.6715,14.7833],[79.6913,14.7664],[79.7399,14.7663],[79.7325,14.7452],[79.7414,14.7304],[79.7734,14.7376],[79.7946,14.7174],[79.8368,14.7257],[79.8512,14.7511],[79.8737,14.7505],[79.8868,14.7681],[79.9339,14.7736],[79.9417,14.8064],[79.97,14.8328],[79.969,14.8486],[79.9545,14.8551],[79.9386,14.8764],[79.9518,14.8838],[79.9596,14.9051],[79.9588,14.9356],[79.9212,14.9318],[79.9001,14.9405],[79.8816,14.9356],[79.8792,14.9763],[79.8734,14.9877],[79.8654,14.9641],[79.8321,14.9671],[79.8224,14.9736],[79.7795,14.9815],[79.794,15.0211],[79.7969,15.0562],[79.7783,15.0673],[79.7528,15.0554],[79.7338,15.0311],[79.7154,15.0532],[79.6829,15.034],[79.6645,15.0384],[79.6562,15.0347],[79.6283,15.0351],[79.6207,15.0344],[79.6086,15.0411],[79.5802,15.0367],[79.5797,15.0435],[79.5645,15.0439],[79.5586,15.0221],[79.5436,15.0261],[79.5292,15.0381],[79.5188,15.0385],[79.5057,15.0473],[79.5016,15.057],[79.4761,15.0573],[79.4678,15.0678],[79.4626,15.0622],[79.4515,15.0632],[79.4385,15.0555],[79.4224,15.0567],[79.4172,15.0594],[79.4195,15.0737],[79.4037,15.0782],[79.3908,15.0754],[79.3677,15.0855],[79.3572,15.1019],[79.3598,15.1116],[79.3516,15.1169],[79.3439,15.0855],[79.3273,15.0928],[79.3283,15.1004],[79.3356,15.0995],[79.3353,15.117],[79.3271,15.1154],[79.3287,15.1115],[79.3146,15.1017],[79.3145,15.0935],[79.309,15.0939],[79.2914,15.0984],[79.2658,15.0969],[79.2656,15.1051],[79.2618,15.1067],[79.2487,15.1054],[79.215,15.0857],[79.1814,15.0874],[79.1613,15.0912],[79.1527,15.0978],[79.1291,15.1001],[79.1301,15.0864],[79.1009,15.0843],[79.1013,15.0723],[79.0941,15.066],[79.095,15.0543],[79.0901,15.0491]]]},"properties":{"AC_NO":"123","AC_NAME":"Udayagiri","district":"SRI POTTI SRIRAMULU NELLORE","PC_NO":22,"PC_NAME":"NELLORE"}},{"type":"Feature","geometry":{"type":"Polygon","coordinates":[[[78.4904,14.9111],[78.4853,14.9008],[78.4774,14.9028],[78.4983,14.9559],[78.5052,14.9557],[78.5166,14.997],[78.5085,15.0052],[78.5153,15.0137],[78.5122,15.042],[78.5156,15.0606],[78.5061,15.0697],[78.4988,15.0704],[78.4816,15.0715],[78.4813,15.0635],[78.4739,15.0631],[78.4781,15.0615],[78.4813,15.0507],[78.4875,15.0504],[78.4853,15.037],[78.4825,15.0433],[78.4743,15.0357],[78.4617,15.0394],[78.4573,15.0311],[78.4387,15.0339],[78.4362,15.0326],[78.4194,15.0318],[78.4097,14.973],[78.3922,14.9684],[78.3593,14.9859],[78.3428,15.0032],[78.3532,15.0313],[78.3756,15.0364],[78.3999,15.049],[78.3781,15.0567],[78.3637,15.0523],[78.3546,15.0622],[78.3328,15.0666],[78.3253,15.0736],[78.3138,15.0691],[78.2933,15.0736],[78.2846,15.071],[78.2751,15.0584],[78.2838,15.0314],[78.2601,15.0269],[78.244,14.9998],[78.2359,15.0036],[78.2245,14.9779],[78.2204,14.9555],[78.2106,14.9524],[78.18,14.9646],[78.1678,14.9643],[78.1534,14.96],[78.137,14.9481],[78.1312,14.9345],[78.1235,14.9372],[78.1131,14.932],[78.0943,14.8846],[78.0892,14.858],[78.1136,14.851],[78.1013,14.8174],[78.0763,14.8275],[78.0735,14.8147],[78.0461,14.7724],[78.0764,14.7528],[78.0635,14.7187],[78.0939,14.7139],[78.0966,14.7013],[78.1094,14.7016],[78.1347,14.6957],[78.1312,14.6661],[78.1638,14.6575],[78.1761,14.6838],[78.1873,14.6917],[78.1847,14.7113],[78.209,14.7189],[78.2317,14.7066],[78.2428,14.6822],[78.2706,14.6762],[78.3011,14.6368],[78.3364,14.6251],[78.3519,14.6147],[78.3628,14.5873],[78.3564,14.5612],[78.3775,14.5519],[78.3973,14.5517],[78.4065,14.5259],[78.4268,14.5484],[78.4461,14.5859],[78.4614,14.5848],[78.4825,14.5981],[78.5052,14.5953],[78.5316,14.5643],[78.5518,14.5559],[78.5714,14.5565],[78.5559,14.5835],[78.5664,14.5862],[78.5807,14.5659],[78.5977,14.5872],[78.5968,14.618],[78.5692,14.617],[78.5672,14.6353],[78.6051,14.6572],[78.5796,14.6805],[78.5628,14.7125],[78.5436,14.6988],[78.5258,14.7006],[78.5248,14.7297],[78.4899,14.7399],[78.4705,14.7565],[78.4866,14.8127],[78.4995,14.8184],[78.5106,14.8716],[78.4926,14.8812],[78.4904,14.9111]]]},"properties":{"AC_NO":"131","AC_NAME":"Jammalamadugu","district":"YSR KADAPA","PC_NO":21,"PC_NAME":"KADAPA"}},{"type":"Feature","geometry":{"type":"Polygon","coordinates":[[[78.7486,15.0345],[78.7099,15.0224],[78.7179,14.9689],[78.6917,14.9683],[78.6846,14.939],[78.6659,14.9354],[78.6604,14.9302],[78.63,14.926],[78.6296,14.9472],[78.6097,14.9485],[78.6013,14.9547],[78.5913,14.9396],[78.6238,14.8773],[78.6336,14.8673],[78.6367,14.8253],[78.6441,14.8132],[78.6187,14.8074],[78.6325,14.7808],[78.6264,14.7636],[78.6079,14.7542],[78.6132,14.7305],[78.6358,14.7431],[78.6236,14.7017],[78.6446,14.6906],[78.6238,14.658],[78.6368,14.6421],[78.6702,14.6231],[78.6866,14.6196],[78.6946,14.5901],[78.7264,14.5904],[78.7447,14.6175],[78.7576,14.6183],[78.7707,14.5939],[78.7682,14.5727],[78.7901,14.564],[78.8124,14.5839],[78.8515,14.5844],[78.8779,14.5929],[78.9022,14.5917],[78.9084,14.6175],[78.8898,14.6329],[78.8848,14.6903],[78.9526,14.6949],[78.9705,14.6997],[79.0075,14.6994],[79.0114,14.731],[78.9943,14.7456],[78.9762,14.7514],[78.9809,14.7704],[78.9767,14.8226],[78.9533,14.8335],[78.9448,14.8512],[78.9526,14.8676],[78.9388,14.8885],[78.9377,14.9051],[78.9148,14.9177],[78.8959,14.8838],[78.833,14.8605],[78.7947,14.9198],[78.7835,14.9688],[78.7659,14.9874],[78.7486,15.0345]]]},"properties":{"AC_NO":"133","AC_NAME":"Mydukur","district":"YSR KADAPA","PC_NO":21,"PC_NAME":"KADAPA"}},{"type":"Feature","geometry":{"type":"Polygon","coordinates":[[[79.8734,14.9877],[79.8792,14.9763],[79.8816,14.9356],[79.9001,14.9405],[79.9212,14.9318],[79.9588,14.9356],[79.9596,14.9051],[79.9518,14.8838],[79.9386,14.8764],[79.9545,14.8551],[79.969,14.8486],[79.97,14.8328],[79.9417,14.8064],[79.9339,14.7736],[79.8868,14.7681],[79.8737,14.7505],[79.8512,14.7511],[79.8368,14.7257],[79.7946,14.7174],[79.7991,14.6793],[79.8132,14.6724],[79.8473,14.6705],[79.8557,14.6343],[79.8555,14.5926],[79.8706,14.5906],[79.9028,14.5944],[79.9166,14.5863],[79.9465,14.5864],[79.9566,14.6005],[79.9719,14.6014],[79.9782,14.6211],[79.9683,14.6385],[79.9826,14.6495],[80.0003,14.6316],[80.063,14.6117],[80.0691,14.6331],[80.095,14.6314],[80.1306,14.6688],[80.1514,14.6712],[80.138,14.7145],[80.118,14.7358],[80.1097,14.7392],[80.0972,14.7806],[80.0885,14.8252],[80.0849,14.8821],[80.0668,14.9353],[80.0542,15.0055],[80.0402,15.0096],[80.0273,14.981],[79.9892,14.9991],[79.9618,15.0232],[79.9344,15.0234],[79.9142,15.0164],[79.8734,14.9877]]]},"properties":{"AC_NO":"114","AC_NAME":"Kavali","district":"SRI POTTI SRIRAMULU NELLORE","PC_NO":22,"PC_NAME":"NELLORE"}},{"type":"Feature","geometry":{"type":"Polygon","coordinates":[[[78.5913,14.9396],[78.5818,14.9463],[78.5622,14.9312],[78.5466,14.933],[78.5512,14.9616],[78.54,14.9652],[78.5281,14.9605],[78.5196,14.9435],[78.4904,14.9111],[78.4926,14.8812],[78.5106,14.8716],[78.4995,14.8184],[78.4866,14.8127],[78.4705,14.7565],[78.4899,14.7399],[78.5248,14.7297],[78.5258,14.7006],[78.5436,14.6988],[78.5628,14.7125],[78.5796,14.6805],[78.6051,14.6572],[78.6238,14.658],[78.6446,14.6906],[78.6236,14.7017],[78.6358,14.7431],[78.6132,14.7305],[78.6079,14.7542],[78.6264,14.7636],[78.6325,14.7808],[78.6187,14.8074],[78.6441,14.8132],[78.6367,14.8253],[78.6336,14.8673],[78.6238,14.8773],[78.5913,14.9396]]]},"properties":{"AC_NO":"132","AC_NAME":"Proddatur","district":"YSR KADAPA","PC_NO":21,"PC_NAME":"KADAPA"}},{"type":"Feature","geometry":{"type":"Polygon","coordinates":[[[77.657,14.9189],[77.6205,14.9299],[77.5956,14.9298],[77.5292,14.8932],[77.4685,14.8879],[77.4511,14.8734],[77.4294,14.8742],[77.4536,14.8122],[77.4738,14.8059],[77.4704,14.7892],[77.4944,14.7754],[77.5066,14.7463],[77.542,14.7454],[77.55,14.757],[77.5773,14.7659],[77.5913,14.757],[77.6127,14.73],[77.5955,14.7015],[77.6063,14.6955],[77.6221,14.6703],[77.6306,14.6701],[77.6474,14.6643],[77.6539,14.6337],[77.6725,14.6161],[77.6875,14.6378],[77.7107,14.621],[77.735,14.6166],[77.7352,14.5861],[77.7762,14.5955],[77.7928,14.6105],[77.8275,14.5988],[77.8437,14.5987],[77.8468,14.6051],[77.8409,14.6107],[77.8505,14.6161],[77.8482,14.6332],[77.8651,14.649],[77.9,14.6393],[77.9447,14.636],[77.9529,14.6267],[77.9769,14.6188],[77.9823,14.603],[77.9704,14.5746],[77.983,14.5673],[77.983,14.546],[77.9874,14.5408],[78.0143,14.5382],[78.0332,14.531],[78.0406,14.534],[78.0444,14.5469],[78.0388,14.556],[78.0395,14.5667],[78.0647,14.5728],[78.0743,14.5884],[78.0883,14.6308],[78.1219,14.6241],[78.124,14.6302],[78.1195,14.6345],[78.1296,14.6494],[78.1312,14.6661],[78.1347,14.6957],[78.1094,14.7016],[78.0966,14.7013],[78.0939,14.7139],[78.0635,14.7187],[78.0764,14.7528],[78.0461,14.7724],[78.0735,14.8147],[78.0374,14.8409],[77.9747,14.8376],[77.9478,14.8541],[77.9188,14.8493],[77.9112,14.8608],[77.8937,14.8569],[77.8919,14.8372],[77.8648,14.8085],[77.8613,14.7948],[77.8265,14.8163],[77.8252,14.8499],[77.8055,14.8841],[77.7909,14.8974],[77.7802,14.9302],[77.7633,14.918],[77.7637,14.9021],[77.753,14.8867],[77.7354,14.8905],[77.6961,14.9136],[77.657,14.9189]]]},"properties":{"AC_NO":"152","AC_NAME":"Singanamala (SC)","district":"ANANTHAPURAMU","PC_NO":19,"PC_NAME":"ANANTAPUR"}},{"type":"Feature","geometry":{"type":"Polygon","coordinates":[[[79.1654,14.7645],[79.1687,14.7448],[79.1856,14.711],[79.184,14.6886],[79.1791,14.679],[79.179,14.6644],[79.1866,14.6598],[79.1814,14.6441],[79.1891,14.6166],[79.2003,14.6137],[79.2028,14.6047],[79.2099,14.6027],[79.2202,14.5885],[79.2296,14.6025],[79.242,14.5931],[79.2487,14.571],[79.2677,14.5512],[79.2783,14.5326],[79.2929,14.4851],[79.3053,14.4843],[79.311,14.4787],[79.3733,14.5149],[79.4677,14.5491],[79.4929,14.5138],[79.4738,14.5011],[79.4572,14.459],[79.4808,14.4641],[79.5015,14.4755],[79.518,14.4447],[79.5442,14.4702],[79.5598,14.4767],[79.5789,14.4667],[79.5811,14.4476],[79.5923,14.4261],[79.5836,14.3988],[79.5988,14.3676],[79.6221,14.3922],[79.649,14.3949],[79.6633,14.4098],[79.6824,14.4502],[79.6607,14.4549],[79.6513,14.4785],[79.6758,14.4993],[79.696,14.5338],[79.71,14.539],[79.7177,14.582],[79.7378,14.5779],[79.7669,14.5626],[79.8031,14.5318],[79.8363,14.4932],[79.84,14.5172],[79.8676,14.5518],[79.8706,14.5906],[79.8555,14.5926],[79.8557,14.6343],[79.8473,14.6705],[79.8132,14.6724],[79.7991,14.6793],[79.7946,14.7174],[79.7734,14.7376],[79.7414,14.7304],[79.7325,14.7452],[79.7399,14.7663],[79.6913,14.7664],[79.6715,14.7833],[79.6504,14.7903],[79.6288,14.7892],[79.6284,14.7712],[79.6088,14.7736],[79.6004,14.7559],[79.5696,14.754],[79.5638,14.7351],[79.5448,14.7356],[79.5375,14.7667],[79.5262,14.771],[79.5068,14.7451],[79.4897,14.7353],[79.4813,14.7168],[79.4385,14.722],[79.3903,14.7783],[79.3536,14.7614],[79.3387,14.78],[79.3016,14.8041],[79.2829,14.7794],[79.2551,14.8035],[79.2342,14.8051],[79.2381,14.8227],[79.2203,14.8529],[79.2277,14.8596],[79.2285,14.8896],[79.1788,14.8479],[79.1761,14.8025],[79.1654,14.7645]]]},"properties":{"AC_NO":"115","AC_NAME":"Atmakur","district":"SRI POTTI SRIRAMULU NELLORE","PC_NO":22,"PC_NAME":"NELLORE"}},{"type":"Feature","geometry":{"type":"Polygon","coordinates":[[[77.5322,14.7059],[77.5413,14.6772],[77.5636,14.6816],[77.5618,14.6193],[77.5859,14.614],[77.6065,14.6601],[77.6306,14.6701],[77.6221,14.6703],[77.6063,14.6955],[77.5955,14.7015],[77.6127,14.73],[77.5913,14.757],[77.5773,14.7659],[77.55,14.757],[77.542,14.7454],[77.5322,14.7059]]]},"properties":{"AC_NO":"153","AC_NAME":"Anantapur Urban","district":"ANANTHAPURAMU","PC_NO":19,"PC_NAME":"ANANTAPUR"}},{"type":"Feature","geometry":{"type":"Polygon","coordinates":[[[77.3007,14.6397],[77.33,14.6137],[77.355,14.6062],[77.3507,14.5468],[77.364,14.5214],[77.3852,14.4948],[77.3713,14.4609],[77.3446,14.4456],[77.3308,14.3955],[77.3405,14.3464],[77.3323,14.3349],[77.3393,14.3139],[77.3653,14.2934],[77.3623,14.2761],[77.3638,14.2547],[77.3595,14.234],[77.3776,14.2281],[77.3842,14.221],[77.3831,14.2081],[77.3871,14.2001],[77.4144,14.2049],[77.4194,14.2117],[77.4177,14.2259],[77.4097,14.232],[77.4088,14.2599],[77.4054,14.2667],[77.3888,14.2809],[77.3771,14.3048],[77.3784,14.3201],[77.3942,14.3366],[77.4109,14.337],[77.4284,14.3287],[77.4313,14.313],[77.4462,14.3175],[77.4452,14.2953],[77.4503,14.2807],[77.4597,14.2805],[77.4789,14.2922],[77.4871,14.2817],[77.4983,14.2789],[77.5034,14.2598],[77.4928,14.2311],[77.4959,14.232],[77.4945,14.2243],[77.5033,14.2106],[77.5047,14.194],[77.5171,14.1844],[77.5558,14.1901],[77.5636,14.199],[77.5703,14.2203],[77.579,14.226],[77.6601,14.2367],[77.7066,14.2537],[77.7487,14.2603],[77.7752,14.2784],[77.8156,14.2726],[77.8319,14.2578],[77.8404,14.289],[77.839,14.3023],[77.8068,14.3128],[77.7944,14.3275],[77.7533,14.3264],[77.7443,14.3185],[77.7196,14.3288],[77.7274,14.3446],[77.7037,14.3763],[77.6662,14.3706],[77.6553,14.3909],[77.6248,14.4001],[77.6392,14.4297],[77.6346,14.4401],[77.6457,14.4799],[77.672,14.4939],[77.6692,14.5033],[77.6495,14.5201],[77.6499,14.5309],[77.6664,14.5387],[77.6972,14.5369],[77.7064,14.5515],[77.7114,14.5718],[77.7266,14.5744],[77.7352,14.5861],[77.735,14.6166],[77.7107,14.621],[77.6875,14.6378],[77.6725,14.6161],[77.6539,14.6337],[77.6474,14.6643],[77.6306,14.6701],[77.6065,14.6601],[77.5859,14.614],[77.5618,14.6193],[77.5636,14.6816],[77.5413,14.6772],[77.5322,14.7059],[77.5203,14.6979],[77.4832,14.7031],[77.4559,14.6977],[77.4419,14.6759],[77.4271,14.6888],[77.4052,14.6935],[77.3816,14.6855],[77.338,14.6853],[77.3002,14.6723],[77.3007,14.6397]]]},"properties":{"AC_NO":"155","AC_NAME":"Raptadu","district":"SRI SATHYA SAI","PC_NO":20,"PC_NAME":"HINDUPUR"}},{"type":"Feature","geometry":{"type":"Polygon","coordinates":[[[78.4065,14.5259],[78.3973,14.5517],[78.3775,14.5519],[78.3564,14.5612],[78.3628,14.5873],[78.3519,14.6147],[78.3364,14.6251],[78.3011,14.6368],[78.2706,14.6762],[78.2428,14.6822],[78.2317,14.7066],[78.209,14.7189],[78.1847,14.7113],[78.1873,14.6917],[78.1761,14.6838],[78.1638,14.6575],[78.1312,14.6661],[78.1296,14.6494],[78.1195,14.6345],[78.124,14.6302],[78.1219,14.6241],[78.0883,14.6308],[78.0743,14.5884],[78.0647,14.5728],[78.0395,14.5667],[78.0388,14.556],[78.0444,14.5469],[78.0406,14.534],[78.0332,14.531],[78.0143,14.5382],[77.9874,14.5408],[77.983,14.546],[77.983,14.5673],[77.9704,14.5746],[77.9658,14.5888],[77.9442,14.5707],[77.9613,14.5604],[77.9726,14.5325],[77.9988,14.4999],[78.0007,14.489],[78.0637,14.4349],[78.0852,14.4218],[78.1068,14.3933],[78.137,14.379],[78.171,14.3547],[78.1886,14.3502],[78.1913,14.344],[78.22,14.3261],[78.229,14.3157],[78.2534,14.305],[78.2773,14.3051],[78.2851,14.2922],[78.3206,14.2939],[78.3387,14.2887],[78.3572,14.2931],[78.3957,14.2772],[78.4239,14.2738],[78.4086,14.2273],[78.406,14.2014],[78.4144,14.1965],[78.4294,14.1968],[78.4303,14.1832],[78.4199,14.1684],[78.4218,14.1489],[78.4253,14.1409],[78.4389,14.1345],[78.4435,14.1381],[78.4493,14.1305],[78.4713,14.156],[78.4979,14.1693],[78.5229,14.1677],[78.5403,14.1545],[78.5592,14.1544],[78.5765,14.1458],[78.5768,14.1675],[78.6317,14.2128],[78.6237,14.2299],[78.605,14.2507],[78.6071,14.2747],[78.6289,14.2781],[78.6617,14.2697],[78.6737,14.2746],[78.6734,14.2897],[78.6775,14.2939],[78.7152,14.2859],[78.7354,14.2869],[78.748,14.2995],[78.7702,14.3038],[78.7582,14.3073],[78.7395,14.3024],[78.723,14.3086],[78.6613,14.3012],[78.6523,14.3209],[78.6209,14.3232],[78.5791,14.3391],[78.5438,14.3425],[78.5265,14.3396],[78.5024,14.3799],[78.4771,14.3737],[78.4331,14.4337],[78.4416,14.4636],[78.427,14.469],[78.4131,14.4567],[78.3961,14.4683],[78.3932,14.501],[78.4065,14.5259]]]},"properties":{"AC_NO":"129","AC_NAME":"Pulivendla","district":"YSR KADAPA","PC_NO":21,"PC_NAME":"KADAPA"}},{"type":"Feature","geometry":{"type":"Polygon","coordinates":[[[77.005,14.6301],[76.9761,14.612],[76.948,14.6095],[76.9239,14.5765],[76.905,14.5709],[76.8727,14.5402],[76.8325,14.5295],[76.8355,14.5213],[76.8559,14.5093],[76.868,14.4741],[76.9007,14.4892],[76.9748,14.4854],[76.9719,14.4686],[76.9599,14.4506],[76.9448,14.4509],[76.9478,14.4132],[76.9428,14.3998],[76.9158,14.4206],[76.8986,14.398],[76.8858,14.3957],[76.882,14.3586],[76.885,14.3474],[76.9034,14.3227],[76.9457,14.3132],[76.9566,14.2947],[76.9371,14.2804],[76.9282,14.2793],[76.9249,14.2738],[76.9358,14.2594],[76.9398,14.2449],[76.952,14.242],[76.9856,14.2474],[77.0055,14.2359],[77.0361,14.2468],[77.0577,14.2438],[77.0618,14.2295],[77.0759,14.2234],[77.0812,14.2142],[77.1149,14.2232],[77.1183,14.2449],[77.1153,14.2546],[77.1205,14.263],[77.1112,14.2616],[77.1102,14.2683],[77.1155,14.2743],[77.1157,14.2925],[77.1323,14.3107],[77.1357,14.3369],[77.1398,14.3403],[77.1668,14.3422],[77.1787,14.3355],[77.1974,14.3212],[77.2287,14.3212],[77.2382,14.3174],[77.2474,14.3178],[77.2586,14.331],[77.2866,14.3401],[77.2888,14.3055],[77.2835,14.2828],[77.3623,14.2761],[77.3653,14.2934],[77.3393,14.3139],[77.3323,14.3349],[77.3405,14.3464],[77.3308,14.3955],[77.3446,14.4456],[77.3713,14.4609],[77.3852,14.4948],[77.364,14.5214],[77.3507,14.5468],[77.355,14.6062],[77.33,14.6137],[77.3007,14.6397],[77.2911,14.594],[77.259,14.5882],[77.2405,14.6292],[77.2245,14.6268],[77.2131,14.6102],[77.1954,14.6186],[77.1472,14.6293],[77.0853,14.625],[77.0681,14.6436],[77.0436,14.6418],[77.005,14.6301]]]},"properties":{"AC_NO":"154","AC_NAME":"Kalyandurg","district":"ANANTHAPURAMU","PC_NO":19,"PC_NAME":"ANANTAPUR"}},{"type":"Feature","geometry":{"type":"Polygon","coordinates":[[[77.7352,14.5861],[77.7266,14.5744],[77.7114,14.5718],[77.7064,14.5515],[77.6972,14.5369],[77.6664,14.5387],[77.6499,14.5309],[77.6495,14.5201],[77.6692,14.5033],[77.672,14.4939],[77.6457,14.4799],[77.6346,14.4401],[77.6392,14.4297],[77.6248,14.4001],[77.6553,14.3909],[77.6662,14.3706],[77.7037,14.3763],[77.7274,14.3446],[77.7196,14.3288],[77.7443,14.3185],[77.7533,14.3264],[77.7944,14.3275],[77.8068,14.3128],[77.839,14.3023],[77.8492,14.3085],[77.8704,14.2979],[77.878,14.2988],[77.8803,14.3129],[77.8716,14.3333],[77.8729,14.3464],[77.8998,14.3545],[77.9152,14.3536],[77.9458,14.35],[77.9379,14.2796],[77.9585,14.2883],[77.9823,14.3189],[78.0046,14.3146],[78.0252,14.2781],[78.0211,14.2729],[78.0068,14.2717],[78.0086,14.262],[78.026,14.2521],[78.035,14.2406],[78.0463,14.2402],[78.0512,14.218],[78.0797,14.2101],[78.1177,14.2298],[78.0941,14.2548],[78.093,14.2706],[78.1308,14.2589],[78.1384,14.274],[78.1188,14.3017],[78.1531,14.326],[78.1912,14.3178],[78.2059,14.297],[78.22,14.3261],[78.1913,14.344],[78.1886,14.3502],[78.171,14.3547],[78.137,14.379],[78.1068,14.3933],[78.0852,14.4218],[78.0637,14.4349],[78.0007,14.489],[77.9988,14.4999],[77.9726,14.5325],[77.9613,14.5604],[77.9442,14.5707],[77.9658,14.5888],[77.9704,14.5746],[77.9823,14.603],[77.9769,14.6188],[77.9529,14.6267],[77.9447,14.636],[77.9,14.6393],[77.8651,14.649],[77.8482,14.6332],[77.8505,14.6161],[77.8409,14.6107],[77.8468,14.6051],[77.8437,14.5987],[77.8275,14.5988],[77.7928,14.6105],[77.7762,14.5955],[77.7352,14.5861]]]},"properties":{"AC_NO":"160","AC_NAME":"Dharmavaram","district":"SRI SATHYA SAI","PC_NO":20,"PC_NAME":"HINDUPUR"}},{"type":"Feature","geometry":{"type":"Polygon","coordinates":[[[78.6051,14.6572],[78.5672,14.6353],[78.5692,14.617],[78.5968,14.618],[78.5977,14.5872],[78.5807,14.5659],[78.5664,14.5862],[78.5559,14.5835],[78.5714,14.5565],[78.5518,14.5559],[78.5316,14.5643],[78.5052,14.5953],[78.4825,14.5981],[78.4614,14.5848],[78.4461,14.5859],[78.4268,14.5484],[78.4065,14.5259],[78.3932,14.501],[78.3961,14.4683],[78.4131,14.4567],[78.427,14.469],[78.4416,14.4636],[78.4331,14.4337],[78.4771,14.3737],[78.5024,14.3799],[78.5265,14.3396],[78.5438,14.3425],[78.5791,14.3391],[78.6209,14.3232],[78.6523,14.3209],[78.6613,14.3012],[78.723,14.3086],[78.7395,14.3024],[78.7582,14.3073],[78.7702,14.3038],[78.8203,14.2815],[78.8443,14.2891],[78.8637,14.2865],[78.8699,14.2907],[78.8736,14.3073],[78.8809,14.3146],[78.8977,14.3128],[78.8991,14.3293],[78.9067,14.3435],[78.8914,14.392],[78.8654,14.4084],[78.8476,14.4386],[78.8297,14.4439],[78.8032,14.437],[78.7969,14.4585],[78.7763,14.4683],[78.7941,14.4893],[78.8229,14.5049],[78.8284,14.5191],[78.8758,14.5159],[78.8849,14.5089],[78.8867,14.509],[78.8718,14.538],[78.8815,14.5686],[78.9009,14.58],[78.9022,14.5917],[78.8779,14.5929],[78.8515,14.5844],[78.8124,14.5839],[78.7901,14.564],[78.7682,14.5727],[78.7707,14.5939],[78.7576,14.6183],[78.7447,14.6175],[78.7264,14.5904],[78.6946,14.5901],[78.6866,14.6196],[78.6702,14.6231],[78.6368,14.6421],[78.6238,14.658],[78.6051,14.6572]]]},"properties":{"AC_NO":"130","AC_NAME":"Kamalapuram","district":"YSR KADAPA","PC_NO":21,"PC_NAME":"KADAPA"}},{"type":"Feature","geometry":{"type":"Polygon","coordinates":[[[80.1514,14.6712],[80.1306,14.6688],[80.095,14.6314],[80.0691,14.6331],[80.063,14.6117],[80.0003,14.6316],[79.9826,14.6495],[79.9683,14.6385],[79.9782,14.6211],[79.9719,14.6014],[79.9566,14.6005],[79.9465,14.5864],[79.9166,14.5863],[79.9028,14.5944],[79.8706,14.5906],[79.8676,14.5518],[79.84,14.5172],[79.8363,14.4932],[79.8631,14.4811],[79.9336,14.4772],[79.9568,14.4695],[79.9876,14.4723],[80.0358,14.4903],[80.0536,14.506],[80.0653,14.4924],[80.0684,14.4649],[80.0848,14.4519],[80.1416,14.4638],[80.1547,14.4768],[80.1765,14.4516],[80.1808,14.5151],[80.196,14.5865],[80.1879,14.6051],[80.1708,14.6141],[80.1514,14.6712]]]},"properties":{"AC_NO":"116","AC_NAME":"Kovur","district":"SRI POTTI SRIRAMULU NELLORE","PC_NO":22,"PC_NAME":"NELLORE"}},{"type":"Feature","geometry":{"type":"Polygon","coordinates":[[[80.1765,14.4516],[80.1547,14.4768],[80.1416,14.4638],[80.0848,14.4519],[80.0684,14.4649],[80.0645,14.4506],[80.0419,14.4365],[80.0417,14.3864],[80.06,14.3698],[80.0384,14.3478],[80.032,14.3281],[80.02,14.3302],[80.0024,14.3534],[79.987,14.3632],[79.9423,14.3663],[79.9241,14.3861],[79.9136,14.3833],[79.8933,14.3708],[79.8681,14.3838],[79.8347,14.3748],[79.8233,14.4043],[79.7862,14.4228],[79.7803,14.4338],[79.778,14.4679],[79.8032,14.4746],[79.7949,14.5031],[79.8031,14.5318],[79.7669,14.5626],[79.7378,14.5779],[79.7177,14.582],[79.71,14.539],[79.696,14.5338],[79.6758,14.4993],[79.6513,14.4785],[79.6607,14.4549],[79.6824,14.4502],[79.6633,14.4098],[79.649,14.3949],[79.6221,14.3922],[79.5988,14.3676],[79.6074,14.3517],[79.6303,14.3532],[79.6545,14.3293],[79.6458,14.275],[79.661,14.2755],[79.6765,14.3161],[79.7138,14.301],[79.73,14.318],[79.746,14.3007],[79.7567,14.3197],[79.7779,14.3073],[79.782,14.2817],[79.8031,14.2703],[79.8047,14.2586],[79.818,14.2539],[79.8244,14.2139],[79.8491,14.2042],[79.859,14.1757],[79.8687,14.1635],[79.9058,14.1444],[79.9319,14.1403],[79.9787,14.1622],[79.9871,14.1856],[79.9987,14.1894],[80.0072,14.1953],[80.0164,14.1977],[80.0212,14.1936],[80.0194,14.1838],[80.0228,14.183],[80.0418,14.1968],[80.0341,14.2054],[80.0456,14.2135],[80.0729,14.2409],[80.0773,14.2532],[80.1013,14.2563],[80.1302,14.2536],[80.131,14.2593],[80.1253,14.2559],[80.1231,14.2587],[80.132,14.2607],[80.1382,14.2496],[80.1436,14.2868],[80.1672,14.3444],[80.1765,14.4516]]]},"properties":{"AC_NO":"119","AC_NAME":"Sarvepalli","district":"SRI POTTI SRIRAMULU NELLORE","PC_NO":23,"PC_NAME":"TIRUPATI (SC)"}},{"type":"Feature","geometry":{"type":"Polygon","coordinates":[[[79.5988,14.3676],[79.5836,14.3988],[79.5923,14.4261],[79.5811,14.4476],[79.5789,14.4667],[79.5598,14.4767],[79.5442,14.4702],[79.518,14.4447],[79.5015,14.4755],[79.4808,14.4641],[79.4572,14.459],[79.4738,14.5011],[79.4929,14.5138],[79.4677,14.5491],[79.3733,14.5149],[79.311,14.4787],[79.3165,14.477],[79.3267,14.4577],[79.33,14.4262],[79.3487,14.4055],[79.3591,14.3817],[79.3643,14.3788],[79.3676,14.3685],[79.365,14.3555],[79.371,14.3492],[79.3896,14.3411],[79.4224,14.2787],[79.4197,14.2654],[79.4354,14.2435],[79.4248,14.2217],[79.4224,14.2065],[79.4288,14.1937],[79.4284,14.1811],[79.4448,14.1168],[79.4542,14.1013],[79.4521,14.0772],[79.4426,14.0612],[79.4435,14.0405],[79.4368,14.0242],[79.4425,13.9975],[79.4553,13.9877],[79.4501,13.9723],[79.4523,13.9548],[79.4585,13.9465],[79.4551,13.9232],[79.4403,13.9034],[79.4433,13.8908],[79.4742,13.8998],[79.4783,13.9128],[79.556,13.9155],[79.5926,13.9236],[79.5943,13.8882],[79.6114,13.8888],[79.6247,13.8726],[79.6095,13.8516],[79.6685,13.836],[79.6739,13.873],[79.6703,13.8858],[79.6785,13.9242],[79.6945,13.9139],[79.7286,13.9053],[79.7336,13.8616],[79.7724,13.8528],[79.7872,13.8729],[79.7859,13.9055],[79.7706,13.9099],[79.7495,13.9401],[79.7379,13.9218],[79.7269,13.9429],[79.7413,13.9471],[79.7525,13.9692],[79.7322,13.9677],[79.7365,13.9987],[79.7588,14.0178],[79.7369,14.0711],[79.7239,14.0904],[79.7559,14.1535],[79.8001,14.1767],[79.7973,14.1917],[79.7811,14.2177],[79.7803,14.2272],[79.7856,14.2393],[79.8047,14.2586],[79.8031,14.2703],[79.782,14.2817],[79.7779,14.3073],[79.7567,14.3197],[79.746,14.3007],[79.73,14.318],[79.7138,14.301],[79.6765,14.3161],[79.661,14.2755],[79.6458,14.275],[79.6545,14.3293],[79.6303,14.3532],[79.6074,14.3517],[79.5988,14.3676]]]},"properties":{"AC_NO":"122","AC_NAME":"Venkatagiri","district":"SRI POTTI SRIRAMULU NELLORE","PC_NO":23,"PC_NAME":"TIRUPATI (SC)"}},{"type":"Feature","geometry":{"type":"Polygon","coordinates":[[[78.8849,14.5089],[78.8758,14.5159],[78.8284,14.5191],[78.8229,14.5049],[78.7941,14.4893],[78.7763,14.4683],[78.7969,14.4585],[78.8032,14.437],[78.8297,14.4439],[78.8476,14.4386],[78.8654,14.4084],[78.8914,14.392],[78.8916,14.428],[78.8727,14.4545],[78.869,14.4878],[78.8849,14.5089]]]},"properties":{"AC_NO":"126","AC_NAME":"Kadapa","district":"YSR KADAPA","PC_NO":21,"PC_NAME":"KADAPA"}},{"type":"Feature","geometry":{"type":"Polygon","coordinates":[[[79.8031,14.5318],[79.7949,14.5031],[79.8032,14.4746],[79.778,14.4679],[79.7803,14.4338],[79.7862,14.4228],[79.8233,14.4043],[79.8347,14.3748],[79.8681,14.3838],[79.8933,14.3708],[79.9136,14.3833],[79.9006,14.4079],[79.9125,14.4178],[79.9123,14.4337],[79.9311,14.4396],[79.9336,14.4772],[79.8631,14.4811],[79.8363,14.4932],[79.8031,14.5318]]]},"properties":{"AC_NO":"117","AC_NAME":"Nellore City","district":"SRI POTTI SRIRAMULU NELLORE","PC_NO":22,"PC_NAME":"NELLORE"}},{"type":"Feature","geometry":{"type":"Polygon","coordinates":[[[78.8867,14.509],[78.8849,14.5089],[78.869,14.4878],[78.8727,14.4545],[78.8916,14.428],[78.8914,14.392],[78.9067,14.3435],[78.8991,14.3293],[78.8977,14.3128],[78.8809,14.3146],[78.8736,14.3073],[78.8984,14.2765],[78.947,14.248],[78.9534,14.2287],[78.9478,14.213],[78.9292,14.1972],[78.9092,14.1976],[78.8843,14.1842],[78.8383,14.195],[78.8196,14.1508],[78.8038,14.1276],[78.7998,14.0974],[78.8129,14.0656],[78.8391,14.0627],[78.8665,14.0812],[78.8666,14.0444],[78.8745,14.0343],[78.851,14.0094],[78.8757,13.9243],[78.872,13.8975],[78.9358,13.8976],[78.9417,13.8852],[78.9792,13.891],[78.9894,13.9123],[79.0025,13.9103],[79.0104,13.9232],[79.0315,13.9287],[79.0144,13.9534],[79.0073,14.0168],[78.9826,14.0076],[78.9628,14.0196],[78.9537,14.0853],[78.9647,14.1193],[78.989,14.1355],[79.011,14.1224],[79.0321,14.0916],[79.0412,14.0991],[79.0228,14.1175],[79.0276,14.1266],[79.0218,14.1698],[79.032,14.1919],[79.0433,14.1849],[79.0423,14.1373],[79.0674,14.151],[79.0949,14.1459],[79.1158,14.132],[79.1385,14.1387],[79.1497,14.1213],[79.177,14.1442],[79.1781,14.1616],[79.1909,14.1728],[79.2147,14.1691],[79.2259,14.1532],[79.2384,14.1733],[79.206,14.196],[79.1888,14.233],[79.1681,14.2533],[79.2042,14.2845],[79.2247,14.283],[79.2409,14.3114],[79.2268,14.3224],[79.2384,14.3381],[79.2335,14.3531],[79.2046,14.3747],[79.2011,14.383],[79.2183,14.4042],[79.1948,14.4346],[79.1858,14.4521],[79.1703,14.4514],[79.1457,14.4387],[79.129,14.4463],[79.1009,14.4714],[79.0637,14.4429],[79.0403,14.4429],[79.0214,14.4525],[78.9983,14.4514],[78.9842,14.4623],[78.9484,14.4642],[78.9189,14.4898],[78.8867,14.509]]]},"properties":{"AC_NO":"125","AC_NAME":"Rajampet","district":"YSR KADAPA","PC_NO":24,"PC_NAME":"RAJAMPET"}},{"type":"Feature","geometry":{"type":"Polygon","coordinates":[[[79.9336,14.4772],[79.9311,14.4396],[79.9123,14.4337],[79.9125,14.4178],[79.9006,14.4079],[79.9136,14.3833],[79.9241,14.3861],[79.9423,14.3663],[79.987,14.3632],[80.0024,14.3534],[80.02,14.3302],[80.032,14.3281],[80.0384,14.3478],[80.06,14.3698],[80.0417,14.3864],[80.0419,14.4365],[80.0645,14.4506],[80.0684,14.4649],[80.0653,14.4924],[80.0536,14.506],[80.0358,14.4903],[79.9876,14.4723],[79.9568,14.4695],[79.9336,14.4772]]]},"properties":{"AC_NO":"118","AC_NAME":"Nellore Rural","district":"SRI POTTI SRIRAMULU NELLORE","PC_NO":22,"PC_NAME":"NELLORE"}},{"type":"Feature","geometry":{"type":"Polygon","coordinates":[[[77.8873,13.9393],[77.8885,13.9395],[77.8958,13.941],[77.8989,13.9307],[77.8958,13.9204],[77.8993,13.9169],[77.9271,13.9054],[77.9459,13.9353],[77.9596,13.9399],[77.9619,13.955],[77.9674,13.9602],[77.9756,13.9588],[77.9875,13.9555],[77.9802,13.9279],[77.9831,13.9049],[77.9866,13.903],[77.9844,13.8976],[77.9491,13.8865],[77.9562,13.836],[77.953,13.8274],[77.9761,13.8295],[77.9921,13.8689],[78.0003,13.8729],[78.012,13.8717],[78.0207,13.8636],[78.0461,13.8621],[78.0509,13.8772],[78.0486,13.8967],[78.0784,13.8818],[78.0817,13.8613],[78.1089,13.8624],[78.1107,13.8904],[78.1273,13.9078],[78.1238,13.9549],[78.1295,13.9634],[78.1361,13.9643],[78.1282,13.9944],[78.0855,13.9908],[78.0808,14.0016],[78.0963,14.0109],[78.0897,14.0386],[78.0911,14.0576],[78.071,14.0675],[78.0638,14.0944],[78.0696,14.1156],[78.0534,14.1472],[78.0575,14.1538],[78.0781,14.1514],[78.0876,14.1572],[78.0887,14.1732],[78.0797,14.2101],[78.0512,14.218],[78.0463,14.2402],[78.035,14.2406],[78.026,14.2521],[78.0086,14.262],[78.0068,14.2717],[78.0211,14.2729],[78.0252,14.2781],[78.0046,14.3146],[77.9823,14.3189],[77.9585,14.2883],[77.9379,14.2796],[77.9458,14.35],[77.9152,14.3536],[77.8998,14.3545],[77.8729,14.3464],[77.8716,14.3333],[77.8803,14.3129],[77.8704,14.2979],[77.8492,14.3085],[77.839,14.3023],[77.8404,14.289],[77.8319,14.2578],[77.8156,14.2726],[77.7752,14.2784],[77.7487,14.2603],[77.7066,14.2537],[77.6601,14.2367],[77.6616,14.2319],[77.6594,14.2128],[77.6815,14.1927],[77.6845,14.1708],[77.6553,14.1545],[77.659,14.1268],[77.6918,14.1124],[77.6993,14.0924],[77.6789,14.0474],[77.6982,14.0323],[77.7634,14.0502],[77.7816,14.0471],[77.7909,14.0634],[77.8146,14.0821],[77.8324,14.1035],[77.8505,14.057],[77.8732,14.051],[77.904,14.0354],[77.8891,13.9947],[77.8963,13.9671],[77.8873,13.9393]]]},"properties":{"AC_NO":"159","AC_NAME":"Puttaparthi","district":"SRI SATHYA SAI","PC_NO":20,"PC_NAME":"HINDUPUR"}},{"type":"Feature","geometry":{"type":"Polygon","coordinates":[[[79.371,14.3492],[79.357,14.3442],[79.3365,14.344],[79.3077,14.3528],[79.2761,14.3297],[79.263,14.3372],[79.2384,14.3381],[79.2268,14.3224],[79.2409,14.3114],[79.2247,14.283],[79.2042,14.2845],[79.1681,14.2533],[79.1888,14.233],[79.206,14.196],[79.2384,14.1733],[79.2259,14.1532],[79.2147,14.1691],[79.1909,14.1728],[79.1781,14.1616],[79.177,14.1442],[79.1497,14.1213],[79.1385,14.1387],[79.1158,14.132],[79.0949,14.1459],[79.0674,14.151],[79.0423,14.1373],[79.0433,14.1849],[79.032,14.1919],[79.0218,14.1698],[79.0276,14.1266],[79.0228,14.1175],[79.0412,14.0991],[79.0321,14.0916],[79.011,14.1224],[78.989,14.1355],[78.9647,14.1193],[78.9537,14.0853],[78.9628,14.0196],[78.9826,14.0076],[79.0073,14.0168],[79.0144,13.9534],[79.0315,13.9287],[79.0104,13.9232],[79.0025,13.9103],[79.0236,13.9033],[79.0239,13.8952],[79.0295,13.8894],[79.0827,13.8793],[79.0965,13.8506],[79.126,13.8502],[79.1484,13.8662],[79.1572,13.854],[79.172,13.8477],[79.1782,13.8381],[79.216,13.8126],[79.2112,13.8068],[79.2029,13.8097],[79.1945,13.8037],[79.1913,13.7938],[79.2182,13.7731],[79.2256,13.7571],[79.2412,13.7517],[79.2414,13.761],[79.2588,13.7609],[79.2933,13.7598],[79.3058,13.7242],[79.3721,13.7554],[79.3977,13.7617],[79.4172,13.7659],[79.4198,13.7863],[79.4492,13.781],[79.4712,13.7983],[79.4583,13.8007],[79.4555,13.8257],[79.4383,13.857],[79.4342,13.8768],[79.4433,13.8908],[79.4403,13.9034],[79.4551,13.9232],[79.4585,13.9465],[79.4523,13.9548],[79.4501,13.9723],[79.4553,13.9877],[79.4425,13.9975],[79.4368,14.0242],[79.4435,14.0405],[79.4426,14.0612],[79.4521,14.0772],[79.4542,14.1013],[79.4448,14.1168],[79.4284,14.1811],[79.4288,14.1937],[79.4224,14.2065],[79.4248,14.2217],[79.4354,14.2435],[79.4197,14.2654],[79.4224,14.2787],[79.3896,14.3411],[79.371,14.3492]]]},"properties":{"AC_NO":"127","AC_NAME":"Kodur (SC)","district":"ANNAMAYYA","PC_NO":24,"PC_NAME":"RAJAMPET"}},{"type":"Feature","geometry":{"type":"Polygon","coordinates":[[[78.22,14.3261],[78.2059,14.297],[78.1912,14.3178],[78.1531,14.326],[78.1188,14.3017],[78.1384,14.274],[78.1308,14.2589],[78.093,14.2706],[78.0941,14.2548],[78.1177,14.2298],[78.0797,14.2101],[78.0887,14.1732],[78.0876,14.1572],[78.0781,14.1514],[78.0575,14.1538],[78.0534,14.1472],[78.0696,14.1156],[78.0638,14.0944],[78.071,14.0675],[78.0911,14.0576],[78.0897,14.0386],[78.0963,14.0109],[78.0808,14.0016],[78.0855,13.9908],[78.1282,13.9944],[78.1361,13.9643],[78.1295,13.9634],[78.1238,13.9549],[78.1273,13.9078],[78.1107,13.8904],[78.1089,13.8624],[78.1146,13.8633],[78.1238,13.8448],[78.1255,13.8317],[78.1139,13.8079],[78.1226,13.799],[78.1257,13.7866],[78.1479,13.7819],[78.152,13.7865],[78.1641,13.7843],[78.189,13.7893],[78.2085,13.7819],[78.2364,13.7796],[78.2512,13.7917],[78.2615,13.7914],[78.2631,13.7988],[78.2549,13.8069],[78.2566,13.8344],[78.2427,13.8508],[78.2632,13.8643],[78.2783,13.8895],[78.2984,13.8938],[78.2994,13.9063],[78.3182,13.9208],[78.3315,13.918],[78.3469,13.9352],[78.3704,13.9568],[78.3756,13.9523],[78.3724,13.9449],[78.3875,13.9394],[78.3995,13.9531],[78.4206,13.9637],[78.4271,13.9792],[78.4533,13.9842],[78.4661,13.9949],[78.4694,14.0075],[78.4584,14.0085],[78.4404,14.0189],[78.4399,14.0434],[78.4488,14.0525],[78.4425,14.0809],[78.4445,14.0846],[78.4544,14.0847],[78.4614,14.1068],[78.4493,14.1305],[78.4435,14.1381],[78.4389,14.1345],[78.4253,14.1409],[78.4218,14.1489],[78.4199,14.1684],[78.4303,14.1832],[78.4294,14.1968],[78.4144,14.1965],[78.406,14.2014],[78.4086,14.2273],[78.4239,14.2738],[78.3957,14.2772],[78.3572,14.2931],[78.3387,14.2887],[78.3206,14.2939],[78.2851,14.2922],[78.2773,14.3051],[78.2534,14.305],[78.229,14.3157],[78.22,14.3261]]]},"properties":{"AC_NO":"161","AC_NAME":"Kadiri","district":"SRI SATHYA SAI","PC_NO":20,"PC_NAME":"HINDUPUR"}},{"type":"Feature","geometry":{"type":"Polygon","coordinates":[[[78.7702,14.3038],[78.748,14.2995],[78.7354,14.2869],[78.7152,14.2859],[78.6775,14.2939],[78.6734,14.2897],[78.6737,14.2746],[78.6617,14.2697],[78.6289,14.2781],[78.6071,14.2747],[78.605,14.2507],[78.6237,14.2299],[78.6317,14.2128],[78.5768,14.1675],[78.5765,14.1458],[78.5592,14.1544],[78.5403,14.1545],[78.5229,14.1677],[78.4979,14.1693],[78.4713,14.156],[78.4493,14.1305],[78.4614,14.1068],[78.4544,14.0847],[78.4445,14.0846],[78.4425,14.0809],[78.4488,14.0525],[78.4399,14.0434],[78.4404,14.0189],[78.4584,14.0085],[78.4694,14.0075],[78.4661,13.9949],[78.4758,13.9841],[78.4684,13.9587],[78.4933,13.9379],[78.5039,13.9591],[78.5187,13.9663],[78.5445,13.991],[78.5849,13.9853],[78.572,13.9632],[78.5992,13.9601],[78.5872,13.9129],[78.6208,13.9072],[78.6499,13.9089],[78.6429,13.8678],[78.6981,13.8714],[78.711,13.8885],[78.7291,13.8858],[78.7459,13.8715],[78.7511,13.8483],[78.7714,13.8275],[78.7838,13.8297],[78.7885,13.8541],[78.7803,13.8642],[78.7981,13.8808],[78.8593,13.8866],[78.872,13.8975],[78.8757,13.9243],[78.851,14.0094],[78.8745,14.0343],[78.8666,14.0444],[78.8665,14.0812],[78.8391,14.0627],[78.8129,14.0656],[78.7998,14.0974],[78.8038,14.1276],[78.8196,14.1508],[78.8383,14.195],[78.8843,14.1842],[78.9092,14.1976],[78.9292,14.1972],[78.9478,14.213],[78.9534,14.2287],[78.947,14.248],[78.8984,14.2765],[78.8736,14.3073],[78.8699,14.2907],[78.8637,14.2865],[78.8443,14.2891],[78.8203,14.2815],[78.7702,14.3038]]]},"properties":{"AC_NO":"128","AC_NAME":"Rayachoti","district":"ANNAMAYYA","PC_NO":24,"PC_NAME":"RAJAMPET"}},{"type":"Feature","geometry":{"type":"Polygon","coordinates":[[[77.8873,13.9393],[77.8963,13.9671],[77.8891,13.9947],[77.904,14.0354],[77.8732,14.051],[77.8505,14.057],[77.8324,14.1035],[77.8146,14.0821],[77.7909,14.0634],[77.7816,14.0471],[77.7634,14.0502],[77.6982,14.0323],[77.6789,14.0474],[77.6993,14.0924],[77.6918,14.1124],[77.659,14.1268],[77.6553,14.1545],[77.6845,14.1708],[77.6815,14.1927],[77.6594,14.2128],[77.6616,14.2319],[77.6601,14.2367],[77.579,14.226],[77.5703,14.2203],[77.5636,14.199],[77.5558,14.1901],[77.5171,14.1844],[77.5035,14.1571],[77.4682,14.1653],[77.4671,14.1721],[77.4303,14.1709],[77.4204,14.177],[77.3937,14.1743],[77.3789,14.1359],[77.352,14.1312],[77.3475,14.1037],[77.3617,14.1154],[77.3906,14.1267],[77.3974,14.1255],[77.4009,14.1188],[77.3888,14.0995],[77.3813,14.0979],[77.3756,14.0794],[77.3637,14.073],[77.36,14.0623],[77.3405,14.0602],[77.3323,14.0307],[77.3902,14.0167],[77.3796,13.9903],[77.3815,13.9762],[77.3957,13.9838],[77.4259,13.9862],[77.4277,13.9797],[77.437,13.9773],[77.4355,13.948],[77.412,13.946],[77.416,13.9241],[77.4349,13.9197],[77.4351,13.9154],[77.4206,13.8998],[77.4136,13.8976],[77.4369,13.8805],[77.4442,13.8687],[77.443,13.8563],[77.432,13.8411],[77.4161,13.8067],[77.4197,13.8096],[77.4287,13.8068],[77.4226,13.7991],[77.4358,13.7965],[77.4453,13.8111],[77.4515,13.8096],[77.4797,13.8346],[77.4855,13.859],[77.529,13.8943],[77.5417,13.9283],[77.6113,13.9444],[77.6304,13.9293],[77.646,13.929],[77.6541,13.903],[77.6768,13.9],[77.6957,13.9089],[77.7156,13.9327],[77.7379,13.9363],[77.7672,13.9274],[77.7882,13.9413],[77.8138,13.9269],[77.8138,13.9271],[77.8266,13.9448],[77.8392,13.9359],[77.8866,13.9391],[77.8873,13.9393]]]},"properties":{"AC_NO":"158","AC_NAME":"Penukonda","district":"SRI SATHYA SAI","PC_NO":20,"PC_NAME":"HINDUPUR"}},{"type":"Feature","geometry":{"type":"Polygon","coordinates":[[[77.0224,14.1773],[77.0055,14.184],[76.9838,14.1789],[76.9606,14.1818],[76.9427,14.1954],[76.9424,14.1734],[76.9219,14.1695],[76.9198,14.1645],[76.8946,14.1679],[76.8907,14.1436],[76.8859,14.1383],[76.8892,14.1357],[76.9176,14.1289],[76.925,14.1371],[76.9359,14.1289],[76.9526,14.1039],[76.9484,14.0921],[76.9594,14.0917],[76.9735,14.0836],[76.9766,14.0657],[76.9719,14.0584],[76.9324,14.0544],[76.9312,14.0302],[76.935,14.0328],[76.9435,14.0298],[76.95,14.0151],[76.9654,14.0115],[76.9992,13.9904],[76.9938,13.9626],[77.0142,13.9549],[77.0244,13.94],[77.0417,13.9334],[77.0473,13.9066],[77.023,13.9026],[77.0163,13.8844],[77.0185,13.8725],[77.0142,13.8603],[77.0066,13.8521],[76.9922,13.849],[76.9889,13.8353],[76.978,13.8269],[76.9764,13.8174],[76.9898,13.813],[76.9917,13.8027],[76.9852,13.7908],[76.9984,13.7551],[76.9969,13.748],[77.0127,13.7398],[77.0166,13.7384],[77.0245,13.7793],[77.0434,13.7778],[77.058,13.7603],[77.0575,13.753],[77.0645,13.7439],[77.0856,13.7424],[77.0838,13.7567],[77.0905,13.7672],[77.106,13.7678],[77.1368,13.7583],[77.1409,13.7651],[77.1511,13.7663],[77.1731,13.7621],[77.1785,13.7827],[77.1575,13.8061],[77.1595,13.8169],[77.1677,13.8212],[77.1687,13.8297],[77.1537,13.8342],[77.156,13.8444],[77.1322,13.8462],[77.1282,13.8565],[77.1361,13.8565],[77.1477,13.8685],[77.1686,13.8645],[77.1715,13.8715],[77.1689,13.89],[77.162,13.9067],[77.1699,13.9206],[77.1847,13.9252],[77.1909,13.9119],[77.1857,13.8762],[77.1814,13.8699],[77.2004,13.8631],[77.2102,13.885],[77.2152,13.8863],[77.2153,13.8683],[77.2199,13.8678],[77.2307,13.9034],[77.2356,13.9042],[77.2365,13.9011],[77.2483,13.9012],[77.2447,13.8819],[77.2489,13.8676],[77.2591,13.8632],[77.2567,13.8466],[77.2803,13.8511],[77.2883,13.8475],[77.2949,13.8574],[77.3106,13.8629],[77.3113,13.8665],[77.3215,13.856],[77.3254,13.8333],[77.3369,13.8328],[77.3628,13.8543],[77.3787,13.8494],[77.3819,13.8394],[77.4152,13.8396],[77.4292,13.8448],[77.443,13.8563],[77.4369,13.8805],[77.4136,13.8976],[77.3989,13.8886],[77.3978,13.9065],[77.3546,13.9045],[77.3529,13.9138],[77.3477,13.916],[77.3715,13.9532],[77.3496,13.9586],[77.361,13.9911],[77.3363,13.9959],[77.337,14.0049],[77.3228,14.0235],[77.3222,14.03],[77.3067,14.0323],[77.2984,14.022],[77.2751,14.0117],[77.2788,14.0325],[77.2704,14.0345],[77.2454,14.012],[77.2198,14.0136],[77.2047,14.0083],[77.174,14.013],[77.171,14.012],[77.1734,14.0012],[77.1513,14.0007],[77.1411,14.0039],[77.1404,14.018],[77.1319,14.044],[77.1274,14.0471],[77.0789,14.0427],[77.0753,14.0435],[77.0761,14.0533],[77.0317,14.0569],[77.0256,14.0662],[77.0298,14.0882],[77.0147,14.1],[77.0241,14.1126],[77.0202,14.1313],[77.0204,14.1572],[77.0261,14.1748],[77.0224,14.1773]]]},"properties":{"AC_NO":"156","AC_NAME":"Madakasira (SC)","district":"SRI SATHYA SAI","PC_NO":20,"PC_NAME":"HINDUPUR"}},{"type":"Feature","geometry":{"type":"Polygon","coordinates":[[[80.1362,14.2461],[80.1146,14.2474],[80.1076,14.2392],[80.1065,14.2382],[80.0942,14.2295],[80.0712,14.226],[80.0688,14.2116],[80.0622,14.2078],[80.0616,14.2093],[80.0669,14.2105],[80.0623,14.211],[80.0591,14.2193],[80.0632,14.2287],[80.0488,14.2089],[80.0482,14.2001],[80.0242,14.1819],[80.0174,14.1839],[80.0167,14.1964],[80.0087,14.1938],[80.0042,14.1848],[79.9987,14.1894],[79.9871,14.1856],[79.9787,14.1622],[79.9319,14.1403],[79.9058,14.1444],[79.8687,14.1635],[79.859,14.1757],[79.8491,14.2042],[79.8244,14.2139],[79.818,14.2539],[79.8047,14.2586],[79.7856,14.2393],[79.7803,14.2272],[79.7811,14.2177],[79.7973,14.1917],[79.8001,14.1767],[79.7559,14.1535],[79.7239,14.0904],[79.7369,14.0711],[79.7588,14.0178],[79.7727,14.0169],[79.7912,14.0407],[79.7983,14.0108],[79.8154,14.0342],[79.8449,14.0434],[79.8713,14.0329],[79.9338,14.0377],[79.9765,14.0293],[79.9849,13.9954],[79.9722,13.9812],[79.9828,13.9611],[79.9566,13.9516],[79.9346,13.9339],[79.9966,13.8844],[79.9994,13.8714],[80.0307,13.8625],[80.037,13.8443],[80.0621,13.8419],[80.1115,13.8207],[80.1554,13.8257],[80.1884,13.8074],[80.2449,13.8076],[80.2181,13.8814],[80.1977,13.919],[80.1438,14.0505],[80.1338,14.0929],[80.1272,14.1502],[80.1291,14.2154],[80.1362,14.2461]]]},"properties":{"AC_NO":"120","AC_NAME":"Gudur (SC)","district":"TIRUPATI","PC_NO":23,"PC_NAME":"TIRUPATI (SC)"}},{"type":"Feature","geometry":{"type":"Polygon","coordinates":[[[80.2449,13.8076],[80.1884,13.8074],[80.1554,13.8257],[80.1115,13.8207],[80.0621,13.8419],[80.037,13.8443],[80.0307,13.8625],[79.9994,13.8714],[79.9966,13.8844],[79.9346,13.9339],[79.9566,13.9516],[79.9828,13.9611],[79.9722,13.9812],[79.9849,13.9954],[79.9765,14.0293],[79.9338,14.0377],[79.8713,14.0329],[79.8449,14.0434],[79.8154,14.0342],[79.7983,14.0108],[79.7912,14.0407],[79.7727,14.0169],[79.7588,14.0178],[79.7365,13.9987],[79.7322,13.9677],[79.7525,13.9692],[79.7413,13.9471],[79.7269,13.9429],[79.7379,13.9218],[79.7495,13.9401],[79.7706,13.9099],[79.7859,13.9055],[79.7953,13.9204],[79.8133,13.9105],[79.8334,13.8833],[79.8352,13.8625],[79.8491,13.8554],[79.8609,13.8702],[79.8787,13.8566],[79.8814,13.8417],[79.8726,13.7921],[79.8577,13.7406],[79.87,13.7069],[79.8855,13.7008],[79.9574,13.7082],[79.9727,13.6881],[79.9574,13.667],[79.976,13.6427],[80.0001,13.6433],[80.0044,13.6172],[80.0221,13.5765],[80.0474,13.5731],[80.038,13.539],[80.0569,13.5367],[80.0627,13.5454],[80.0812,13.5498],[80.0838,13.5448],[80.0886,13.5354],[80.0771,13.5268],[80.0786,13.4889],[80.0986,13.488],[80.1131,13.5054],[80.1321,13.5015],[80.1399,13.5041],[80.1452,13.5003],[80.1456,13.4907],[80.163,13.4875],[80.1822,13.4899],[80.2153,13.4857],[80.2265,13.4849],[80.2426,13.4709],[80.2638,13.5625],[80.2683,13.5645],[80.2428,13.6158],[80.2339,13.6571],[80.2376,13.7217],[80.2552,13.7794],[80.2449,13.8076]]]},"properties":{"AC_NO":"121","AC_NAME":"Sullurpeta (SC)","district":"TIRUPATI","PC_NO":23,"PC_NAME":"TIRUPATI (SC)"}},{"type":"Feature","geometry":{"type":"Polygon","coordinates":[[[78.4661,13.9949],[78.4533,13.9842],[78.4271,13.9792],[78.4206,13.9637],[78.3995,13.9531],[78.3875,13.9394],[78.3724,13.9449],[78.3756,13.9523],[78.3704,13.9568],[78.3469,13.9352],[78.3315,13.918],[78.3182,13.9208],[78.2994,13.9063],[78.2984,13.8938],[78.2783,13.8895],[78.2632,13.8643],[78.2427,13.8508],[78.2566,13.8344],[78.2549,13.8069],[78.2631,13.7988],[78.2615,13.7914],[78.2512,13.7917],[78.2364,13.7796],[78.2085,13.7819],[78.189,13.7893],[78.1641,13.7843],[78.152,13.7865],[78.1479,13.7819],[78.1257,13.7866],[78.1175,13.7693],[78.1002,13.759],[78.0917,13.7423],[78.1046,13.7366],[78.121,13.7155],[78.1135,13.6925],[78.0737,13.6875],[78.0662,13.6769],[78.0771,13.6735],[78.0777,13.6684],[78.0896,13.6598],[78.0993,13.6433],[78.1141,13.6575],[78.1561,13.6585],[78.1693,13.6538],[78.1684,13.6327],[78.2039,13.6284],[78.2029,13.6051],[78.19,13.5895],[78.1897,13.5713],[78.1933,13.5644],[78.2029,13.5683],[78.2196,13.5927],[78.2327,13.586],[78.2373,13.5987],[78.2488,13.5913],[78.2593,13.5824],[78.2719,13.5882],[78.3262,13.5949],[78.3506,13.5869],[78.3933,13.5914],[78.4021,13.5875],[78.4018,13.5786],[78.4067,13.5769],[78.4014,13.5675],[78.4228,13.5755],[78.4344,13.5857],[78.4681,13.5853],[78.4989,13.5792],[78.5223,13.623],[78.5388,13.6298],[78.5256,13.6547],[78.5508,13.657],[78.5706,13.6812],[78.5738,13.7068],[78.5697,13.7269],[78.5506,13.7494],[78.5369,13.7803],[78.5521,13.7928],[78.5649,13.8377],[78.5797,13.8575],[78.5785,13.8895],[78.5872,13.9129],[78.5992,13.9601],[78.572,13.9632],[78.5849,13.9853],[78.5445,13.991],[78.5187,13.9663],[78.5039,13.9591],[78.4933,13.9379],[78.4684,13.9587],[78.4758,13.9841],[78.4661,13.9949]]]},"properties":{"AC_NO":"162","AC_NAME":"Thamballapalle","district":"ANNAMAYYA","PC_NO":24,"PC_NAME":"RAJAMPET"}},{"type":"Feature","geometry":{"type":"Polygon","coordinates":[[[77.8138,13.9269],[77.7882,13.9413],[77.7672,13.9274],[77.7379,13.9363],[77.7156,13.9327],[77.6957,13.9089],[77.6768,13.9],[77.6541,13.903],[77.646,13.929],[77.6304,13.9293],[77.6113,13.9444],[77.5417,13.9283],[77.529,13.8943],[77.4855,13.859],[77.4797,13.8346],[77.4515,13.8096],[77.4645,13.8081],[77.4564,13.7889],[77.4614,13.7884],[77.4652,13.7587],[77.4706,13.7581],[77.465,13.7396],[77.4649,13.711],[77.4499,13.711],[77.4555,13.6827],[77.4911,13.6899],[77.4856,13.7152],[77.5143,13.713],[77.5124,13.6973],[77.5251,13.691],[77.5283,13.693],[77.5344,13.707],[77.5366,13.7306],[77.522,13.7446],[77.5254,13.7533],[77.5409,13.756],[77.5474,13.7529],[77.5493,13.7407],[77.5609,13.7224],[77.5717,13.7382],[77.5868,13.7335],[77.6,13.7508],[77.6193,13.7552],[77.6211,13.7685],[77.6513,13.7841],[77.6801,13.7868],[77.68,13.7728],[77.6715,13.7605],[77.6952,13.7707],[77.7033,13.7698],[77.7085,13.7411],[77.7174,13.7411],[77.7222,13.7689],[77.7193,13.8003],[77.7293,13.8022],[77.7407,13.8124],[77.7479,13.8104],[77.7635,13.8173],[77.7815,13.8183],[77.7888,13.8232],[77.7891,13.8305],[77.7823,13.8441],[77.793,13.849],[77.812,13.849],[77.8202,13.8632],[77.8371,13.8699],[77.8273,13.8745],[77.8355,13.881],[77.8326,13.8938],[77.8163,13.9034],[77.8138,13.9252],[77.8138,13.9269]]]},"properties":{"AC_NO":"157","AC_NAME":"Hindupur","district":"SRI SATHYA SAI","PC_NO":20,"PC_NAME":"HINDUPUR"}},{"type":"Feature","geometry":{"type":"Polygon","coordinates":[[[78.5872,13.9129],[78.5785,13.8895],[78.5797,13.8575],[78.5649,13.8377],[78.5521,13.7928],[78.5369,13.7803],[78.5506,13.7494],[78.5697,13.7269],[78.5738,13.7068],[78.5706,13.6812],[78.5776,13.653],[78.6016,13.625],[78.6004,13.5905],[78.6113,13.5814],[78.6418,13.578],[78.6813,13.5957],[78.7135,13.5912],[78.7342,13.5708],[78.7898,13.5711],[78.7914,13.5846],[78.7867,13.6036],[78.8068,13.6042],[78.8312,13.6444],[78.842,13.6593],[78.8568,13.65],[78.8787,13.6241],[78.8652,13.5968],[78.874,13.5797],[78.9009,13.5671],[78.9394,13.5739],[78.9469,13.5812],[78.9589,13.61],[78.9666,13.6167],[78.9932,13.6179],[78.9905,13.6448],[78.971,13.6558],[78.9599,13.6742],[78.968,13.7041],[78.9885,13.707],[78.9976,13.6956],[79.0149,13.6939],[79.0416,13.7034],[79.0477,13.7136],[79.0266,13.7311],[79.0252,13.7435],[79.0216,13.7521],[79.0082,13.7735],[79.0196,13.7825],[79.0226,13.7907],[79.0048,13.7982],[78.9995,13.8057],[79.0057,13.8308],[79.0222,13.8315],[79.0272,13.8368],[79.0108,13.8602],[78.9792,13.891],[78.9417,13.8852],[78.9358,13.8976],[78.872,13.8975],[78.8593,13.8866],[78.7981,13.8808],[78.7803,13.8642],[78.7885,13.8541],[78.7838,13.8297],[78.7714,13.8275],[78.7511,13.8483],[78.7459,13.8715],[78.7291,13.8858],[78.711,13.8885],[78.6981,13.8714],[78.6429,13.8678],[78.6499,13.9089],[78.6208,13.9072],[78.5872,13.9129]]]},"properties":{"AC_NO":"163","AC_NAME":"Pileru","district":"ANNAMAYYA","PC_NO":24,"PC_NAME":"RAJAMPET"}},{"type":"Feature","geometry":{"type":"Polygon","coordinates":[[[79.7336,13.8616],[79.7286,13.9053],[79.6945,13.9139],[79.6785,13.9242],[79.6703,13.8858],[79.6739,13.873],[79.6685,13.836],[79.6095,13.8516],[79.6247,13.8726],[79.6114,13.8888],[79.5943,13.8882],[79.5926,13.9236],[79.556,13.9155],[79.4783,13.9128],[79.4742,13.8998],[79.4433,13.8908],[79.4342,13.8768],[79.4383,13.857],[79.4555,13.8257],[79.4583,13.8007],[79.4712,13.7983],[79.4492,13.781],[79.4198,13.7863],[79.4172,13.7659],[79.3977,13.7617],[79.3947,13.7401],[79.411,13.7064],[79.422,13.6636],[79.4329,13.6412],[79.4525,13.6345],[79.4591,13.6189],[79.4549,13.6025],[79.4385,13.5854],[79.4515,13.5656],[79.4783,13.5723],[79.4987,13.5543],[79.5182,13.5665],[79.5233,13.5889],[79.535,13.5933],[79.5561,13.5707],[79.5866,13.5794],[79.6197,13.6061],[79.6516,13.6134],[79.6721,13.645],[79.6864,13.6911],[79.7124,13.6909],[79.7319,13.6766],[79.7499,13.6897],[79.7715,13.6761],[79.7933,13.6914],[79.781,13.7075],[79.773,13.7512],[79.7541,13.727],[79.7358,13.7384],[79.75,13.7567],[79.7317,13.7715],[79.735,13.7899],[79.7286,13.8257],[79.7336,13.8616]]]},"properties":{"AC_NO":"168","AC_NAME":"Srikalahasti","district":"TIRUPATI","PC_NO":23,"PC_NAME":"TIRUPATI (SC)"}},{"type":"Feature","geometry":{"type":"Polygon","coordinates":[[[79.0025,13.9103],[78.9894,13.9123],[78.9792,13.891],[79.0108,13.8602],[79.0272,13.8368],[79.0222,13.8315],[79.0057,13.8308],[78.9995,13.8057],[79.0048,13.7982],[79.0226,13.7907],[79.0196,13.7825],[79.0082,13.7735],[79.0216,13.7521],[79.0252,13.7435],[79.0266,13.7311],[79.0477,13.7136],[79.0731,13.7078],[79.0648,13.6699],[79.0461,13.6416],[79.0401,13.5977],[79.156,13.5884],[79.1506,13.5209],[79.1371,13.5033],[79.0886,13.5007],[79.0886,13.5236],[79.0538,13.509],[79.04,13.5114],[79.027,13.5006],[79.0126,13.5097],[78.9863,13.4992],[78.9762,13.4839],[78.9947,13.4693],[79.0319,13.4548],[79.0374,13.4272],[79.0616,13.439],[79.0759,13.415],[79.106,13.4045],[79.1206,13.406],[79.1395,13.3936],[79.158,13.3986],[79.1761,13.3946],[79.1822,13.4],[79.1835,13.411],[79.2173,13.4048],[79.2333,13.4104],[79.2264,13.4196],[79.2012,13.4249],[79.2265,13.4345],[79.2391,13.4581],[79.2815,13.4692],[79.3595,13.4793],[79.3694,13.4603],[79.4174,13.4774],[79.4251,13.4847],[79.4253,13.4913],[79.4381,13.5089],[79.4362,13.5309],[79.4257,13.5519],[79.4515,13.5656],[79.4385,13.5854],[79.4549,13.6025],[79.4591,13.6189],[79.4348,13.6204],[79.4258,13.6063],[79.4006,13.5956],[79.3732,13.5999],[79.3539,13.6092],[79.3261,13.6033],[79.2735,13.6047],[79.2492,13.6418],[79.2395,13.6961],[79.2421,13.7186],[79.2588,13.7609],[79.2414,13.761],[79.2412,13.7517],[79.2256,13.7571],[79.2182,13.7731],[79.1913,13.7938],[79.1945,13.8037],[79.2029,13.8097],[79.2112,13.8068],[79.216,13.8126],[79.1782,13.8381],[79.172,13.8477],[79.1572,13.854],[79.1484,13.8662],[79.126,13.8502],[79.0965,13.8506],[79.0827,13.8793],[79.0295,13.8894],[79.0239,13.8952],[79.0236,13.9033],[79.0025,13.9103]]]},"properties":{"AC_NO":"166","AC_NAME":"Chandragiri","district":"TIRUPATI","PC_NO":25,"PC_NAME":"CHITTOOR (SC)"}},{"type":"Feature","geometry":{"type":"Polygon","coordinates":[[[79.7859,13.9055],[79.7872,13.8729],[79.7724,13.8528],[79.7336,13.8616],[79.7286,13.8257],[79.735,13.7899],[79.7317,13.7715],[79.75,13.7567],[79.7358,13.7384],[79.7541,13.727],[79.773,13.7512],[79.781,13.7075],[79.7933,13.6914],[79.7715,13.6761],[79.7499,13.6897],[79.7319,13.6766],[79.7124,13.6909],[79.6864,13.6911],[79.6721,13.645],[79.6516,13.6134],[79.6197,13.6061],[79.5866,13.5794],[79.5561,13.5707],[79.5415,13.5268],[79.5413,13.5139],[79.5703,13.455],[79.5767,13.3965],[79.6312,13.4074],[79.6439,13.4017],[79.6692,13.4146],[79.6737,13.4375],[79.6847,13.4449],[79.6937,13.4446],[79.7008,13.4417],[79.7002,13.4192],[79.7171,13.4043],[79.7192,13.357],[79.734,13.3506],[79.7442,13.3312],[79.7619,13.3184],[79.7763,13.3062],[79.781,13.3063],[79.7846,13.2975],[79.7915,13.294],[79.7985,13.2988],[79.8092,13.3173],[79.8471,13.316],[79.8554,13.3207],[79.8623,13.3172],[79.8682,13.3321],[79.8829,13.3233],[79.8823,13.3342],[79.8931,13.3355],[79.9145,13.3482],[79.9152,13.3605],[79.9286,13.3564],[79.9313,13.3515],[79.9351,13.3534],[79.9457,13.3642],[79.9491,13.377],[79.9579,13.3788],[79.9632,13.3934],[79.9441,13.3967],[79.9416,13.4002],[79.9458,13.4073],[79.9345,13.4164],[79.9417,13.4167],[79.9398,13.4243],[79.9549,13.4254],[79.9578,13.4221],[79.9732,13.4294],[79.9724,13.469],[79.9823,13.4707],[79.9892,13.4855],[80.0156,13.4999],[80.0463,13.4951],[80.0484,13.5123],[80.0355,13.5183],[80.0272,13.5137],[80.0195,13.5193],[80.0176,13.5296],[80.0005,13.5257],[79.9941,13.5455],[80.0005,13.5422],[80.0169,13.5472],[80.0239,13.546],[80.0284,13.5388],[80.038,13.539],[80.0474,13.5731],[80.0221,13.5765],[80.0044,13.6172],[80.0001,13.6433],[79.976,13.6427],[79.9574,13.667],[79.9727,13.6881],[79.9574,13.7082],[79.8855,13.7008],[79.87,13.7069],[79.8577,13.7406],[79.8726,13.7921],[79.8814,13.8417],[79.8787,13.8566],[79.8609,13.8702],[79.8491,13.8554],[79.8352,13.8625],[79.8334,13.8833],[79.8133,13.9105],[79.7953,13.9204],[79.7859,13.9055]]]},"properties":{"AC_NO":"169","AC_NAME":"Satyavedu (SC)","district":"TIRUPATI","PC_NO":23,"PC_NAME":"TIRUPATI (SC)"}},{"type":"Feature","geometry":{"type":"Polygon","coordinates":[[[79.2588,13.7609],[79.2421,13.7186],[79.2395,13.6961],[79.2492,13.6418],[79.2735,13.6047],[79.3261,13.6033],[79.3539,13.6092],[79.3732,13.5999],[79.4006,13.5956],[79.4258,13.6063],[79.4348,13.6204],[79.4591,13.6189],[79.4525,13.6345],[79.4329,13.6412],[79.422,13.6636],[79.411,13.7064],[79.3947,13.7401],[79.3977,13.7617],[79.3721,13.7554],[79.3058,13.7242],[79.2933,13.7598],[79.2588,13.7609]]]},"properties":{"AC_NO":"167","AC_NAME":"Tirupati","district":"TIRUPATI","PC_NO":23,"PC_NAME":"TIRUPATI (SC)"}},{"type":"Feature","geometry":{"type":"Polygon","coordinates":[[[78.9762,13.4839],[78.9863,13.4992],[79.0126,13.5097],[79.027,13.5006],[79.04,13.5114],[79.0538,13.509],[79.0886,13.5236],[79.0886,13.5007],[79.1371,13.5033],[79.1506,13.5209],[79.156,13.5884],[79.0401,13.5977],[79.0461,13.6416],[79.0648,13.6699],[79.0731,13.7078],[79.0477,13.7136],[79.0416,13.7034],[79.0149,13.6939],[78.9976,13.6956],[78.9885,13.707],[78.968,13.7041],[78.9599,13.6742],[78.971,13.6558],[78.9905,13.6448],[78.9932,13.6179],[78.9666,13.6167],[78.9589,13.61],[78.9469,13.5812],[78.9394,13.5739],[78.9009,13.5671],[78.874,13.5797],[78.8652,13.5968],[78.8787,13.6241],[78.8568,13.65],[78.842,13.6593],[78.8312,13.6444],[78.8068,13.6042],[78.7867,13.6036],[78.7914,13.5846],[78.7898,13.5711],[78.7342,13.5708],[78.7365,13.5398],[78.7306,13.5135],[78.6793,13.4818],[78.6748,13.4671],[78.6702,13.4651],[78.6688,13.4523],[78.6526,13.458],[78.6558,13.4839],[78.6388,13.4991],[78.6158,13.4826],[78.5989,13.4874],[78.5735,13.5051],[78.5493,13.4814],[78.5031,13.4652],[78.4855,13.441],[78.4946,13.4337],[78.5128,13.4344],[78.5132,13.4185],[78.5242,13.4115],[78.5278,13.3931],[78.5499,13.3639],[78.5512,13.3475],[78.5115,13.3364],[78.5011,13.3191],[78.4835,13.3179],[78.4791,13.3017],[78.4988,13.3002],[78.5137,13.2907],[78.5129,13.2854],[78.5193,13.2828],[78.521,13.2736],[78.5308,13.2669],[78.5359,13.2732],[78.5382,13.2884],[78.5541,13.2838],[78.5614,13.289],[78.5651,13.3117],[78.5743,13.2979],[78.6011,13.3269],[78.6426,13.3291],[78.6607,13.3143],[78.6705,13.324],[78.6631,13.3389],[78.6867,13.3483],[78.6922,13.3671],[78.7281,13.3547],[78.7541,13.3556],[78.7673,13.3268],[78.7902,13.3281],[78.8203,13.319],[78.8738,13.3137],[78.8855,13.3188],[78.9147,13.3578],[78.927,13.3881],[78.9295,13.4113],[78.9174,13.4372],[78.9455,13.4542],[78.9647,13.481],[78.9762,13.4839]]]},"properties":{"AC_NO":"165","AC_NAME":"Punganur","district":"CHITTOOR","PC_NO":24,"PC_NAME":"RAJAMPET"}},{"type":"Feature","geometry":{"type":"Polygon","coordinates":[[[78.5706,13.6812],[78.5508,13.657],[78.5256,13.6547],[78.5388,13.6298],[78.5223,13.623],[78.4989,13.5792],[78.4681,13.5853],[78.4344,13.5857],[78.4228,13.5755],[78.4014,13.5675],[78.3938,13.5523],[78.394,13.5408],[78.3824,13.5251],[78.3841,13.5172],[78.3744,13.5091],[78.3788,13.4821],[78.3708,13.4696],[78.3817,13.397],[78.379,13.3839],[78.3651,13.3618],[78.3696,13.3583],[78.3776,13.3632],[78.3948,13.3544],[78.3932,13.3508],[78.4084,13.3457],[78.4035,13.3361],[78.3848,13.3349],[78.3877,13.3428],[78.383,13.3436],[78.3782,13.3372],[78.3771,13.332],[78.3874,13.3321],[78.4012,13.3155],[78.4189,13.3206],[78.4279,13.3313],[78.4404,13.3285],[78.4438,13.3084],[78.4666,13.3152],[78.4769,13.3227],[78.4835,13.3179],[78.5011,13.3191],[78.5115,13.3364],[78.5512,13.3475],[78.5499,13.3639],[78.5278,13.3931],[78.5242,13.4115],[78.5132,13.4185],[78.5128,13.4344],[78.4946,13.4337],[78.4855,13.441],[78.5031,13.4652],[78.5493,13.4814],[78.5735,13.5051],[78.5989,13.4874],[78.6158,13.4826],[78.6388,13.4991],[78.6558,13.4839],[78.6526,13.458],[78.6688,13.4523],[78.6702,13.4651],[78.6748,13.4671],[78.6793,13.4818],[78.7306,13.5135],[78.7365,13.5398],[78.7342,13.5708],[78.7135,13.5912],[78.6813,13.5957],[78.6418,13.578],[78.6113,13.5814],[78.6004,13.5905],[78.6016,13.625],[78.5776,13.653],[78.5706,13.6812]]]},"properties":{"AC_NO":"164","AC_NAME":"Madanapalle","district":"ANNAMAYYA","PC_NO":24,"PC_NAME":"RAJAMPET"}},{"type":"Feature","geometry":{"type":"Polygon","coordinates":[[[79.4515,13.5656],[79.4257,13.5519],[79.4362,13.5309],[79.4381,13.5089],[79.4253,13.4913],[79.4251,13.4847],[79.4588,13.4798],[79.4794,13.4918],[79.4797,13.4636],[79.4905,13.4321],[79.4637,13.4005],[79.4734,13.3764],[79.488,13.3796],[79.4887,13.3606],[79.4971,13.3528],[79.4826,13.3408],[79.4999,13.3482],[79.4975,13.3325],[79.5101,13.3342],[79.5111,13.342],[79.5259,13.3444],[79.5393,13.3346],[79.5393,13.3219],[79.5441,13.3168],[79.5348,13.3014],[79.5412,13.2925],[79.5349,13.2847],[79.5351,13.275],[79.5584,13.2727],[79.5739,13.2591],[79.5825,13.2574],[79.5931,13.2647],[79.5956,13.2847],[79.6087,13.2875],[79.6332,13.2824],[79.6424,13.2902],[79.6518,13.2919],[79.6578,13.2839],[79.6638,13.2898],[79.6654,13.2787],[79.6742,13.282],[79.6783,13.2975],[79.6829,13.2956],[79.6812,13.288],[79.6939,13.2798],[79.6957,13.2673],[79.6877,13.2667],[79.6783,13.2617],[79.6841,13.2433],[79.6897,13.2377],[79.6964,13.2382],[79.6934,13.2427],[79.7,13.2523],[79.7078,13.2505],[79.7137,13.236],[79.7066,13.2347],[79.7014,13.2252],[79.7129,13.2175],[79.7218,13.2237],[79.7319,13.2226],[79.7321,13.2368],[79.7376,13.2363],[79.7642,13.2191],[79.7847,13.2279],[79.7945,13.2263],[79.7947,13.2421],[79.7612,13.2583],[79.7306,13.2829],[79.734,13.289],[79.7442,13.2886],[79.7563,13.2952],[79.7619,13.3184],[79.7442,13.3312],[79.734,13.3506],[79.7192,13.357],[79.7171,13.4043],[79.7002,13.4192],[79.7008,13.4417],[79.6937,13.4446],[79.6847,13.4449],[79.6737,13.4375],[79.6692,13.4146],[79.6439,13.4017],[79.6312,13.4074],[79.5767,13.3965],[79.5703,13.455],[79.5413,13.5139],[79.5415,13.5268],[79.5561,13.5707],[79.535,13.5933],[79.5233,13.5889],[79.5182,13.5665],[79.4987,13.5543],[79.4783,13.5723],[79.4515,13.5656]]]},"properties":{"AC_NO":"170","AC_NAME":"Nagari","district":"CHITTOOR","PC_NO":25,"PC_NAME":"CHITTOOR (SC)"}},{"type":"Feature","geometry":{"type":"Polygon","coordinates":[[[79.1395,13.3936],[79.1206,13.406],[79.106,13.4045],[79.0759,13.415],[79.0616,13.439],[79.0374,13.4272],[79.0319,13.4548],[78.9947,13.4693],[78.9762,13.4839],[78.9647,13.481],[78.9455,13.4542],[78.9174,13.4372],[78.9295,13.4113],[78.927,13.3881],[78.9147,13.3578],[78.8855,13.3188],[78.8738,13.3137],[78.8203,13.319],[78.8195,13.2915],[78.8034,13.2781],[78.8025,13.266],[78.8227,13.2532],[78.8306,13.231],[78.853,13.2148],[78.7937,13.1914],[78.7939,13.1717],[78.8037,13.1533],[78.8024,13.1089],[78.8137,13.0891],[78.842,13.0787],[78.8611,13.0837],[78.8751,13.0969],[78.8956,13.0952],[78.8889,13.0734],[78.8916,13.0331],[78.9291,13.0365],[78.937,13.0305],[78.9408,13.0365],[78.9291,13.0458],[78.9175,13.0437],[78.9036,13.0477],[78.9126,13.066],[78.9217,13.0661],[78.9239,13.0808],[78.9554,13.0759],[78.9825,13.0864],[79.0063,13.0825],[79.0209,13.0879],[79.0582,13.1196],[79.0616,13.1507],[79.0703,13.1687],[79.0662,13.1853],[79.0482,13.1888],[79.0486,13.2052],[79.0293,13.2038],[79.0405,13.2292],[79.0596,13.2371],[79.0629,13.2703],[79.1041,13.2634],[79.1104,13.2897],[79.0933,13.3075],[79.1075,13.3288],[79.1317,13.343],[79.1299,13.365],[79.1395,13.3936]]]},"properties":{"AC_NO":"173","AC_NAME":"Puthalapattu (SC)","district":"CHITTOOR","PC_NO":25,"PC_NAME":"CHITTOOR (SC)"}},{"type":"Feature","geometry":{"type":"Polygon","coordinates":[[[79.4251,13.4847],[79.4174,13.4774],[79.3694,13.4603],[79.3595,13.4793],[79.2815,13.4692],[79.2391,13.4581],[79.2265,13.4345],[79.2012,13.4249],[79.2264,13.4196],[79.2333,13.4104],[79.2173,13.4048],[79.1835,13.411],[79.1822,13.4],[79.1761,13.3946],[79.158,13.3986],[79.1395,13.3936],[79.1299,13.365],[79.1317,13.343],[79.1075,13.3288],[79.0933,13.3075],[79.1104,13.2897],[79.1041,13.2634],[79.1229,13.2585],[79.1225,13.2049],[79.147,13.2113],[79.1726,13.2111],[79.1897,13.1945],[79.2067,13.199],[79.2137,13.187],[79.2023,13.1724],[79.2144,13.1565],[79.2273,13.1556],[79.2256,13.1589],[79.2339,13.17],[79.2427,13.171],[79.2421,13.1497],[79.2402,13.1444],[79.2452,13.1383],[79.2546,13.147],[79.2549,13.1607],[79.2613,13.1598],[79.2631,13.1488],[79.2753,13.1563],[79.2812,13.1537],[79.2838,13.1229],[79.3131,13.1257],[79.2994,13.1188],[79.3072,13.1059],[79.3116,13.1159],[79.329,13.1308],[79.3398,13.1305],[79.3453,13.1216],[79.3575,13.1219],[79.3611,13.1387],[79.3568,13.1651],[79.3802,13.1631],[79.3918,13.192],[79.439,13.1879],[79.4324,13.1964],[79.4437,13.2077],[79.4356,13.2139],[79.4376,13.2198],[79.4532,13.2168],[79.4528,13.2386],[79.438,13.2432],[79.4184,13.2429],[79.4176,13.2718],[79.4337,13.275],[79.4347,13.2891],[79.4463,13.2916],[79.4454,13.3013],[79.4187,13.297],[79.4138,13.3002],[79.3898,13.2975],[79.3886,13.3098],[79.3818,13.3075],[79.3828,13.3121],[79.3878,13.3181],[79.402,13.3174],[79.3983,13.3302],[79.4316,13.3367],[79.4354,13.3517],[79.4562,13.3386],[79.4826,13.3408],[79.4971,13.3528],[79.4887,13.3606],[79.488,13.3796],[79.4734,13.3764],[79.4637,13.4005],[79.4905,13.4321],[79.4797,13.4636],[79.4794,13.4918],[79.4588,13.4798],[79.4251,13.4847]]]},"properties":{"AC_NO":"171","AC_NAME":"Gangadhara Nellore (SC)","district":"CHITTOOR","PC_NO":25,"PC_NAME":"CHITTOOR (SC)"}},{"type":"Feature","geometry":{"type":"Polygon","coordinates":[[[78.8203,13.319],[78.7902,13.3281],[78.7673,13.3268],[78.7541,13.3556],[78.7281,13.3547],[78.6922,13.3671],[78.6867,13.3483],[78.6631,13.3389],[78.6705,13.324],[78.6607,13.3143],[78.6426,13.3291],[78.6011,13.3269],[78.5743,13.2979],[78.5786,13.2809],[78.5871,13.2808],[78.5879,13.2714],[78.5849,13.2615],[78.5711,13.2469],[78.5664,13.2225],[78.5774,13.2184],[78.5713,13.212],[78.567,13.201],[78.5761,13.187],[78.5801,13.1673],[78.5685,13.1621],[78.5506,13.1645],[78.5409,13.1544],[78.5457,13.1423],[78.5315,13.1418],[78.5194,13.1199],[78.5378,13.1058],[78.5247,13.1012],[78.5238,13.0948],[78.5164,13.0969],[78.5101,13.0924],[78.5088,13.0791],[78.5151,13.0718],[78.5157,13.0627],[78.4977,13.0621],[78.4743,13.044],[78.4615,13.0437],[78.4629,13.0058],[78.4747,12.9915],[78.4674,12.975],[78.4352,12.9811],[78.4326,12.9678],[78.4379,12.964],[78.4291,12.9575],[78.4192,12.9587],[78.4203,12.9478],[78.4111,12.9455],[78.4188,12.9218],[78.4281,12.9321],[78.4379,12.929],[78.4434,12.9215],[78.4621,12.9381],[78.4749,12.9431],[78.4929,12.9354],[78.5188,12.9388],[78.5391,12.9305],[78.5912,12.9212],[78.6039,12.9223],[78.612,12.9422],[78.6336,12.9309],[78.6522,12.9292],[78.657,12.9322],[78.638,12.9648],[78.6471,12.9663],[78.6209,12.9913],[78.6554,13.016],[78.6562,13.0312],[78.7046,13.0164],[78.7133,13.0691],[78.7405,13.0641],[78.7518,13.055],[78.7943,13.0667],[78.7976,13.0749],[78.8137,13.0891],[78.8024,13.1089],[78.8037,13.1533],[78.7939,13.1717],[78.7937,13.1914],[78.853,13.2148],[78.8306,13.231],[78.8227,13.2532],[78.8025,13.266],[78.8034,13.2781],[78.8195,13.2915],[78.8203,13.319]]]},"properties":{"AC_NO":"174","AC_NAME":"Palamaner","district":"CHITTOOR","PC_NO":25,"PC_NAME":"CHITTOOR (SC)"}},{"type":"Feature","geometry":{"type":"Polygon","coordinates":[[[79.1041,13.2634],[79.0629,13.2703],[79.0596,13.2371],[79.0405,13.2292],[79.0293,13.2038],[79.0486,13.2052],[79.0482,13.1888],[79.0662,13.1853],[79.0703,13.1687],[79.0616,13.1507],[79.0582,13.1196],[79.0209,13.0879],[79.0063,13.0825],[79.0369,13.0706],[79.0387,13.0612],[79.0634,13.0531],[79.0631,13.0403],[79.0809,13.0258],[79.0983,13.0261],[79.1074,13.0383],[79.1144,13.0393],[79.1373,13.0348],[79.16,13.0203],[79.1822,13.0319],[79.1784,13.0598],[79.1921,13.0675],[79.1908,13.0734],[79.184,13.0728],[79.1853,13.0797],[79.1806,13.0843],[79.1876,13.0835],[79.1907,13.0888],[79.1931,13.0823],[79.1983,13.0814],[79.2008,13.0889],[79.2344,13.1053],[79.2384,13.1186],[79.2304,13.1264],[79.2328,13.1394],[79.21,13.1485],[79.2144,13.1565],[79.2023,13.1724],[79.2137,13.187],[79.2067,13.199],[79.1897,13.1945],[79.1726,13.2111],[79.147,13.2113],[79.1225,13.2049],[79.1229,13.2585],[79.1041,13.2634]]]},"properties":{"AC_NO":"172","AC_NAME":"Chittoor","district":"CHITTOOR","PC_NO":25,"PC_NAME":"CHITTOOR (SC)"}},{"type":"Feature","geometry":{"type":"Polygon","coordinates":[[[78.4434,12.9215],[78.4666,12.9054],[78.4694,12.89],[78.4647,12.8668],[78.464,12.8777],[78.4472,12.8922],[78.4455,12.9118],[78.4349,12.9119],[78.4286,12.9021],[78.4122,12.9033],[78.3986,12.9173],[78.3961,12.907],[78.3886,12.9069],[78.3558,12.9408],[78.3497,12.9357],[78.3466,12.9141],[78.3397,12.9032],[78.3235,12.9018],[78.3203,12.8873],[78.3292,12.8846],[78.3345,12.8892],[78.337,12.8824],[78.331,12.8756],[78.3137,12.8763],[78.3124,12.8586],[78.2821,12.8594],[78.2684,12.8677],[78.2648,12.8617],[78.2534,12.862],[78.2456,12.788],[78.239,12.7684],[78.2307,12.7609],[78.2408,12.7296],[78.2312,12.7126],[78.2271,12.7149],[78.2181,12.7089],[78.2072,12.7082],[78.2099,12.7006],[78.1998,12.6928],[78.2098,12.6905],[78.2106,12.6861],[78.2377,12.6858],[78.2393,12.7011],[78.2445,12.7064],[78.2711,12.7051],[78.3026,12.6663],[78.3183,12.662],[78.3322,12.6493],[78.3436,12.6488],[78.3714,12.6272],[78.4126,12.6269],[78.427,12.6353],[78.4348,12.6296],[78.4584,12.6297],[78.4717,12.6321],[78.4705,12.6446],[78.4742,12.6474],[78.4705,12.6506],[78.4679,12.6759],[78.4845,12.6717],[78.5038,12.682],[78.503,12.7168],[78.5118,12.7077],[78.52,12.7121],[78.5202,12.7187],[78.5059,12.7226],[78.5016,12.7312],[78.4927,12.7357],[78.4891,12.742],[78.4931,12.7472],[78.5052,12.743],[78.5138,12.7345],[78.5139,12.7253],[78.518,12.7249],[78.5209,12.7362],[78.5227,12.7193],[78.527,12.7215],[78.525,12.7155],[78.5375,12.717],[78.5369,12.7134],[78.5442,12.711],[78.5293,12.7092],[78.5347,12.6914],[78.5417,12.6911],[78.555,12.6994],[78.5548,12.7076],[78.5616,12.7099],[78.5543,12.7184],[78.5634,12.7354],[78.5553,12.7393],[78.5556,12.7559],[78.5925,12.7827],[78.6077,12.822],[78.6015,12.8509],[78.6131,12.868],[78.6167,12.8886],[78.6336,12.9309],[78.612,12.9422],[78.6039,12.9223],[78.5912,12.9212],[78.5391,12.9305],[78.5188,12.9388],[78.4929,12.9354],[78.4749,12.9431],[78.4621,12.9381],[78.4434,12.9215]]]},"properties":{"AC_NO":"175","AC_NAME":"Kuppam","district":"CHITTOOR","PC_NO":25,"PC_NAME":"CHITTOOR (SC)"}}]}