{"type":"FeatureCollection", "features": [
{"type":"Feature","geometry":{"type":"Polygon","coordinates":[[[83.0771,18.4037],[83.0545,18.38],[83.0428,18.3795],[83.0219,18.3917],[82.9982,18.3859],[82.9832,18.3664],[82.967,18.3589],[82.9397,18.3608],[82.9222,18.3754],[82.9019,18.3741],[82.8925,18.3922],[82.8977,18.4029],[82.895,18.4241],[82.8705,18.4185],[82.8156,18.4509],[82.8031,18.4492],[82.7822,18.4308],[82.7869,18.4107],[82.7995,18.4067],[82.785,18.3831],[82.7906,18.3632],[82.7709,18.3375],[82.7429,18.33],[82.7339,18.3202],[82.7147,18.3224],[82.7017,18.3106],[82.6574,18.2961],[82.6475,18.2616],[82.6492,18.2455],[82.6384,18.2368],[82.6172,18.2558],[82.5983,18.2643],[82.592,18.2803],[82.5961,18.3103],[82.5941,18.3283],[82.6112,18.332],[82.614,18.3507],[82.6061,18.3757],[82.5894,18.3915],[82.5829,18.3875],[82.5614,18.3998],[82.5405,18.3998],[82.5413,18.4216],[82.5579,18.4404],[82.5548,18.4545],[82.5373,18.4464],[82.5333,18.4587],[82.5194,18.4656],[82.5329,18.4869],[82.5265,18.4963],[82.526,18.5163],[82.5055,18.5135],[82.4812,18.5402],[82.4735,18.5426],[82.4616,18.5262],[82.4386,18.5068],[82.4304,18.4855],[82.4035,18.4642],[82.3827,18.4338],[82.3642,18.4215],[82.3794,18.4042],[82.3844,18.3658],[82.3645,18.3528],[82.3631,18.3442],[82.3399,18.323],[82.3495,18.3164],[82.364,18.3185],[82.3754,18.3286],[82.3924,18.3265],[82.3923,18.2979],[82.3748,18.2811],[82.3447,18.2805],[82.3334,18.2529],[82.3365,18.2408],[82.3249,18.2104],[82.3108,18.2041],[82.3155,18.184],[82.3374,18.1722],[82.3534,18.1717],[82.3723,18.1482],[82.3678,18.1377],[82.3402,18.1506],[82.3417,18.1359],[82.3342,18.1269],[82.3382,18.0994],[82.3493,18.0884],[82.3439,18.058],[82.3194,18.0577],[82.3073,18.0458],[82.2914,18.0689],[82.2726,18.0572],[82.269,18.034],[82.2734,18.0187],[82.2688,18.0009],[82.2441,17.9984],[82.2222,18.0017],[82.2053,18.0184],[82.1866,18.0154],[82.1843,18.0285],[82.1688,18.052],[82.1532,18.0479],[82.1209,18.0642],[82.1033,18.0603],[82.0766,18.0752],[82.0664,18.0567],[82.0416,18.057],[82.037,18.0677],[82.0087,18.0577],[82.0078,18.0294],[81.9943,18.0273],[81.9615,17.9987],[81.938,17.9906],[81.9172,17.9899],[81.9052,17.9773],[81.8425,17.9569],[81.832,17.9581],[81.8099,17.951],[81.7947,17.9329],[81.7901,17.9208],[81.7504,17.8938],[81.7097,17.8718],[81.6976,17.9012],[81.6873,17.8863],[81.6745,17.8882],[81.6619,17.8812],[81.652,17.8561],[81.6398,17.8391],[81.6233,17.8339],[81.6158,17.822],[81.5942,17.834],[81.5732,17.837],[81.5637,17.8257],[81.5302,17.8229],[81.5184,17.8163],[81.4863,17.8143],[81.4764,17.8371],[81.4409,17.8253],[81.4305,17.8301],[81.4173,17.8143],[81.4017,17.8209],[81.3918,17.8154],[81.3801,17.8029],[81.3543,17.8122],[81.3261,17.814],[81.305,17.8087],[81.2674,17.8093],[81.2484,17.8167],[81.2396,17.8258],[81.2156,17.8345],[81.2003,17.8463],[81.1662,17.8575],[81.1456,17.844],[81.1227,17.824],[81.1024,17.816],[81.0856,17.798],[81.096,17.7745],[81.0956,17.7622],[81.0582,17.7331],[81.0406,17.7476],[81.0159,17.745],[80.9913,17.7499],[80.9842,17.7557],[80.9761,17.778],[80.9659,17.7798],[80.9463,17.7602],[80.9286,17.7615],[80.9171,17.748],[80.906,17.747],[80.8855,17.7357],[80.8947,17.7029],[80.8858,17.6812],[80.9124,17.6578],[80.9111,17.638],[80.9388,17.6326],[80.9801,17.6526],[80.9958,17.6528],[81.0095,17.6436],[81.0079,17.6038],[81.0129,17.5991],[81.0396,17.5977],[81.0567,17.6069],[81.0822,17.6102],[81.1086,17.6202],[81.1159,17.6183],[81.1281,17.595],[81.1273,17.587],[81.1515,17.5767],[81.1947,17.5701],[81.2108,17.571],[81.2234,17.5643],[81.2474,17.5693],[81.2694,17.5531],[81.2911,17.5165],[81.2926,17.501],[81.3136,17.4876],[81.3492,17.4999],[81.3834,17.4916],[81.3921,17.472],[81.4085,17.4645],[81.4486,17.4625],[81.4804,17.4696],[81.4947,17.4806],[81.5099,17.4756],[81.518,17.4554],[81.5285,17.4426],[81.5418,17.4369],[81.5624,17.4406],[81.575,17.4339],[81.5799,17.4153],[81.5908,17.406],[81.6075,17.4112],[81.6147,17.4064],[81.6047,17.3763],[81.6148,17.3522],[81.6121,17.3368],[81.6178,17.328],[81.6425,17.3242],[81.6775,17.3046],[81.6806,17.2932],[81.6631,17.2828],[81.6594,17.2739],[81.6867,17.2706],[81.6809,17.251],[81.6857,17.24],[81.7107,17.2241],[81.7189,17.2335],[81.757,17.2411],[81.766,17.2497],[81.7957,17.2436],[81.8056,17.246],[81.8074,17.2605],[81.8265,17.2589],[81.8228,17.2887],[81.8288,17.31],[81.8429,17.3098],[81.868,17.2886],[81.8826,17.2982],[81.8804,17.3139],[81.8916,17.3185],[81.9199,17.3028],[81.916,17.2798],[81.952,17.2852],[81.9742,17.3153],[82.0265,17.309],[82.0388,17.2986],[82.038,17.2887],[82.05,17.2838],[82.0662,17.2954],[82.0729,17.2864],[82.094,17.2902],[82.0867,17.302],[82.0604,17.3062],[82.0533,17.3153],[82.0623,17.3316],[82.0557,17.3479],[82.0621,17.3627],[82.0521,17.3752],[82.0575,17.3833],[82.0743,17.3849],[82.0995,17.3941],[82.1172,17.3925],[82.1209,17.38],[82.1111,17.3744],[82.1058,17.3585],[82.0951,17.3549],[82.0938,17.3417],[82.1082,17.3369],[82.1254,17.3454],[82.1412,17.3414],[82.1271,17.3119],[82.1302,17.3024],[82.1451,17.2996],[82.1791,17.3085],[82.1866,17.3203],[82.1583,17.3161],[82.171,17.3451],[82.1557,17.3569],[82.2197,17.3916],[82.2566,17.4342],[82.2849,17.4465],[82.2892,17.4778],[82.3337,17.5112],[82.3376,17.524],[82.3291,17.5578],[82.3416,17.5738],[82.341,17.5873],[82.373,17.5991],[82.365,17.5742],[82.4219,17.5981],[82.4601,17.607],[82.4629,17.6311],[82.4436,17.6395],[82.4341,17.6364],[82.4289,17.6533],[82.4064,17.6419],[82.3953,17.6533],[82.4105,17.6606],[82.4045,17.6714],[82.3803,17.6645],[82.3866,17.652],[82.3735,17.6407],[82.3576,17.6367],[82.3423,17.6506],[82.353,17.6589],[82.3466,17.6776],[82.3733,17.6866],[82.386,17.6787],[82.4233,17.6989],[82.4348,17.7248],[82.4508,17.7233],[82.4545,17.7367],[82.4672,17.737],[82.4975,17.7222],[82.4993,17.6939],[82.5246,17.7026],[82.5441,17.717],[82.5609,17.7469],[82.5641,17.7721],[82.6026,17.7726],[82.6049,17.7824],[82.6244,17.7811],[82.6414,17.7946],[82.6325,17.8324],[82.6796,17.8563],[82.6935,17.8497],[82.7028,17.8835],[82.6803,17.8967],[82.6836,17.9052],[82.7014,17.8996],[82.7096,17.9122],[82.7046,17.9207],[82.7248,17.9314],[82.7309,17.9458],[82.7615,17.9501],[82.8007,17.9211],[82.8359,17.9354],[82.8348,17.9485],[82.8483,17.9525],[82.8543,17.9662],[82.8431,17.9717],[82.8444,17.9869],[82.826,17.9928],[82.8408,18.0052],[82.8484,17.9995],[82.8688,18.0102],[82.9253,18.013],[82.938,18.0078],[82.9355,17.9944],[82.9442,17.988],[82.96,18.0087],[82.9771,18.0152],[82.9801,18.03],[82.9968,18.0527],[83.0055,18.0546],[83.0024,18.0729],[83.0283,18.094],[83.0308,18.0779],[83.0466,18.0722],[83.0686,18.0734],[83.0743,18.0857],[83.1271,18.0984],[83.1287,18.1089],[83.1113,18.139],[83.1174,18.1565],[83.1139,18.1885],[83.1292,18.1786],[83.1412,18.187],[83.1562,18.2091],[83.1806,18.2191],[83.1956,18.1995],[83.2415,18.2026],[83.2406,18.2225],[83.2463,18.2302],[83.265,18.2294],[83.258,18.2509],[83.2588,18.2767],[83.2295,18.2885],[83.2104,18.2863],[83.21,18.3069],[83.2208,18.3316],[83.2125,18.3352],[83.1901,18.3296],[83.1725,18.3139],[83.1482,18.328],[83.1511,18.3411],[83.1331,18.3498],[83.1128,18.3486],[83.1045,18.3576],[83.0796,18.3466],[83.074,18.3631],[83.0809,18.3796],[83.0955,18.394],[83.1037,18.4131],[83.0866,18.4122],[83.0771,18.4037]]]},"properties":{"district":"ALLURI SITHARAMA RAJU"}},
{"type":"Feature","geometry":{"type":"Polygon","coordinates":[[[82.3337,17.5112],[82.3448,17.4944],[82.3632,17.5103],[82.3786,17.5073],[82.3675,17.4897],[82.3729,17.4796],[82.3896,17.4783],[82.4103,17.4669],[82.4494,17.4796],[82.4548,17.4941],[82.4498,17.5111],[82.4634,17.5113],[82.4763,17.5275],[82.4803,17.5012],[82.4973,17.5072],[82.5227,17.5023],[82.5414,17.5088],[82.559,17.5222],[82.5597,17.4938],[82.5788,17.4817],[82.5853,17.4692],[82.602,17.4599],[82.5984,17.4432],[82.583,17.4248],[82.5608,17.4084],[82.5563,17.3904],[82.5437,17.3742],[82.565,17.342],[82.5562,17.3245],[82.5354,17.3273],[82.5349,17.3067],[82.5212,17.2953],[82.5254,17.272],[82.5388,17.2641],[82.5423,17.2491],[82.5963,17.2828],[82.6802,17.3309],[82.7264,17.3549],[82.8153,17.394],[82.8247,17.4],[82.8705,17.4175],[82.9245,17.4424],[82.9517,17.4572],[82.9952,17.4752],[83.0046,17.4955],[83.0394,17.5171],[83.089,17.5339],[83.1138,17.5506],[83.1212,17.5822],[83.1236,17.5947],[83.1234,17.596],[83.1238,17.5979],[83.1253,17.6006],[83.1259,17.6008],[83.1281,17.6032],[83.1284,17.6117],[83.1299,17.614],[83.1328,17.6177],[83.1405,17.6303],[83.1513,17.6496],[83.1454,17.6564],[83.1467,17.6577],[83.1498,17.6656],[83.1506,17.6726],[83.148,17.6728],[83.1405,17.6768],[83.1414,17.6806],[83.141,17.6808],[83.1378,17.6817],[83.1315,17.6859],[83.1189,17.6812],[83.117,17.6822],[83.1137,17.684],[83.1131,17.6855],[83.1125,17.6886],[83.1121,17.6949],[83.113,17.6966],[83.1169,17.6978],[83.1178,17.6976],[83.121,17.7079],[83.1219,17.7138],[83.1281,17.7127],[83.1342,17.7116],[83.1354,17.7151],[83.1364,17.7156],[83.1387,17.7159],[83.1399,17.7151],[83.1439,17.7161],[83.1539,17.7339],[83.1567,17.7368],[83.1592,17.745],[83.1607,17.7499],[83.1567,17.7686],[83.1574,17.7741],[83.1615,17.7766],[83.1634,17.7768],[83.1635,17.7781],[83.1631,17.781],[83.1629,17.7826],[83.1606,17.7871],[83.1614,17.7922],[83.1608,17.8035],[83.162,17.8218],[83.1612,17.834],[83.1613,17.8383],[83.1613,17.8397],[83.1611,17.8406],[83.1455,17.8454],[83.1444,17.8716],[83.1294,17.8736],[83.1245,17.8863],[83.1251,17.9078],[83.1076,17.9234],[83.1105,17.9395],[83.0668,17.9464],[83.0346,17.9729],[83.0227,17.9708],[83.0063,17.9773],[83.0113,18.0057],[83.0063,18.0236],[83.0142,18.0511],[83.024,18.0601],[83.0508,18.0637],[83.0466,18.0722],[83.0308,18.0779],[83.0283,18.094],[83.0024,18.0729],[83.0055,18.0546],[82.9968,18.0527],[82.9801,18.03],[82.9771,18.0152],[82.96,18.0087],[82.9442,17.988],[82.9355,17.9944],[82.938,18.0078],[82.9253,18.013],[82.8688,18.0102],[82.8484,17.9995],[82.8408,18.0052],[82.826,17.9928],[82.8444,17.9869],[82.8431,17.9717],[82.8543,17.9662],[82.8483,17.9525],[82.8348,17.9485],[82.8359,17.9354],[82.8007,17.9211],[82.7615,17.9501],[82.7309,17.9458],[82.7248,17.9314],[82.7046,17.9207],[82.7096,17.9122],[82.7014,17.8996],[82.6836,17.9052],[82.6803,17.8967],[82.7028,17.8835],[82.6935,17.8497],[82.6796,17.8563],[82.6325,17.8324],[82.6414,17.7946],[82.6244,17.7811],[82.6049,17.7824],[82.6026,17.7726],[82.5641,17.7721],[82.5609,17.7469],[82.5441,17.717],[82.5246,17.7026],[82.4993,17.6939],[82.4975,17.7222],[82.4672,17.737],[82.4545,17.7367],[82.4508,17.7233],[82.4348,17.7248],[82.4233,17.6989],[82.386,17.6787],[82.3733,17.6866],[82.3466,17.6776],[82.353,17.6589],[82.3423,17.6506],[82.3576,17.6367],[82.3735,17.6407],[82.3866,17.652],[82.3803,17.6645],[82.4045,17.6714],[82.4105,17.6606],[82.3953,17.6533],[82.4064,17.6419],[82.4289,17.6533],[82.4341,17.6364],[82.4436,17.6395],[82.4629,17.6311],[82.4601,17.607],[82.4219,17.5981],[82.365,17.5742],[82.373,17.5991],[82.341,17.5873],[82.3416,17.5738],[82.3291,17.5578],[82.3376,17.524],[82.3337,17.5112]]]},"properties":{"district":"ANAKAPALLI"}},
{"type":"Feature","geometry":{"type":"Polygon","coordinates":[[[77.6746,15.2309],[77.6516,15.2329],[77.6383,15.2226],[77.6353,15.2074],[77.6158,15.2035],[77.6115,15.1838],[77.5823,15.1883],[77.5669,15.2031],[77.5417,15.2093],[77.5271,15.2243],[77.4984,15.2203],[77.4781,15.2093],[77.4512,15.2222],[77.4505,15.2055],[77.4342,15.2105],[77.4331,15.2208],[77.409,15.2257],[77.3904,15.2176],[77.3631,15.2233],[77.3547,15.2014],[77.3516,15.1779],[77.3176,15.1772],[77.3101,15.1547],[77.2999,15.1545],[77.2919,15.1313],[77.2712,15.1311],[77.2649,15.142],[77.2203,15.1484],[77.2,15.1601],[77.188,15.1574],[77.1803,15.1433],[77.1604,15.147],[77.1573,15.1405],[77.1563,15.1229],[77.1421,15.1046],[77.1301,15.1008],[77.1282,15.0723],[77.1153,15.0464],[77.1129,15.0341],[77.0937,15.0361],[77.0847,15.0307],[77.0825,15.0061],[77.069,15.0048],[77.0441,15.0098],[77.0496,15.0331],[77.0041,15.0338],[76.986,15.0265],[76.9852,15.0152],[76.9659,15.018],[76.9496,15.0304],[76.9329,15.0295],[76.9184,15.0355],[76.8778,15.0355],[76.8614,15.062],[76.836,15.0792],[76.8238,15.08],[76.802,15.095],[76.786,15.0878],[76.7752,15.0723],[76.7736,15.0591],[76.7857,15.0372],[76.7901,15.0207],[76.7724,14.9908],[76.7606,14.9899],[76.7671,14.9749],[76.7963,14.9692],[76.8183,14.9694],[76.8285,14.9565],[76.8419,14.9664],[76.8675,14.9698],[76.8696,14.9377],[76.8638,14.8956],[76.8525,14.887],[76.8538,14.8427],[76.843,14.8377],[76.8515,14.8086],[76.8374,14.8106],[76.8367,14.7908],[76.7827,14.7859],[76.7895,14.7601],[76.8029,14.7419],[76.7865,14.7084],[76.7862,14.6958],[76.7763,14.6831],[76.7725,14.6391],[76.765,14.6021],[76.7802,14.5931],[76.7915,14.5544],[76.8052,14.5375],[76.8556,14.5096],[76.868,14.474],[76.8843,14.4771],[76.9007,14.4892],[76.9209,14.4905],[76.9748,14.4853],[76.9754,14.4779],[76.9599,14.4506],[76.946,14.4526],[76.9478,14.4132],[76.9372,14.4059],[76.9158,14.4207],[76.8986,14.398],[76.8848,14.3957],[76.8846,14.3475],[76.9034,14.3227],[76.9272,14.3145],[76.9456,14.3132],[76.9567,14.2943],[76.9249,14.2738],[76.9345,14.2619],[76.9401,14.2446],[76.9519,14.2419],[76.9856,14.2473],[77.0057,14.2358],[77.0361,14.2449],[77.0569,14.2407],[77.0611,14.2304],[77.0812,14.2142],[77.0966,14.2163],[77.1149,14.2231],[77.116,14.2332],[77.1183,14.2448],[77.1102,14.2681],[77.1156,14.2925],[77.1331,14.3138],[77.1386,14.3396],[77.1669,14.3421],[77.1974,14.3212],[77.233,14.3189],[77.2526,14.3215],[77.2647,14.3325],[77.2866,14.3395],[77.2893,14.2813],[77.3079,14.2826],[77.3571,14.2766],[77.3573,14.2766],[77.3557,14.2956],[77.3331,14.3088],[77.3198,14.3116],[77.3172,14.3351],[77.3249,14.3353],[77.3318,14.3533],[77.3173,14.3774],[77.3189,14.4104],[77.3238,14.434],[77.3327,14.4522],[77.3631,14.4618],[77.3588,14.4835],[77.3771,14.4979],[77.3577,14.5294],[77.356,14.5388],[77.3807,14.545],[77.3902,14.5538],[77.4075,14.5495],[77.4692,14.5675],[77.4768,14.5436],[77.4719,14.515],[77.4915,14.4738],[77.5177,14.4888],[77.5466,14.4597],[77.5709,14.4622],[77.5807,14.459],[77.6094,14.46],[77.6161,14.4779],[77.6357,14.4895],[77.6606,14.4835],[77.6766,14.4978],[77.6636,14.5154],[77.6497,14.5182],[77.6544,14.5359],[77.6667,14.541],[77.6934,14.5372],[77.7029,14.5442],[77.7116,14.5729],[77.7206,14.5796],[77.736,14.5764],[77.7393,14.5922],[77.7734,14.5951],[77.7951,14.6127],[77.8044,14.6156],[77.8175,14.6007],[77.825,14.6052],[77.8458,14.5983],[77.8551,14.6053],[77.8523,14.6402],[77.8699,14.654],[77.8846,14.6477],[77.9224,14.6418],[77.9581,14.6332],[77.9905,14.6123],[77.982,14.5957],[77.9875,14.5849],[77.9806,14.5672],[77.9877,14.5406],[78.0219,14.5335],[78.04,14.5338],[78.0443,14.547],[78.0395,14.5667],[78.0646,14.5728],[78.0742,14.5884],[78.0881,14.6307],[78.1216,14.624],[78.1194,14.6344],[78.1295,14.6494],[78.1347,14.6956],[78.0965,14.7014],[78.0938,14.7139],[78.0634,14.7187],[78.0776,14.7453],[78.0764,14.7527],[78.0461,14.7724],[78.0656,14.7976],[78.0762,14.8275],[78.1013,14.8174],[78.1093,14.854],[78.0891,14.8579],[78.0943,14.8846],[78.1131,14.9319],[78.1312,14.9345],[78.1369,14.9481],[78.1339,14.9616],[78.0874,14.9725],[78.0886,14.9826],[78.0656,14.9954],[78.0547,14.9924],[78.034,14.9998],[78.0106,15.0284],[78.0094,15.0465],[77.9951,15.0643],[77.9988,15.0828],[78.0137,15.1025],[78.0142,15.1122],[77.997,15.1247],[77.9933,15.1335],[77.9745,15.1392],[77.9613,15.109],[77.932,15.113],[77.9071,15.131],[77.9138,15.1447],[77.924,15.1479],[77.9171,15.1732],[77.8845,15.1785],[77.8814,15.1505],[77.8755,15.1355],[77.8528,15.1351],[77.8389,15.1452],[77.8158,15.1432],[77.8113,15.1289],[77.7964,15.1193],[77.7918,15.1065],[77.7741,15.1246],[77.75,15.1292],[77.7467,15.1413],[77.7296,15.1534],[77.7304,15.1704],[77.7165,15.1727],[77.7094,15.1846],[77.6931,15.1844],[77.6987,15.2008],[77.6818,15.2146],[77.6746,15.2309]]]},"properties":{"district":"ANANTHAPURAMU"}},
{"type":"Feature","geometry":{"type":"Polygon","coordinates":[[[78.193,13.5648],[78.2029,13.5688],[78.2162,13.5906],[78.2326,13.586],[78.2437,13.5968],[78.261,13.585],[78.2705,13.5881],[78.3152,13.5915],[78.3259,13.5948],[78.3486,13.5869],[78.3843,13.5919],[78.402,13.588],[78.4067,13.5769],[78.3931,13.5526],[78.3936,13.5406],[78.3753,13.509],[78.3788,13.482],[78.3746,13.4619],[78.3817,13.397],[78.3691,13.3732],[78.3776,13.3631],[78.4084,13.3457],[78.4073,13.3375],[78.3871,13.3318],[78.4011,13.3155],[78.4189,13.3206],[78.4279,13.3313],[78.4404,13.3284],[78.4442,13.3081],[78.4834,13.3212],[78.4949,13.3268],[78.5008,13.349],[78.4973,13.3592],[78.5059,13.3708],[78.5229,13.3804],[78.5199,13.3965],[78.5254,13.4051],[78.5183,13.4174],[78.5045,13.4264],[78.5026,13.4376],[78.4834,13.446],[78.4764,13.4551],[78.4987,13.4832],[78.5221,13.4844],[78.5298,13.4901],[78.5449,13.4845],[78.5615,13.5118],[78.5713,13.519],[78.6276,13.5171],[78.6629,13.4993],[78.6639,13.4782],[78.6695,13.4609],[78.6927,13.5024],[78.7104,13.5041],[78.7351,13.5215],[78.7414,13.556],[78.7389,13.5686],[78.7504,13.5865],[78.8011,13.582],[78.8038,13.5878],[78.7949,13.6118],[78.8191,13.6126],[78.8238,13.6243],[78.8625,13.6582],[78.8786,13.6604],[78.885,13.6349],[78.8729,13.6101],[78.8791,13.5924],[78.8974,13.5945],[78.9111,13.58],[78.9273,13.5815],[78.9341,13.5912],[78.9537,13.5836],[78.9692,13.5953],[78.974,13.612],[78.9643,13.6244],[78.9969,13.6316],[78.9872,13.6556],[78.9941,13.6704],[78.9804,13.6881],[78.9776,13.717],[78.9985,13.7243],[79.0125,13.7384],[79.0387,13.7494],[79.0362,13.7712],[79.0231,13.7727],[79.0188,13.7845],[79.0213,13.8027],[79.0424,13.8053],[79.042,13.8142],[79.0161,13.8254],[79.0116,13.8445],[79.0233,13.8582],[79.0454,13.8618],[79.0372,13.8742],[79.0208,13.8791],[79.0236,13.8919],[79.0821,13.8796],[79.0907,13.881],[79.0996,13.8507],[79.1266,13.8504],[79.1483,13.8654],[79.1622,13.8495],[79.2112,13.8158],[79.1951,13.8034],[79.1907,13.7935],[79.2156,13.775],[79.2275,13.756],[79.2416,13.761],[79.293,13.7597],[79.3058,13.7241],[79.3744,13.7563],[79.4172,13.7647],[79.4168,13.7828],[79.4552,13.7857],[79.4533,13.8292],[79.4399,13.8512],[79.4339,13.877],[79.4431,13.8903],[79.4419,13.9054],[79.4552,13.9238],[79.4565,13.9524],[79.4499,13.9716],[79.455,13.9879],[79.4428,13.9982],[79.4368,14.0241],[79.4435,14.0405],[79.4426,14.0611],[79.452,14.0771],[79.4542,14.1012],[79.4456,14.1148],[79.4281,14.1851],[79.4224,14.2068],[79.4248,14.2217],[79.4353,14.2434],[79.4197,14.2654],[79.4224,14.2787],[79.3895,14.341],[79.367,14.3507],[79.3674,14.3695],[79.3487,14.4054],[79.3356,14.4176],[79.327,14.4368],[79.3247,14.4561],[79.3175,14.4728],[79.3043,14.4844],[79.293,14.485],[79.2818,14.4719],[79.2751,14.4476],[79.2426,14.441],[79.2325,14.4147],[79.184,14.3841],[79.1652,14.3568],[79.1551,14.3573],[79.1411,14.3711],[79.1224,14.3702],[79.1217,14.3573],[79.1313,14.3377],[79.1552,14.3267],[79.1562,14.3156],[79.146,14.2945],[79.1178,14.306],[79.1004,14.3058],[79.0837,14.2979],[79.0754,14.2824],[79.0401,14.2815],[79.0252,14.29],[78.9908,14.2703],[78.9696,14.2827],[78.942,14.2715],[78.9284,14.2764],[78.9113,14.2969],[78.9022,14.3217],[78.8807,14.3233],[78.8716,14.2978],[78.8384,14.2983],[78.8141,14.291],[78.8019,14.3009],[78.7696,14.3164],[78.7371,14.295],[78.7163,14.2937],[78.6711,14.2984],[78.6836,14.2694],[78.674,14.2491],[78.6533,14.2492],[78.6593,14.2654],[78.6192,14.2828],[78.602,14.2826],[78.5944,14.2734],[78.5991,14.2512],[78.6183,14.2346],[78.6267,14.2104],[78.5894,14.1883],[78.5876,14.1767],[78.5659,14.1717],[78.5648,14.1607],[78.5284,14.1544],[78.5248,14.1695],[78.4988,14.1718],[78.4772,14.1608],[78.4435,14.1381],[78.4613,14.1068],[78.4544,14.0846],[78.4425,14.0808],[78.4488,14.0525],[78.4399,14.0434],[78.4429,14.0155],[78.4693,14.0074],[78.4605,13.9874],[78.4271,13.9792],[78.4204,13.9636],[78.4057,13.9574],[78.3866,13.9389],[78.3724,13.9448],[78.3705,13.9567],[78.3469,13.9352],[78.3373,13.9371],[78.3313,13.918],[78.3182,13.9208],[78.2981,13.9052],[78.2955,13.8925],[78.2812,13.8976],[78.2637,13.8656],[78.265,13.8576],[78.2422,13.8505],[78.2566,13.8344],[78.2549,13.8068],[78.2615,13.7914],[78.237,13.7788],[78.2058,13.782],[78.1876,13.7882],[78.1379,13.7823],[78.1265,13.7885],[78.1138,13.7634],[78.0999,13.7585],[78.0915,13.7423],[78.1058,13.735],[78.1208,13.7156],[78.1132,13.6927],[78.0859,13.6922],[78.0736,13.6877],[78.0664,13.6764],[78.0897,13.6591],[78.0871,13.6431],[78.0989,13.6428],[78.1143,13.6574],[78.1339,13.6595],[78.1691,13.6539],[78.1682,13.6329],[78.2042,13.6284],[78.2037,13.6081],[78.1903,13.5901],[78.193,13.5648]]]},"properties":{"district":"ANNAMAYYA"}},
{"type":"Feature","geometry":{"type":"Polygon","coordinates":[[[80.8027,16.2425],[80.7893,16.2427],[80.7583,16.2539],[80.7484,16.2315],[80.7348,16.2417],[80.7191,16.2443],[80.7143,16.2304],[80.6921,16.2281],[80.6861,16.1987],[80.6701,16.1869],[80.6499,16.195],[80.6454,16.2097],[80.6073,16.2245],[80.6036,16.2353],[80.5915,16.2367],[80.5809,16.2242],[80.5718,16.2031],[80.5573,16.2041],[80.5576,16.1873],[80.5441,16.1652],[80.5534,16.1635],[80.5434,16.141],[80.5539,16.1327],[80.5696,16.1438],[80.569,16.1218],[80.5967,16.1006],[80.5905,16.06],[80.5811,16.0244],[80.5632,16.0311],[80.5611,16.0126],[80.5388,16.0089],[80.5343,15.9972],[80.5042,16.002],[80.4841,16.0108],[80.4587,16.0104],[80.4528,15.9818],[80.4268,15.9817],[80.4262,15.9998],[80.4093,16.0011],[80.3454,16.0289],[80.3369,16.0211],[80.3138,16.0291],[80.3184,16.0449],[80.3019,16.0557],[80.29,16.0499],[80.2625,16.0536],[80.2401,16.0525],[80.2298,16.0379],[80.2299,16.0322],[80.1955,16.0386],[80.1824,16.0346],[80.1373,16.0458],[80.1332,16.0199],[80.1206,16.0208],[80.1005,16.0116],[80.0862,16.021],[80.0826,16.0632],[80.0734,16.0688],[80.0741,16.0923],[80.0472,16.0857],[80.0406,16.0926],[80.0514,16.1199],[80.0343,16.1236],[80.0206,16.1148],[80.0006,16.1402],[79.987,16.1416],[79.9528,16.1646],[79.9534,16.1526],[79.9447,16.1396],[79.9278,16.1322],[79.9016,16.1497],[79.8786,16.1551],[79.8682,16.1413],[79.8751,16.1291],[79.8685,16.0964],[79.8822,16.0922],[79.8955,16.0772],[79.9158,16.075],[79.9206,16.0628],[79.9174,16.0473],[79.8817,16.0393],[79.8698,16.0307],[79.8636,15.9957],[79.8801,15.9994],[79.9026,15.9836],[79.8992,15.9708],[79.9123,15.9672],[79.9032,15.9427],[79.8854,15.9421],[79.878,15.925],[79.9079,15.8838],[79.9299,15.8757],[79.9377,15.8572],[79.9499,15.8514],[79.946,15.8319],[79.9237,15.8276],[79.9167,15.8167],[79.9177,15.7937],[79.908,15.7633],[79.9213,15.7498],[79.8911,15.7095],[79.9246,15.6909],[79.9549,15.7083],[79.9787,15.7006],[79.9909,15.7009],[80.0081,15.6927],[80.024,15.6913],[80.0345,15.7079],[80.0518,15.6957],[80.0849,15.6868],[80.0979,15.676],[80.1227,15.6682],[80.1281,15.682],[80.1121,15.6893],[80.1116,15.7002],[80.151,15.6982],[80.1656,15.7249],[80.1844,15.7351],[80.1869,15.7572],[80.2051,15.7629],[80.2216,15.7796],[80.2247,15.8066],[80.2483,15.7975],[80.2738,15.779],[80.2571,15.7553],[80.2286,15.7746],[80.2175,15.7618],[80.1884,15.7096],[80.1951,15.7021],[80.1805,15.6876],[80.1709,15.6496],[80.1771,15.6393],[80.1763,15.6216],[80.2413,15.6117],[80.2566,15.6433],[80.2822,15.6853],[80.3262,15.7333],[80.3619,15.7634],[80.4102,15.7931],[80.4479,15.8133],[80.4968,15.8358],[80.5745,15.8624],[80.6047,15.8703],[80.6493,15.8784],[80.6862,15.8815],[80.7267,15.879],[80.7485,15.874],[80.7674,15.8647],[80.7817,15.8631],[80.8114,15.8341],[80.8135,15.8153],[80.7914,15.8207],[80.8178,15.7435],[80.8104,15.7308],[80.8163,15.7129],[80.8308,15.7068],[80.831,15.7069],[80.8342,15.7131],[80.8322,15.7421],[80.8383,15.7632],[80.8726,15.8463],[80.8863,15.8565],[80.8971,15.8887],[80.9032,15.9174],[80.8967,15.9646],[80.8901,15.9844],[80.8882,16.0198],[80.8768,16.0531],[80.8677,16.1057],[80.8552,16.1136],[80.8636,16.1274],[80.8492,16.1613],[80.8282,16.1994],[80.8411,16.2158],[80.8203,16.2182],[80.8173,16.2411],[80.8027,16.2425]]]},"properties":{"district":"BAPATLA"}},
{"type":"Feature","geometry":{"type":"MultiPolygon","coordinates":[[[[79.7608,13.3184],[79.7479,13.345],[79.732,13.3496],[79.732,13.3762],[79.7239,13.3948],[79.709,13.4135],[79.7158,13.4218],[79.7126,13.4397],[79.6943,13.4442],[79.6882,13.4352],[79.6916,13.4027],[79.6752,13.4041],[79.665,13.391],[79.6659,13.3668],[79.6377,13.3532],[79.5932,13.3615],[79.5785,13.3667],[79.5522,13.354],[79.5373,13.3386],[79.544,13.3171],[79.5349,13.3014],[79.54,13.2724],[79.5584,13.2727],[79.574,13.259],[79.5938,13.2662],[79.5956,13.2847],[79.6062,13.2882],[79.6288,13.2697],[79.634,13.2824],[79.6518,13.2918],[79.6715,13.2802],[79.6832,13.2882],[79.6937,13.2735],[79.6783,13.2617],[79.6843,13.2444],[79.7082,13.25],[79.7027,13.2224],[79.7184,13.2165],[79.7308,13.2235],[79.7326,13.2369],[79.7598,13.2074],[79.7643,13.2191],[79.777,13.2188],[79.7947,13.2421],[79.7816,13.2516],[79.7612,13.2575],[79.748,13.271],[79.735,13.2759],[79.7392,13.2913],[79.7524,13.2917],[79.7603,13.3016],[79.7608,13.3184]]],[[[79.0362,13.7712],[79.0387,13.7494],[79.0125,13.7384],[78.9985,13.7243],[78.9776,13.717],[78.9804,13.6881],[78.9941,13.6704],[78.9872,13.6556],[78.9969,13.6316],[78.9643,13.6244],[78.974,13.612],[78.9692,13.5953],[78.9537,13.5836],[78.9341,13.5912],[78.9273,13.5815],[78.9111,13.58],[78.8974,13.5945],[78.8791,13.5924],[78.8729,13.6101],[78.885,13.6349],[78.8786,13.6604],[78.8625,13.6582],[78.8238,13.6243],[78.8191,13.6126],[78.7949,13.6118],[78.8038,13.5878],[78.8011,13.582],[78.7504,13.5865],[78.7389,13.5686],[78.7414,13.556],[78.7351,13.5215],[78.7104,13.5041],[78.6927,13.5024],[78.6695,13.4609],[78.6639,13.4782],[78.6629,13.4993],[78.6276,13.5171],[78.5713,13.519],[78.5615,13.5118],[78.5449,13.4845],[78.5298,13.4901],[78.5221,13.4844],[78.4987,13.4832],[78.4764,13.4551],[78.4834,13.446],[78.5026,13.4376],[78.5045,13.4264],[78.5183,13.4174],[78.5254,13.4051],[78.5199,13.3965],[78.5229,13.3804],[78.5059,13.3708],[78.4973,13.3592],[78.5008,13.349],[78.4949,13.3268],[78.4834,13.3212],[78.4793,13.3013],[78.514,13.2906],[78.5267,13.2684],[78.5364,13.2724],[78.5393,13.2879],[78.5536,13.2833],[78.565,13.2955],[78.5776,13.2953],[78.5874,13.2806],[78.5849,13.2616],[78.5703,13.2476],[78.5664,13.2209],[78.5678,13.2015],[78.5761,13.1867],[78.5773,13.1718],[78.5682,13.1618],[78.5501,13.1642],[78.5313,13.1414],[78.5166,13.1304],[78.5185,13.1198],[78.5328,13.1095],[78.5103,13.0926],[78.5086,13.079],[78.5143,13.0619],[78.4984,13.0613],[78.4742,13.0437],[78.4622,13.0432],[78.4636,13.0053],[78.4748,12.9914],[78.4675,12.975],[78.4353,12.981],[78.4364,12.9644],[78.4121,12.9435],[78.4181,12.923],[78.4282,12.9321],[78.438,12.929],[78.4683,12.9008],[78.4681,12.8793],[78.4472,12.8922],[78.4388,12.9137],[78.4287,12.9021],[78.4122,12.9032],[78.3783,12.9138],[78.3603,12.9369],[78.3497,12.9357],[78.3466,12.914],[78.3295,12.9021],[78.3136,12.8765],[78.3124,12.8585],[78.2821,12.8593],[78.2717,12.867],[78.2522,12.8606],[78.2523,12.8289],[78.2456,12.7883],[78.239,12.7684],[78.231,12.7607],[78.241,12.7299],[78.2312,12.7126],[78.2074,12.7084],[78.2106,12.6861],[78.2377,12.6858],[78.2401,12.7027],[78.2522,12.7061],[78.2765,12.7015],[78.2965,12.671],[78.3184,12.6619],[78.3322,12.6493],[78.3436,12.6487],[78.3556,12.6365],[78.3794,12.625],[78.4125,12.6269],[78.4718,12.6322],[78.4679,12.6759],[78.4845,12.6717],[78.5039,12.6819],[78.5044,12.7249],[78.4891,12.742],[78.5053,12.743],[78.5116,12.7268],[78.5286,12.7156],[78.5313,12.697],[78.5409,12.6907],[78.5547,12.6991],[78.5543,12.718],[78.5637,12.7376],[78.5575,12.7572],[78.5925,12.7827],[78.5931,12.7982],[78.6012,12.8037],[78.6078,12.8219],[78.6029,12.8447],[78.6131,12.8679],[78.6149,12.8827],[78.6335,12.9313],[78.653,12.9293],[78.6381,12.9648],[78.64,12.971],[78.6209,12.9912],[78.6309,12.9951],[78.6555,13.0152],[78.6562,13.0312],[78.7053,13.0152],[78.7145,13.0687],[78.7403,13.064],[78.7513,13.055],[78.7877,13.0642],[78.8131,13.0891],[78.842,13.0786],[78.8611,13.0837],[78.8814,13.0982],[78.8957,13.0952],[78.8913,13.0688],[78.8919,13.0329],[78.9291,13.0365],[78.9292,13.0458],[78.9061,13.0451],[78.9105,13.0634],[78.9217,13.0661],[78.9239,13.0808],[78.9554,13.0758],[78.9825,13.0864],[79.0039,13.0846],[79.0095,13.0772],[79.0346,13.07],[79.0387,13.0611],[79.0634,13.0531],[79.0639,13.0395],[79.0809,13.0257],[79.0983,13.0261],[79.1085,13.0388],[79.1383,13.0342],[79.1631,13.0203],[79.1848,13.0299],[79.1919,13.0484],[79.183,13.057],[79.1856,13.0752],[79.1999,13.0881],[79.2344,13.1052],[79.2384,13.1186],[79.2283,13.14],[79.2269,13.1589],[79.2356,13.1712],[79.245,13.1488],[79.2539,13.1458],[79.2774,13.1562],[79.284,13.1228],[79.3099,13.112],[79.3242,13.1185],[79.329,13.1305],[79.3441,13.132],[79.3581,13.1217],[79.3611,13.1386],[79.3561,13.1646],[79.38,13.1629],[79.3755,13.1777],[79.392,13.1924],[79.4316,13.1893],[79.4412,13.2083],[79.4538,13.2169],[79.4532,13.2384],[79.4185,13.243],[79.419,13.272],[79.4337,13.275],[79.4358,13.2913],[79.42,13.2895],[79.4138,13.3002],[79.3937,13.2998],[79.3876,13.3179],[79.3984,13.3302],[79.4317,13.3367],[79.4362,13.3502],[79.4563,13.3386],[79.4987,13.3446],[79.511,13.3418],[79.5088,13.3593],[79.5198,13.3726],[79.5322,13.3751],[79.5415,13.3879],[79.5302,13.4036],[79.5106,13.3958],[79.4992,13.385],[79.4794,13.3857],[79.4855,13.4025],[79.4837,13.4199],[79.499,13.4216],[79.5,13.4424],[79.5232,13.4442],[79.5234,13.4599],[79.4986,13.4635],[79.4902,13.4555],[79.4784,13.4608],[79.5023,13.4738],[79.5092,13.4978],[79.491,13.4953],[79.4905,13.5106],[79.4589,13.5073],[79.4437,13.4973],[79.4201,13.4915],[79.3924,13.4919],[79.3679,13.4716],[79.3529,13.4668],[79.3315,13.4665],[79.3272,13.4723],[79.3413,13.4876],[79.3096,13.4877],[79.2596,13.4701],[79.255,13.4557],[79.2408,13.4482],[79.2459,13.4177],[79.2293,13.4178],[79.2076,13.4239],[79.1908,13.4024],[79.1584,13.4006],[79.1535,13.414],[79.1431,13.421],[79.1265,13.4175],[79.1066,13.4261],[79.0917,13.4258],[79.0888,13.4431],[79.0698,13.4506],[79.0504,13.4437],[79.0475,13.4604],[79.0266,13.4762],[79.0079,13.4813],[78.997,13.4931],[78.9805,13.4915],[78.9833,13.5104],[79.0169,13.5382],[79.0437,13.54],[79.0392,13.5541],[79.0612,13.5516],[79.0802,13.5353],[79.0806,13.5147],[79.112,13.5153],[79.1192,13.5217],[79.1441,13.5221],[79.1798,13.5465],[79.1701,13.572],[79.177,13.5928],[79.1483,13.6053],[79.0851,13.6123],[79.0529,13.6126],[79.05,13.6209],[79.0539,13.6475],[79.0766,13.6693],[79.0747,13.6859],[79.0845,13.7022],[79.0919,13.7282],[79.0838,13.7434],[79.0829,13.7626],[79.0887,13.782],[79.0625,13.7818],[79.0362,13.7712]]]]},"properties":{"district":"CHITTOOR"}},
{"type":"Feature","geometry":{"type":"Polygon","coordinates":[[[81.8015,16.6946],[81.8111,16.6791],[81.8397,16.6505],[81.8571,16.611],[81.8584,16.5988],[81.8517,16.5475],[81.8449,16.5298],[81.8484,16.5018],[81.8428,16.4936],[81.8198,16.4904],[81.7997,16.4776],[81.7821,16.4506],[81.7617,16.4283],[81.7463,16.4202],[81.7333,16.4259],[81.7284,16.4406],[81.7112,16.4441],[81.6999,16.4231],[81.6988,16.4072],[81.7067,16.3924],[81.717,16.3588],[81.7125,16.3181],[81.7109,16.3167],[81.7195,16.3066],[81.7611,16.3262],[81.8228,16.3587],[81.8588,16.3754],[81.8914,16.3864],[81.9487,16.3962],[81.9577,16.3924],[81.9704,16.4076],[81.9983,16.4202],[82.0863,16.4683],[82.1407,16.4937],[82.2312,16.5408],[82.2446,16.55],[82.2645,16.5533],[82.2757,16.5706],[82.2887,16.572],[82.2995,16.592],[82.2882,16.6087],[82.2868,16.6215],[82.3099,16.6397],[82.3211,16.6709],[82.3378,16.6898],[82.3412,16.7053],[82.3334,16.7168],[82.3213,16.7772],[82.3003,16.7772],[82.3055,16.7482],[82.3136,16.7302],[82.3051,16.7123],[82.2902,16.7024],[82.2675,16.6946],[82.2392,16.7162],[82.2008,16.7186],[82.1872,16.7083],[82.1707,16.7092],[82.1463,16.7043],[82.1462,16.7141],[82.1253,16.7235],[82.139,16.7364],[82.1348,16.7551],[82.1217,16.7596],[82.1079,16.8065],[82.1006,16.811],[82.1121,16.8333],[82.1077,16.8428],[82.0925,16.842],[82.0833,16.8541],[82.104,16.8634],[82.0874,16.8817],[82.0746,16.8849],[82.0726,16.8772],[82.0435,16.8848],[82.0455,16.8948],[82.0192,16.9046],[82.002,16.9182],[81.9829,16.8646],[81.9736,16.8495],[81.9646,16.823],[81.9519,16.8425],[81.9513,16.8758],[81.9568,16.8929],[81.9512,16.9069],[81.9379,16.9122],[81.9386,16.966],[81.9145,16.9704],[81.9035,16.9489],[81.8638,16.9422],[81.8697,16.9187],[81.8626,16.9052],[81.8821,16.9011],[81.8815,16.8831],[81.8662,16.8707],[81.8696,16.85],[81.8505,16.8476],[81.8481,16.8697],[81.8286,16.8733],[81.8089,16.8629],[81.8039,16.8832],[81.7928,16.8922],[81.7893,16.9257],[81.7775,16.9462],[81.7828,16.9656],[81.7421,16.9608],[81.7292,16.9443],[81.7274,16.9201],[81.7332,16.88],[81.7476,16.8648],[81.7533,16.8248],[81.7446,16.7978],[81.765,16.7614],[81.7843,16.7525],[81.7945,16.7319],[81.7849,16.7102],[81.8015,16.6946]]]},"properties":{"district":"DR.B.R.AMBEDKAR KONASEEMA"}},
{"type":"Feature","geometry":{"type":"Polygon","coordinates":[[[81.6594,17.2739],[81.6554,17.2495],[81.6416,17.2301],[81.6407,17.2073],[81.6582,17.1701],[81.6467,17.1682],[81.6111,17.1819],[81.5974,17.1785],[81.5869,17.202],[81.5475,17.2154],[81.5326,17.2055],[81.4761,17.1847],[81.4683,17.1704],[81.4765,17.1525],[81.4666,17.1145],[81.4501,17.1125],[81.4483,17.0979],[81.4577,17.0921],[81.4492,17.075],[81.4301,17.0692],[81.4403,17.0462],[81.4514,17.0422],[81.4563,17.0245],[81.4535,17.0067],[81.4424,17.0111],[81.4341,17.0405],[81.4196,17.0499],[81.4113,17.0437],[81.3699,17.0308],[81.3665,17.0203],[81.374,17.0042],[81.3672,16.9868],[81.3571,16.9845],[81.3369,16.9907],[81.3126,16.9729],[81.3098,16.9616],[81.2976,16.9525],[81.2918,16.938],[81.303,16.9325],[81.3264,16.9302],[81.3251,16.9186],[81.3359,16.8986],[81.3625,16.8976],[81.3721,16.9092],[81.3893,16.9068],[81.3874,16.876],[81.4211,16.8689],[81.4382,16.876],[81.4604,16.8991],[81.4718,16.8976],[81.4867,16.9127],[81.4878,16.9379],[81.4928,16.9573],[81.5278,16.9426],[81.5394,16.9481],[81.5501,16.9342],[81.5536,16.9182],[81.5656,16.9137],[81.574,16.9012],[81.592,16.9046],[81.6144,16.8984],[81.6242,16.891],[81.6296,16.8691],[81.6374,16.857],[81.6563,16.8513],[81.6523,16.8378],[81.6389,16.8264],[81.6322,16.8022],[81.625,16.7954],[81.6452,16.7785],[81.6684,16.7745],[81.6821,16.7674],[81.7213,16.7644],[81.7242,16.7594],[81.7204,16.7288],[81.7368,16.7242],[81.7526,16.7279],[81.7495,16.7048],[81.7684,16.681],[81.789,16.6848],[81.8015,16.6946],[81.7849,16.7102],[81.7945,16.7319],[81.7843,16.7525],[81.765,16.7614],[81.7446,16.7978],[81.7533,16.8248],[81.7476,16.8648],[81.7332,16.88],[81.7274,16.9201],[81.7292,16.9443],[81.7421,16.9608],[81.7828,16.9656],[81.7775,16.9462],[81.7893,16.9257],[81.7928,16.8922],[81.8039,16.8832],[81.8089,16.8629],[81.8286,16.8733],[81.8481,16.8697],[81.8505,16.8476],[81.8696,16.85],[81.8662,16.8707],[81.8815,16.8831],[81.8821,16.9011],[81.8626,16.9052],[81.8697,16.9187],[81.8638,16.9422],[81.9035,16.9489],[81.9145,16.9704],[81.9386,16.966],[81.9379,16.9122],[81.9512,16.9069],[81.9568,16.8929],[81.9513,16.8758],[81.9519,16.8425],[81.9646,16.823],[81.9736,16.8495],[81.9829,16.8646],[82.002,16.9182],[82.0192,16.9046],[82.0455,16.8948],[82.0435,16.8848],[82.0726,16.8772],[82.0746,16.8849],[82.0743,16.8978],[82.0567,16.896],[82.0606,16.9213],[82.0663,16.9285],[82.0633,16.9444],[82.0736,16.957],[82.0672,16.9759],[82.0608,17.0123],[82.0781,17.0317],[82.0745,17.0422],[82.0422,17.0411],[82.0311,17.0638],[82.0453,17.0715],[82.046,17.0917],[82.0209,17.1042],[82.001,17.1191],[81.9818,17.1205],[81.9531,17.1161],[81.9396,17.1047],[81.9202,17.111],[81.9111,17.1342],[81.9139,17.1578],[81.9025,17.1736],[81.9076,17.191],[81.9215,17.1991],[81.9371,17.2008],[81.9451,17.2261],[81.9529,17.2362],[81.9511,17.2501],[81.9669,17.2623],[82.0042,17.2614],[82.0211,17.285],[82.038,17.2887],[82.0388,17.2986],[82.0265,17.309],[81.9742,17.3153],[81.952,17.2852],[81.916,17.2798],[81.9199,17.3028],[81.8916,17.3185],[81.8804,17.3139],[81.8826,17.2982],[81.868,17.2886],[81.8429,17.3098],[81.8288,17.31],[81.8228,17.2887],[81.8265,17.2589],[81.8074,17.2605],[81.8056,17.246],[81.7957,17.2436],[81.766,17.2497],[81.757,17.2411],[81.7189,17.2335],[81.7107,17.2241],[81.6857,17.24],[81.6809,17.251],[81.6867,17.2706],[81.6594,17.2739]]]},"properties":{"district":"EAST GODAVARI"}},
{"type":"Feature","geometry":{"type":"Polygon","coordinates":[[[81.6594,17.2739],[81.6631,17.2828],[81.6806,17.2932],[81.6775,17.3046],[81.6425,17.3242],[81.6178,17.328],[81.6121,17.3368],[81.6148,17.3522],[81.6047,17.3763],[81.6147,17.4064],[81.6075,17.4112],[81.5908,17.406],[81.5799,17.4153],[81.575,17.4339],[81.5624,17.4406],[81.5418,17.4369],[81.5285,17.4426],[81.518,17.4554],[81.5099,17.4756],[81.4947,17.4806],[81.4804,17.4696],[81.4486,17.4625],[81.4085,17.4645],[81.3921,17.472],[81.3834,17.4916],[81.3492,17.4999],[81.3136,17.4876],[81.2926,17.501],[81.2911,17.5165],[81.2694,17.5531],[81.2474,17.5693],[81.2234,17.5643],[81.2108,17.571],[81.1947,17.5701],[81.1515,17.5767],[81.1273,17.587],[81.1281,17.595],[81.1159,17.6183],[81.1086,17.6202],[81.0822,17.6102],[81.0567,17.6069],[81.0396,17.5977],[81.0129,17.5991],[81.0079,17.6038],[81.0095,17.6436],[80.9958,17.6528],[80.9801,17.6526],[80.9388,17.6326],[80.9111,17.638],[80.9,17.6401],[80.885,17.6334],[80.8657,17.6354],[80.8498,17.6228],[80.8554,17.6019],[80.8833,17.5963],[80.8931,17.6007],[80.9434,17.602],[80.9694,17.5981],[80.9984,17.5647],[81.0137,17.5366],[81.0148,17.5221],[81.0801,17.515],[81.0993,17.5044],[81.1245,17.5271],[81.1385,17.5162],[81.1449,17.4951],[81.1596,17.4843],[81.1483,17.4637],[81.1755,17.4636],[81.1723,17.449],[81.183,17.4402],[81.2027,17.434],[81.2118,17.4417],[81.2455,17.433],[81.2685,17.4183],[81.3134,17.4081],[81.3226,17.3745],[81.3054,17.3465],[81.274,17.3175],[81.2456,17.3261],[81.2335,17.3206],[81.2111,17.3261],[81.1904,17.3251],[81.1766,17.2879],[81.1778,17.2709],[81.1876,17.2551],[81.1711,17.2312],[81.1094,17.2237],[81.0796,17.2155],[81.0556,17.2198],[81.0377,17.1936],[81.0134,17.1947],[80.9984,17.1907],[80.9607,17.2042],[80.939,17.2202],[80.9188,17.22],[80.9189,17.1905],[80.9262,17.1843],[80.924,17.1585],[80.9047,17.1546],[80.8794,17.1608],[80.8783,17.1351],[80.8683,17.1205],[80.8763,17.1049],[80.8683,17.0837],[80.8715,17.0698],[80.8569,17.0478],[80.8453,17.04],[80.8288,17.0528],[80.7971,17.0618],[80.7793,17.0262],[80.7984,17.0045],[80.8258,16.9937],[80.8286,16.9735],[80.8245,16.9308],[80.856,16.9141],[80.8472,16.889],[80.8259,16.879],[80.7994,16.8814],[80.7963,16.8596],[80.7711,16.8486],[80.7774,16.836],[80.7743,16.812],[80.7666,16.7877],[80.7234,16.7196],[80.6895,16.6724],[80.6879,16.6347],[80.6971,16.6274],[80.7279,16.6237],[80.7552,16.6302],[80.7789,16.622],[80.7931,16.6428],[80.8034,16.6371],[80.8175,16.6512],[80.8089,16.6606],[80.8226,16.6727],[80.8252,16.6528],[80.8364,16.6434],[80.8335,16.6185],[80.8481,16.6101],[80.8582,16.6227],[80.8736,16.6161],[80.8848,16.6323],[80.8817,16.6617],[80.8595,16.6695],[80.8582,16.6906],[80.8762,16.6892],[80.8734,16.7109],[80.9029,16.7117],[80.9163,16.6969],[80.9299,16.6914],[80.9331,16.6744],[80.9543,16.6717],[80.9694,16.6467],[80.9737,16.6318],[80.9889,16.6074],[81.0063,16.5864],[81.0114,16.5604],[81.0251,16.561],[81.0485,16.57],[81.0788,16.5751],[81.0949,16.5876],[81.1116,16.5918],[81.1013,16.5217],[81.1184,16.513],[81.102,16.4914],[81.0898,16.4953],[81.0832,16.4827],[81.0938,16.4677],[81.0801,16.4383],[81.0629,16.4403],[81.0462,16.4347],[81.0449,16.421],[81.064,16.4124],[81.0622,16.3984],[81.0802,16.3945],[81.0908,16.3808],[81.1172,16.3812],[81.1427,16.3773],[81.1597,16.4048],[81.174,16.403],[81.1731,16.3875],[81.205,16.3818],[81.2089,16.4092],[81.217,16.4202],[81.2297,16.417],[81.2543,16.4029],[81.2791,16.4297],[81.3052,16.4387],[81.2932,16.4537],[81.3219,16.4593],[81.325,16.4299],[81.344,16.406],[81.3796,16.4078],[81.4028,16.4277],[81.3737,16.4613],[81.369,16.4754],[81.3719,16.4949],[81.3642,16.5061],[81.3384,16.5052],[81.3395,16.5275],[81.3473,16.5535],[81.3466,16.5922],[81.3572,16.5999],[81.3276,16.6196],[81.3337,16.6706],[81.3289,16.6892],[81.3533,16.6926],[81.3532,16.6789],[81.3401,16.6743],[81.3432,16.6579],[81.3579,16.6641],[81.397,16.6672],[81.4326,16.6616],[81.4583,16.6767],[81.4428,16.6884],[81.4575,16.6998],[81.4582,16.7104],[81.4432,16.7345],[81.4408,16.7569],[81.4658,16.7544],[81.4775,16.7607],[81.4724,16.7796],[81.4974,16.8131],[81.4867,16.8187],[81.4757,16.8576],[81.4572,16.8703],[81.4604,16.8991],[81.4382,16.876],[81.4211,16.8689],[81.3874,16.876],[81.3893,16.9068],[81.3721,16.9092],[81.3625,16.8976],[81.3359,16.8986],[81.3251,16.9186],[81.3264,16.9302],[81.303,16.9325],[81.2918,16.938],[81.2976,16.9525],[81.3098,16.9616],[81.3126,16.9729],[81.3369,16.9907],[81.3571,16.9845],[81.3672,16.9868],[81.374,17.0042],[81.3665,17.0203],[81.3699,17.0308],[81.4113,17.0437],[81.4196,17.0499],[81.4341,17.0405],[81.4424,17.0111],[81.4535,17.0067],[81.4563,17.0245],[81.4514,17.0422],[81.4403,17.0462],[81.4301,17.0692],[81.4492,17.075],[81.4577,17.0921],[81.4483,17.0979],[81.4501,17.1125],[81.4666,17.1145],[81.4765,17.1525],[81.4683,17.1704],[81.4761,17.1847],[81.5326,17.2055],[81.5475,17.2154],[81.5869,17.202],[81.5974,17.1785],[81.6111,17.1819],[81.6467,17.1682],[81.6582,17.1701],[81.6407,17.2073],[81.6416,17.2301],[81.6554,17.2495],[81.6594,17.2739]]]},"properties":{"district":"ELURU"}},
{"type":"Feature","geometry":{"type":"Polygon","coordinates":[[[80.6518,16.4807],[80.6149,16.5028],[80.5908,16.5127],[80.5552,16.5331],[80.5545,16.5418],[80.5288,16.5629],[80.5021,16.5776],[80.4674,16.5894],[80.4285,16.5891],[80.425,16.5512],[80.4185,16.5503],[80.4067,16.5257],[80.4075,16.508],[80.4197,16.5052],[80.4196,16.4846],[80.4129,16.4804],[80.3811,16.4786],[80.378,16.4652],[80.3674,16.4601],[80.318,16.4631],[80.3091,16.4542],[80.308,16.4366],[80.3012,16.4278],[80.2792,16.4303],[80.2726,16.4143],[80.2412,16.4156],[80.2247,16.3937],[80.2311,16.3826],[80.2262,16.3541],[80.2169,16.3386],[80.2,16.3449],[80.1956,16.3551],[80.1821,16.3574],[80.1759,16.3225],[80.1616,16.3255],[80.1582,16.3022],[80.1359,16.3048],[80.1231,16.3006],[80.1267,16.2733],[80.1536,16.2594],[80.1626,16.2698],[80.1729,16.2631],[80.1914,16.278],[80.2014,16.2629],[80.2204,16.2581],[80.2303,16.2465],[80.2438,16.2739],[80.2708,16.27],[80.2739,16.2554],[80.2916,16.2662],[80.3145,16.3014],[80.3308,16.3155],[80.3518,16.2978],[80.3388,16.2705],[80.3302,16.2661],[80.2891,16.2154],[80.2799,16.2179],[80.2751,16.1999],[80.2958,16.1885],[80.293,16.1677],[80.2773,16.1612],[80.278,16.1429],[80.2683,16.1221],[80.2894,16.1031],[80.2847,16.0927],[80.262,16.0973],[80.2375,16.0865],[80.2287,16.0754],[80.2298,16.0379],[80.2401,16.0525],[80.2625,16.0536],[80.29,16.0499],[80.3019,16.0557],[80.3184,16.0449],[80.3138,16.0291],[80.3369,16.0211],[80.3454,16.0289],[80.4093,16.0011],[80.4262,15.9998],[80.4268,15.9817],[80.4528,15.9818],[80.4587,16.0104],[80.4841,16.0108],[80.5042,16.002],[80.5343,15.9972],[80.5388,16.0089],[80.5611,16.0126],[80.5632,16.0311],[80.5811,16.0244],[80.5905,16.06],[80.5967,16.1006],[80.569,16.1218],[80.5696,16.1438],[80.5539,16.1327],[80.5434,16.141],[80.5534,16.1635],[80.5441,16.1652],[80.5576,16.1873],[80.5573,16.2041],[80.5718,16.2031],[80.5809,16.2242],[80.5915,16.2367],[80.6036,16.2353],[80.6073,16.2245],[80.6454,16.2097],[80.6499,16.195],[80.6701,16.1869],[80.6861,16.1987],[80.6921,16.2281],[80.7143,16.2304],[80.7191,16.2443],[80.7348,16.2417],[80.7484,16.2315],[80.7583,16.2539],[80.7893,16.2427],[80.8027,16.2425],[80.8043,16.2549],[80.7993,16.2824],[80.7853,16.2895],[80.7467,16.3324],[80.7256,16.3808],[80.7066,16.4006],[80.6742,16.4248],[80.6747,16.4427],[80.6639,16.455],[80.6705,16.4656],[80.6518,16.4807]]]},"properties":{"district":"GUNTUR"}},
{"type":"Feature","geometry":{"type":"Polygon","coordinates":[[[82.5423,17.2491],[82.5388,17.2641],[82.5254,17.272],[82.5212,17.2953],[82.5349,17.3067],[82.5354,17.3273],[82.5562,17.3245],[82.565,17.342],[82.5437,17.3742],[82.5563,17.3904],[82.5608,17.4084],[82.583,17.4248],[82.5984,17.4432],[82.602,17.4599],[82.5853,17.4692],[82.5788,17.4817],[82.5597,17.4938],[82.559,17.5222],[82.5414,17.5088],[82.5227,17.5023],[82.4973,17.5072],[82.4803,17.5012],[82.4763,17.5275],[82.4634,17.5113],[82.4498,17.5111],[82.4548,17.4941],[82.4494,17.4796],[82.4103,17.4669],[82.3896,17.4783],[82.3729,17.4796],[82.3675,17.4897],[82.3786,17.5073],[82.3632,17.5103],[82.3448,17.4944],[82.3337,17.5112],[82.2892,17.4778],[82.2849,17.4465],[82.2566,17.4342],[82.2197,17.3916],[82.1557,17.3569],[82.171,17.3451],[82.1583,17.3161],[82.1866,17.3203],[82.1791,17.3085],[82.1451,17.2996],[82.1302,17.3024],[82.1271,17.3119],[82.1412,17.3414],[82.1254,17.3454],[82.1082,17.3369],[82.0938,17.3417],[82.0951,17.3549],[82.1058,17.3585],[82.1111,17.3744],[82.1209,17.38],[82.1172,17.3925],[82.0995,17.3941],[82.0743,17.3849],[82.0575,17.3833],[82.0521,17.3752],[82.0621,17.3627],[82.0557,17.3479],[82.0623,17.3316],[82.0533,17.3153],[82.0604,17.3062],[82.0867,17.302],[82.094,17.2902],[82.0729,17.2864],[82.0662,17.2954],[82.05,17.2838],[82.038,17.2887],[82.0211,17.285],[82.0042,17.2614],[81.9669,17.2623],[81.9511,17.2501],[81.9529,17.2362],[81.9451,17.2261],[81.9371,17.2008],[81.9215,17.1991],[81.9076,17.191],[81.9025,17.1736],[81.9139,17.1578],[81.9111,17.1342],[81.9202,17.111],[81.9396,17.1047],[81.9531,17.1161],[81.9818,17.1205],[82.001,17.1191],[82.0209,17.1042],[82.046,17.0917],[82.0453,17.0715],[82.0311,17.0638],[82.0422,17.0411],[82.0745,17.0422],[82.0781,17.0317],[82.0608,17.0123],[82.0672,16.9759],[82.0736,16.957],[82.0633,16.9444],[82.0663,16.9285],[82.0606,16.9213],[82.0567,16.896],[82.0743,16.8978],[82.0746,16.8849],[82.0874,16.8817],[82.104,16.8634],[82.0833,16.8541],[82.0925,16.842],[82.1077,16.8428],[82.1121,16.8333],[82.1006,16.811],[82.1079,16.8065],[82.1217,16.7596],[82.1348,16.7551],[82.139,16.7364],[82.1253,16.7235],[82.1462,16.7141],[82.1463,16.7043],[82.1707,16.7092],[82.1872,16.7083],[82.2008,16.7186],[82.2142,16.7526],[82.2227,16.7479],[82.2175,16.7327],[82.2435,16.7222],[82.2704,16.7219],[82.2897,16.7266],[82.3055,16.7482],[82.3003,16.7772],[82.3213,16.7772],[82.3334,16.7168],[82.3393,16.7161],[82.3443,16.751],[82.3574,16.8066],[82.3653,16.877],[82.3664,16.9114],[82.3597,16.9583],[82.3495,16.9769],[82.3402,16.967],[82.3562,16.9543],[82.3629,16.9209],[82.3615,16.858],[82.3538,16.851],[82.3361,16.8566],[82.3189,16.8512],[82.3022,16.8623],[82.2655,16.8703],[82.2617,16.883],[82.2497,16.8901],[82.2414,16.908],[82.2723,16.9478],[82.2686,16.9565],[82.2797,16.9847],[82.2883,17.016],[82.3191,17.0574],[82.4219,17.156],[82.4717,17.1986],[82.5423,17.2491]]]},"properties":{"district":"KAKINADA"}},
{"type":"Feature","geometry":{"type":"MultiPolygon","coordinates":[[[[81.0002,16.6661],[80.9898,16.6816],[80.9743,16.6759],[80.9717,16.6667],[80.9997,16.6342],[81.0088,16.6341],[81.0186,16.6504],[81.0002,16.6661]]],[[[80.6971,16.6274],[80.6947,16.6055],[80.7014,16.5922],[80.6986,16.5723],[80.6865,16.5426],[80.7281,16.5222],[80.7562,16.5192],[80.7465,16.497],[80.7297,16.4953],[80.7037,16.51],[80.6827,16.5158],[80.6776,16.5272],[80.6815,16.5437],[80.6632,16.5471],[80.666,16.528],[80.6621,16.5181],[80.6797,16.5012],[80.6518,16.4807],[80.6705,16.4656],[80.6639,16.455],[80.6747,16.4427],[80.6742,16.4248],[80.7066,16.4006],[80.7256,16.3808],[80.7467,16.3324],[80.7853,16.2895],[80.7993,16.2824],[80.8043,16.2549],[80.8027,16.2425],[80.8173,16.2411],[80.8203,16.2182],[80.8411,16.2158],[80.8282,16.1994],[80.8492,16.1613],[80.8636,16.1274],[80.8552,16.1136],[80.8677,16.1057],[80.8768,16.0531],[80.8882,16.0198],[80.8901,15.9844],[80.8967,15.9646],[80.9032,15.9174],[80.8971,15.8887],[80.8863,15.8565],[80.8726,15.8463],[80.8383,15.7632],[80.8322,15.7421],[80.8342,15.7131],[80.831,15.7069],[80.8308,15.7068],[80.8461,15.7055],[80.9257,15.7187],[80.9372,15.7144],[80.9984,15.7467],[80.9984,15.7604],[81.0145,15.7713],[81.0082,15.7974],[81.017,15.8073],[81.0073,15.8171],[81.0038,15.8336],[81.0149,15.8506],[81.04,15.8737],[81.0611,15.9004],[81.1112,15.9466],[81.1484,15.9746],[81.1432,15.9951],[81.1496,16.0244],[81.1873,16.093],[81.1956,16.1151],[81.2024,16.1469],[81.208,16.1883],[81.2138,16.2072],[81.2384,16.247],[81.2683,16.2782],[81.3144,16.3089],[81.357,16.3285],[81.3919,16.3401],[81.428,16.3471],[81.4874,16.354],[81.5375,16.3515],[81.5525,16.3471],[81.5467,16.3783],[81.5227,16.381],[81.5127,16.3703],[81.4922,16.3709],[81.4703,16.3982],[81.45,16.4045],[81.4396,16.398],[81.4266,16.4116],[81.4028,16.4277],[81.3796,16.4078],[81.344,16.406],[81.325,16.4299],[81.3219,16.4593],[81.2932,16.4537],[81.3052,16.4387],[81.2791,16.4297],[81.2543,16.4029],[81.2297,16.417],[81.217,16.4202],[81.2089,16.4092],[81.205,16.3818],[81.1731,16.3875],[81.174,16.403],[81.1597,16.4048],[81.1427,16.3773],[81.1172,16.3812],[81.0908,16.3808],[81.0802,16.3945],[81.0622,16.3984],[81.064,16.4124],[81.0449,16.421],[81.0462,16.4347],[81.0629,16.4403],[81.0801,16.4383],[81.0938,16.4677],[81.0832,16.4827],[81.0898,16.4953],[81.102,16.4914],[81.1184,16.513],[81.1013,16.5217],[81.1116,16.5918],[81.0949,16.5876],[81.0788,16.5751],[81.0485,16.57],[81.0251,16.561],[81.0114,16.5604],[81.0063,16.5864],[80.9889,16.6074],[80.9737,16.6318],[80.9694,16.6467],[80.9543,16.6717],[80.9331,16.6744],[80.9299,16.6914],[80.9163,16.6969],[80.9029,16.7117],[80.8734,16.7109],[80.8762,16.6892],[80.8582,16.6906],[80.8595,16.6695],[80.8817,16.6617],[80.8848,16.6323],[80.8736,16.6161],[80.8582,16.6227],[80.8481,16.6101],[80.8335,16.6185],[80.8364,16.6434],[80.8252,16.6528],[80.8226,16.6727],[80.8089,16.6606],[80.8175,16.6512],[80.8034,16.6371],[80.7931,16.6428],[80.7789,16.622],[80.7552,16.6302],[80.7279,16.6237],[80.6971,16.6274]]],[[[80.976,16.7603],[80.9529,16.7548],[80.9291,16.7126],[80.9534,16.699],[80.9682,16.7249],[80.9896,16.7221],[81,16.7497],[80.976,16.7603]]]]},"properties":{"district":"KRISHNA"}},
{"type":"Feature","geometry":{"type":"Polygon","coordinates":[[[77.5134,15.9268],[77.4987,15.9332],[77.466,15.9345],[77.4351,15.9478],[77.4163,15.9424],[77.3977,15.9445],[77.3795,15.9398],[77.3492,15.9513],[77.3261,15.95],[77.3011,15.958],[77.2831,15.9542],[77.2489,15.9646],[77.2355,15.9571],[77.1853,15.9567],[77.1593,15.9509],[77.1373,15.9382],[77.1026,15.9287],[77.0702,15.9077],[77.0568,15.8833],[77.0354,15.8611],[77.0252,15.8375],[77.0359,15.8296],[77.0631,15.8296],[77.0637,15.8032],[77.0543,15.7562],[77.0459,15.7404],[77.0491,15.7303],[77.0798,15.7274],[77.0874,15.7155],[77.0787,15.6951],[77.1092,15.6815],[77.1289,15.6659],[77.1214,15.6311],[77.0832,15.6591],[77.0717,15.6467],[77.0304,15.6345],[77.0326,15.6039],[77.0263,15.5775],[77.0313,15.5441],[77.0288,15.5005],[76.9745,15.5105],[76.9771,15.4898],[76.9973,15.478],[77.0108,15.4487],[77.0348,15.4303],[77.0314,15.401],[77.0472,15.39],[77.0413,15.371],[77.0447,15.3557],[77.0659,15.3408],[77.0744,15.3259],[77.1014,15.3337],[77.117,15.3257],[77.1183,15.2954],[77.1516,15.2924],[77.1518,15.2753],[77.1677,15.2585],[77.1438,15.2572],[77.1251,15.2269],[77.1442,15.224],[77.1548,15.2148],[77.1662,15.1883],[77.1691,15.1713],[77.1628,15.1574],[77.1408,15.1586],[77.1379,15.1435],[77.1573,15.1405],[77.1604,15.147],[77.1803,15.1433],[77.188,15.1574],[77.2,15.1601],[77.2203,15.1484],[77.2649,15.142],[77.2712,15.1311],[77.2919,15.1313],[77.2999,15.1545],[77.3101,15.1547],[77.3176,15.1772],[77.3516,15.1779],[77.3547,15.2014],[77.3631,15.2233],[77.3904,15.2176],[77.409,15.2257],[77.4331,15.2208],[77.4342,15.2105],[77.4505,15.2055],[77.4512,15.2222],[77.4781,15.2093],[77.4984,15.2203],[77.5271,15.2243],[77.5417,15.2093],[77.5669,15.2031],[77.5823,15.1883],[77.6115,15.1838],[77.6158,15.2035],[77.6353,15.2074],[77.6383,15.2226],[77.6516,15.2329],[77.6746,15.2309],[77.6821,15.2485],[77.68,15.2755],[77.6884,15.2993],[77.6889,15.3181],[77.6764,15.3179],[77.6525,15.3373],[77.6676,15.3583],[77.68,15.393],[77.7159,15.3781],[77.7293,15.3861],[77.7461,15.4075],[77.751,15.4206],[77.7682,15.4075],[77.7799,15.4072],[77.7918,15.4219],[77.794,15.4395],[77.8052,15.4536],[77.8084,15.4772],[77.82,15.4884],[77.8453,15.4883],[77.8442,15.4711],[77.8538,15.4665],[77.8745,15.4875],[77.8835,15.4758],[77.9112,15.4557],[77.9071,15.4456],[77.9273,15.4355],[77.9406,15.4162],[77.9508,15.4254],[77.9499,15.454],[77.9646,15.4544],[77.9697,15.4343],[77.9892,15.4269],[77.9969,15.4327],[77.9983,15.4566],[78.027,15.4548],[78.0344,15.4727],[78.0512,15.4769],[78.0481,15.4982],[78.0558,15.5039],[78.0511,15.5417],[78.075,15.5306],[78.0762,15.5566],[78.0866,15.571],[78.1192,15.5799],[78.1361,15.5799],[78.1488,15.5687],[78.1377,15.5441],[78.1407,15.5311],[78.1897,15.544],[78.1817,15.5561],[78.1846,15.5779],[78.1921,15.5944],[78.2196,15.591],[78.2133,15.6027],[78.2165,15.6179],[78.2299,15.6297],[78.2681,15.6407],[78.2657,15.6666],[78.2735,15.7023],[78.2453,15.7034],[78.2335,15.6958],[78.2106,15.6958],[78.209,15.7099],[78.1895,15.7217],[78.1904,15.7422],[78.1722,15.7486],[78.1757,15.7625],[78.2019,15.7808],[78.1927,15.7957],[78.1615,15.8011],[78.1711,15.8413],[78.1679,15.8553],[78.1407,15.8543],[78.1341,15.8366],[78.0836,15.8412],[78.0714,15.8507],[78.0716,15.8621],[78.0469,15.8752],[78.045,15.9045],[78.0256,15.9027],[78.0089,15.8651],[77.997,15.8666],[77.9754,15.8837],[77.9388,15.8834],[77.8904,15.9061],[77.8783,15.9055],[77.8606,15.885],[77.8375,15.8851],[77.8036,15.8745],[77.7824,15.8765],[77.7696,15.8858],[77.7477,15.8856],[77.7314,15.894],[77.7128,15.8948],[77.6946,15.884],[77.6575,15.8862],[77.6376,15.8958],[77.6129,15.9178],[77.5985,15.9127],[77.5818,15.9186],[77.5491,15.9194],[77.5134,15.9268]]]},"properties":{"district":"KURNOOL"}},
{"type":"Feature","geometry":{"type":"Polygon","coordinates":[[[78.9227,16.1269],[78.918,16.1003],[78.8896,16.085],[78.8766,16.1358],[78.8694,16.1459],[78.8547,16.1491],[78.8347,16.1455],[78.8335,16.135],[78.8415,16.1021],[78.8371,16.0707],[78.8162,16.0459],[78.8004,16.0372],[78.7855,16.0215],[78.751,16.0161],[78.7355,16.0085],[78.7236,16.0204],[78.6812,16.0351],[78.6682,16.0548],[78.6505,16.0723],[78.6503,16.0791],[78.6273,16.088],[78.61,16.0874],[78.5924,16.0694],[78.5703,16.0527],[78.5518,16.0431],[78.4791,16.0677],[78.4412,16.0747],[78.408,16.0751],[78.3851,16.0653],[78.3655,16.0471],[78.3478,16.0478],[78.3266,16.0371],[78.322,16.0174],[78.3069,16.011],[78.2814,16.0231],[78.2625,16.027],[78.2566,16.0089],[78.26,15.9991],[78.2513,15.9754],[78.2537,15.9429],[78.251,15.9348],[78.2267,15.9225],[78.1871,15.912],[78.1795,15.9023],[78.1897,15.8931],[78.1766,15.8763],[78.1754,15.8584],[78.1679,15.8553],[78.1711,15.8413],[78.1615,15.8011],[78.1927,15.7957],[78.2019,15.7808],[78.1757,15.7625],[78.1722,15.7486],[78.1904,15.7422],[78.1895,15.7217],[78.209,15.7099],[78.2106,15.6958],[78.2335,15.6958],[78.2453,15.7034],[78.2735,15.7023],[78.2657,15.6666],[78.2681,15.6407],[78.2299,15.6297],[78.2165,15.6179],[78.2133,15.6027],[78.2196,15.591],[78.1921,15.5944],[78.1846,15.5779],[78.1817,15.5561],[78.1897,15.544],[78.1407,15.5311],[78.1377,15.5441],[78.1488,15.5687],[78.1361,15.5799],[78.1192,15.5799],[78.0866,15.571],[78.0762,15.5566],[78.075,15.5306],[78.0511,15.5417],[78.0558,15.5039],[78.0481,15.4982],[78.0512,15.4769],[78.0344,15.4727],[78.027,15.4548],[77.9983,15.4566],[77.9969,15.4327],[77.9892,15.4269],[77.9697,15.4343],[77.9646,15.4544],[77.9499,15.454],[77.9508,15.4254],[77.9406,15.4162],[77.9273,15.4355],[77.9071,15.4456],[77.9112,15.4557],[77.8835,15.4758],[77.8745,15.4875],[77.8538,15.4665],[77.8442,15.4711],[77.8453,15.4883],[77.82,15.4884],[77.8084,15.4772],[77.8052,15.4536],[77.794,15.4395],[77.7918,15.4219],[77.7799,15.4072],[77.7682,15.4075],[77.751,15.4206],[77.7461,15.4075],[77.7293,15.3861],[77.7159,15.3781],[77.68,15.393],[77.6676,15.3583],[77.6525,15.3373],[77.6764,15.3179],[77.6889,15.3181],[77.6884,15.2993],[77.68,15.2755],[77.6821,15.2485],[77.6746,15.2309],[77.6818,15.2146],[77.6987,15.2008],[77.6931,15.1844],[77.7094,15.1846],[77.7165,15.1727],[77.7304,15.1704],[77.7296,15.1534],[77.7467,15.1413],[77.75,15.1292],[77.7741,15.1246],[77.7918,15.1065],[77.7964,15.1193],[77.8113,15.1289],[77.8158,15.1432],[77.8389,15.1452],[77.8528,15.1351],[77.8755,15.1355],[77.8814,15.1505],[77.8845,15.1785],[77.9171,15.1732],[77.924,15.1479],[77.9138,15.1447],[77.9071,15.131],[77.932,15.113],[77.9613,15.109],[77.9745,15.1392],[77.9933,15.1335],[77.997,15.1247],[78.0142,15.1122],[78.0137,15.1025],[77.9988,15.0828],[77.9951,15.0643],[78.0094,15.0465],[78.0106,15.0284],[78.034,14.9998],[78.0547,14.9924],[78.0656,14.9954],[78.0886,14.9826],[78.0874,14.9725],[78.1339,14.9616],[78.1369,14.9481],[78.1516,14.9491],[78.1533,14.96],[78.1794,14.9646],[78.2113,14.9524],[78.2204,14.9555],[78.2245,14.9778],[78.2358,15.0036],[78.2439,14.9995],[78.2602,15.0269],[78.2837,15.0313],[78.275,15.0583],[78.2876,15.0727],[78.3546,15.0621],[78.3637,15.0523],[78.378,15.0567],[78.3998,15.0489],[78.3659,15.0292],[78.3532,15.0313],[78.3428,15.0031],[78.3593,14.9859],[78.3872,14.9697],[78.4097,14.973],[78.4136,15.011],[78.4193,15.0318],[78.4443,15.0344],[78.4572,15.0311],[78.4848,15.0412],[78.4786,15.0539],[78.4816,15.0714],[78.5056,15.0701],[78.5156,15.0608],[78.5122,15.0416],[78.5166,14.9969],[78.5049,14.9549],[78.4982,14.9558],[78.483,14.9226],[78.4773,14.9026],[78.4852,14.9008],[78.4935,14.9166],[78.5197,14.9434],[78.5282,14.9605],[78.5515,14.9614],[78.5469,14.9331],[78.5635,14.9319],[78.5838,14.9461],[78.5918,14.9393],[78.6021,14.9541],[78.6252,14.9471],[78.63,14.9259],[78.6603,14.9301],[78.6845,14.9388],[78.6917,14.9683],[78.718,14.9689],[78.7154,15.0013],[78.7487,15.0343],[78.7623,15.0591],[78.7603,15.0799],[78.7514,15.1014],[78.7533,15.1586],[78.7583,15.185],[78.7422,15.182],[78.7371,15.1991],[78.7387,15.255],[78.7382,15.3204],[78.7425,15.3539],[78.7709,15.4187],[78.7694,15.4654],[78.7767,15.5343],[78.7694,15.6298],[78.7715,15.6648],[78.7902,15.7584],[78.8098,15.8676],[78.8364,15.906],[78.8621,15.9303],[78.9108,15.968],[78.9311,16.0929],[78.9227,16.1269]]]},"properties":{"district":"NANDYAL"}},
{"type":"Feature","geometry":{"type":"Polygon","coordinates":[[[80.7971,17.0618],[80.765,17.0666],[80.7368,17.0777],[80.6994,17.0838],[80.6949,17.0744],[80.6664,17.0678],[80.6499,17.0716],[80.6571,17.0896],[80.6706,17.1012],[80.6419,17.116],[80.6369,17.1284],[80.6066,17.1353],[80.58,17.1533],[80.5639,17.134],[80.5495,17.1316],[80.5276,17.1192],[80.5141,17.1223],[80.5054,17.0687],[80.4909,17.0512],[80.4714,17.0506],[80.4648,17.0303],[80.4386,17.0379],[80.432,17.0552],[80.4171,17.0737],[80.4094,17.0918],[80.3872,17.0716],[80.3958,17.0357],[80.4075,17.0258],[80.407,17.0158],[80.3879,17.0093],[80.3714,16.9758],[80.4077,16.964],[80.4497,16.955],[80.4934,16.9277],[80.4985,16.9557],[80.5261,16.9479],[80.5347,16.9617],[80.58,16.9371],[80.6021,16.9187],[80.5946,16.8996],[80.5956,16.8845],[80.5767,16.8786],[80.5682,16.8696],[80.5702,16.8495],[80.5628,16.8331],[80.5774,16.8236],[80.594,16.8032],[80.6053,16.798],[80.5702,16.768],[80.5516,16.775],[80.5266,16.7746],[80.5044,16.7787],[80.4868,16.7909],[80.4645,16.7954],[80.4661,16.8166],[80.4347,16.8373],[80.4273,16.8499],[80.3803,16.8639],[80.3835,16.85],[80.4078,16.849],[80.3997,16.8338],[80.3789,16.8191],[80.3737,16.8307],[80.3741,16.8524],[80.3409,16.86],[80.344,16.8744],[80.3217,16.8796],[80.325,16.9003],[80.3156,16.9158],[80.3132,16.941],[80.305,16.954],[80.3066,16.9741],[80.2903,16.9814],[80.2945,16.9953],[80.2836,17.0075],[80.2649,16.9975],[80.2404,17.0024],[80.2288,17.0147],[80.2153,17.0091],[80.202,17.0173],[80.2041,17.0383],[80.1965,17.044],[80.1873,17.02],[80.1702,17.0168],[80.1678,17.0056],[80.1533,17.0069],[80.1402,16.9906],[80.1088,16.9873],[80.0952,16.9907],[80.0915,16.9684],[80.0554,16.9714],[80.0482,16.9477],[80.0519,16.9419],[80.0396,16.9174],[80.0174,16.9153],[80.0124,16.893],[80.0043,16.8803],[80.0038,16.8622],[80.017,16.8545],[80.0468,16.8536],[80.0478,16.834],[80.0733,16.8175],[80.1146,16.8218],[80.1269,16.8048],[80.1329,16.7665],[80.142,16.7451],[80.1468,16.7193],[80.1409,16.7071],[80.1493,16.6884],[80.1359,16.667],[80.1403,16.6521],[80.1694,16.6411],[80.1825,16.6421],[80.2399,16.6139],[80.3155,16.6095],[80.3311,16.6117],[80.3648,16.5923],[80.3674,16.5878],[80.4027,16.5856],[80.4285,16.5891],[80.4674,16.5894],[80.5021,16.5776],[80.5288,16.5629],[80.5545,16.5418],[80.5552,16.5331],[80.5908,16.5127],[80.6149,16.5028],[80.6518,16.4807],[80.6797,16.5012],[80.6621,16.5181],[80.666,16.528],[80.6632,16.5471],[80.6815,16.5437],[80.6776,16.5272],[80.6827,16.5158],[80.7037,16.51],[80.7297,16.4953],[80.7465,16.497],[80.7562,16.5192],[80.7281,16.5222],[80.6865,16.5426],[80.6986,16.5723],[80.7014,16.5922],[80.6947,16.6055],[80.6971,16.6274],[80.6879,16.6347],[80.6895,16.6724],[80.7234,16.7196],[80.7666,16.7877],[80.7743,16.812],[80.7774,16.836],[80.7711,16.8486],[80.7963,16.8596],[80.7994,16.8814],[80.8259,16.879],[80.8472,16.889],[80.856,16.9141],[80.8245,16.9308],[80.8286,16.9735],[80.8258,16.9937],[80.7984,17.0045],[80.7793,17.0262],[80.7971,17.0618]]]},"properties":{"district":"NTR"}},
{"type":"Feature","geometry":{"type":"Polygon","coordinates":[[[80.4285,16.5891],[80.4027,16.5856],[80.3674,16.5878],[80.3648,16.5923],[80.3311,16.6117],[80.3155,16.6095],[80.2399,16.6139],[80.1825,16.6421],[80.1694,16.6411],[80.1403,16.6521],[80.1359,16.667],[80.1493,16.6884],[80.1409,16.7071],[80.1468,16.7193],[80.142,16.7451],[80.1329,16.7665],[80.1269,16.8048],[80.1146,16.8218],[80.0733,16.8175],[80.0664,16.7867],[80.0535,16.7635],[80.055,16.7449],[80.0388,16.7304],[80.0305,16.7151],[80.0082,16.7093],[79.9958,16.7003],[79.9794,16.6656],[79.9648,16.6452],[79.9324,16.6316],[79.9078,16.6355],[79.8918,16.6549],[79.8855,16.6876],[79.8775,16.6976],[79.8589,16.7049],[79.8445,16.7035],[79.8282,16.6941],[79.8124,16.6948],[79.7841,16.7308],[79.7728,16.7309],[79.7446,16.7194],[79.7293,16.6958],[79.7157,16.6894],[79.6792,16.6937],[79.6622,16.6869],[79.635,16.6614],[79.604,16.6726],[79.5922,16.6702],[79.5756,16.6501],[79.5421,16.6325],[79.5104,16.636],[79.494,16.6333],[79.4789,16.6227],[79.4596,16.624],[79.4403,16.6151],[79.4331,16.591],[79.4187,16.5805],[79.3779,16.5831],[79.3561,16.5797],[79.3372,16.5823],[79.3083,16.5744],[79.2955,16.5633],[79.2775,16.5618],[79.2617,16.5672],[79.2522,16.5595],[79.2448,16.5321],[79.2273,16.5241],[79.2192,16.5107],[79.2145,16.485],[79.2332,16.46],[79.2116,16.4477],[79.2081,16.3805],[79.2106,16.3565],[79.2338,16.3361],[79.2305,16.2834],[79.2257,16.2739],[79.2208,16.2347],[79.2152,16.2263],[79.2157,16.1816],[79.2221,16.1632],[79.2504,16.1804],[79.2593,16.1938],[79.2963,16.215],[79.3261,16.2286],[79.3711,16.233],[79.4474,16.3029],[79.4731,16.2908],[79.5005,16.2908],[79.528,16.2974],[79.5364,16.3061],[79.55,16.2846],[79.5641,16.2793],[79.56,16.2421],[79.5619,16.223],[79.5564,16.214],[79.5594,16.1951],[79.5472,16.174],[79.5387,16.1711],[79.537,16.1433],[79.5555,16.1011],[79.5465,16.0763],[79.5533,16.0502],[79.5638,16.0326],[79.5655,16.0093],[79.5726,16.0052],[79.5595,15.9636],[79.5592,15.9482],[79.5724,15.9372],[79.5898,15.9405],[79.6154,15.9328],[79.6116,15.9223],[79.6358,15.9073],[79.6638,15.917],[79.6762,15.9037],[79.695,15.8945],[79.6941,15.8765],[79.7148,15.8674],[79.7198,15.8585],[79.7185,15.8357],[79.7318,15.8359],[79.7438,15.8256],[79.7621,15.8239],[79.7727,15.8425],[79.7542,15.8477],[79.7469,15.8595],[79.7539,15.8713],[79.7554,15.8999],[79.7748,15.907],[79.7858,15.9196],[79.7912,15.941],[79.8482,15.9284],[79.8696,15.9164],[79.878,15.925],[79.8854,15.9421],[79.9032,15.9427],[79.9123,15.9672],[79.8992,15.9708],[79.9026,15.9836],[79.8801,15.9994],[79.8636,15.9957],[79.8698,16.0307],[79.8817,16.0393],[79.9174,16.0473],[79.9206,16.0628],[79.9158,16.075],[79.8955,16.0772],[79.8822,16.0922],[79.8685,16.0964],[79.8751,16.1291],[79.8682,16.1413],[79.8786,16.1551],[79.9016,16.1497],[79.9278,16.1322],[79.9447,16.1396],[79.9534,16.1526],[79.9528,16.1646],[79.987,16.1416],[80.0006,16.1402],[80.0206,16.1148],[80.0343,16.1236],[80.0514,16.1199],[80.0406,16.0926],[80.0472,16.0857],[80.0741,16.0923],[80.0734,16.0688],[80.0826,16.0632],[80.0862,16.021],[80.1005,16.0116],[80.1206,16.0208],[80.1332,16.0199],[80.1373,16.0458],[80.1824,16.0346],[80.1955,16.0386],[80.2299,16.0322],[80.2298,16.0379],[80.2287,16.0754],[80.2375,16.0865],[80.262,16.0973],[80.2847,16.0927],[80.2894,16.1031],[80.2683,16.1221],[80.278,16.1429],[80.2773,16.1612],[80.293,16.1677],[80.2958,16.1885],[80.2751,16.1999],[80.2799,16.2179],[80.2891,16.2154],[80.3302,16.2661],[80.3388,16.2705],[80.3518,16.2978],[80.3308,16.3155],[80.3145,16.3014],[80.2916,16.2662],[80.2739,16.2554],[80.2708,16.27],[80.2438,16.2739],[80.2303,16.2465],[80.2204,16.2581],[80.2014,16.2629],[80.1914,16.278],[80.1729,16.2631],[80.1626,16.2698],[80.1536,16.2594],[80.1267,16.2733],[80.1231,16.3006],[80.1359,16.3048],[80.1582,16.3022],[80.1616,16.3255],[80.1759,16.3225],[80.1821,16.3574],[80.1956,16.3551],[80.2,16.3449],[80.2169,16.3386],[80.2262,16.3541],[80.2311,16.3826],[80.2247,16.3937],[80.2412,16.4156],[80.2726,16.4143],[80.2792,16.4303],[80.3012,16.4278],[80.308,16.4366],[80.3091,16.4542],[80.318,16.4631],[80.3674,16.4601],[80.378,16.4652],[80.3811,16.4786],[80.4129,16.4804],[80.4196,16.4846],[80.4197,16.5052],[80.4075,16.508],[80.4067,16.5257],[80.4185,16.5503],[80.425,16.5512],[80.4285,16.5891]]]},"properties":{"district":"PALNADU"}},
{"type":"Feature","geometry":{"type":"MultiPolygon","coordinates":[[[[83.583,18.5643],[83.5765,18.5687],[83.5579,18.5574],[83.5586,18.5377],[83.5678,18.5309],[83.5826,18.5345],[83.6307,18.5277],[83.6312,18.5596],[83.583,18.5643]]],[[[83.348,19.0171],[83.3364,19.0029],[83.3103,18.9957],[83.3194,18.9723],[83.3388,18.9537],[83.3271,18.9446],[83.3265,18.932],[83.3484,18.9263],[83.3483,18.9604],[83.3684,18.9606],[83.3713,18.9427],[83.3874,18.9326],[83.3706,18.926],[83.3701,18.9417],[83.3525,18.9435],[83.3534,18.9306],[83.3783,18.897],[83.3974,18.8785],[83.4147,18.8737],[83.4051,18.8623],[83.4059,18.8443],[83.3783,18.8307],[83.3688,18.8441],[83.3478,18.8271],[83.3282,18.8181],[83.3306,18.8063],[83.3093,18.8095],[83.2843,18.7979],[83.2753,18.7829],[83.2811,18.7742],[83.2432,18.7683],[83.2246,18.7751],[83.2254,18.7509],[83.2126,18.738],[83.2065,18.7514],[83.1932,18.7531],[83.179,18.7701],[83.1606,18.7669],[83.139,18.7854],[83.1172,18.7694],[83.1236,18.7605],[83.1075,18.7466],[83.1017,18.7327],[83.0726,18.7052],[83.0579,18.6652],[83.0245,18.6541],[83.0131,18.6461],[83.0196,18.6355],[83.0001,18.6203],[83.0006,18.6079],[83.0152,18.6054],[83.0238,18.5896],[83.0527,18.601],[83.0529,18.5881],[83.0327,18.5791],[83.0433,18.547],[83.0619,18.542],[83.0712,18.5498],[83.0945,18.5479],[83.077,18.5261],[83.0751,18.5146],[83.0552,18.4957],[83.0551,18.4856],[83.0209,18.4562],[83.0508,18.4341],[83.0579,18.419],[83.0771,18.4037],[83.0866,18.4122],[83.1037,18.4131],[83.0955,18.394],[83.0809,18.3796],[83.074,18.3631],[83.0796,18.3466],[83.1045,18.3576],[83.1128,18.3486],[83.1331,18.3498],[83.1511,18.3411],[83.1629,18.3629],[83.2005,18.4054],[83.2066,18.4365],[83.1901,18.454],[83.1989,18.4763],[83.2066,18.4774],[83.225,18.5184],[83.2588,18.5302],[83.2646,18.5433],[83.2603,18.5536],[83.2663,18.5726],[83.2563,18.5736],[83.2567,18.5968],[83.2773,18.6255],[83.2891,18.6195],[83.3159,18.6416],[83.3374,18.6374],[83.3592,18.5928],[83.378,18.5974],[83.3847,18.6087],[83.4017,18.6202],[83.4268,18.6122],[83.4428,18.6172],[83.4458,18.6371],[83.4547,18.6395],[83.4652,18.6182],[83.4909,18.6093],[83.4859,18.5843],[83.4725,18.5694],[83.4923,18.5578],[83.4976,18.5452],[83.5145,18.5358],[83.5165,18.5264],[83.5369,18.5274],[83.5428,18.5391],[83.5266,18.5523],[83.5382,18.5633],[83.5413,18.578],[83.5652,18.5871],[83.5492,18.5962],[83.548,18.6238],[83.556,18.6381],[83.5501,18.6492],[83.5614,18.667],[83.5533,18.6828],[83.5416,18.6854],[83.5443,18.7108],[83.5725,18.6942],[83.5731,18.6755],[83.5869,18.6633],[83.6042,18.6586],[83.6039,18.6497],[83.62,18.6398],[83.6226,18.6278],[83.6351,18.6154],[83.6358,18.6049],[83.6467,18.5914],[83.6694,18.5808],[83.6829,18.5834],[83.7011,18.5714],[83.7211,18.5711],[83.7307,18.5655],[83.7447,18.5821],[83.7588,18.5696],[83.7727,18.5658],[83.7741,18.5904],[83.8107,18.5857],[83.8371,18.5433],[83.859,18.5338],[83.8639,18.5463],[83.8752,18.5485],[83.902,18.5348],[83.9172,18.5421],[83.9139,18.5654],[83.9248,18.5766],[83.9054,18.5876],[83.8848,18.634],[83.8498,18.6676],[83.8403,18.682],[83.8377,18.723],[83.8593,18.7297],[83.8673,18.743],[83.8677,18.7647],[83.8445,18.768],[83.8326,18.7741],[83.8496,18.7872],[83.8874,18.7978],[83.8766,18.8064],[83.8929,18.8156],[83.8877,18.831],[83.8725,18.8476],[83.8514,18.8596],[83.8437,18.8763],[83.8489,18.8999],[83.8458,18.9136],[83.8261,18.9186],[83.8279,18.9323],[83.8197,18.9393],[83.8218,18.9602],[83.8089,18.9923],[83.7969,19.0009],[83.7947,19.018],[83.7475,18.9959],[83.7478,18.9746],[83.7616,18.9505],[83.7845,18.9336],[83.7879,18.9159],[83.7694,18.9143],[83.7539,18.9251],[83.7344,18.9692],[83.733,18.9877],[83.7182,18.9934],[83.7103,19.0072],[83.7286,19.0198],[83.7006,19.025],[83.6853,19.0585],[83.6613,19.0805],[83.6637,19.0933],[83.6496,19.1233],[83.6317,19.1408],[83.6017,19.1355],[83.5976,19.1198],[83.6106,19.0961],[83.593,19.0927],[83.5847,19.0837],[83.5845,19.0576],[83.575,19.0614],[83.5611,19.0863],[83.5485,19.0779],[83.5556,19.0634],[83.5416,19.041],[83.538,19.0132],[83.5225,19.0121],[83.5038,19.0187],[83.5002,19.0362],[83.5169,19.0315],[83.5111,19.068],[83.5018,19.0659],[83.4808,19.0785],[83.4663,19.0799],[83.4707,19.0429],[83.483,19.0343],[83.4784,19.0076],[83.4522,19.0126],[83.4553,18.9913],[83.4678,18.9911],[83.4698,18.9693],[83.4618,18.9548],[83.4267,18.9846],[83.4153,18.9892],[83.401,19.0091],[83.384,19.0015],[83.3666,19.0061],[83.3675,19.0165],[83.348,19.0171]]]]},"properties":{"district":"PARVATHIPURAM MANYAM"}},
{"type":"Feature","geometry":{"type":"Polygon","coordinates":[[[79.878,15.925],[79.8696,15.9164],[79.8482,15.9284],[79.7912,15.941],[79.7858,15.9196],[79.7748,15.907],[79.7554,15.8999],[79.7539,15.8713],[79.7469,15.8595],[79.7542,15.8477],[79.7727,15.8425],[79.7621,15.8239],[79.7438,15.8256],[79.7318,15.8359],[79.7185,15.8357],[79.7198,15.8585],[79.7148,15.8674],[79.6941,15.8765],[79.695,15.8945],[79.6762,15.9037],[79.6638,15.917],[79.6358,15.9073],[79.6116,15.9223],[79.6154,15.9328],[79.5898,15.9405],[79.5724,15.9372],[79.5592,15.9482],[79.5595,15.9636],[79.5726,16.0052],[79.5655,16.0093],[79.5638,16.0326],[79.5533,16.0502],[79.5465,16.0763],[79.5555,16.1011],[79.537,16.1433],[79.5387,16.1711],[79.5472,16.174],[79.5594,16.1951],[79.5564,16.214],[79.5619,16.223],[79.56,16.2421],[79.5641,16.2793],[79.55,16.2846],[79.5364,16.3061],[79.528,16.2974],[79.5005,16.2908],[79.4731,16.2908],[79.4474,16.3029],[79.3711,16.233],[79.3261,16.2286],[79.2963,16.215],[79.2593,16.1938],[79.2504,16.1804],[79.2221,16.1632],[79.2157,16.1816],[79.2152,16.2263],[79.1699,16.2102],[79.1442,16.2154],[79.1238,16.2313],[79.1035,16.2237],[79.082,16.2305],[79.0721,16.2274],[79.0563,16.2366],[79.0292,16.242],[79.0091,16.2403],[78.9866,16.2115],[78.9603,16.2094],[78.9111,16.1887],[78.9047,16.1749],[78.9227,16.1269],[78.9311,16.0929],[78.9108,15.968],[78.8621,15.9303],[78.8364,15.906],[78.8098,15.8676],[78.7902,15.7584],[78.7715,15.6648],[78.7694,15.6298],[78.7767,15.5343],[78.7694,15.4654],[78.7709,15.4187],[78.7425,15.3539],[78.7382,15.3204],[78.7387,15.255],[78.7371,15.1991],[78.7422,15.182],[78.7583,15.185],[78.7775,15.2],[78.8671,15.1976],[78.9058,15.1879],[78.9194,15.1873],[78.927,15.2288],[78.9478,15.2287],[78.951,15.2006],[78.9574,15.1763],[78.9814,15.1649],[79.0101,15.1679],[79.0168,15.1798],[79.0699,15.1742],[79.0757,15.1044],[79.0892,15.0485],[79.1005,15.084],[79.1302,15.0856],[79.1287,15.1],[79.1535,15.0973],[79.1601,15.0916],[79.183,15.0872],[79.2147,15.0858],[79.2488,15.1054],[79.2731,15.0991],[79.3037,15.0959],[79.3141,15.0913],[79.3276,15.1149],[79.3467,15.0875],[79.3515,15.1084],[79.368,15.0854],[79.3908,15.0851],[79.4194,15.0737],[79.417,15.0593],[79.4395,15.0557],[79.4496,15.0626],[79.4726,15.0661],[79.4765,15.0585],[79.5019,15.0566],[79.5197,15.0373],[79.5292,15.0382],[79.5506,15.0226],[79.5601,15.0221],[79.5634,15.0439],[79.609,15.0405],[79.6269,15.043],[79.6096,15.0594],[79.6255,15.0806],[79.6334,15.0999],[79.6245,15.1492],[79.648,15.1498],[79.6462,15.1717],[79.6224,15.1738],[79.6335,15.2032],[79.6581,15.2462],[79.6751,15.2475],[79.6752,15.226],[79.688,15.2144],[79.701,15.213],[79.7719,15.1942],[79.8232,15.2121],[79.8378,15.2107],[79.8435,15.2372],[79.8529,15.2565],[79.8565,15.2743],[79.8666,15.2783],[79.8645,15.3076],[79.8812,15.3138],[79.8965,15.3048],[79.9099,15.3278],[79.9179,15.297],[79.9352,15.2981],[79.9444,15.3148],[79.9574,15.3145],[79.9528,15.2917],[79.9845,15.2705],[79.9759,15.249],[79.9713,15.2144],[79.9768,15.1963],[79.9961,15.2004],[80.008,15.196],[80.0124,15.211],[80.0397,15.2135],[80.0585,15.2029],[80.0689,15.2123],[80.0896,15.2158],[80.0807,15.241],[80.0865,15.2827],[80.1059,15.324],[80.1102,15.3455],[80.1218,15.3679],[80.1418,15.3955],[80.1831,15.442],[80.2001,15.465],[80.2102,15.494],[80.2058,15.5084],[80.2153,15.5157],[80.2269,15.5426],[80.2271,15.5582],[80.2413,15.6117],[80.1763,15.6216],[80.1771,15.6393],[80.1709,15.6496],[80.1805,15.6876],[80.1951,15.7021],[80.1884,15.7096],[80.2175,15.7618],[80.2286,15.7746],[80.2571,15.7553],[80.2738,15.779],[80.2483,15.7975],[80.2247,15.8066],[80.2216,15.7796],[80.2051,15.7629],[80.1869,15.7572],[80.1844,15.7351],[80.1656,15.7249],[80.151,15.6982],[80.1116,15.7002],[80.1121,15.6893],[80.1281,15.682],[80.1227,15.6682],[80.0979,15.676],[80.0849,15.6868],[80.0518,15.6957],[80.0345,15.7079],[80.024,15.6913],[80.0081,15.6927],[79.9909,15.7009],[79.9787,15.7006],[79.9549,15.7083],[79.9246,15.6909],[79.8911,15.7095],[79.9213,15.7498],[79.908,15.7633],[79.9177,15.7937],[79.9167,15.8167],[79.9237,15.8276],[79.946,15.8319],[79.9499,15.8514],[79.9377,15.8572],[79.9299,15.8757],[79.9079,15.8838],[79.878,15.925]]]},"properties":{"district":"PRAKASAM"}},
{"type":"Feature","geometry":{"type":"Polygon","coordinates":[[[80.0896,15.2158],[80.0689,15.2123],[80.0585,15.2029],[80.0397,15.2135],[80.0124,15.211],[80.008,15.196],[79.9961,15.2004],[79.9768,15.1963],[79.9713,15.2144],[79.9759,15.249],[79.9845,15.2705],[79.9528,15.2917],[79.9574,15.3145],[79.9444,15.3148],[79.9352,15.2981],[79.9179,15.297],[79.9099,15.3278],[79.8965,15.3048],[79.8812,15.3138],[79.8645,15.3076],[79.8666,15.2783],[79.8565,15.2743],[79.8529,15.2565],[79.8435,15.2372],[79.8378,15.2107],[79.8232,15.2121],[79.7719,15.1942],[79.701,15.213],[79.688,15.2144],[79.6752,15.226],[79.6751,15.2475],[79.6581,15.2462],[79.6335,15.2032],[79.6224,15.1738],[79.6462,15.1717],[79.648,15.1498],[79.6245,15.1492],[79.6334,15.0999],[79.6255,15.0806],[79.6096,15.0594],[79.6269,15.043],[79.609,15.0405],[79.5634,15.0439],[79.5601,15.0221],[79.5506,15.0226],[79.5292,15.0382],[79.5197,15.0373],[79.5019,15.0566],[79.4765,15.0585],[79.4726,15.0661],[79.4496,15.0626],[79.4395,15.0557],[79.417,15.0593],[79.4194,15.0737],[79.3908,15.0851],[79.368,15.0854],[79.3515,15.1084],[79.3467,15.0875],[79.3276,15.1149],[79.3141,15.0913],[79.3037,15.0959],[79.2731,15.0991],[79.2488,15.1054],[79.2147,15.0858],[79.183,15.0872],[79.1601,15.0916],[79.1535,15.0973],[79.1287,15.1],[79.1302,15.0856],[79.1005,15.084],[79.0892,15.0485],[79.0841,15.0152],[79.0872,15.0011],[79.0814,14.983],[79.0928,14.933],[79.1042,14.8987],[79.1325,14.8696],[79.142,14.8424],[79.1445,14.8182],[79.1511,14.7929],[79.1605,14.7807],[79.1717,14.7381],[79.1863,14.7109],[79.1839,14.6889],[79.174,14.6826],[79.1871,14.6574],[79.1816,14.6439],[79.1889,14.6166],[79.2197,14.5883],[79.2295,14.6027],[79.2418,14.5934],[79.2486,14.5708],[79.2676,14.5511],[79.2782,14.5329],[79.293,14.485],[79.3043,14.4844],[79.3175,14.4728],[79.3247,14.4561],[79.327,14.4368],[79.3356,14.4176],[79.3487,14.4054],[79.3674,14.3695],[79.367,14.3507],[79.3895,14.341],[79.4224,14.2787],[79.4197,14.2654],[79.4353,14.2434],[79.4248,14.2217],[79.4224,14.2068],[79.4281,14.1851],[79.4918,14.1796],[79.5289,14.1723],[79.5422,14.1614],[79.5884,14.1419],[79.5997,14.1319],[79.5994,14.1201],[79.6305,14.1067],[79.6412,14.1133],[79.6404,14.1529],[79.6653,14.1505],[79.6628,14.1398],[79.6682,14.1211],[79.7078,14.1094],[79.722,14.1142],[79.7346,14.1273],[79.7452,14.1564],[79.7635,14.1751],[79.8004,14.1836],[79.7898,14.2178],[79.7744,14.2244],[79.7754,14.2334],[79.8002,14.2662],[79.817,14.2571],[79.8179,14.2263],[79.8398,14.2172],[79.8559,14.1766],[79.8901,14.1584],[79.9004,14.1606],[79.9128,14.1499],[79.9374,14.1442],[79.9417,14.1616],[79.9537,14.1533],[79.9882,14.1834],[80.0085,14.197],[80.0184,14.1975],[80.0564,14.215],[80.0683,14.2134],[80.0722,14.2259],[80.0978,14.2316],[80.1054,14.2385],[80.1021,14.2563],[80.1207,14.252],[80.1378,14.2581],[80.1429,14.2864],[80.1647,14.3394],[80.1716,14.3734],[80.1734,14.4237],[80.1795,14.5088],[80.1853,14.5461],[80.1947,14.5778],[80.1931,14.5932],[80.1782,14.6032],[80.1663,14.6229],[80.1513,14.6681],[80.144,14.6979],[80.1312,14.7211],[80.1149,14.7361],[80.0952,14.7901],[80.0872,14.8377],[80.0844,14.8832],[80.0641,14.9474],[80.0528,15.0117],[80.047,15.0827],[80.0557,15.1234],[80.0704,15.1653],[80.0842,15.1923],[80.0896,15.2158]]]},"properties":{"district":"SRI POTTI SRIRAMULU NELLORE"}},
{"type":"Feature","geometry":{"type":"Polygon","coordinates":[[[77.9806,14.5672],[77.9875,14.5849],[77.982,14.5957],[77.9905,14.6123],[77.9581,14.6332],[77.9224,14.6418],[77.8846,14.6477],[77.8699,14.654],[77.8523,14.6402],[77.8551,14.6053],[77.8458,14.5983],[77.825,14.6052],[77.8175,14.6007],[77.8044,14.6156],[77.7951,14.6127],[77.7734,14.5951],[77.7393,14.5922],[77.736,14.5764],[77.7206,14.5796],[77.7116,14.5729],[77.7029,14.5442],[77.6934,14.5372],[77.6667,14.541],[77.6544,14.5359],[77.6497,14.5182],[77.6636,14.5154],[77.6766,14.4978],[77.6606,14.4835],[77.6357,14.4895],[77.6161,14.4779],[77.6094,14.46],[77.5807,14.459],[77.5709,14.4622],[77.5466,14.4597],[77.5177,14.4888],[77.4915,14.4738],[77.4719,14.515],[77.4768,14.5436],[77.4692,14.5675],[77.4075,14.5495],[77.3902,14.5538],[77.3807,14.545],[77.356,14.5388],[77.3577,14.5294],[77.3771,14.4979],[77.3588,14.4835],[77.3631,14.4618],[77.3327,14.4522],[77.3238,14.434],[77.3189,14.4104],[77.3173,14.3774],[77.3318,14.3533],[77.3249,14.3353],[77.3172,14.3351],[77.3198,14.3116],[77.3331,14.3088],[77.3557,14.2956],[77.3573,14.2766],[77.3638,14.2547],[77.3598,14.234],[77.3801,14.2254],[77.3907,14.1993],[77.4189,14.2105],[77.4095,14.234],[77.4088,14.2599],[77.3872,14.2712],[77.3892,14.2789],[77.3773,14.3041],[77.3782,14.3184],[77.3949,14.3364],[77.4121,14.3365],[77.4283,14.3242],[77.4315,14.3129],[77.4462,14.3175],[77.4481,14.2826],[77.4596,14.2805],[77.4782,14.2918],[77.4883,14.2816],[77.4963,14.2786],[77.5028,14.2572],[77.4985,14.2449],[77.4925,14.235],[77.5029,14.2096],[77.5029,14.1981],[77.5167,14.1863],[77.5046,14.1587],[77.4457,14.1717],[77.4302,14.1705],[77.4213,14.1769],[77.3937,14.1742],[77.3951,14.1644],[77.385,14.1529],[77.3789,14.1358],[77.3517,14.1311],[77.3477,14.1055],[77.3626,14.1156],[77.3906,14.1266],[77.4004,14.1164],[77.3897,14.1004],[77.3812,14.0977],[77.3749,14.0783],[77.3605,14.0626],[77.3404,14.0598],[77.3331,14.0357],[77.3382,14.0285],[77.3897,14.0143],[77.3797,13.9898],[77.3816,13.9762],[77.3984,13.9838],[77.4259,13.9861],[77.4379,13.9749],[77.4333,13.9459],[77.4121,13.9456],[77.4164,13.9239],[77.4352,13.9183],[77.4205,13.8993],[77.3998,13.8919],[77.3979,13.9062],[77.3742,13.9044],[77.3533,13.9112],[77.3508,13.9229],[77.3696,13.9515],[77.3495,13.9581],[77.3611,13.9908],[77.3362,13.9954],[77.3369,14.0041],[77.3108,14.0325],[77.2846,14.0143],[77.279,14.0306],[77.2697,14.0342],[77.2515,14.0193],[77.2418,14.0122],[77.2198,14.0136],[77.2051,14.0083],[77.1709,14.012],[77.1728,14.0011],[77.1506,14.0008],[77.1412,14.006],[77.1308,14.0446],[77.0753,14.0435],[77.0676,14.052],[77.0405,14.0564],[77.0255,14.0659],[77.0297,14.0884],[77.0148,14.1012],[77.024,14.1127],[77.0201,14.1309],[77.0204,14.1572],[77.0259,14.1749],[77.0224,14.1772],[77.0055,14.184],[76.9813,14.1788],[76.9606,14.1818],[76.9476,14.1982],[76.9424,14.1733],[76.8945,14.1678],[76.8895,14.1356],[76.9176,14.1288],[76.925,14.1371],[76.9443,14.1207],[76.9534,14.0992],[76.9484,14.0921],[76.9487,14.092],[76.9519,14.092],[76.9542,14.0919],[76.9602,14.0912],[76.9646,14.0886],[76.9671,14.0871],[76.9688,14.0862],[76.969,14.0861],[76.9696,14.0857],[76.9715,14.0846],[76.9726,14.0839],[76.9727,14.0839],[76.9734,14.0835],[76.9736,14.0833],[76.975,14.0809],[76.9752,14.0759],[76.9752,14.0751],[76.977,14.072],[76.9773,14.0717],[76.9776,14.0711],[76.9769,14.0677],[76.9769,14.0676],[76.9765,14.0656],[76.9765,14.0653],[76.9748,14.0637],[76.9726,14.0602],[76.9678,14.0577],[76.9586,14.057],[76.9382,14.0533],[76.9366,14.0535],[76.9326,14.0521],[76.933,14.0495],[76.9343,14.0444],[76.9324,14.0385],[76.9319,14.0352],[76.932,14.0304],[76.935,14.0328],[76.9354,14.0327],[76.9375,14.0316],[76.9398,14.0297],[76.9404,14.0294],[76.9415,14.0296],[76.9432,14.0299],[76.9442,14.0288],[76.9442,14.0285],[76.9441,14.0282],[76.9436,14.0274],[76.9433,14.0269],[76.9431,14.0265],[76.9431,14.0264],[76.9431,14.0261],[76.9434,14.0256],[76.9456,14.0208],[76.9462,14.0205],[76.9478,14.0185],[76.9483,14.0174],[76.9488,14.0168],[76.953,14.0139],[76.9603,14.0121],[76.9624,14.0119],[76.9642,14.0118],[76.965,14.0116],[76.9678,14.0102],[76.9705,14.0084],[76.974,14.0062],[76.9763,14.0049],[76.9808,14.0023],[76.9853,13.9985],[76.9876,13.9967],[76.9904,13.9943],[76.9947,13.9917],[76.9964,13.9905],[76.9978,13.9902],[76.9995,13.9903],[76.9995,13.9895],[77.0002,13.989],[76.9997,13.9876],[76.9996,13.9871],[76.9986,13.9848],[76.9977,13.982],[76.9969,13.9792],[76.9967,13.9784],[76.9966,13.978],[76.9963,13.9774],[76.9954,13.9707],[76.9951,13.9689],[76.9938,13.963],[76.9938,13.9626],[76.9944,13.9624],[76.9949,13.9622],[76.9993,13.9602],[77.0024,13.9588],[77.0058,13.9567],[77.0104,13.9555],[77.0132,13.955],[77.0137,13.955],[77.0149,13.9532],[77.0177,13.9486],[77.0188,13.947],[77.0198,13.9458],[77.0211,13.9439],[77.0219,13.9433],[77.0279,13.939],[77.0313,13.9383],[77.0357,13.9372],[77.037,13.937],[77.0399,13.9344],[77.0416,13.9326],[77.042,13.9266],[77.0424,13.9246],[77.0429,13.9231],[77.043,13.923],[77.0432,13.9222],[77.044,13.9193],[77.0442,13.9184],[77.0443,13.9143],[77.0447,13.9129],[77.0452,13.9116],[77.0446,13.9057],[77.0428,13.9056],[77.0398,13.9055],[77.0308,13.9048],[77.0302,13.9045],[77.0245,13.9028],[77.023,13.9026],[77.0231,13.9022],[77.0234,13.8973],[77.0232,13.8959],[77.0228,13.8952],[77.0206,13.8924],[77.0182,13.8853],[77.0181,13.8852],[77.0166,13.8846],[77.0163,13.8844],[77.0168,13.8819],[77.0171,13.8801],[77.0174,13.8785],[77.0178,13.8761],[77.0184,13.8734],[77.0178,13.8724],[77.0168,13.8724],[77.0155,13.8724],[77.0147,13.8722],[77.0134,13.8716],[77.0132,13.8691],[77.0131,13.8645],[77.014,13.8602],[77.014,13.8601],[77.0127,13.8592],[77.0076,13.8533],[77.0054,13.8518],[77.0039,13.8516],[77.0038,13.851],[77.0037,13.8509],[76.9989,13.8494],[76.9979,13.8492],[76.9939,13.8489],[76.9922,13.8487],[76.9922,13.8486],[76.9919,13.8475],[76.9909,13.8402],[76.9897,13.8365],[76.9847,13.8306],[76.9838,13.8297],[76.9818,13.8284],[76.9794,13.8274],[76.9779,13.8265],[76.9775,13.8238],[76.9764,13.8173],[76.9769,13.8173],[76.9825,13.8161],[76.9835,13.8158],[76.9883,13.8132],[76.989,13.8131],[76.9903,13.8093],[76.9914,13.8059],[76.9914,13.8014],[76.9912,13.801],[76.9902,13.7986],[76.9899,13.7965],[76.9895,13.7955],[76.9868,13.793],[76.9854,13.7902],[76.9857,13.7888],[76.9876,13.7841],[76.9878,13.7837],[76.9885,13.7814],[76.9893,13.7801],[76.9902,13.7785],[76.9906,13.7773],[76.9925,13.7718],[76.9934,13.7682],[76.9937,13.767],[76.9943,13.7614],[76.9945,13.76],[76.9956,13.7586],[76.9971,13.7566],[76.9984,13.7551],[76.9975,13.7536],[76.9974,13.7515],[76.9989,13.7454],[77.0012,13.7451],[77.0122,13.7399],[77.0133,13.7395],[77.0165,13.7385],[77.0166,13.7459],[77.0178,13.7475],[77.0187,13.7512],[77.0191,13.7589],[77.0199,13.7602],[77.0227,13.7652],[77.0239,13.7679],[77.024,13.7684],[77.0245,13.7792],[77.0252,13.7791],[77.0267,13.779],[77.0358,13.7789],[77.0407,13.7783],[77.0436,13.7757],[77.0441,13.7708],[77.0464,13.771],[77.0491,13.7687],[77.0516,13.7644],[77.058,13.7603],[77.0582,13.7548],[77.0586,13.7529],[77.0599,13.7493],[77.0611,13.7477],[77.062,13.7462],[77.0622,13.7457],[77.0635,13.7445],[77.0647,13.7439],[77.0653,13.744],[77.0713,13.7449],[77.0755,13.7429],[77.0765,13.7428],[77.0847,13.7424],[77.0854,13.7424],[77.0837,13.7488],[77.0838,13.7566],[77.0847,13.7597],[77.0855,13.7623],[77.0902,13.7624],[77.0905,13.7642],[77.0911,13.767],[77.0926,13.7667],[77.0957,13.7665],[77.097,13.7667],[77.1009,13.768],[77.101,13.768],[77.1059,13.7678],[77.1066,13.7676],[77.1169,13.7647],[77.1178,13.7645],[77.1179,13.764],[77.1201,13.7622],[77.1223,13.7613],[77.1239,13.7609],[77.1255,13.7604],[77.127,13.7601],[77.1285,13.7598],[77.1356,13.7585],[77.1382,13.7595],[77.1388,13.76],[77.1403,13.7627],[77.1511,13.7662],[77.1527,13.766],[77.1539,13.7658],[77.1568,13.7644],[77.1579,13.764],[77.16,13.7637],[77.1611,13.7637],[77.1676,13.7628],[77.1706,13.7624],[77.1731,13.762],[77.1789,13.7816],[77.1785,13.7827],[77.1702,13.7887],[77.1601,13.8053],[77.1595,13.8054],[77.1575,13.806],[77.1596,13.8072],[77.1625,13.8086],[77.1607,13.8149],[77.1597,13.8164],[77.1686,13.827],[77.1687,13.8285],[77.1684,13.83],[77.167,13.8312],[77.1635,13.8332],[77.1619,13.8331],[77.1543,13.834],[77.1545,13.8411],[77.1559,13.8421],[77.156,13.8444],[77.1513,13.8452],[77.1452,13.8462],[77.1406,13.8464],[77.1391,13.8461],[77.136,13.8459],[77.1328,13.8462],[77.1302,13.8514],[77.1282,13.8565],[77.1321,13.8564],[77.136,13.8565],[77.1387,13.8593],[77.1409,13.8615],[77.1424,13.863],[77.1472,13.868],[77.1476,13.8685],[77.1515,13.8675],[77.156,13.8665],[77.1566,13.8664],[77.159,13.8659],[77.1613,13.8656],[77.1635,13.8652],[77.165,13.865],[77.1663,13.8648],[77.1677,13.8646],[77.1685,13.8645],[77.1686,13.8645],[77.1708,13.8699],[77.171,13.8704],[77.1712,13.8708],[77.1696,13.8798],[77.1688,13.8809],[77.1687,13.8866],[77.1688,13.8896],[77.1684,13.8899],[77.1676,13.8908],[77.1641,13.8947],[77.1636,13.8954],[77.162,13.9023],[77.1619,13.9064],[77.1643,13.9106],[77.1653,13.9122],[77.1699,13.9206],[77.1716,13.9211],[77.1734,13.9217],[77.181,13.9241],[77.1874,13.9163],[77.1878,13.9148],[77.1908,13.9119],[77.1891,13.9055],[77.1886,13.9026],[77.1881,13.8996],[77.1865,13.8954],[77.1861,13.8939],[77.1855,13.8887],[77.1853,13.8868],[77.1857,13.8762],[77.1853,13.8755],[77.1827,13.8718],[77.1819,13.8706],[77.2023,13.8665],[77.2031,13.8678],[77.2046,13.8704],[77.206,13.8722],[77.2074,13.874],[77.209,13.8769],[77.2099,13.8781],[77.2104,13.8795],[77.2107,13.8853],[77.2152,13.8863],[77.2156,13.8862],[77.217,13.8837],[77.217,13.8819],[77.2167,13.8799],[77.2157,13.8739],[77.2157,13.8724],[77.2153,13.8683],[77.2202,13.8697],[77.2203,13.8702],[77.2227,13.8756],[77.2266,13.8822],[77.2267,13.8822],[77.2269,13.883],[77.2272,13.8845],[77.2288,13.8895],[77.23,13.892],[77.2298,13.8947],[77.2297,13.8973],[77.2298,13.8995],[77.2306,13.9033],[77.2346,13.904],[77.2401,13.9018],[77.2451,13.903],[77.2462,13.9025],[77.2483,13.9012],[77.2483,13.9004],[77.248,13.896],[77.2479,13.8956],[77.2478,13.8883],[77.2472,13.8872],[77.2457,13.8849],[77.2455,13.8846],[77.2447,13.883],[77.2457,13.8809],[77.247,13.879],[77.2473,13.8769],[77.2487,13.8735],[77.2486,13.8731],[77.2482,13.8704],[77.2476,13.8688],[77.2466,13.8683],[77.2585,13.8632],[77.2591,13.8631],[77.2587,13.8597],[77.2582,13.856],[77.2571,13.8534],[77.2569,13.8531],[77.2561,13.8514],[77.2567,13.8465],[77.2749,13.8493],[77.2919,13.8524],[77.2949,13.8574],[77.2986,13.8586],[77.3028,13.8614],[77.3105,13.8629],[77.3165,13.8633],[77.3174,13.8612],[77.3195,13.857],[77.3211,13.8524],[77.3231,13.84],[77.3247,13.8369],[77.3254,13.8332],[77.3318,13.8329],[77.3382,13.8341],[77.3404,13.8363],[77.3442,13.8398],[77.3477,13.8424],[77.3492,13.8433],[77.3539,13.8469],[77.3563,13.8503],[77.3587,13.8522],[77.3623,13.8541],[77.363,13.8542],[77.3649,13.8538],[77.3736,13.8526],[77.3758,13.8515],[77.3759,13.8514],[77.3806,13.8443],[77.3794,13.8408],[77.3931,13.8403],[77.3994,13.8411],[77.4009,13.8409],[77.4076,13.8399],[77.4229,13.8414],[77.4268,13.8411],[77.4315,13.8436],[77.4324,13.8428],[77.4314,13.837],[77.431,13.8359],[77.4274,13.8322],[77.4273,13.832],[77.4276,13.8299],[77.4276,13.8295],[77.4236,13.8237],[77.423,13.8226],[77.4214,13.8195],[77.4195,13.8158],[77.4179,13.8121],[77.4164,13.8088],[77.4162,13.8077],[77.4175,13.8067],[77.4185,13.8063],[77.4185,13.8062],[77.4197,13.8096],[77.4253,13.8082],[77.426,13.8034],[77.4242,13.8022],[77.424,13.7985],[77.4315,13.7966],[77.437,13.7967],[77.44,13.8047],[77.4406,13.8066],[77.4413,13.8072],[77.4471,13.8109],[77.4547,13.8098],[77.4548,13.8099],[77.4646,13.8062],[77.4603,13.8015],[77.459,13.7971],[77.459,13.7969],[77.4581,13.7943],[77.4577,13.7929],[77.4576,13.7924],[77.4572,13.7909],[77.4566,13.7895],[77.4613,13.7884],[77.4607,13.7817],[77.4606,13.7814],[77.4604,13.7805],[77.4605,13.7803],[77.4616,13.778],[77.4642,13.7692],[77.4644,13.7682],[77.4648,13.7622],[77.4651,13.7587],[77.4652,13.7587],[77.468,13.7588],[77.4681,13.7588],[77.4698,13.7568],[77.4684,13.7541],[77.4674,13.7483],[77.4666,13.7398],[77.4666,13.7396],[77.4648,13.7351],[77.4642,13.7295],[77.464,13.7278],[77.4636,13.7247],[77.4636,13.7245],[77.4635,13.7216],[77.4645,13.7192],[77.465,13.7116],[77.4651,13.7109],[77.465,13.7108],[77.4617,13.7096],[77.4587,13.7108],[77.455,13.7107],[77.4528,13.7107],[77.4502,13.7088],[77.4528,13.6984],[77.4561,13.6907],[77.4555,13.6846],[77.4554,13.6834],[77.4554,13.6826],[77.4921,13.6898],[77.485,13.7148],[77.5142,13.7132],[77.5124,13.6972],[77.5283,13.693],[77.5337,13.7049],[77.5366,13.7306],[77.522,13.7446],[77.5254,13.7532],[77.5407,13.7559],[77.5591,13.7232],[77.5717,13.7382],[77.5868,13.7335],[77.596,13.7482],[77.6136,13.7519],[77.6244,13.7352],[77.6417,13.7422],[77.6211,13.7684],[77.6513,13.7841],[77.6814,13.7791],[77.7033,13.7698],[77.7085,13.741],[77.7151,13.7438],[77.7222,13.7686],[77.7187,13.7841],[77.7316,13.8076],[77.7888,13.8232],[77.7822,13.8439],[77.8085,13.8506],[77.8169,13.8602],[77.8371,13.8697],[77.8311,13.8971],[77.8194,13.9001],[77.8135,13.9146],[77.8144,13.9308],[77.8266,13.9447],[77.8378,13.9362],[77.8686,13.936],[77.8957,13.941],[77.8955,13.926],[77.918,13.9069],[77.9268,13.9053],[77.9462,13.9353],[77.96,13.9405],[77.9674,13.9602],[77.9875,13.9555],[77.9803,13.9275],[77.9843,13.8972],[77.9521,13.8898],[77.9491,13.8707],[77.9559,13.8309],[77.9764,13.8298],[77.9921,13.8688],[78.0116,13.8719],[78.0166,13.8656],[78.0462,13.8621],[78.0511,13.8806],[78.0489,13.8961],[78.079,13.8812],[78.0829,13.8625],[78.1148,13.8629],[78.1255,13.832],[78.1148,13.812],[78.1265,13.7885],[78.1379,13.7823],[78.1876,13.7882],[78.2058,13.782],[78.237,13.7788],[78.2615,13.7914],[78.2549,13.8068],[78.2566,13.8344],[78.2422,13.8505],[78.265,13.8576],[78.2637,13.8656],[78.2812,13.8976],[78.2955,13.8925],[78.2981,13.9052],[78.3182,13.9208],[78.3313,13.918],[78.3373,13.9371],[78.3469,13.9352],[78.3705,13.9567],[78.3724,13.9448],[78.3866,13.9389],[78.4057,13.9574],[78.4204,13.9636],[78.4271,13.9792],[78.4605,13.9874],[78.4693,14.0074],[78.4429,14.0155],[78.4399,14.0434],[78.4488,14.0525],[78.4425,14.0808],[78.4544,14.0846],[78.4613,14.1068],[78.4435,14.1381],[78.425,14.141],[78.4203,14.1705],[78.43,14.1825],[78.4283,14.1982],[78.4059,14.2014],[78.4085,14.2266],[78.4239,14.2738],[78.4165,14.2782],[78.3947,14.2773],[78.3574,14.2929],[78.3295,14.2904],[78.285,14.2921],[78.2773,14.305],[78.2533,14.305],[78.2289,14.3157],[78.2184,14.3284],[78.1726,14.354],[78.137,14.379],[78.1067,14.3932],[78.0859,14.4154],[78.0851,14.4218],[78.0636,14.4349],[78.0307,14.4649],[78.0006,14.489],[77.9982,14.5007],[77.9726,14.5325],[77.977,14.5381],[77.9628,14.5559],[77.9441,14.5708],[77.9671,14.587],[77.9695,14.5754],[77.9806,14.5672]]]},"properties":{"district":"SRI SATHYA SAI"}},
{"type":"Feature","geometry":{"type":"Polygon","coordinates":[[[84.4256,18.9509],[84.4387,18.9226],[84.418,18.8972],[84.396,18.8931],[84.3826,18.8814],[84.3773,18.8645],[84.3621,18.8609],[84.3368,18.8902],[84.3256,18.8761],[84.3331,18.8605],[84.345,18.849],[84.3612,18.8422],[84.3423,18.8222],[84.3427,18.8077],[84.3284,18.7993],[84.3213,18.7865],[84.2887,18.8047],[84.2866,18.7924],[84.261,18.7832],[84.2263,18.7988],[84.2133,18.7905],[84.1953,18.7917],[84.1922,18.7795],[84.1758,18.7801],[84.1691,18.7884],[84.1404,18.7773],[84.1387,18.7618],[84.1224,18.7679],[84.0895,18.7568],[84.0765,18.7671],[84.068,18.7823],[84.0576,18.7877],[84.0385,18.8164],[84.0169,18.8161],[84.0051,18.8091],[83.9727,18.8148],[83.9554,18.8065],[83.9417,18.8083],[83.9266,18.8222],[83.9048,18.8274],[83.8929,18.8156],[83.8766,18.8064],[83.8874,18.7978],[83.8496,18.7872],[83.8326,18.7741],[83.8445,18.768],[83.8677,18.7647],[83.8673,18.743],[83.8593,18.7297],[83.8377,18.723],[83.8403,18.682],[83.8498,18.6676],[83.8848,18.634],[83.9054,18.5876],[83.9248,18.5766],[83.9139,18.5654],[83.9172,18.5421],[83.902,18.5348],[83.8752,18.5485],[83.8639,18.5463],[83.859,18.5338],[83.8371,18.5433],[83.8107,18.5857],[83.7741,18.5904],[83.7727,18.5658],[83.7811,18.546],[83.7962,18.5486],[83.8027,18.5399],[83.7877,18.5116],[83.7979,18.4942],[83.8185,18.4736],[83.82,18.4663],[83.8108,18.4368],[83.8343,18.422],[83.8246,18.4052],[83.8283,18.3869],[83.8098,18.3958],[83.7985,18.3927],[83.7901,18.3758],[83.7697,18.3798],[83.7578,18.3964],[83.739,18.4102],[83.7314,18.4314],[83.7156,18.4487],[83.7008,18.4414],[83.7,18.412],[83.7087,18.3915],[83.6992,18.389],[83.6556,18.3884],[83.6405,18.3791],[83.6144,18.3826],[83.6074,18.3897],[83.5862,18.3562],[83.5955,18.3442],[83.6313,18.322],[83.6573,18.3224],[83.6796,18.3135],[83.703,18.2966],[83.6902,18.2848],[83.6743,18.2828],[83.6686,18.271],[83.6674,18.233],[83.6527,18.2072],[83.6293,18.2173],[83.6087,18.2133],[83.6039,18.1926],[83.614,18.1846],[83.6117,18.1653],[83.6027,18.1645],[83.6074,18.1433],[83.6244,18.1259],[83.6236,18.1127],[83.6457,18.1054],[83.6632,18.0871],[83.6635,18.0779],[83.6949,18.0988],[83.7302,18.1187],[83.7872,18.1467],[83.8607,18.1744],[83.8895,18.1961],[83.9352,18.2089],[84.0116,18.2499],[84.071,18.2766],[84.0857,18.2901],[84.1109,18.3022],[84.1285,18.3151],[84.1264,18.3339],[84.147,18.3729],[84.2307,18.4543],[84.2814,18.4983],[84.3366,18.5394],[84.3557,18.5562],[84.3566,18.572],[84.3684,18.5931],[84.3851,18.6104],[84.4373,18.6573],[84.4535,18.6934],[84.4697,18.7144],[84.5124,18.7585],[84.5511,18.79],[84.5575,18.8169],[84.5749,18.8376],[84.5871,18.8674],[84.6036,18.8897],[84.6367,18.9222],[84.6649,18.9468],[84.6845,18.9675],[84.7198,19.0157],[84.7596,19.0802],[84.7082,19.1157],[84.6978,19.1264],[84.7147,19.153],[84.711,19.1592],[84.6709,19.166],[84.6697,19.1379],[84.6547,19.1294],[84.6441,19.1337],[84.6309,19.1267],[84.6028,19.1266],[84.6095,19.1008],[84.6255,19.0991],[84.6291,19.0849],[84.6478,19.0962],[84.6639,19.0876],[84.6539,19.0675],[84.6278,19.0662],[84.6118,19.0503],[84.5941,19.0223],[84.5817,19.0301],[84.5815,19.053],[84.5691,19.0698],[84.5566,19.0566],[84.5433,19.0551],[84.4967,19.031],[84.4826,19.0166],[84.4789,18.9885],[84.4412,19.0039],[84.4477,18.9756],[84.4256,18.9509]]]},"properties":{"district":"SRIKAKULAM"}},
{"type":"Feature","geometry":{"type":"Polygon","coordinates":[[[80.1378,14.2581],[80.1207,14.252],[80.1021,14.2563],[80.1054,14.2385],[80.0978,14.2316],[80.0722,14.2259],[80.0683,14.2134],[80.0564,14.215],[80.0184,14.1975],[80.0085,14.197],[79.9882,14.1834],[79.9537,14.1533],[79.9417,14.1616],[79.9374,14.1442],[79.9128,14.1499],[79.9004,14.1606],[79.8901,14.1584],[79.8559,14.1766],[79.8398,14.2172],[79.8179,14.2263],[79.817,14.2571],[79.8002,14.2662],[79.7754,14.2334],[79.7744,14.2244],[79.7898,14.2178],[79.8004,14.1836],[79.7635,14.1751],[79.7452,14.1564],[79.7346,14.1273],[79.722,14.1142],[79.7078,14.1094],[79.6682,14.1211],[79.6628,14.1398],[79.6653,14.1505],[79.6404,14.1529],[79.6412,14.1133],[79.6305,14.1067],[79.5994,14.1201],[79.5997,14.1319],[79.5884,14.1419],[79.5422,14.1614],[79.5289,14.1723],[79.4918,14.1796],[79.4281,14.1851],[79.4456,14.1148],[79.4542,14.1012],[79.452,14.0771],[79.4426,14.0611],[79.4435,14.0405],[79.4368,14.0241],[79.4428,13.9982],[79.455,13.9879],[79.4499,13.9716],[79.4565,13.9524],[79.4552,13.9238],[79.4419,13.9054],[79.4431,13.8903],[79.4339,13.877],[79.4399,13.8512],[79.4533,13.8292],[79.4552,13.7857],[79.4168,13.7828],[79.4172,13.7647],[79.3744,13.7563],[79.3058,13.7241],[79.293,13.7597],[79.2416,13.761],[79.2275,13.756],[79.2156,13.775],[79.1907,13.7935],[79.1951,13.8034],[79.2112,13.8158],[79.1622,13.8495],[79.1483,13.8654],[79.1266,13.8504],[79.0996,13.8507],[79.0907,13.881],[79.0821,13.8796],[79.0236,13.8919],[79.0208,13.8791],[79.0372,13.8742],[79.0454,13.8618],[79.0233,13.8582],[79.0116,13.8445],[79.0161,13.8254],[79.042,13.8142],[79.0424,13.8053],[79.0213,13.8027],[79.0188,13.7845],[79.0231,13.7727],[79.0362,13.7712],[79.0625,13.7818],[79.0887,13.782],[79.0829,13.7626],[79.0838,13.7434],[79.0919,13.7282],[79.0845,13.7022],[79.0747,13.6859],[79.0766,13.6693],[79.0539,13.6475],[79.05,13.6209],[79.0529,13.6126],[79.0851,13.6123],[79.1483,13.6053],[79.177,13.5928],[79.1701,13.572],[79.1798,13.5465],[79.1441,13.5221],[79.1192,13.5217],[79.112,13.5153],[79.0806,13.5147],[79.0802,13.5353],[79.0612,13.5516],[79.0392,13.5541],[79.0437,13.54],[79.0169,13.5382],[78.9833,13.5104],[78.9805,13.4915],[78.997,13.4931],[79.0079,13.4813],[79.0266,13.4762],[79.0475,13.4604],[79.0504,13.4437],[79.0698,13.4506],[79.0888,13.4431],[79.0917,13.4258],[79.1066,13.4261],[79.1265,13.4175],[79.1431,13.421],[79.1535,13.414],[79.1584,13.4006],[79.1908,13.4024],[79.2076,13.4239],[79.2293,13.4178],[79.2459,13.4177],[79.2408,13.4482],[79.255,13.4557],[79.2596,13.4701],[79.3096,13.4877],[79.3413,13.4876],[79.3272,13.4723],[79.3315,13.4665],[79.3529,13.4668],[79.3679,13.4716],[79.3924,13.4919],[79.4201,13.4915],[79.4437,13.4973],[79.4589,13.5073],[79.4905,13.5106],[79.491,13.4953],[79.5092,13.4978],[79.5023,13.4738],[79.4784,13.4608],[79.4902,13.4555],[79.4986,13.4635],[79.5234,13.4599],[79.5232,13.4442],[79.5,13.4424],[79.499,13.4216],[79.4837,13.4199],[79.4855,13.4025],[79.4794,13.3857],[79.4992,13.385],[79.5106,13.3958],[79.5302,13.4036],[79.5415,13.3879],[79.5322,13.3751],[79.5198,13.3726],[79.5088,13.3593],[79.511,13.3418],[79.5264,13.3442],[79.5373,13.3386],[79.5522,13.354],[79.5785,13.3667],[79.5932,13.3615],[79.6377,13.3532],[79.6659,13.3668],[79.665,13.391],[79.6752,13.4041],[79.6916,13.4027],[79.6882,13.4352],[79.6943,13.4442],[79.7126,13.4397],[79.7158,13.4218],[79.709,13.4135],[79.7239,13.3948],[79.732,13.3762],[79.732,13.3496],[79.7479,13.345],[79.7608,13.3184],[79.7917,13.2935],[79.8043,13.3117],[79.8174,13.3186],[79.8326,13.3154],[79.8633,13.3176],[79.8679,13.3302],[79.9038,13.3404],[79.9168,13.3581],[79.9313,13.3515],[79.958,13.3792],[79.9626,13.3942],[79.9444,13.3969],[79.9396,13.425],[79.962,13.4234],[79.9733,13.4297],[79.9724,13.4691],[79.9841,13.4796],[80.0075,13.4786],[80.0159,13.498],[80.0466,13.4937],[80.0484,13.5123],[80.0272,13.5137],[80.0169,13.5295],[80.0005,13.5257],[79.9986,13.5427],[80.0134,13.5472],[80.0284,13.5388],[80.0569,13.5366],[80.0813,13.5498],[80.0886,13.5354],[80.0771,13.5268],[80.0782,13.4888],[80.0992,13.4876],[80.111,13.4919],[80.1172,13.504],[80.1446,13.5013],[80.1451,13.4914],[80.162,13.4883],[80.1865,13.4907],[80.2259,13.4851],[80.241,13.4733],[80.2511,13.5028],[80.264,13.5626],[80.2685,13.5645],[80.2426,13.6164],[80.2342,13.6535],[80.233,13.6774],[80.2396,13.7339],[80.2537,13.7809],[80.2273,13.8533],[80.2209,13.875],[80.1982,13.9172],[80.1767,13.9719],[80.1498,14.0318],[80.1431,14.0565],[80.1421,14.0746],[80.1357,14.0866],[80.1285,14.1332],[80.1264,14.1643],[80.1292,14.2195],[80.1378,14.2581]]]},"properties":{"district":"TIRUPATI"}},
{"type":"Feature","geometry":{"type":"Polygon","coordinates":[[[83.5107,17.9551],[83.5079,17.9534],[83.5037,17.9527],[83.5024,17.9526],[83.4961,17.9513],[83.4919,17.9512],[83.4907,17.951],[83.4848,17.9491],[83.4829,17.9488],[83.4825,17.9489],[83.4815,17.9495],[83.4753,17.9554],[83.4745,17.96],[83.4697,17.9657],[83.4646,17.9653],[83.4623,17.9643],[83.4617,17.9631],[83.4558,17.9611],[83.4517,17.9603],[83.4515,17.9598],[83.4508,17.9553],[83.4508,17.9527],[83.4508,17.9469],[83.4438,17.9461],[83.441,17.9472],[83.4379,17.9472],[83.4373,17.9459],[83.4456,17.9391],[83.4453,17.9323],[83.4448,17.9289],[83.4477,17.9266],[83.4508,17.9252],[83.4489,17.9242],[83.4446,17.9235],[83.4431,17.9227],[83.4385,17.9326],[83.4306,17.9357],[83.4289,17.9394],[83.4241,17.9409],[83.4213,17.9436],[83.4212,17.9442],[83.4209,17.9459],[83.4185,17.9482],[83.4064,17.9634],[83.4106,17.9701],[83.4108,17.9701],[83.4135,17.9794],[83.4201,17.9873],[83.4203,17.9874],[83.4221,17.9919],[83.4238,17.9993],[83.4238,18.0007],[83.4238,18.001],[83.4229,18.0028],[83.4209,18.0069],[83.4204,18.0097],[83.4206,18.0126],[83.4148,18.0161],[83.414,18.016],[83.4128,18.0159],[83.4061,18.0157],[83.4032,18.0165],[83.3927,18.0174],[83.3933,18.0203],[83.3934,18.0209],[83.3953,18.0283],[83.3965,18.0289],[83.3995,18.0348],[83.4004,18.0361],[83.4014,18.0374],[83.4012,18.0397],[83.4031,18.0427],[83.4036,18.0497],[83.4032,18.0504],[83.4023,18.0519],[83.4034,18.0551],[83.4036,18.0576],[83.4031,18.057],[83.3948,18.0508],[83.3936,18.0508],[83.3914,18.0503],[83.39,18.0504],[83.3786,18.0527],[83.3717,18.0537],[83.3697,18.0555],[83.369,18.0557],[83.3672,18.056],[83.3653,18.0564],[83.3651,18.0565],[83.3644,18.0583],[83.3651,18.0609],[83.3656,18.0622],[83.3605,18.0647],[83.3593,18.0647],[83.3534,18.0575],[83.3526,18.0569],[83.3522,18.0559],[83.3527,18.055],[83.3537,18.0518],[83.3505,18.0497],[83.3477,18.0509],[83.3454,18.0512],[83.3431,18.0491],[83.3429,18.0487],[83.3407,18.0458],[83.3364,18.046],[83.3351,18.0461],[83.3336,18.0455],[83.332,18.0443],[83.3314,18.0441],[83.3283,18.0406],[83.3271,18.0397],[83.3201,18.0347],[83.3193,18.0315],[83.3183,18.0282],[83.3181,18.0263],[83.3173,18.0259],[83.3169,18.0258],[83.3107,18.029],[83.3087,18.0301],[83.3073,18.0322],[83.3104,18.0244],[83.3107,18.0239],[83.31,18.0212],[83.3096,18.0205],[83.3096,18.0196],[83.3111,18.0186],[83.3139,18.0166],[83.3138,18.0115],[83.3103,18.005],[83.3102,18.0045],[83.3067,18.0046],[83.3022,18.0077],[83.2941,18.0081],[83.2884,18.0077],[83.2922,17.9989],[83.2931,17.9981],[83.2908,17.9985],[83.2895,17.9995],[83.2843,18.0013],[83.2823,18.0019],[83.2732,18.0051],[83.2718,18.0019],[83.2711,18.0013],[83.2703,18.0009],[83.27,17.9997],[83.2694,17.9978],[83.2692,17.9971],[83.2686,17.9969],[83.2664,17.9968],[83.2663,17.9965],[83.2663,17.9952],[83.2661,17.9924],[83.266,17.9922],[83.2657,17.9911],[83.2656,17.9904],[83.2656,17.9901],[83.2645,17.9868],[83.2629,17.9843],[83.2623,17.9833],[83.2619,17.9825],[83.2552,17.9752],[83.252,17.974],[83.2512,17.9737],[83.2504,17.9731],[83.2509,17.9712],[83.2511,17.9707],[83.2514,17.9693],[83.2519,17.968],[83.252,17.9675],[83.2521,17.967],[83.2507,17.965],[83.2492,17.9623],[83.247,17.9581],[83.2372,17.951],[83.2304,17.9493],[83.226,17.9443],[83.2278,17.9424],[83.2297,17.9404],[83.2328,17.9336],[83.2326,17.9303],[83.2369,17.9249],[83.2431,17.9256],[83.2481,17.9272],[83.2483,17.927],[83.2494,17.9259],[83.251,17.9243],[83.2544,17.9213],[83.2548,17.921],[83.2559,17.92],[83.2589,17.9173],[83.2594,17.9169],[83.2596,17.9156],[83.2569,17.9152],[83.2561,17.9149],[83.2553,17.9145],[83.2536,17.9134],[83.2529,17.9128],[83.2522,17.9122],[83.2511,17.9113],[83.2454,17.9071],[83.2384,17.901],[83.2346,17.8898],[83.2325,17.8864],[83.2317,17.8859],[83.2305,17.8773],[83.2306,17.8757],[83.2267,17.8736],[83.2247,17.8738],[83.2202,17.8751],[83.2171,17.876],[83.2163,17.882],[83.2106,17.8782],[83.2062,17.8645],[83.2105,17.8599],[83.2093,17.8592],[83.2062,17.8533],[83.2053,17.8476],[83.2015,17.8489],[83.2006,17.8476],[83.1987,17.8484],[83.1849,17.8526],[83.1784,17.8465],[83.1746,17.8477],[83.1704,17.8478],[83.1663,17.8489],[83.1642,17.8492],[83.1639,17.8487],[83.1613,17.8397],[83.1613,17.8383],[83.1612,17.834],[83.162,17.8218],[83.1608,17.8035],[83.1614,17.7922],[83.1606,17.7871],[83.1629,17.7826],[83.1631,17.781],[83.1635,17.7781],[83.1634,17.7768],[83.1615,17.7766],[83.1574,17.7741],[83.1567,17.7686],[83.1607,17.7499],[83.1592,17.745],[83.1567,17.7368],[83.1539,17.7339],[83.1439,17.7161],[83.1399,17.7151],[83.1387,17.7159],[83.1364,17.7156],[83.1354,17.7151],[83.1342,17.7116],[83.1281,17.7127],[83.1219,17.7138],[83.121,17.7079],[83.1178,17.6976],[83.1169,17.6978],[83.113,17.6966],[83.1121,17.6949],[83.1125,17.6886],[83.1131,17.6855],[83.1137,17.684],[83.117,17.6822],[83.1189,17.6812],[83.1315,17.6859],[83.1378,17.6817],[83.141,17.6808],[83.1414,17.6806],[83.1405,17.6768],[83.148,17.6728],[83.1506,17.6726],[83.1498,17.6656],[83.1467,17.6577],[83.1454,17.6564],[83.1513,17.6496],[83.1405,17.6303],[83.1328,17.6177],[83.1299,17.614],[83.1284,17.6117],[83.1281,17.6032],[83.1259,17.6008],[83.1253,17.6006],[83.1238,17.5979],[83.1234,17.596],[83.1236,17.5947],[83.1212,17.5822],[83.1138,17.5506],[83.1628,17.561],[83.174,17.5751],[83.1972,17.5843],[83.2325,17.6086],[83.2317,17.6193],[83.2419,17.6346],[83.2613,17.6501],[83.2821,17.6608],[83.2943,17.6745],[83.2962,17.6929],[83.3177,17.71],[83.3434,17.7232],[83.3445,17.7396],[83.3629,17.7635],[83.3871,17.7799],[83.3856,17.7851],[83.4109,17.8094],[83.4162,17.8337],[83.4096,17.8434],[83.4215,17.8578],[83.4439,17.873],[83.4553,17.8963],[83.4693,17.9112],[83.5132,17.9377],[83.5107,17.9551]]]},"properties":{"district":"VISAKHAPATNAM"}},
{"type":"Feature","geometry":{"type":"Polygon","coordinates":[[[83.1511,18.3411],[83.1482,18.328],[83.1725,18.3139],[83.1901,18.3296],[83.2125,18.3352],[83.2208,18.3316],[83.21,18.3069],[83.2104,18.2863],[83.2295,18.2885],[83.2588,18.2767],[83.258,18.2509],[83.265,18.2294],[83.2463,18.2302],[83.2406,18.2225],[83.2415,18.2026],[83.1956,18.1995],[83.1806,18.2191],[83.1562,18.2091],[83.1412,18.187],[83.1292,18.1786],[83.1139,18.1885],[83.1174,18.1565],[83.1113,18.139],[83.1287,18.1089],[83.1271,18.0984],[83.0743,18.0857],[83.0686,18.0734],[83.0466,18.0722],[83.0508,18.0637],[83.024,18.0601],[83.0142,18.0511],[83.0063,18.0236],[83.0113,18.0057],[83.0063,17.9773],[83.0227,17.9708],[83.0346,17.9729],[83.0668,17.9464],[83.1105,17.9395],[83.1076,17.9234],[83.1251,17.9078],[83.1245,17.8863],[83.1294,17.8736],[83.1444,17.8716],[83.1455,17.8454],[83.1611,17.8406],[83.1639,17.8487],[83.1642,17.8492],[83.1663,17.8489],[83.1704,17.8478],[83.1746,17.8477],[83.1784,17.8465],[83.1849,17.8526],[83.1987,17.8484],[83.2006,17.8476],[83.2015,17.8489],[83.2053,17.8476],[83.2062,17.8533],[83.2093,17.8592],[83.2105,17.8599],[83.2062,17.8645],[83.2106,17.8782],[83.2163,17.882],[83.2171,17.876],[83.2202,17.8751],[83.2247,17.8738],[83.2267,17.8736],[83.2306,17.8757],[83.2305,17.8773],[83.2317,17.8859],[83.2325,17.8864],[83.2346,17.8898],[83.2384,17.901],[83.2454,17.9071],[83.2511,17.9113],[83.2522,17.9122],[83.2529,17.9128],[83.2536,17.9134],[83.2553,17.9145],[83.2561,17.9149],[83.2569,17.9152],[83.2596,17.9156],[83.2594,17.9169],[83.2589,17.9173],[83.2559,17.92],[83.2548,17.921],[83.2544,17.9213],[83.251,17.9243],[83.2494,17.9259],[83.2483,17.927],[83.2481,17.9272],[83.2431,17.9256],[83.2369,17.9249],[83.2326,17.9303],[83.2328,17.9336],[83.2297,17.9404],[83.2278,17.9424],[83.226,17.9443],[83.2304,17.9493],[83.2372,17.951],[83.247,17.9581],[83.2492,17.9623],[83.2507,17.965],[83.2521,17.967],[83.252,17.9675],[83.2519,17.968],[83.2514,17.9693],[83.2511,17.9707],[83.2509,17.9712],[83.2504,17.9731],[83.2512,17.9737],[83.252,17.974],[83.2552,17.9752],[83.2619,17.9825],[83.2623,17.9833],[83.2629,17.9843],[83.2645,17.9868],[83.2656,17.9901],[83.2656,17.9904],[83.2657,17.9911],[83.266,17.9922],[83.2661,17.9924],[83.2663,17.9952],[83.2663,17.9965],[83.2664,17.9968],[83.2686,17.9969],[83.2692,17.9971],[83.2694,17.9978],[83.27,17.9997],[83.2703,18.0009],[83.2711,18.0013],[83.2718,18.0019],[83.2732,18.0051],[83.2823,18.0019],[83.2843,18.0013],[83.2895,17.9995],[83.2908,17.9985],[83.2931,17.9981],[83.2922,17.9989],[83.2884,18.0077],[83.2941,18.0081],[83.3022,18.0077],[83.3067,18.0046],[83.3102,18.0045],[83.3103,18.005],[83.3138,18.0115],[83.3139,18.0166],[83.3111,18.0186],[83.3096,18.0196],[83.3096,18.0205],[83.31,18.0212],[83.3107,18.0239],[83.3104,18.0244],[83.3073,18.0322],[83.3087,18.0301],[83.3107,18.029],[83.3169,18.0258],[83.3173,18.0259],[83.3181,18.0263],[83.3183,18.0282],[83.3193,18.0315],[83.3201,18.0347],[83.3271,18.0397],[83.3283,18.0406],[83.3314,18.0441],[83.332,18.0443],[83.3336,18.0455],[83.3351,18.0461],[83.3364,18.046],[83.3407,18.0458],[83.3429,18.0487],[83.3431,18.0491],[83.3454,18.0512],[83.3477,18.0509],[83.3505,18.0497],[83.3537,18.0518],[83.3527,18.055],[83.3522,18.0559],[83.3526,18.0569],[83.3534,18.0575],[83.3593,18.0647],[83.3605,18.0647],[83.3656,18.0622],[83.3651,18.0609],[83.3644,18.0583],[83.3651,18.0565],[83.3653,18.0564],[83.3672,18.056],[83.369,18.0557],[83.3697,18.0555],[83.3717,18.0537],[83.3786,18.0527],[83.39,18.0504],[83.3914,18.0503],[83.3936,18.0508],[83.3948,18.0508],[83.4031,18.057],[83.4036,18.0576],[83.4034,18.0551],[83.4023,18.0519],[83.4032,18.0504],[83.4036,18.0497],[83.4031,18.0427],[83.4012,18.0397],[83.4014,18.0374],[83.4004,18.0361],[83.3995,18.0348],[83.3965,18.0289],[83.3953,18.0283],[83.3934,18.0209],[83.3933,18.0203],[83.3927,18.0174],[83.4032,18.0165],[83.4061,18.0157],[83.4128,18.0159],[83.414,18.016],[83.4148,18.0161],[83.4206,18.0126],[83.4204,18.0097],[83.4209,18.0069],[83.4229,18.0028],[83.4238,18.001],[83.4238,18.0007],[83.4238,17.9993],[83.4221,17.9919],[83.4203,17.9874],[83.4201,17.9873],[83.4135,17.9794],[83.4108,17.9701],[83.4106,17.9701],[83.4064,17.9634],[83.4185,17.9482],[83.4209,17.9459],[83.4212,17.9442],[83.4213,17.9436],[83.4241,17.9409],[83.4289,17.9394],[83.4306,17.9357],[83.4385,17.9326],[83.4431,17.9227],[83.4446,17.9235],[83.4489,17.9242],[83.4508,17.9252],[83.4477,17.9266],[83.4448,17.9289],[83.4453,17.9323],[83.4456,17.9391],[83.4373,17.9459],[83.4379,17.9472],[83.441,17.9472],[83.4438,17.9461],[83.4508,17.9469],[83.4508,17.9527],[83.4508,17.9553],[83.4515,17.9598],[83.4517,17.9603],[83.4558,17.9611],[83.4617,17.9631],[83.4623,17.9643],[83.4646,17.9653],[83.4697,17.9657],[83.4745,17.96],[83.4753,17.9554],[83.4815,17.9495],[83.4825,17.9489],[83.4829,17.9488],[83.4848,17.9491],[83.4907,17.951],[83.4919,17.9512],[83.4961,17.9513],[83.5024,17.9526],[83.5037,17.9527],[83.5079,17.9534],[83.5107,17.9551],[83.5249,17.9475],[83.5438,17.9633],[83.5609,17.9889],[83.5602,17.9998],[83.5694,18.0118],[83.6124,18.0425],[83.6308,18.053],[83.6635,18.0779],[83.6632,18.0871],[83.6457,18.1054],[83.6236,18.1127],[83.6244,18.1259],[83.6074,18.1433],[83.6027,18.1645],[83.6117,18.1653],[83.614,18.1846],[83.6039,18.1926],[83.6087,18.2133],[83.6293,18.2173],[83.6527,18.2072],[83.6674,18.233],[83.6686,18.271],[83.6743,18.2828],[83.6902,18.2848],[83.703,18.2966],[83.6796,18.3135],[83.6573,18.3224],[83.6313,18.322],[83.5955,18.3442],[83.5862,18.3562],[83.6074,18.3897],[83.6144,18.3826],[83.6405,18.3791],[83.6556,18.3884],[83.6992,18.389],[83.7087,18.3915],[83.7,18.412],[83.7008,18.4414],[83.7156,18.4487],[83.7314,18.4314],[83.739,18.4102],[83.7578,18.3964],[83.7697,18.3798],[83.7901,18.3758],[83.7985,18.3927],[83.8098,18.3958],[83.8283,18.3869],[83.8246,18.4052],[83.8343,18.422],[83.8108,18.4368],[83.82,18.4663],[83.8185,18.4736],[83.7979,18.4942],[83.7877,18.5116],[83.8027,18.5399],[83.7962,18.5486],[83.7811,18.546],[83.7727,18.5658],[83.7588,18.5696],[83.7447,18.5821],[83.7307,18.5655],[83.7211,18.5711],[83.7011,18.5714],[83.6829,18.5834],[83.6694,18.5808],[83.6467,18.5914],[83.6358,18.6049],[83.6351,18.6154],[83.6226,18.6278],[83.62,18.6398],[83.6039,18.6497],[83.6042,18.6586],[83.5869,18.6633],[83.5731,18.6755],[83.5725,18.6942],[83.5443,18.7108],[83.5416,18.6854],[83.5533,18.6828],[83.5614,18.667],[83.5501,18.6492],[83.556,18.6381],[83.548,18.6238],[83.5492,18.5962],[83.5652,18.5871],[83.5413,18.578],[83.5382,18.5633],[83.5266,18.5523],[83.5428,18.5391],[83.5369,18.5274],[83.5165,18.5264],[83.5145,18.5358],[83.4976,18.5452],[83.4923,18.5578],[83.4725,18.5694],[83.4859,18.5843],[83.4909,18.6093],[83.4652,18.6182],[83.4547,18.6395],[83.4458,18.6371],[83.4428,18.6172],[83.4268,18.6122],[83.4017,18.6202],[83.3847,18.6087],[83.378,18.5974],[83.3592,18.5928],[83.3374,18.6374],[83.3159,18.6416],[83.2891,18.6195],[83.2773,18.6255],[83.2567,18.5968],[83.2563,18.5736],[83.2663,18.5726],[83.2603,18.5536],[83.2646,18.5433],[83.2588,18.5302],[83.225,18.5184],[83.2066,18.4774],[83.1989,18.4763],[83.1901,18.454],[83.2066,18.4365],[83.2005,18.4054],[83.1629,18.3629],[83.1511,18.3411]]]},"properties":{"district":"VIZIANAGARAM"}},
{"type":"Feature","geometry":{"type":"Polygon","coordinates":[[[81.8015,16.6946],[81.789,16.6848],[81.7684,16.681],[81.7495,16.7048],[81.7526,16.7279],[81.7368,16.7242],[81.7204,16.7288],[81.7242,16.7594],[81.7213,16.7644],[81.6821,16.7674],[81.6684,16.7745],[81.6452,16.7785],[81.625,16.7954],[81.6322,16.8022],[81.6389,16.8264],[81.6523,16.8378],[81.6563,16.8513],[81.6374,16.857],[81.6296,16.8691],[81.6242,16.891],[81.6144,16.8984],[81.592,16.9046],[81.574,16.9012],[81.5656,16.9137],[81.5536,16.9182],[81.5501,16.9342],[81.5394,16.9481],[81.5278,16.9426],[81.4928,16.9573],[81.4878,16.9379],[81.4867,16.9127],[81.4718,16.8976],[81.4604,16.8991],[81.4572,16.8703],[81.4757,16.8576],[81.4867,16.8187],[81.4974,16.8131],[81.4724,16.7796],[81.4775,16.7607],[81.4658,16.7544],[81.4408,16.7569],[81.4432,16.7345],[81.4582,16.7104],[81.4575,16.6998],[81.4428,16.6884],[81.4583,16.6767],[81.4326,16.6616],[81.397,16.6672],[81.3579,16.6641],[81.3432,16.6579],[81.3401,16.6743],[81.3532,16.6789],[81.3533,16.6926],[81.3289,16.6892],[81.3337,16.6706],[81.3276,16.6196],[81.3572,16.5999],[81.3466,16.5922],[81.3473,16.5535],[81.3395,16.5275],[81.3384,16.5052],[81.3642,16.5061],[81.3719,16.4949],[81.369,16.4754],[81.3737,16.4613],[81.4028,16.4277],[81.4266,16.4116],[81.4396,16.398],[81.45,16.4045],[81.4703,16.3982],[81.4922,16.3709],[81.5127,16.3703],[81.5227,16.381],[81.5467,16.3783],[81.5525,16.3471],[81.6273,16.338],[81.6906,16.3275],[81.7109,16.3167],[81.7125,16.3181],[81.717,16.3588],[81.7067,16.3924],[81.6988,16.4072],[81.6999,16.4231],[81.7112,16.4441],[81.7284,16.4406],[81.7333,16.4259],[81.7463,16.4202],[81.7617,16.4283],[81.7821,16.4506],[81.7997,16.4776],[81.8198,16.4904],[81.8428,16.4936],[81.8484,16.5018],[81.8449,16.5298],[81.8517,16.5475],[81.8584,16.5988],[81.8571,16.611],[81.8397,16.6505],[81.8111,16.6791],[81.8015,16.6946]]]},"properties":{"district":"WEST GODAVARI"}},
{"type":"Feature","geometry":{"type":"Polygon","coordinates":[[[79.0892,15.0485],[79.0757,15.1044],[79.0699,15.1742],[79.0168,15.1798],[79.0101,15.1679],[78.9814,15.1649],[78.9574,15.1763],[78.951,15.2006],[78.9478,15.2287],[78.927,15.2288],[78.9194,15.1873],[78.9058,15.1879],[78.8671,15.1976],[78.7775,15.2],[78.7583,15.185],[78.7533,15.1586],[78.7514,15.1014],[78.7603,15.0799],[78.7623,15.0591],[78.7487,15.0343],[78.7154,15.0013],[78.718,14.9689],[78.6917,14.9683],[78.6845,14.9388],[78.6603,14.9301],[78.63,14.9259],[78.6252,14.9471],[78.6021,14.9541],[78.5918,14.9393],[78.5838,14.9461],[78.5635,14.9319],[78.5469,14.9331],[78.5515,14.9614],[78.5282,14.9605],[78.5197,14.9434],[78.4935,14.9166],[78.4852,14.9008],[78.4773,14.9026],[78.483,14.9226],[78.4982,14.9558],[78.5049,14.9549],[78.5166,14.9969],[78.5122,15.0416],[78.5156,15.0608],[78.5056,15.0701],[78.4816,15.0714],[78.4786,15.0539],[78.4848,15.0412],[78.4572,15.0311],[78.4443,15.0344],[78.4193,15.0318],[78.4136,15.011],[78.4097,14.973],[78.3872,14.9697],[78.3593,14.9859],[78.3428,15.0031],[78.3532,15.0313],[78.3659,15.0292],[78.3998,15.0489],[78.378,15.0567],[78.3637,15.0523],[78.3546,15.0621],[78.2876,15.0727],[78.275,15.0583],[78.2837,15.0313],[78.2602,15.0269],[78.2439,14.9995],[78.2358,15.0036],[78.2245,14.9778],[78.2204,14.9555],[78.2113,14.9524],[78.1794,14.9646],[78.1533,14.96],[78.1516,14.9491],[78.1369,14.9481],[78.1312,14.9345],[78.1131,14.9319],[78.0943,14.8846],[78.0891,14.8579],[78.1093,14.854],[78.1013,14.8174],[78.0762,14.8275],[78.0656,14.7976],[78.0461,14.7724],[78.0764,14.7527],[78.0776,14.7453],[78.0634,14.7187],[78.0938,14.7139],[78.0965,14.7014],[78.1347,14.6956],[78.1295,14.6494],[78.1194,14.6344],[78.1216,14.624],[78.0881,14.6307],[78.0742,14.5884],[78.0646,14.5728],[78.0395,14.5667],[78.0443,14.547],[78.04,14.5338],[78.0219,14.5335],[77.9877,14.5406],[77.9806,14.5672],[77.9695,14.5754],[77.9671,14.587],[77.9441,14.5708],[77.9628,14.5559],[77.977,14.5381],[77.9726,14.5325],[77.9982,14.5007],[78.0006,14.489],[78.0307,14.4649],[78.0636,14.4349],[78.0851,14.4218],[78.0859,14.4154],[78.1067,14.3932],[78.137,14.379],[78.1726,14.354],[78.2184,14.3284],[78.2289,14.3157],[78.2533,14.305],[78.2773,14.305],[78.285,14.2921],[78.3295,14.2904],[78.3574,14.2929],[78.3947,14.2773],[78.4165,14.2782],[78.4239,14.2738],[78.4085,14.2266],[78.4059,14.2014],[78.4283,14.1982],[78.43,14.1825],[78.4203,14.1705],[78.425,14.141],[78.4435,14.1381],[78.4772,14.1608],[78.4988,14.1718],[78.5248,14.1695],[78.5284,14.1544],[78.5648,14.1607],[78.5659,14.1717],[78.5876,14.1767],[78.5894,14.1883],[78.6267,14.2104],[78.6183,14.2346],[78.5991,14.2512],[78.5944,14.2734],[78.602,14.2826],[78.6192,14.2828],[78.6593,14.2654],[78.6533,14.2492],[78.674,14.2491],[78.6836,14.2694],[78.6711,14.2984],[78.7163,14.2937],[78.7371,14.295],[78.7696,14.3164],[78.8019,14.3009],[78.8141,14.291],[78.8384,14.2983],[78.8716,14.2978],[78.8807,14.3233],[78.9022,14.3217],[78.9113,14.2969],[78.9284,14.2764],[78.942,14.2715],[78.9696,14.2827],[78.9908,14.2703],[79.0252,14.29],[79.0401,14.2815],[79.0754,14.2824],[79.0837,14.2979],[79.1004,14.3058],[79.1178,14.306],[79.146,14.2945],[79.1562,14.3156],[79.1552,14.3267],[79.1313,14.3377],[79.1217,14.3573],[79.1224,14.3702],[79.1411,14.3711],[79.1551,14.3573],[79.1652,14.3568],[79.184,14.3841],[79.2325,14.4147],[79.2426,14.441],[79.2751,14.4476],[79.2818,14.4719],[79.293,14.485],[79.2782,14.5329],[79.2676,14.5511],[79.2486,14.5708],[79.2418,14.5934],[79.2295,14.6027],[79.2197,14.5883],[79.1889,14.6166],[79.1816,14.6439],[79.1871,14.6574],[79.174,14.6826],[79.1839,14.6889],[79.1863,14.7109],[79.1717,14.7381],[79.1605,14.7807],[79.1511,14.7929],[79.1445,14.8182],[79.142,14.8424],[79.1325,14.8696],[79.1042,14.8987],[79.0928,14.933],[79.0814,14.983],[79.0872,15.0011],[79.0841,15.0152],[79.0892,15.0485]]]},"properties":{"district":"YSR KADAPA"}}
]}