{"type":"FeatureCollection", "features": [
{"type":"Feature","geometry":{"type":"Polygon","coordinates":[[[74.5016,21.7825],[74.5242,21.9114],[74.3875,22.0202],[74.2815,21.9329],[74.1924,21.926],[74.1326,21.9505],[74.0516,21.9269],[73.8277,21.8094],[73.8363,21.7467],[73.8809,21.7151],[73.888,21.6531],[73.8142,21.6009],[73.8532,21.4975],[74.0549,21.5578],[74.0642,21.6695],[74.3675,21.6928],[74.3855,21.7264],[74.4674,21.7324],[74.5016,21.7825]]]},"properties":{"AC_NO":1,"AC_NAME":"Akkalkuwa (ST)","district":"NANDURBAR","PC_NO":1,"PC_NAME":"NANDURBAR (ST)"}},
{"type":"Feature","geometry":{"type":"Polygon","coordinates":[[[74.0549,21.5578],[74.196,21.5319],[74.2767,21.5621],[74.3319,21.5458],[74.3455,21.6328],[74.4273,21.6314],[74.4526,21.5208],[74.6281,21.5151],[74.7584,21.5524],[74.7709,21.6157],[74.5823,21.6649],[74.5143,21.7187],[74.5016,21.7825],[74.4674,21.7324],[74.3855,21.7264],[74.3675,21.6928],[74.0642,21.6695],[74.0549,21.5578]]]},"properties":{"AC_NO":2,"AC_NAME":"Shahada (ST)","district":"NANDURBAR","PC_NO":1,"PC_NAME":"NANDURBAR (ST)"}},
{"type":"Feature","geometry":{"type":"Polygon","coordinates":[[[77.5633,21.3696],[77.4882,21.3743],[77.4736,21.4546],[77.4224,21.5169],[77.4551,21.5535],[77.5751,21.5263],[77.5726,21.6168],[77.542,21.706],[77.5019,21.7462],[77.28,21.7584],[77.2102,21.6898],[77.1299,21.7222],[77.0057,21.6787],[76.902,21.5971],[76.7953,21.5939],[76.7634,21.5207],[76.7956,21.4896],[76.7395,21.4107],[76.6216,21.3326],[76.6628,21.2806],[76.7242,21.2891],[76.7818,21.1885],[76.9982,21.1958],[77.0064,21.2288],[77.1311,21.2203],[77.1739,21.2432],[77.2935,21.2472],[77.3772,21.1882],[77.4467,21.1745],[77.471,21.3],[77.5373,21.3141],[77.5633,21.3696]]]},"properties":{"AC_NO":41,"AC_NAME":"Melghat (ST)","district":"AMRAVATI","PC_NO":7,"PC_NAME":"AMRAVATI (SC)"}},
{"type":"Feature","geometry":{"type":"Polygon","coordinates":[[[74.3319,21.5458],[74.3209,21.4985],[74.1944,21.4601],[74.2172,21.3394],[74.3071,21.2704],[74.3034,21.2393],[74.3536,21.2314],[74.4073,21.2659],[74.4099,21.2571],[74.491,21.2401],[74.4826,21.3094],[74.502,21.4156],[74.6853,21.4045],[74.6998,21.4696],[74.7512,21.4866],[74.7584,21.5524],[74.6281,21.5151],[74.4526,21.5208],[74.4273,21.6314],[74.3455,21.6328],[74.3319,21.5458]]]},"properties":{"AC_NO":3,"AC_NAME":"Nandurbar (ST)","district":"NANDURBAR","PC_NO":1,"PC_NAME":"NANDURBAR (ST)"}},
{"type":"Feature","geometry":{"type":"Polygon","coordinates":[[[75.207,21.4131],[75.1074,21.4628],[75.0537,21.5641],[74.8714,21.6316],[74.7709,21.6157],[74.7584,21.5524],[74.7512,21.4866],[74.6998,21.4696],[74.6853,21.4045],[74.7691,21.3629],[74.8355,21.2797],[74.9447,21.2256],[75.0109,21.187],[75.1061,21.238],[75.1391,21.2907],[75.1302,21.35],[75.207,21.4131]]]},"properties":{"AC_NO":9,"AC_NAME":"Shirpur (ST)","district":"DHULE","PC_NO":1,"PC_NAME":"NANDURBAR (ST)"}},
{"type":"Feature","geometry":{"type":"Polygon","coordinates":[[[79.5392,21.543],[79.4962,21.6744],[79.2903,21.6926],[79.2229,21.6489],[79.0138,21.5998],[79.002,21.5072],[79.0675,21.4623],[79.0491,21.3862],[79.136,21.2741],[79.2823,21.1902],[79.3273,21.2236],[79.3908,21.2088],[79.4848,21.2527],[79.4444,21.3158],[79.504,21.389],[79.4488,21.4356],[79.4803,21.5013],[79.5392,21.543]]]},"properties":{"AC_NO":59,"AC_NAME":"Ramtek","district":"NAGPUR","PC_NO":9,"PC_NAME":"RAMTEK (SC)"}},
{"type":"Feature","geometry":{"type":"Polygon","coordinates":[[[74.1944,21.4601],[74.1604,21.4686],[74.0445,21.4193],[73.9441,21.4],[73.9428,21.2999],[73.8271,21.2674],[73.816,21.174],[73.7406,21.1677],[73.7053,21.109],[73.8513,20.9976],[73.8548,21.0329],[73.9555,21.0396],[73.9485,21.0835],[74.0861,21.1932],[74.2195,21.2402],[74.3034,21.2393],[74.3071,21.2704],[74.2172,21.3394],[74.1944,21.4601]]]},"properties":{"AC_NO":4,"AC_NAME":"Nawapur (ST)","district":"NANDURBAR","PC_NO":1,"PC_NAME":"NANDURBAR (ST)"}},
{"type":"Feature","geometry":{"type":"Polygon","coordinates":[[[78.4361,21.4998],[78.4185,21.5712],[78.2648,21.5915],[78.1762,21.5005],[78.0813,21.4448],[77.9037,21.3774],[77.8366,21.4004],[77.8341,21.322],[77.7665,21.1538],[77.8474,21.2061],[77.8357,21.2657],[78.0572,21.239],[78.0856,21.3592],[78.1569,21.3313],[78.2494,21.3313],[78.3637,21.3837],[78.4482,21.4031],[78.4361,21.4998]]]},"properties":{"AC_NO":43,"AC_NAME":"Morshi","district":"AMRAVATI","PC_NO":8,"PC_NAME":"WARDHA"}},
{"type":"Feature","geometry":{"type":"Polygon","coordinates":[[[79.0138,21.5998],[78.918,21.5609],[78.9367,21.4859],[78.7507,21.493],[78.7077,21.4705],[78.752,21.2917],[78.8072,21.2545],[78.7897,21.2055],[78.8894,21.1184],[78.9298,21.1368],[78.9712,21.2781],[79.0211,21.2693],[79.136,21.2741],[79.0491,21.3862],[79.0675,21.4623],[79.002,21.5072],[79.0138,21.5998]]]},"properties":{"AC_NO":49,"AC_NAME":"Savner","district":"NAGPUR","PC_NO":9,"PC_NAME":"RAMTEK (SC)"}},
{"type":"Feature","geometry":{"type":"Polygon","coordinates":[[[80.3372,21.544],[80.2533,21.6249],[80.1204,21.6106],[80.0755,21.5599],[80.0856,21.5079],[80.1504,21.4791],[80.1149,21.4256],[80.213,21.4141],[80.2709,21.3743],[80.3174,21.4505],[80.3372,21.544]]]},"properties":{"AC_NO":65,"AC_NAME":"Gondiya","district":"GONDIA","PC_NO":11,"PC_NAME":"BHANDARA-GONDIYA"}},
{"type":"Feature","geometry":{"type":"Polygon","coordinates":[[[79.9191,21.5244],[79.8634,21.5307],[79.7362,21.6041],[79.6563,21.5594],[79.5392,21.543],[79.4803,21.5013],[79.4488,21.4356],[79.504,21.389],[79.5756,21.2758],[79.5613,21.2262],[79.6162,21.2097],[79.679,21.2593],[79.8344,21.2203],[79.8356,21.2245],[79.8302,21.3092],[79.7997,21.3811],[79.926,21.4915],[79.9191,21.5244]]]},"properties":{"AC_NO":60,"AC_NAME":"Tumsar","district":"BHANDARA","PC_NO":11,"PC_NAME":"BHANDARA-GONDIYA"}},
{"type":"Feature","geometry":{"type":"Polygon","coordinates":[[[74.6853,21.4045],[74.502,21.4156],[74.4826,21.3094],[74.491,21.2401],[74.4099,21.2571],[74.4073,21.2659],[74.3536,21.2314],[74.4334,21.1034],[74.5465,21.0953],[74.5809,21.117],[74.7187,21.0708],[74.7983,21.1004],[74.867,21.0734],[74.9447,21.2256],[74.8355,21.2797],[74.7691,21.3629],[74.6853,21.4045]]]},"properties":{"AC_NO":8,"AC_NAME":"Sindkheda","district":"DHULE","PC_NO":2,"PC_NAME":"DHULE"}},
{"type":"Feature","geometry":{"type":"Polygon","coordinates":[[[80.0755,21.5599],[79.9191,21.5244],[79.926,21.4915],[79.7997,21.3811],[79.8302,21.3092],[79.8356,21.2245],[79.9404,21.2529],[79.9902,21.2306],[80.0396,21.2895],[80.1305,21.2658],[80.1496,21.3269],[80.2885,21.3243],[80.2709,21.3743],[80.213,21.4141],[80.1149,21.4256],[80.1504,21.4791],[80.0856,21.5079],[80.0755,21.5599]]]},"properties":{"AC_NO":64,"AC_NAME":"Tirora","district":"GONDIA","PC_NO":11,"PC_NAME":"BHANDARA-GONDIYA"}},
{"type":"Feature","geometry":{"type":"Polygon","coordinates":[[[78.7077,21.4705],[78.5861,21.4875],[78.5117,21.5288],[78.4361,21.4998],[78.4482,21.4031],[78.3637,21.3837],[78.2494,21.3313],[78.3301,21.2504],[78.4774,21.2196],[78.5558,21.1159],[78.6491,21.0367],[78.683,21.0289],[78.6966,21.0729],[78.8894,21.1184],[78.7897,21.2055],[78.8072,21.2545],[78.752,21.2917],[78.7077,21.4705]]]},"properties":{"AC_NO":48,"AC_NAME":"Katol","district":"NAGPUR","PC_NO":9,"PC_NAME":"RAMTEK (SC)"}},
{"type":"Feature","geometry":{"type":"Polygon","coordinates":[[[75.7595,21.38],[75.4259,21.3909],[75.3829,21.3796],[75.207,21.4131],[75.1302,21.35],[75.1391,21.2907],[75.1061,21.238],[75.0109,21.187],[75.231,21.1506],[75.3293,21.1413],[75.3626,21.1784],[75.4354,21.181],[75.5746,21.124],[75.6809,21.1092],[75.7312,21.1425],[75.7658,21.2595],[75.7092,21.2649],[75.6661,21.3438],[75.7595,21.38]]]},"properties":{"AC_NO":10,"AC_NAME":"Chopda (ST)","district":"JALGAON","PC_NO":4,"PC_NAME":"RAVER"}},
{"type":"Feature","geometry":{"type":"Polygon","coordinates":[[[80.5611,20.8228],[80.5417,20.9248],[80.4634,20.9297],[80.4391,21.0966],[80.464,21.1751],[80.6157,21.228],[80.6816,21.3121],[80.5667,21.3459],[80.5171,21.3953],[80.4221,21.4406],[80.3758,21.5238],[80.3372,21.544],[80.3174,21.4505],[80.2709,21.3743],[80.2885,21.3243],[80.3506,21.2099],[80.2919,21.1424],[80.2948,21.0587],[80.238,20.982],[80.2871,20.9496],[80.2389,20.8641],[80.1777,20.8061],[80.2462,20.7676],[80.3168,20.7714],[80.3218,20.7996],[80.5181,20.8344],[80.5611,20.8228]]]},"properties":{"AC_NO":66,"AC_NAME":"Amgaon (ST)","district":"GONDIA","PC_NO":12,"PC_NAME":"GADCHIROLI-CHIMUR"}},
{"type":"Feature","geometry":{"type":"Polygon","coordinates":[[[76.1511,21.2438],[76.0968,21.3719],[76.0489,21.3498],[75.9626,21.3899],[75.7595,21.38],[75.6661,21.3438],[75.7092,21.2649],[75.7658,21.2595],[75.7312,21.1425],[75.6809,21.1092],[75.6939,21.0979],[75.8439,21.0622],[75.8691,21.1704],[76.1388,21.2059],[76.1511,21.2438]]]},"properties":{"AC_NO":11,"AC_NAME":"Raver","district":"JALGAON","PC_NO":4,"PC_NAME":"RAVER"}},
{"type":"Feature","geometry":{"type":"Polygon","coordinates":[[[77.8366,21.4004],[77.7098,21.3572],[77.6667,21.3841],[77.5633,21.3696],[77.5373,21.3141],[77.471,21.3],[77.4467,21.1745],[77.5606,21.1739],[77.5651,21.119],[77.6667,21.1499],[77.7665,21.1538],[77.8341,21.322],[77.8366,21.4004]]]},"properties":{"AC_NO":42,"AC_NAME":"Achalpur","district":"AMRAVATI","PC_NO":7,"PC_NAME":"AMRAVATI (SC)"}},
{"type":"Feature","geometry":{"type":"Polygon","coordinates":[[[73.8513,20.9976],[73.9403,20.8395],[74.0013,20.8345],[74.1578,20.8621],[74.35,20.852],[74.4006,20.825],[74.4764,20.8296],[74.4386,20.8713],[74.4825,21.0054],[74.5465,21.0953],[74.4334,21.1034],[74.3536,21.2314],[74.3034,21.2393],[74.2195,21.2402],[74.0861,21.1932],[73.9485,21.0835],[73.9555,21.0396],[73.8548,21.0329],[73.8513,20.9976]]]},"properties":{"AC_NO":5,"AC_NAME":"Sakri (ST)","district":"DHULE","PC_NO":1,"PC_NAME":"NANDURBAR (ST)"}},
{"type":"Feature","geometry":{"type":"Polygon","coordinates":[[[78.2494,21.3313],[78.1569,21.3313],[78.0856,21.3592],[78.0572,21.239],[78.1446,21.1393],[78.1353,21.0018],[78.1603,20.9455],[78.1824,20.904],[78.2579,20.8872],[78.3081,20.7591],[78.3833,20.7509],[78.4068,20.8108],[78.4906,20.8447],[78.5406,20.8914],[78.5892,20.9418],[78.5669,20.9982],[78.6491,21.0367],[78.5558,21.1159],[78.4774,21.2196],[78.3301,21.2504],[78.2494,21.3313]]]},"properties":{"AC_NO":44,"AC_NAME":"Arvi","district":"WARDHA","PC_NO":8,"PC_NAME":"WARDHA"}},
{"type":"Feature","geometry":{"type":"Polygon","coordinates":[[[79.504,21.389],[79.4444,21.3158],[79.4848,21.2527],[79.3908,21.2088],[79.3273,21.2236],[79.2823,21.1902],[79.136,21.2741],[79.0211,21.2693],[79.0879,21.2262],[79.1668,21.1861],[79.1392,21.1197],[79.0898,21.0967],[79.0117,21.076],[79.0222,20.9789],[79.1043,20.9562],[79.1807,21.07],[79.2563,21.083],[79.3186,21.0625],[79.4578,21.1108],[79.5203,21.089],[79.5613,21.2262],[79.5756,21.2758],[79.504,21.389]]]},"properties":{"AC_NO":58,"AC_NAME":"Kamthi","district":"NAGPUR","PC_NO":9,"PC_NAME":"RAMTEK (SC)"}},
{"type":"Feature","geometry":{"type":"Polygon","coordinates":[[[75.0109,21.187],[74.9447,21.2256],[74.867,21.0734],[74.9186,21.0135],[74.9133,20.9274],[74.9483,20.9142],[74.9839,20.8291],[75.0121,20.8633],[75.1809,20.9044],[75.2291,20.9548],[75.188,20.9975],[75.2175,21.0527],[75.231,21.1506],[75.0109,21.187]]]},"properties":{"AC_NO":15,"AC_NAME":"Amalner","district":"JALGAON","PC_NO":3,"PC_NAME":"JALGAON"}},
{"type":"Feature","geometry":{"type":"Polygon","coordinates":[[[76.6628,21.2806],[76.6239,21.1854],[76.4927,21.1936],[76.456,21.1081],[76.3843,21.0765],[76.3987,21.0338],[76.3452,20.9507],[76.4099,20.9405],[76.5201,20.8594],[76.5438,20.8227],[76.6617,20.8802],[76.6383,20.7345],[76.735,20.7113],[76.7731,20.7779],[76.7643,20.8556],[76.7886,20.9147],[76.7818,21.1885],[76.7242,21.2891],[76.6628,21.2806]]]},"properties":{"AC_NO":27,"AC_NAME":"Jalgaon (Jamod)","district":"BULDHANA","PC_NO":5,"PC_NAME":"BULDHANA"}},
{"type":"Feature","geometry":{"type":"Polygon","coordinates":[[[76.3843,21.0765],[76.2807,21.0706],[76.1737,21.0895],[76.1511,21.2438],[76.1388,21.2059],[75.8691,21.1704],[75.8439,21.0622],[75.9741,21.08],[75.9837,20.9749],[75.8148,20.9141],[75.8169,20.8942],[75.9148,20.8556],[75.9998,20.7786],[76.0636,20.8283],[76.1122,20.8878],[76.09,20.9444],[76.1708,21.028],[76.2801,20.9572],[76.3452,20.9507],[76.3987,21.0338],[76.3843,21.0765]]]},"properties":{"AC_NO":20,"AC_NAME":"Muktainagar","district":"JALGAON","PC_NO":4,"PC_NAME":"RAVER"}},
{"type":"Feature","geometry":{"type":"Polygon","coordinates":[[[80.2885,21.3243],[80.1496,21.3269],[80.1305,21.2658],[80.0396,21.2895],[79.9902,21.2306],[80.0583,21.1981],[80.103,21.0126],[80.0781,20.96],[79.9589,20.933],[79.927,20.8032],[79.9329,20.7126],[79.964,20.6928],[80.0162,20.6675],[80.0577,20.7127],[80.1623,20.6939],[80.2422,20.6548],[80.2995,20.712],[80.3168,20.7714],[80.2462,20.7676],[80.1777,20.8061],[80.2389,20.8641],[80.2871,20.9496],[80.238,20.982],[80.2948,21.0587],[80.2919,21.1424],[80.3506,21.2099],[80.2885,21.3243]]]},"properties":{"AC_NO":63,"AC_NAME":"Arjuni Morgaon(SC)","district":"GONDIA","PC_NO":11,"PC_NAME":"BHANDARA-GONDIYA"}},
{"type":"Feature","geometry":{"type":"Polygon","coordinates":[[[77.1739,21.2432],[77.1311,21.2203],[77.0064,21.2288],[76.9982,21.1958],[76.7818,21.1885],[76.7886,20.9147],[76.9408,20.8835],[77.0064,20.9626],[76.997,21.0206],[77.1503,21.0345],[77.1739,21.2432]]]},"properties":{"AC_NO":28,"AC_NAME":"Akot","district":"AKOLA","PC_NO":6,"PC_NAME":"AKOLA"}},
{"type":"Feature","geometry":{"type":"Polygon","coordinates":[[[77.7665,21.1538],[77.6667,21.1499],[77.5651,21.119],[77.4893,20.9257],[77.587,20.9784],[77.7226,20.9727],[77.7797,20.981],[77.8209,20.9903],[77.926,20.9074],[78.0258,20.8921],[78.1603,20.9455],[78.1353,21.0018],[78.1446,21.1393],[78.0572,21.239],[77.8357,21.2657],[77.8474,21.2061],[77.7665,21.1538]]]},"properties":{"AC_NO":39,"AC_NAME":"Teosa","district":"AMRAVATI","PC_NO":7,"PC_NAME":"AMRAVATI (SC)"}},
{"type":"Feature","geometry":{"type":"Polygon","coordinates":[[[75.231,21.1506],[75.2175,21.0527],[75.188,20.9975],[75.2291,20.9548],[75.2492,20.9178],[75.3699,21.0059],[75.5132,20.9642],[75.4348,20.841],[75.5148,20.7856],[75.5951,20.848],[75.6021,20.8874],[75.7383,20.9093],[75.6905,21.0047],[75.7366,21.0537],[75.6939,21.0979],[75.6809,21.1092],[75.5746,21.124],[75.4354,21.181],[75.3626,21.1784],[75.3293,21.1413],[75.231,21.1506]],[[75.5663,21.0437],[75.6249,21.0323],[75.5713,20.9363],[75.5104,21.0337],[75.5663,21.0437]]]},"properties":{"AC_NO":14,"AC_NAME":"Jalgaon Rural","district":"JALGAON","PC_NO":3,"PC_NAME":"JALGAON"}},
{"type":"Feature","geometry":{"type":"Polygon","coordinates":[[[77.4467,21.1745],[77.3772,21.1882],[77.2935,21.2472],[77.1739,21.2432],[77.1503,21.0345],[77.1676,20.9892],[77.1297,20.863],[77.2126,20.8496],[77.3146,20.8574],[77.4352,20.8429],[77.4721,20.8765],[77.4893,20.9257],[77.5651,21.119],[77.5606,21.1739],[77.4467,21.1745]]]},"properties":{"AC_NO":40,"AC_NAME":"Daryapur (SC)","district":"AMRAVATI","PC_NO":7,"PC_NAME":"AMRAVATI (SC)"}},
{"type":"Feature","geometry":{"type":"Polygon","coordinates":[[[74.867,21.0734],[74.7983,21.1004],[74.7187,21.0708],[74.5809,21.117],[74.5465,21.0953],[74.4825,21.0054],[74.4386,20.8713],[74.4764,20.8296],[74.5647,20.8236],[74.6652,20.7752],[74.65,20.6942],[74.7885,20.6609],[74.8124,20.6323],[74.9328,20.6564],[74.9869,20.7348],[74.9839,20.8291],[74.9483,20.9142],[74.9133,20.9274],[74.9186,21.0135],[74.867,21.0734]],[[74.779,20.9406],[74.8168,20.9245],[74.7872,20.8579],[74.7631,20.8892],[74.779,20.9406]]]},"properties":{"AC_NO":6,"AC_NAME":"Dhule Rural","district":"DHULE","PC_NO":2,"PC_NAME":"DHULE"}},
{"type":"Feature","geometry":{"type":"Polygon","coordinates":[[[78.8894,21.1184],[78.6966,21.0729],[78.683,21.0289],[78.7866,20.8899],[78.829,20.8947],[78.8779,20.83],[78.9718,20.7568],[79.0532,20.8263],[79.0657,20.9027],[79.1043,20.9562],[79.0222,20.9789],[79.0117,21.076],[79.0168,21.1555],[79.0736,21.204],[79.0879,21.2262],[79.0211,21.2693],[78.9712,21.2781],[78.9298,21.1368],[78.8894,21.1184]]]},"properties":{"AC_NO":50,"AC_NAME":"Hingna","district":"NAGPUR","PC_NO":9,"PC_NAME":"RAMTEK (SC)"}},
{"type":"Feature","geometry":{"type":"Polygon","coordinates":[[[79.5613,21.2262],[79.5203,21.089],[79.5944,21.0759],[79.6565,20.9635],[79.5314,20.775],[79.507,20.71],[79.6595,20.6674],[79.752,20.6883],[79.7564,20.731],[79.7617,20.8781],[79.786,20.9111],[79.7818,21.0854],[79.8344,21.2203],[79.679,21.2593],[79.6162,21.2097],[79.5613,21.2262]]]},"properties":{"AC_NO":61,"AC_NAME":"Bhandara (SC)","district":"BHANDARA","PC_NO":11,"PC_NAME":"BHANDARA-GONDIYA"}},
{"type":"Feature","geometry":{"type":"Polygon","coordinates":[[[79.8344,21.2203],[79.7818,21.0854],[79.786,20.9111],[79.7617,20.8781],[79.7564,20.731],[79.841,20.6818],[79.9311,20.6688],[79.964,20.6928],[79.9329,20.7126],[79.927,20.8032],[79.9589,20.933],[80.0781,20.96],[80.103,21.0126],[80.0583,21.1981],[79.9902,21.2306],[79.9404,21.2529],[79.8356,21.2245],[79.8344,21.2203]]]},"properties":{"AC_NO":62,"AC_NAME":"Sakoli","district":"BHANDARA","PC_NO":11,"PC_NAME":"BHANDARA-GONDIYA"}},
{"type":"Feature","geometry":{"type":"Polygon","coordinates":[[[79.0879,21.2262],[79.0736,21.204],[79.0888,21.1594],[79.1153,21.1644],[79.1668,21.1861],[79.0879,21.2262]]]},"properties":{"AC_NO":57,"AC_NAME":"Nagpur North","district":"NAGPUR","PC_NO":10,"PC_NAME":"NAGPUR"}},
{"type":"Feature","geometry":{"type":"Polygon","coordinates":[[[79.0168,21.1555],[79.0878,21.1456],[79.0888,21.1594],[79.0736,21.204],[79.0168,21.1555]]]},"properties":{"AC_NO":56,"AC_NAME":"Nagpur West","district":"NAGPUR","PC_NO":10,"PC_NAME":"NAGPUR"}},
{"type":"Feature","geometry":{"type":"Polygon","coordinates":[[[75.6939,21.0979],[75.7366,21.0537],[75.6905,21.0047],[75.7383,20.9093],[75.8169,20.8942],[75.8148,20.9141],[75.9837,20.9749],[75.9741,21.08],[75.8439,21.0622],[75.6939,21.0979]]]},"properties":{"AC_NO":12,"AC_NAME":"Bhusawal (SC)","district":"JALGAON","PC_NO":4,"PC_NAME":"RAVER"}},
{"type":"Feature","geometry":{"type":"Polygon","coordinates":[[[79.1668,21.1861],[79.1153,21.1644],[79.1154,21.1396],[79.1392,21.1197],[79.1668,21.1861]]]},"properties":{"AC_NO":54,"AC_NAME":"Nagpur East","district":"NAGPUR","PC_NO":10,"PC_NAME":"NAGPUR"}},
{"type":"Feature","geometry":{"type":"Polygon","coordinates":[[[79.0888,21.1594],[79.0878,21.1456],[79.0965,21.1325],[79.1154,21.1396],[79.1153,21.1644],[79.0888,21.1594]]]},"properties":{"AC_NO":55,"AC_NAME":"Nagpur Central","district":"NAGPUR","PC_NO":10,"PC_NAME":"NAGPUR"}},
{"type":"Feature","geometry":{"type":"Polygon","coordinates":[[[79.0898,21.0967],[79.0965,21.1325],[79.0878,21.1456],[79.0168,21.1555],[79.0117,21.076],[79.0898,21.0967]]]},"properties":{"AC_NO":52,"AC_NAME":"Nagpur South West","district":"NAGPUR","PC_NO":10,"PC_NAME":"NAGPUR"}},
{"type":"Feature","geometry":{"type":"Polygon","coordinates":[[[75.5663,21.0437],[75.5104,21.0337],[75.5713,20.9363],[75.6249,21.0323],[75.5663,21.0437]]]},"properties":{"AC_NO":13,"AC_NAME":"Jalgaon City","district":"JALGAON","PC_NO":3,"PC_NAME":"JALGAON"}},
{"type":"Feature","geometry":{"type":"Polygon","coordinates":[[[79.1392,21.1197],[79.1154,21.1396],[79.0965,21.1325],[79.0898,21.0967],[79.1392,21.1197]]]},"properties":{"AC_NO":53,"AC_NAME":"Nagpur South","district":"NAGPUR","PC_NO":10,"PC_NAME":"NAGPUR"}},
{"type":"Feature","geometry":{"type":"Polygon","coordinates":[[[74.9839,20.8291],[74.9869,20.7348],[75.0181,20.6931],[75.1965,20.7495],[75.3119,20.6794],[75.3791,20.7393],[75.4348,20.841],[75.5132,20.9642],[75.3699,21.0059],[75.2492,20.9178],[75.2291,20.9548],[75.1809,20.9044],[75.0121,20.8633],[74.9839,20.8291]]]},"properties":{"AC_NO":16,"AC_NAME":"Erandol","district":"JALGAON","PC_NO":3,"PC_NAME":"JALGAON"}},
{"type":"Feature","geometry":{"type":"Polygon","coordinates":[[[76.3452,20.9507],[76.2801,20.9572],[76.1708,21.028],[76.09,20.9444],[76.1122,20.8878],[76.0636,20.8283],[76.1297,20.8298],[76.2205,20.7885],[76.3156,20.673],[76.3509,20.7303],[76.4609,20.7538],[76.4841,20.8403],[76.5201,20.8594],[76.4099,20.9405],[76.3452,20.9507]]]},"properties":{"AC_NO":21,"AC_NAME":"Malkapur","district":"BULDHANA","PC_NO":4,"PC_NAME":"RAVER"}},
{"type":"Feature","geometry":{"type":"Polygon","coordinates":[[[79.5203,21.089],[79.4578,21.1108],[79.3186,21.0625],[79.2563,21.083],[79.1807,21.07],[79.1043,20.9562],[79.0657,20.9027],[79.0532,20.8263],[78.9718,20.7568],[79.0507,20.7378],[79.1429,20.6788],[79.2207,20.5834],[79.3215,20.584],[79.3488,20.6762],[79.4363,20.662],[79.507,20.71],[79.5314,20.775],[79.6565,20.9635],[79.5944,21.0759],[79.5203,21.089]]]},"properties":{"AC_NO":51,"AC_NAME":"Umred (SC)","district":"NAGPUR","PC_NO":9,"PC_NAME":"RAMTEK (SC)"}},
{"type":"Feature","geometry":{"type":"Polygon","coordinates":[[[77.1503,21.0345],[76.997,21.0206],[77.0064,20.9626],[76.9408,20.8835],[77.0054,20.8683],[77.0409,20.8068],[77.016,20.7012],[76.9748,20.6914],[76.9147,20.5476],[76.9722,20.5177],[76.9965,20.6046],[77.1374,20.6684],[77.1818,20.7261],[77.2674,20.7241],[77.2647,20.7907],[77.2126,20.8496],[77.1297,20.863],[77.1676,20.9892],[77.1503,21.0345]]]},"properties":{"AC_NO":31,"AC_NAME":"Akola East","district":"AKOLA","PC_NO":6,"PC_NAME":"AKOLA"}},
{"type":"Feature","geometry":{"type":"Polygon","coordinates":[[[74.779,20.9406],[74.7631,20.8892],[74.7872,20.8579],[74.8168,20.9245],[74.779,20.9406]]]},"properties":{"AC_NO":7,"AC_NAME":"Dhule City","district":"DHULE","PC_NO":2,"PC_NAME":"DHULE"}},
{"type":"Feature","geometry":{"type":"Polygon","coordinates":[[[78.683,21.0289],[78.6491,21.0367],[78.5669,20.9982],[78.5892,20.9418],[78.5406,20.8914],[78.5606,20.7986],[78.5154,20.695],[78.5999,20.6637],[78.6116,20.7342],[78.7253,20.7311],[78.7707,20.8],[78.8779,20.83],[78.829,20.8947],[78.7866,20.8899],[78.683,21.0289]]]},"properties":{"AC_NO":47,"AC_NAME":"Wardha","district":"WARDHA","PC_NO":8,"PC_NAME":"WARDHA"}},
{"type":"Feature","geometry":{"type":"Polygon","coordinates":[[[73.9403,20.8395],[73.9317,20.7604],[73.8546,20.6927],[74.0523,20.5876],[74.1123,20.5685],[74.1977,20.5145],[74.3619,20.5284],[74.3117,20.6081],[74.3752,20.7086],[74.4006,20.825],[74.35,20.852],[74.1578,20.8621],[74.0013,20.8345],[73.9403,20.8395]]]},"properties":{"AC_NO":116,"AC_NAME":"Baglan (ST)","district":"NASHIK","PC_NO":2,"PC_NAME":"DHULE"}},
{"type":"Feature","geometry":{"type":"Polygon","coordinates":[[[77.7797,20.981],[77.8042,20.9804],[77.8189,20.908],[77.7226,20.9727],[77.587,20.9784],[77.4893,20.9257],[77.4721,20.8765],[77.5793,20.808],[77.7071,20.8581],[77.7694,20.8408],[77.7967,20.7946],[77.8544,20.8138],[77.926,20.9074],[77.8209,20.9903],[77.7797,20.981]]]},"properties":{"AC_NO":37,"AC_NAME":"Badnera","district":"AMRAVATI","PC_NO":7,"PC_NAME":"AMRAVATI (SC)"}},
{"type":"Feature","geometry":{"type":"Polygon","coordinates":[[[75.8169,20.8942],[75.7383,20.9093],[75.6021,20.8874],[75.5951,20.848],[75.5148,20.7856],[75.5411,20.6839],[75.5363,20.6067],[75.66,20.6245],[75.7585,20.6095],[75.7589,20.5749],[75.8849,20.5601],[75.9307,20.5479],[75.9549,20.6206],[76.0077,20.6458],[75.9837,20.7537],[75.9998,20.7786],[75.9148,20.8556],[75.8169,20.8942]]]},"properties":{"AC_NO":19,"AC_NAME":"Jamner","district":"JALGAON","PC_NO":4,"PC_NAME":"RAVER"}},
{"type":"Feature","geometry":{"type":"Polygon","coordinates":[[[77.7226,20.9727],[77.8189,20.908],[77.8042,20.9804],[77.7797,20.981],[77.7226,20.9727]]]},"properties":{"AC_NO":38,"AC_NAME":"Amravati","district":"AMRAVATI","PC_NO":7,"PC_NAME":"AMRAVATI (SC)"}},
{"type":"Feature","geometry":{"type":"Polygon","coordinates":[[[74.4764,20.8296],[74.4006,20.825],[74.3752,20.7086],[74.3117,20.6081],[74.3619,20.5284],[74.4023,20.4351],[74.4998,20.5098],[74.6063,20.5233],[74.7885,20.6609],[74.65,20.6942],[74.6652,20.7752],[74.5647,20.8236],[74.4764,20.8296]],[[74.5393,20.5252],[74.5214,20.5561],[74.5612,20.5692],[74.5816,20.5552],[74.5393,20.5252]]]},"properties":{"AC_NO":115,"AC_NAME":"Malegaon Outer","district":"NASHIK","PC_NO":2,"PC_NAME":"DHULE"}},
{"type":"Feature","geometry":{"type":"Polygon","coordinates":[[[76.7886,20.9147],[76.7643,20.8556],[76.7731,20.7779],[76.735,20.7113],[76.7884,20.587],[76.7695,20.5165],[76.7151,20.5147],[76.6984,20.4565],[76.7271,20.3984],[76.6992,20.3518],[76.8196,20.281],[76.9782,20.3709],[77.0224,20.4497],[76.9722,20.5177],[76.9147,20.5476],[76.9748,20.6914],[76.9711,20.7412],[76.9989,20.7392],[77.016,20.7012],[77.0409,20.8068],[77.0054,20.8683],[76.9408,20.8835],[76.7886,20.9147]]]},"properties":{"AC_NO":29,"AC_NAME":"Balapur","district":"AKOLA","PC_NO":6,"PC_NAME":"AKOLA"}},
{"type":"Feature","geometry":{"type":"Polygon","coordinates":[[[78.3081,20.7591],[78.2579,20.8872],[78.1824,20.904],[78.1603,20.9455],[78.0258,20.8921],[77.926,20.9074],[77.8544,20.8138],[77.7967,20.7946],[77.7694,20.8408],[77.7071,20.8581],[77.5793,20.808],[77.6147,20.7605],[77.6501,20.5641],[77.7789,20.54],[77.8111,20.5844],[77.9772,20.6044],[78.0658,20.6722],[78.1261,20.6619],[78.2775,20.6946],[78.3081,20.7591]]]},"properties":{"AC_NO":36,"AC_NAME":"Dhamangaon Railway","district":"AMRAVATI","PC_NO":8,"PC_NAME":"WARDHA"}},
{"type":"Feature","geometry":{"type":"Polygon","coordinates":[[[76.735,20.7113],[76.6383,20.7345],[76.6617,20.8802],[76.5438,20.8227],[76.5201,20.8594],[76.4841,20.8403],[76.4609,20.7538],[76.3509,20.7303],[76.3156,20.673],[76.3689,20.6561],[76.3544,20.5836],[76.3876,20.5099],[76.5042,20.4889],[76.5639,20.4374],[76.6342,20.4227],[76.6984,20.4565],[76.7151,20.5147],[76.7695,20.5165],[76.7884,20.587],[76.735,20.7113]]]},"properties":{"AC_NO":26,"AC_NAME":"Khamgaon","district":"BULDHANA","PC_NO":5,"PC_NAME":"BULDHANA"}},
{"type":"Feature","geometry":{"type":"Polygon","coordinates":[[[75.4348,20.841],[75.3791,20.7393],[75.3119,20.6794],[75.1965,20.7495],[75.0181,20.6931],[75.0623,20.6273],[75.0807,20.5476],[75.127,20.5436],[75.1592,20.4756],[75.227,20.4941],[75.2403,20.551],[75.389,20.5774],[75.3961,20.5208],[75.5269,20.5553],[75.5363,20.6067],[75.5411,20.6839],[75.5148,20.7856],[75.4348,20.841]]]},"properties":{"AC_NO":18,"AC_NAME":"Pachora","district":"JALGAON","PC_NO":3,"PC_NAME":"JALGAON"}},
{"type":"Feature","geometry":{"type":"Polygon","coordinates":[[[73.8546,20.6927],[73.8384,20.6211],[73.7612,20.5738],[73.6282,20.5831],[73.5997,20.6369],[73.4753,20.7182],[73.3942,20.6407],[73.4732,20.5848],[73.4673,20.4966],[73.4053,20.3854],[73.4135,20.3562],[73.6971,20.4426],[73.829,20.4292],[73.9512,20.3692],[73.9859,20.3585],[74.0239,20.3791],[74.1104,20.4517],[74.085,20.5109],[74.1123,20.5685],[74.0523,20.5876],[73.8546,20.6927]]]},"properties":{"AC_NO":117,"AC_NAME":"Kalwan (ST)","district":"NASHIK","PC_NO":20,"PC_NAME":"DINDORI (ST)"}},
{"type":"Feature","geometry":{"type":"Polygon","coordinates":[[[76.0636,20.8283],[75.9998,20.7786],[75.9837,20.7537],[76.0077,20.6458],[76.0358,20.5553],[75.9731,20.5316],[75.9557,20.4648],[76.0311,20.4914],[76.1259,20.4511],[76.2499,20.4585],[76.3195,20.5023],[76.3544,20.5836],[76.3689,20.6561],[76.3156,20.673],[76.2205,20.7885],[76.1297,20.8298],[76.0636,20.8283]]]},"properties":{"AC_NO":22,"AC_NAME":"Buldhana","district":"BULDHANA","PC_NO":5,"PC_NAME":"BULDHANA"}},
{"type":"Feature","geometry":{"type":"Polygon","coordinates":[[[77.4721,20.8765],[77.4352,20.8429],[77.3146,20.8574],[77.2126,20.8496],[77.2647,20.7907],[77.2674,20.7241],[77.1818,20.7261],[77.1374,20.6684],[76.9965,20.6046],[76.9722,20.5177],[77.0224,20.4497],[77.0762,20.4394],[77.1433,20.3809],[77.186,20.4476],[77.2965,20.4237],[77.3209,20.4503],[77.3654,20.5182],[77.3398,20.5752],[77.4657,20.6108],[77.454,20.6619],[77.5235,20.7322],[77.6147,20.7605],[77.5793,20.808],[77.4721,20.8765]]]},"properties":{"AC_NO":32,"AC_NAME":"Murtizapur (SC)","district":"AKOLA","PC_NO":6,"PC_NAME":"AKOLA"}},
{"type":"Feature","geometry":{"type":"Polygon","coordinates":[[[78.3081,20.7591],[78.2775,20.6946],[78.2488,20.6439],[78.2787,20.5613],[78.4098,20.512],[78.5088,20.5244],[78.5625,20.4404],[78.6471,20.4294],[78.7713,20.5011],[78.745,20.6033],[78.7561,20.6936],[78.7253,20.7311],[78.6116,20.7342],[78.5999,20.6637],[78.5154,20.695],[78.5606,20.7986],[78.5406,20.8914],[78.4906,20.8447],[78.4068,20.8108],[78.3833,20.7509],[78.3081,20.7591]]]},"properties":{"AC_NO":45,"AC_NAME":"Deoli","district":"WARDHA","PC_NO":8,"PC_NAME":"WARDHA"}},
{"type":"Feature","geometry":{"type":"Polygon","coordinates":[[[74.9869,20.7348],[74.9328,20.6564],[74.8124,20.6323],[74.7834,20.5],[74.8367,20.4168],[74.8565,20.294],[74.9345,20.2702],[74.9992,20.3369],[75.126,20.3503],[75.114,20.4142],[75.1592,20.4756],[75.127,20.5436],[75.0807,20.5476],[75.0623,20.6273],[75.0181,20.6931],[74.9869,20.7348]]]},"properties":{"AC_NO":17,"AC_NAME":"Chalisgaon","district":"JALGAON","PC_NO":3,"PC_NAME":"JALGAON"}},
{"type":"Feature","geometry":{"type":"Polygon","coordinates":[[[78.9718,20.7568],[78.8779,20.83],[78.7707,20.8],[78.7253,20.7311],[78.7561,20.6936],[78.745,20.6033],[78.7713,20.5011],[78.6471,20.4294],[78.7084,20.3509],[78.7832,20.2984],[78.7996,20.2994],[78.8321,20.3233],[78.8176,20.3975],[78.8977,20.4374],[78.9539,20.4284],[79.0234,20.4828],[79.118,20.4503],[79.1652,20.4909],[79.2207,20.5834],[79.1429,20.6788],[79.0507,20.7378],[78.9718,20.7568]]]},"properties":{"AC_NO":46,"AC_NAME":"Hinganghat","district":"WARDHA","PC_NO":8,"PC_NAME":"WARDHA"}},
{"type":"Feature","geometry":{"type":"Polygon","coordinates":[[[80.4244,20.2527],[80.6257,20.3305],[80.5915,20.3932],[80.6137,20.4348],[80.612,20.6006],[80.5216,20.5804],[80.481,20.6185],[80.5799,20.6728],[80.5492,20.796],[80.5611,20.8228],[80.5181,20.8344],[80.3218,20.7996],[80.3168,20.7714],[80.2995,20.712],[80.2422,20.6548],[80.1623,20.6939],[80.0577,20.7127],[80.0162,20.6675],[79.964,20.6928],[79.9311,20.6688],[79.9313,20.5652],[79.9522,20.5302],[79.9398,20.443],[79.9644,20.3384],[79.9927,20.3002],[80.1114,20.2939],[80.1898,20.3713],[80.2524,20.4004],[80.3444,20.3832],[80.3499,20.328],[80.4244,20.2527]]]},"properties":{"AC_NO":67,"AC_NAME":"Armori (ST)","district":"GADCHIROLI","PC_NO":12,"PC_NAME":"GADCHIROLI-CHIMUR"}},
{"type":"Feature","geometry":{"type":"Polygon","coordinates":[[[74.8124,20.6323],[74.7885,20.6609],[74.6063,20.5233],[74.4998,20.5098],[74.4023,20.4351],[74.4033,20.3505],[74.4812,20.3513],[74.4629,20.2753],[74.4112,20.2652],[74.4188,20.1996],[74.5701,20.1772],[74.6837,20.2033],[74.7149,20.1807],[74.7609,20.1858],[74.8173,20.2502],[74.8544,20.1793],[74.923,20.1551],[74.9345,20.2702],[74.8565,20.294],[74.8367,20.4168],[74.7834,20.5],[74.8124,20.6323]]]},"properties":{"AC_NO":113,"AC_NAME":"Nandgaon","district":"NASHIK","PC_NO":20,"PC_NAME":"DINDORI (ST)"}},
{"type":"Feature","geometry":{"type":"Polygon","coordinates":[[[77.016,20.7012],[76.9989,20.7392],[76.9711,20.7412],[76.9748,20.6914],[77.016,20.7012]]]},"properties":{"AC_NO":30,"AC_NAME":"Akola West","district":"AKOLA","PC_NO":6,"PC_NAME":"AKOLA"}},
{"type":"Feature","geometry":{"type":"Polygon","coordinates":[[[77.6501,20.5641],[77.6147,20.7605],[77.5235,20.7322],[77.454,20.6619],[77.4657,20.6108],[77.3398,20.5752],[77.3654,20.5182],[77.3209,20.4503],[77.4083,20.4348],[77.4851,20.2891],[77.4463,20.2599],[77.429,20.1862],[77.3658,20.0991],[77.4638,20.0698],[77.5243,20.0969],[77.5805,20.0293],[77.6284,20.037],[77.6693,20.1023],[77.666,20.2473],[77.5941,20.2808],[77.5734,20.4001],[77.6431,20.4509],[77.6501,20.5641]]]},"properties":{"AC_NO":35,"AC_NAME":"Karanja","district":"WASHIM","PC_NO":14,"PC_NAME":"YAVATMAL-WASHIM"}},
{"type":"Feature","geometry":{"type":"Polygon","coordinates":[[[75.8849,20.5601],[75.7589,20.5749],[75.7585,20.6095],[75.66,20.6245],[75.5363,20.6067],[75.5269,20.5553],[75.3961,20.5208],[75.389,20.5774],[75.2403,20.551],[75.227,20.4941],[75.2783,20.4463],[75.3406,20.4394],[75.4369,20.4902],[75.5262,20.4292],[75.5079,20.3898],[75.5245,20.2724],[75.6382,20.1437],[75.6794,20.2021],[75.6818,20.3065],[75.7455,20.3708],[75.7643,20.452],[75.8478,20.4871],[75.8849,20.5601]]]},"properties":{"AC_NO":104,"AC_NAME":"Sillod","district":"CHHATRAPATI SAMBHAJINAGAR","PC_NO":18,"PC_NAME":"JALNA"}},
{"type":"Feature","geometry":{"type":"Polygon","coordinates":[[[74.1123,20.5685],[74.085,20.5109],[74.1104,20.4517],[74.0239,20.3791],[73.9859,20.3585],[73.9512,20.3692],[73.9488,20.2906],[74.0086,20.2654],[73.9828,20.2114],[74.1514,20.2024],[74.3047,20.1535],[74.4188,20.1996],[74.4112,20.2652],[74.4629,20.2753],[74.4812,20.3513],[74.4033,20.3505],[74.4023,20.4351],[74.3619,20.5284],[74.1977,20.5145],[74.1123,20.5685]]]},"properties":{"AC_NO":118,"AC_NAME":"Chandvad","district":"NASHIK","PC_NO":20,"PC_NAME":"DINDORI (ST)"}},
{"type":"Feature","geometry":{"type":"Polygon","coordinates":[[[76.0077,20.6458],[75.9549,20.6206],[75.9307,20.5479],[75.8849,20.5601],[75.8478,20.4871],[75.7643,20.452],[75.7455,20.3708],[75.6818,20.3065],[75.6794,20.2021],[75.7557,20.161],[75.8505,20.195],[75.9235,20.1551],[75.9095,20.0298],[75.9298,20.0061],[75.9659,19.9952],[76.0694,20.0724],[76.1784,20.2651],[76.1083,20.3541],[76.0046,20.3064],[75.9296,20.3014],[75.9557,20.4648],[75.9731,20.5316],[76.0358,20.5553],[76.0077,20.6458]]]},"properties":{"AC_NO":103,"AC_NAME":"Bhokardan","district":"JALNA","PC_NO":18,"PC_NAME":"JALNA"}},
{"type":"Feature","geometry":{"type":"Polygon","coordinates":[[[74.5393,20.5252],[74.5816,20.5552],[74.5612,20.5692],[74.5214,20.5561],[74.5393,20.5252]]]},"properties":{"AC_NO":114,"AC_NAME":"Malegaon Central","district":"NASHIK","PC_NO":2,"PC_NAME":"DHULE"}},
{"type":"Feature","geometry":{"type":"Polygon","coordinates":[[[79.7564,20.731],[79.752,20.6883],[79.6595,20.6674],[79.507,20.71],[79.4363,20.662],[79.3488,20.6762],[79.3215,20.584],[79.2207,20.5834],[79.1652,20.4909],[79.2275,20.4649],[79.2998,20.3822],[79.2937,20.3251],[79.4537,20.3168],[79.543,20.4057],[79.7044,20.3392],[79.7752,20.5816],[79.8833,20.6299],[79.9313,20.5652],[79.9311,20.6688],[79.841,20.6818],[79.7564,20.731]]]},"properties":{"AC_NO":74,"AC_NAME":"Chimur","district":"CHANDRAPUR","PC_NO":12,"PC_NAME":"GADCHIROLI-CHIMUR"}},
{"type":"Feature","geometry":{"type":"Polygon","coordinates":[[[78.2775,20.6946],[78.1261,20.6619],[78.0658,20.6722],[77.9772,20.6044],[78.0012,20.5216],[78.0668,20.5086],[78.1276,20.4513],[78.2081,20.465],[78.2512,20.4326],[78.2631,20.3082],[78.3098,20.306],[78.3866,20.1914],[78.4663,20.1863],[78.4595,20.0822],[78.5442,20.0518],[78.5772,20.0956],[78.6467,20.1156],[78.734,20.1868],[78.7832,20.2984],[78.7084,20.3509],[78.6471,20.4294],[78.5625,20.4404],[78.5088,20.5244],[78.4098,20.512],[78.2787,20.5613],[78.2488,20.6439],[78.2775,20.6946]]]},"properties":{"AC_NO":77,"AC_NAME":"Ralegaon (ST)","district":"YAVATMAL","PC_NO":14,"PC_NAME":"YAVATMAL-WASHIM"}},
{"type":"Feature","geometry":{"type":"Polygon","coordinates":[[[76.3544,20.5836],[76.3195,20.5023],[76.2499,20.4585],[76.1259,20.4511],[76.0311,20.4914],[75.9557,20.4648],[75.9296,20.3014],[76.0046,20.3064],[76.1083,20.3541],[76.1784,20.2651],[76.3004,20.2823],[76.3681,20.2504],[76.382,20.2919],[76.507,20.321],[76.5639,20.4374],[76.5042,20.4889],[76.3876,20.5099],[76.3544,20.5836]]]},"properties":{"AC_NO":23,"AC_NAME":"Chikhli","district":"BULDHANA","PC_NO":5,"PC_NAME":"BULDHANA"}},
{"type":"Feature","geometry":{"type":"Polygon","coordinates":[[[77.9772,20.6044],[77.8111,20.5844],[77.7789,20.54],[77.6501,20.5641],[77.6431,20.4509],[77.5734,20.4001],[77.5941,20.2808],[77.666,20.2473],[77.6693,20.1023],[77.6284,20.037],[77.7266,19.9942],[77.778,20.0118],[77.8616,19.9538],[77.8721,19.9671],[77.889,20.058],[77.8592,20.1671],[77.8855,20.1921],[77.9064,20.2679],[77.8414,20.2944],[77.8646,20.382],[77.9504,20.3739],[78.0479,20.4052],[77.9875,20.4675],[78.0012,20.5216],[77.9772,20.6044]]]},"properties":{"AC_NO":79,"AC_NAME":"Digras","district":"YAVATMAL","PC_NO":14,"PC_NAME":"YAVATMAL-WASHIM"}},
{"type":"Feature","geometry":{"type":"Polygon","coordinates":[[[73.4135,20.3562],[73.4277,20.2803],[73.412,20.1971],[73.4576,20.1335],[73.588,20.1179],[73.6118,20.1409],[73.7315,20.1018],[73.7487,20.0927],[73.766,20.0779],[73.9039,20.0608],[73.9137,20.063],[73.9048,20.1148],[73.9828,20.2114],[74.0086,20.2654],[73.9488,20.2906],[73.9512,20.3692],[73.829,20.4292],[73.6971,20.4426],[73.4135,20.3562]]]},"properties":{"AC_NO":122,"AC_NAME":"Dindori (ST)","district":"NASHIK","PC_NO":20,"PC_NAME":"DINDORI (ST)"}},
{"type":"Feature","geometry":{"type":"Polygon","coordinates":[[[75.227,20.4941],[75.1592,20.4756],[75.114,20.4142],[75.126,20.3503],[74.9992,20.3369],[74.9345,20.2702],[74.923,20.1551],[75.0348,20.0798],[74.9992,20.0007],[75.0775,20.0098],[75.1134,20.12],[75.2133,20.1502],[75.2219,20.1925],[75.3411,20.2052],[75.3887,20.2568],[75.5245,20.2724],[75.5079,20.3898],[75.5262,20.4292],[75.4369,20.4902],[75.3406,20.4394],[75.2783,20.4463],[75.227,20.4941]]]},"properties":{"AC_NO":105,"AC_NAME":"Kannad","district":"CHHATRAPATI SAMBHAJINAGAR","PC_NO":19,"PC_NAME":"AURANGABAD"}},
{"type":"Feature","geometry":{"type":"Polygon","coordinates":[[[79.9644,20.3384],[79.9398,20.443],[79.9522,20.5302],[79.9313,20.5652],[79.8833,20.6299],[79.7752,20.5816],[79.7044,20.3392],[79.543,20.4057],[79.4537,20.3168],[79.4123,20.2552],[79.4671,20.2135],[79.5342,20.1573],[79.617,20.1524],[79.708,20.2013],[79.7606,20.1514],[79.7389,20.0454],[79.7835,20.0081],[79.8553,20.029],[79.9263,19.9698],[79.9889,20.0406],[79.9695,20.117],[79.9121,20.1458],[79.9919,20.217],[79.9439,20.2876],[79.9644,20.3384]]]},"properties":{"AC_NO":73,"AC_NAME":"Brahmapuri","district":"CHANDRAPUR","PC_NO":12,"PC_NAME":"GADCHIROLI-CHIMUR"}},
{"type":"Feature","geometry":{"type":"Polygon","coordinates":[[[78.0012,20.5216],[77.9875,20.4675],[78.0479,20.4052],[77.9504,20.3739],[77.8646,20.382],[77.8414,20.2944],[77.9064,20.2679],[77.8855,20.1921],[77.9561,20.2159],[78.0873,20.1424],[78.2366,20.1495],[78.3121,20.1908],[78.3866,20.1914],[78.3098,20.306],[78.2631,20.3082],[78.2512,20.4326],[78.2081,20.465],[78.1276,20.4513],[78.0668,20.5086],[78.0012,20.5216]]]},"properties":{"AC_NO":78,"AC_NAME":"Yavatmal","district":"YAVATMAL","PC_NO":14,"PC_NAME":"YAVATMAL-WASHIM"}},
{"type":"Feature","geometry":{"type":"Polygon","coordinates":[[[76.8196,20.281],[76.6992,20.3518],[76.7271,20.3984],[76.6984,20.4565],[76.6342,20.4227],[76.5639,20.4374],[76.507,20.321],[76.382,20.2919],[76.3681,20.2504],[76.4404,20.1946],[76.4379,20.1005],[76.4758,20.0533],[76.4318,19.9988],[76.4206,19.92],[76.4934,19.9197],[76.535,19.8508],[76.647,19.8679],[76.6351,19.9572],[76.657,19.9995],[76.6583,20.1131],[76.7566,20.1278],[76.7468,20.207],[76.8245,20.2433],[76.8196,20.281]]]},"properties":{"AC_NO":25,"AC_NAME":"Mehkar (SC)","district":"BULDHANA","PC_NO":5,"PC_NAME":"BULDHANA"}},
{"type":"Feature","geometry":{"type":"Polygon","coordinates":[[[77.0224,20.4497],[76.9782,20.3709],[76.8196,20.281],[76.8245,20.2433],[76.7468,20.207],[76.7566,20.1278],[76.6583,20.1131],[76.657,19.9995],[76.6351,19.9572],[76.647,19.8679],[76.6787,19.8474],[76.74,19.8738],[76.7723,19.9361],[76.9011,19.9646],[77.0009,20.0124],[76.9982,20.0632],[77.055,20.1862],[77.1407,20.2049],[77.1625,20.2783],[77.2192,20.3375],[77.1433,20.3809],[77.0762,20.4394],[77.0224,20.4497]]]},"properties":{"AC_NO":33,"AC_NAME":"Risod","district":"WASHIM","PC_NO":6,"PC_NAME":"AKOLA"}},
{"type":"Feature","geometry":{"type":"Polygon","coordinates":[[[77.3209,20.4503],[77.2965,20.4237],[77.186,20.4476],[77.1433,20.3809],[77.2192,20.3375],[77.1625,20.2783],[77.1407,20.2049],[77.055,20.1862],[76.9982,20.0632],[77.0009,20.0124],[77.061,19.9942],[77.1034,19.932],[77.2025,19.9905],[77.2395,19.8908],[77.2837,19.9145],[77.3721,20.0463],[77.3658,20.0991],[77.429,20.1862],[77.4463,20.2599],[77.4851,20.2891],[77.4083,20.4348],[77.3209,20.4503]]]},"properties":{"AC_NO":34,"AC_NAME":"Washim (SC)","district":"WASHIM","PC_NO":14,"PC_NAME":"YAVATMAL-WASHIM"}},
{"type":"Feature","geometry":{"type":"Polygon","coordinates":[[[79.1652,20.4909],[79.118,20.4503],[79.0234,20.4828],[78.9539,20.4284],[78.8977,20.4374],[78.8176,20.3975],[78.8321,20.3233],[78.7996,20.2994],[78.8166,20.2505],[78.9127,20.257],[78.9621,20.2104],[78.9695,20.1285],[79.047,20.0864],[79.1104,19.9896],[79.1294,20.037],[79.2655,20.037],[79.2596,20.1063],[79.329,20.1465],[79.4313,20.1316],[79.4671,20.2135],[79.4123,20.2552],[79.4537,20.3168],[79.2937,20.3251],[79.2998,20.3822],[79.2275,20.4649],[79.1652,20.4909]]]},"properties":{"AC_NO":75,"AC_NAME":"Warora","district":"CHANDRAPUR","PC_NO":13,"PC_NAME":"CHANDRAPUR"}},
{"type":"Feature","geometry":{"type":"Polygon","coordinates":[[[73.0983,20.0894],[72.961,20.1344],[72.9624,20.2102],[72.8587,20.2245],[72.7081,20.0711],[72.7224,19.9946],[72.7684,19.9779],[72.7729,19.9083],[72.8965,19.9984],[73.017,20.0063],[73.0154,19.9509],[73.0459,19.9479],[73.122,20.044],[73.0983,20.0894]]]},"properties":{"AC_NO":128,"AC_NAME":"Dahanu (ST)","district":"PALGHAR","PC_NO":22,"PC_NAME":"PALGHAR (ST)"}},
{"type":"Feature","geometry":{"type":"Polygon","coordinates":[[[73.412,20.1971],[73.2834,20.1986],[73.2494,20.1225],[73.261,20.0636],[73.4154,20.012],[73.449,19.9544],[73.4214,19.9169],[73.449,19.7668],[73.4943,19.7199],[73.616,19.5854],[73.7291,19.619],[73.6814,19.6435],[73.6968,19.7115],[73.7644,19.7316],[73.7797,19.8069],[73.6278,19.925],[73.6449,19.9669],[73.5719,20.0335],[73.588,20.1179],[73.4576,20.1335],[73.412,20.1971]]]},"properties":{"AC_NO":127,"AC_NAME":"Igatpuri (ST)","district":"NASHIK","PC_NO":21,"PC_NAME":"NASHIK"}},
{"type":"Feature","geometry":{"type":"Polygon","coordinates":[[[73.9828,20.2114],[73.9048,20.1148],[73.9137,20.063],[73.9385,19.9757],[74.0363,19.9276],[74.0886,19.9675],[74.2323,19.9685],[74.1268,20.0187],[74.1885,20.0807],[74.1514,20.2024],[73.9828,20.2114]]]},"properties":{"AC_NO":121,"AC_NAME":"Niphad","district":"NASHIK","PC_NO":20,"PC_NAME":"DINDORI (ST)"}},
{"type":"Feature","geometry":{"type":"Polygon","coordinates":[[[74.923,20.1551],[74.8544,20.1793],[74.8173,20.2502],[74.7609,20.1858],[74.7149,20.1807],[74.7365,20.0812],[74.6707,19.9471],[74.6445,19.8599],[74.6519,19.778],[74.7446,19.6904],[74.8296,19.6662],[74.9917,19.6288],[75.0258,19.774],[74.9789,19.8807],[74.9992,20.0007],[75.0348,20.0798],[74.923,20.1551]]]},"properties":{"AC_NO":112,"AC_NAME":"Vaijapur","district":"CHHATRAPATI SAMBHAJINAGAR","PC_NO":19,"PC_NAME":"AURANGABAD"}},
{"type":"Feature","geometry":{"type":"Polygon","coordinates":[[[75.5245,20.2724],[75.3887,20.2568],[75.3411,20.2052],[75.3543,20.1396],[75.3176,20.0523],[75.3266,20.009],[75.2457,19.9602],[75.2937,19.9066],[75.3875,19.9155],[75.3756,19.852],[75.3942,19.775],[75.452,19.7708],[75.4831,19.8494],[75.6337,19.8076],[75.6548,19.908],[75.6446,20.0008],[75.5998,20.001],[75.5862,20.0977],[75.6382,20.1437],[75.5245,20.2724]]]},"properties":{"AC_NO":106,"AC_NAME":"Phulambri","district":"CHHATRAPATI SAMBHAJINAGAR","PC_NO":18,"PC_NAME":"JALNA"}},
{"type":"Feature","geometry":{"type":"Polygon","coordinates":[[[79.8065,19.579],[79.8312,19.5403],[79.9362,19.6014],[79.9331,19.6775],[80.0539,19.7146],[80.1254,19.6894],[80.2067,19.7246],[80.2379,19.795],[80.192,19.8593],[80.2066,19.9378],[80.3815,20.0022],[80.3799,20.0422],[80.4773,20.0398],[80.5433,20.0122],[80.5521,20.1181],[80.5053,20.1445],[80.4338,20.1353],[80.4244,20.2527],[80.3499,20.328],[80.3444,20.3832],[80.2524,20.4004],[80.1898,20.3713],[80.1114,20.2939],[79.9927,20.3002],[79.9644,20.3384],[79.9439,20.2876],[79.9919,20.217],[79.9121,20.1458],[79.9695,20.117],[79.9889,20.0406],[79.9263,19.9698],[79.8553,20.029],[79.7835,20.0081],[79.7693,19.9656],[79.803,19.8926],[79.7433,19.8334],[79.7458,19.7828],[79.7824,19.7275],[79.8065,19.579]]]},"properties":{"AC_NO":68,"AC_NAME":"Gadchiroli (ST)","district":"GADCHIROLI","PC_NO":12,"PC_NAME":"GADCHIROLI-CHIMUR"}},
{"type":"Feature","geometry":{"type":"Polygon","coordinates":[[[74.4188,20.1996],[74.3047,20.1535],[74.1514,20.2024],[74.1885,20.0807],[74.1268,20.0187],[74.2323,19.9685],[74.2478,19.9631],[74.3186,19.9853],[74.6707,19.9471],[74.7365,20.0812],[74.7149,20.1807],[74.6837,20.2033],[74.5701,20.1772],[74.4188,20.1996]]]},"properties":{"AC_NO":119,"AC_NAME":"Yevla","district":"NASHIK","PC_NO":20,"PC_NAME":"DINDORI (ST)"}},
{"type":"Feature","geometry":{"type":"Polygon","coordinates":[[[76.1784,20.2651],[76.0694,20.0724],[75.9659,19.9952],[76.0403,19.9516],[76.0976,19.8574],[76.1755,19.8512],[76.296,19.8692],[76.366,19.9289],[76.4206,19.92],[76.4318,19.9988],[76.4758,20.0533],[76.4379,20.1005],[76.4404,20.1946],[76.3681,20.2504],[76.3004,20.2823],[76.1784,20.2651]]]},"properties":{"AC_NO":24,"AC_NAME":"Sindkhed Raja","district":"BULDHANA","PC_NO":5,"PC_NAME":"BULDHANA"}},
{"type":"Feature","geometry":{"type":"Polygon","coordinates":[[[73.2494,20.1225],[73.179,20.0476],[73.0983,20.0894],[73.122,20.044],[73.0459,19.9479],[73.0154,19.9509],[72.9634,19.9095],[72.9629,19.8518],[72.9857,19.7564],[72.9538,19.6969],[73.003,19.5779],[73.0582,19.5867],[73.0619,19.7102],[73.1271,19.7045],[73.1716,19.7458],[73.233,19.8026],[73.3179,19.7407],[73.3576,19.6815],[73.4943,19.7199],[73.449,19.7668],[73.4214,19.9169],[73.449,19.9544],[73.4154,20.012],[73.261,20.0636],[73.2494,20.1225]]]},"properties":{"AC_NO":129,"AC_NAME":"Vikramgad (ST)","district":"PALGHAR","PC_NO":22,"PC_NAME":"PALGHAR (ST)"}},
{"type":"Feature","geometry":{"type":"Polygon","coordinates":[[[73.9039,20.0608],[73.8353,19.9663],[73.802,19.9608],[73.7547,19.9444],[73.6923,19.9804],[73.7472,20.0198],[73.7542,20.0308],[73.766,20.0779],[73.7487,20.0927],[73.7315,20.1018],[73.6118,20.1409],[73.588,20.1179],[73.5719,20.0335],[73.6449,19.9669],[73.6278,19.925],[73.7797,19.8069],[73.9295,19.9382],[73.9385,19.9757],[73.9137,20.063],[73.9039,20.0608]]]},"properties":{"AC_NO":126,"AC_NAME":"Deolali (SC)","district":"NASHIK","PC_NO":21,"PC_NAME":"NASHIK"}},
{"type":"Feature","geometry":{"type":"Polygon","coordinates":[[[74.9992,20.0007],[74.9789,19.8807],[75.0258,19.774],[74.9917,19.6288],[75.2056,19.579],[75.2368,19.6385],[75.2076,19.7038],[75.2597,19.8045],[75.1912,19.8764],[75.2457,19.9602],[75.3266,20.009],[75.3176,20.0523],[75.3543,20.1396],[75.3411,20.2052],[75.2219,20.1925],[75.2133,20.1502],[75.1134,20.12],[75.0775,20.0098],[74.9992,20.0007]]]},"properties":{"AC_NO":111,"AC_NAME":"Gangapur","district":"CHHATRAPATI SAMBHAJINAGAR","PC_NO":19,"PC_NAME":"AURANGABAD"}},
{"type":"Feature","geometry":{"type":"Polygon","coordinates":[[[75.6794,20.2021],[75.6382,20.1437],[75.5862,20.0977],[75.5998,20.001],[75.6446,20.0008],[75.6548,19.908],[75.6337,19.8076],[75.626,19.6563],[75.6436,19.5369],[75.8029,19.5338],[75.8656,19.5104],[75.9288,19.6389],[75.8952,19.7103],[75.8256,19.738],[75.8307,19.8497],[75.853,19.9156],[75.9298,20.0061],[75.9095,20.0298],[75.9235,20.1551],[75.8505,20.195],[75.7557,20.161],[75.6794,20.2021]]]},"properties":{"AC_NO":102,"AC_NAME":"Badnapur (SC)","district":"JALNA","PC_NO":18,"PC_NAME":"JALNA"}},
{"type":"Feature","geometry":{"type":"Polygon","coordinates":[[[78.5955,19.8177],[78.8408,19.762],[78.9001,19.7377],[78.9723,19.8072],[79.0719,19.8182],[79.147,19.8933],[79.0895,19.9204],[79.1104,19.9896],[79.047,20.0864],[78.9695,20.1285],[78.9621,20.2104],[78.9127,20.257],[78.8166,20.2505],[78.7996,20.2994],[78.7832,20.2984],[78.734,20.1868],[78.6467,20.1156],[78.6384,20.0069],[78.5833,19.9157],[78.5955,19.8177]]]},"properties":{"AC_NO":76,"AC_NAME":"Wani","district":"YAVATMAL","PC_NO":13,"PC_NAME":"CHANDRAPUR"}},
{"type":"Feature","geometry":{"type":"Polygon","coordinates":[[[73.766,20.0779],[73.7542,20.0308],[73.8353,19.9663],[73.9039,20.0608],[73.766,20.0779]]]},"properties":{"AC_NO":123,"AC_NAME":"Nashik East","district":"NASHIK","PC_NO":21,"PC_NAME":"NASHIK"}},
{"type":"Feature","geometry":{"type":"Polygon","coordinates":[[[72.7729,19.9083],[72.711,19.9604],[72.6637,19.9342],[72.6547,19.8353],[72.7294,19.6016],[72.7854,19.6045],[72.8575,19.6339],[72.8402,19.7111],[72.792,19.7173],[72.7733,19.8595],[72.9629,19.8518],[72.9634,19.9095],[73.0154,19.9509],[73.017,20.0063],[72.8965,19.9984],[72.7729,19.9083]]]},"properties":{"AC_NO":130,"AC_NAME":"Palghar (ST)","district":"PALGHAR","PC_NO":22,"PC_NAME":"PALGHAR (ST)"}},
{"type":"Feature","geometry":{"type":"Polygon","coordinates":[[[78.3065,19.9143],[78.3816,19.8799],[78.4231,19.8177],[78.5955,19.8177],[78.5833,19.9157],[78.6384,20.0069],[78.6467,20.1156],[78.5772,20.0956],[78.5442,20.0518],[78.4595,20.0822],[78.4663,20.1863],[78.3866,20.1914],[78.3121,20.1908],[78.2366,20.1495],[78.0873,20.1424],[77.9561,20.2159],[77.8855,20.1921],[77.8592,20.1671],[77.889,20.058],[77.8721,19.9671],[77.9244,19.8904],[78.0526,19.9246],[78.0804,19.8942],[78.3065,19.9143]]]},"properties":{"AC_NO":80,"AC_NAME":"Arni (ST)","district":"YAVATMAL","PC_NO":13,"PC_NAME":"CHANDRAPUR"}},
{"type":"Feature","geometry":{"type":"Polygon","coordinates":[[[73.802,19.9608],[73.7472,20.0198],[73.6923,19.9804],[73.7547,19.9444],[73.802,19.9608]]]},"properties":{"AC_NO":125,"AC_NAME":"Nashik West","district":"NASHIK","PC_NO":21,"PC_NAME":"NASHIK"}},
{"type":"Feature","geometry":{"type":"Polygon","coordinates":[[[73.7472,20.0198],[73.802,19.9608],[73.8353,19.9663],[73.7542,20.0308],[73.7472,20.0198]]]},"properties":{"AC_NO":124,"AC_NAME":"Nashik Central","district":"NASHIK","PC_NO":21,"PC_NAME":"NASHIK"}},
{"type":"Feature","geometry":{"type":"Polygon","coordinates":[[[79.4671,20.2135],[79.4313,20.1316],[79.329,20.1465],[79.2596,20.1063],[79.2655,20.037],[79.3055,19.9111],[79.2545,19.8894],[79.3467,19.8251],[79.4924,19.763],[79.6274,19.7622],[79.7458,19.7828],[79.7433,19.8334],[79.803,19.8926],[79.7693,19.9656],[79.7835,20.0081],[79.7389,20.0454],[79.7606,20.1514],[79.708,20.2013],[79.617,20.1524],[79.5342,20.1573],[79.4671,20.2135]]]},"properties":{"AC_NO":72,"AC_NAME":"Ballarpur","district":"CHANDRAPUR","PC_NO":13,"PC_NAME":"CHANDRAPUR"}},
{"type":"Feature","geometry":{"type":"Polygon","coordinates":[[[73.7291,19.619],[73.7764,19.641],[73.837,19.7403],[73.8809,19.7382],[73.9259,19.6724],[74.022,19.6738],[74.1207,19.6437],[74.1672,19.7304],[74.3094,19.7677],[74.3682,19.8058],[74.3631,19.8712],[74.2747,19.9063],[74.2478,19.9631],[74.2323,19.9685],[74.0886,19.9675],[74.0363,19.9276],[73.9385,19.9757],[73.9295,19.9382],[73.7797,19.8069],[73.7644,19.7316],[73.6968,19.7115],[73.6814,19.6435],[73.7291,19.619]]]},"properties":{"AC_NO":120,"AC_NAME":"Sinnar","district":"NASHIK","PC_NO":21,"PC_NAME":"NASHIK"}},
{"type":"Feature","geometry":{"type":"Polygon","coordinates":[[[74.6519,19.778],[74.6445,19.8599],[74.6707,19.9471],[74.3186,19.9853],[74.2478,19.9631],[74.2747,19.9063],[74.3631,19.8712],[74.3682,19.8058],[74.3094,19.7677],[74.3747,19.7366],[74.4526,19.8247],[74.5189,19.8077],[74.5538,19.6391],[74.622,19.6459],[74.6519,19.778]]]},"properties":{"AC_NO":219,"AC_NAME":"Kopargaon","district":"AHMEDNAGAR","PC_NO":38,"PC_NAME":"SHIRDI (SC)"}},
{"type":"Feature","geometry":{"type":"Polygon","coordinates":[[[77.6284,20.037],[77.5805,20.0293],[77.5243,20.0969],[77.4638,20.0698],[77.3658,20.0991],[77.3721,20.0463],[77.2837,19.9145],[77.389,19.8202],[77.4583,19.6825],[77.5011,19.6786],[77.5191,19.7602],[77.6295,19.7263],[77.6422,19.8082],[77.6826,19.8913],[77.7341,19.9068],[77.8074,19.8644],[77.8616,19.9538],[77.778,20.0118],[77.7266,19.9942],[77.6284,20.037]]]},"properties":{"AC_NO":81,"AC_NAME":"Pusad","district":"YAVATMAL","PC_NO":14,"PC_NAME":"YAVATMAL-WASHIM"}},
{"type":"Feature","geometry":{"type":"Polygon","coordinates":[[[72.9629,19.8518],[72.7733,19.8595],[72.792,19.7173],[72.8402,19.7111],[72.8575,19.6339],[72.7854,19.6045],[72.7505,19.5718],[72.8106,19.5202],[72.8795,19.5265],[72.9215,19.515],[72.9011,19.4113],[72.9914,19.4185],[73.0241,19.4605],[73.003,19.5779],[72.9538,19.6969],[72.9857,19.7564],[72.9629,19.8518]]]},"properties":{"AC_NO":131,"AC_NAME":"Boisar (ST)","district":"PALGHAR","PC_NO":22,"PC_NAME":"PALGHAR (ST)"}},
{"type":"Feature","geometry":{"type":"Polygon","coordinates":[[[75.9659,19.9952],[75.9298,20.0061],[75.853,19.9156],[75.8307,19.8497],[75.8256,19.738],[75.8952,19.7103],[75.9524,19.8047],[76.0962,19.7671],[76.1659,19.7857],[76.1755,19.8512],[76.0976,19.8574],[76.0403,19.9516],[75.9659,19.9952]]]},"properties":{"AC_NO":101,"AC_NAME":"Jalna","district":"JALNA","PC_NO":18,"PC_NAME":"JALNA"}},
{"type":"Feature","geometry":{"type":"Polygon","coordinates":[[[75.3756,19.852],[75.3391,19.8759],[75.2937,19.9066],[75.2457,19.9602],[75.1912,19.8764],[75.2597,19.8045],[75.2877,19.7769],[75.3942,19.775],[75.3756,19.852]]]},"properties":{"AC_NO":108,"AC_NAME":"AurangabadWest(SC)","district":"CHHATRAPATI SAMBHAJINAGAR","PC_NO":19,"PC_NAME":"AURANGABAD"}},
{"type":"Feature","geometry":{"type":"Polygon","coordinates":[[[77.0009,20.0124],[76.9011,19.9646],[76.7723,19.9361],[76.74,19.8738],[76.6787,19.8474],[76.7614,19.6858],[76.8498,19.707],[76.8926,19.6409],[76.9567,19.6724],[77.0438,19.6729],[77.0687,19.6382],[77.1433,19.6781],[77.1833,19.7378],[77.1241,19.7625],[77.2395,19.8908],[77.2025,19.9905],[77.1034,19.932],[77.061,19.9942],[77.0009,20.0124]]]},"properties":{"AC_NO":94,"AC_NAME":"Hingoli","district":"HINGOLI","PC_NO":15,"PC_NAME":"HINGOLI"}},
{"type":"Feature","geometry":{"type":"Polygon","coordinates":[[[75.2937,19.9066],[75.3391,19.8759],[75.3875,19.9155],[75.2937,19.9066]]]},"properties":{"AC_NO":107,"AC_NAME":"Aurangabad Central","district":"CHHATRAPATI SAMBHAJINAGAR","PC_NO":19,"PC_NAME":"AURANGABAD"}},
{"type":"Feature","geometry":{"type":"Polygon","coordinates":[[[79.2655,20.037],[79.1294,20.037],[79.1104,19.9896],[79.0895,19.9204],[79.147,19.8933],[79.2545,19.8894],[79.3055,19.9111],[79.2655,20.037]]]},"properties":{"AC_NO":71,"AC_NAME":"Chandrapur (SC)","district":"CHANDRAPUR","PC_NO":13,"PC_NAME":"CHANDRAPUR"}},
{"type":"Feature","geometry":{"type":"Polygon","coordinates":[[[73.616,19.5854],[73.4943,19.7199],[73.3576,19.6815],[73.3179,19.7407],[73.233,19.8026],[73.1716,19.7458],[73.1957,19.7043],[73.1702,19.5655],[73.1805,19.4918],[73.2333,19.4617],[73.2478,19.4038],[73.3545,19.3157],[73.4787,19.3219],[73.5626,19.3526],[73.6235,19.4437],[73.6855,19.444],[73.7061,19.4973],[73.6228,19.5421],[73.616,19.5854]]]},"properties":{"AC_NO":135,"AC_NAME":"Shahapur (ST)","district":"THANE","PC_NO":23,"PC_NAME":"BHIWANDI"}},
{"type":"Feature","geometry":{"type":"Polygon","coordinates":[[[75.3875,19.9155],[75.3391,19.8759],[75.3756,19.852],[75.3875,19.9155]]]},"properties":{"AC_NO":109,"AC_NAME":"Aurangabad East","district":"CHHATRAPATI SAMBHAJINAGAR","PC_NO":19,"PC_NAME":"AURANGABAD"}},
{"type":"Feature","geometry":{"type":"Polygon","coordinates":[[[79.8312,19.5403],[79.9448,19.47],[79.9724,19.4164],[79.9659,19.3032],[79.9255,19.2109],[79.9461,19.1705],[79.8738,19.1243],[79.8691,19.0434],[79.9371,19.0429],[79.9631,18.866],[79.9154,18.8254],[79.963,18.7747],[80.0298,18.7584],[80.1161,18.6811],[80.2717,18.7233],[80.2446,18.7561],[80.3502,18.8149],[80.3492,18.8476],[80.2703,18.9399],[80.2735,18.9932],[80.3867,19.1799],[80.3919,19.2429],[80.4546,19.275],[80.4862,19.3411],[80.5805,19.3983],[80.6123,19.3097],[80.6804,19.3301],[80.7559,19.2892],[80.8465,19.3557],[80.8118,19.4328],[80.8811,19.4509],[80.8949,19.5196],[80.8343,19.5668],[80.7754,19.5625],[80.7192,19.6154],[80.6658,19.6115],[80.6732,19.6929],[80.4688,19.8265],[80.5231,19.9335],[80.5433,20.0122],[80.4773,20.0398],[80.3799,20.0422],[80.3815,20.0022],[80.2066,19.9378],[80.192,19.8593],[80.2379,19.795],[80.2067,19.7246],[80.1254,19.6894],[80.0539,19.7146],[79.9331,19.6775],[79.9362,19.6014],[79.8312,19.5403]]]},"properties":{"AC_NO":69,"AC_NAME":"Aheri (ST)","district":"GADCHIROLI","PC_NO":12,"PC_NAME":"GADCHIROLI-CHIMUR"}},
{"type":"Feature","geometry":{"type":"Polygon","coordinates":[[[76.535,19.8508],[76.4934,19.9197],[76.4206,19.92],[76.366,19.9289],[76.296,19.8692],[76.1755,19.8512],[76.1659,19.7857],[76.1483,19.631],[76.1613,19.5062],[76.1166,19.2968],[76.1394,19.2901],[76.208,19.2751],[76.2873,19.3819],[76.3133,19.4658],[76.364,19.4705],[76.3929,19.5323],[76.4422,19.5416],[76.452,19.6672],[76.488,19.6773],[76.4859,19.8004],[76.535,19.8508]]]},"properties":{"AC_NO":99,"AC_NAME":"Partur","district":"JALNA","PC_NO":17,"PC_NAME":"PARBHANI"}},
{"type":"Feature","geometry":{"type":"Polygon","coordinates":[[[77.8616,19.9538],[77.8074,19.8644],[77.7341,19.9068],[77.6826,19.8913],[77.6422,19.8082],[77.6295,19.7263],[77.5191,19.7602],[77.5011,19.6786],[77.6258,19.6255],[77.6504,19.5495],[77.7282,19.5327],[77.7484,19.4301],[77.814,19.4563],[77.9078,19.5346],[77.972,19.5083],[77.9903,19.4561],[78.0336,19.4876],[78.1123,19.4817],[78.1216,19.541],[78.1884,19.557],[78.1972,19.6162],[78.131,19.6645],[78.0796,19.6408],[78.0307,19.6927],[77.9807,19.6813],[77.9468,19.731],[77.8578,19.75],[77.8491,19.8007],[77.9244,19.8904],[77.8721,19.9671],[77.8616,19.9538]]]},"properties":{"AC_NO":82,"AC_NAME":"Umarkhed (SC)","district":"YAVATMAL","PC_NO":15,"PC_NAME":"HINGOLI"}},
{"type":"Feature","geometry":{"type":"Polygon","coordinates":[[[74.3094,19.7677],[74.1672,19.7304],[74.1207,19.6437],[74.1207,19.643],[74.2207,19.6616],[74.2561,19.575],[74.3489,19.5692],[74.3558,19.5236],[74.4328,19.4873],[74.5033,19.5272],[74.622,19.6459],[74.5538,19.6391],[74.5189,19.8077],[74.4526,19.8247],[74.3747,19.7366],[74.3094,19.7677]]]},"properties":{"AC_NO":218,"AC_NAME":"Shirdi","district":"AHMEDNAGAR","PC_NO":38,"PC_NAME":"SHIRDI (SC)"}},
{"type":"Feature","geometry":{"type":"Polygon","coordinates":[[[73.003,19.5779],[73.0241,19.4605],[72.9914,19.4185],[72.9463,19.3734],[72.9515,19.3033],[72.9703,19.291],[73.0008,19.2435],[73.0202,19.2098],[73.0664,19.2236],[73.0827,19.2429],[73.1061,19.2338],[73.1183,19.2483],[73.1797,19.3003],[73.2478,19.4038],[73.2333,19.4617],[73.1805,19.4918],[73.1702,19.5655],[73.1957,19.7043],[73.1716,19.7458],[73.1271,19.7045],[73.0619,19.7102],[73.0582,19.5867],[73.003,19.5779]],[[73.0988,19.3797],[73.1537,19.3825],[73.083,19.3076],[73.0298,19.3482],[73.0988,19.3797]]]},"properties":{"AC_NO":134,"AC_NAME":"Bhiwandi Rural(ST)","district":"THANE","PC_NO":23,"PC_NAME":"BHIWANDI"}},
{"type":"Feature","geometry":{"type":"Polygon","coordinates":[[[77.2837,19.9145],[77.2395,19.8908],[77.1241,19.7625],[77.1833,19.7378],[77.1433,19.6781],[77.2292,19.6039],[77.245,19.4924],[77.286,19.4528],[77.3123,19.3556],[77.385,19.3417],[77.4689,19.4961],[77.4583,19.6825],[77.389,19.8202],[77.2837,19.9145]]]},"properties":{"AC_NO":93,"AC_NAME":"Kalamnuri","district":"HINGOLI","PC_NO":15,"PC_NAME":"HINGOLI"}},
{"type":"Feature","geometry":{"type":"Polygon","coordinates":[[[75.6337,19.8076],[75.4831,19.8494],[75.452,19.7708],[75.3942,19.775],[75.2877,19.7769],[75.2597,19.8045],[75.2076,19.7038],[75.2368,19.6385],[75.2056,19.579],[75.2125,19.5591],[75.3013,19.511],[75.3643,19.3983],[75.4744,19.4241],[75.6064,19.3847],[75.6436,19.5369],[75.626,19.6563],[75.6337,19.8076]]]},"properties":{"AC_NO":110,"AC_NAME":"Paithan","district":"CHHATRAPATI SAMBHAJINAGAR","PC_NO":18,"PC_NAME":"JALNA"}},
{"type":"Feature","geometry":{"type":"Polygon","coordinates":[[[77.9517,19.3404],[78.0555,19.2374],[78.1754,19.2376],[78.194,19.3145],[78.1721,19.3596],[78.203,19.4196],[78.3045,19.4563],[78.2744,19.5542],[78.3057,19.6072],[78.2763,19.6926],[78.3432,19.7135],[78.3648,19.7814],[78.301,19.8407],[78.3065,19.9143],[78.0804,19.8942],[78.0526,19.9246],[77.9244,19.8904],[77.8491,19.8007],[77.8578,19.75],[77.9468,19.731],[77.9807,19.6813],[78.0307,19.6927],[78.0796,19.6408],[78.131,19.6645],[78.1972,19.6162],[78.1884,19.557],[78.1216,19.541],[78.1123,19.4817],[78.0336,19.4876],[77.9903,19.4561],[77.9526,19.4066],[77.9517,19.3404]]]},"properties":{"AC_NO":83,"AC_NAME":"Kinwat","district":"NANDED","PC_NO":15,"PC_NAME":"HINGOLI"}},
{"type":"Feature","geometry":{"type":"Polygon","coordinates":[[[73.7291,19.619],[73.616,19.5854],[73.6228,19.5421],[73.7061,19.4973],[73.6855,19.444],[73.7795,19.3868],[73.9275,19.3385],[73.9954,19.3528],[74.0511,19.2435],[74.172,19.2219],[74.2597,19.2548],[74.2832,19.3131],[74.2004,19.4021],[74.1831,19.4625],[74.0669,19.4615],[74.1207,19.643],[74.1207,19.6437],[74.022,19.6738],[73.9259,19.6724],[73.8809,19.7382],[73.837,19.7403],[73.7764,19.641],[73.7291,19.619]]]},"properties":{"AC_NO":216,"AC_NAME":"Akole (ST)","district":"AHMEDNAGAR","PC_NO":38,"PC_NAME":"SHIRDI (SC)"}},
{"type":"Feature","geometry":{"type":"Polygon","coordinates":[[[76.647,19.8679],[76.535,19.8508],[76.4859,19.8004],[76.488,19.6773],[76.452,19.6672],[76.4422,19.5416],[76.3929,19.5323],[76.364,19.4705],[76.3133,19.4658],[76.2873,19.3819],[76.382,19.3461],[76.4841,19.3658],[76.5141,19.4135],[76.6103,19.4471],[76.6779,19.3988],[76.7246,19.4041],[76.7645,19.4603],[76.8499,19.4108],[76.922,19.4413],[76.97,19.5466],[76.8926,19.6409],[76.8498,19.707],[76.7614,19.6858],[76.6787,19.8474],[76.647,19.8679]]]},"properties":{"AC_NO":95,"AC_NAME":"Jintur","district":"PARBHANI","PC_NO":17,"PC_NAME":"PARBHANI"}},
{"type":"Feature","geometry":{"type":"Polygon","coordinates":[[[74.8296,19.6662],[74.7446,19.6904],[74.6519,19.778],[74.622,19.6459],[74.5033,19.5272],[74.5977,19.4946],[74.5896,19.4453],[74.782,19.453],[74.8167,19.5081],[74.8086,19.5829],[74.8296,19.6662]]]},"properties":{"AC_NO":220,"AC_NAME":"Shrirampur(SC)","district":"AHMEDNAGAR","PC_NO":38,"PC_NAME":"SHIRDI (SC)"}},
{"type":"Feature","geometry":{"type":"Polygon","coordinates":[[[78.8408,19.762],[78.86,19.6897],[78.9529,19.6585],[78.9405,19.5521],[79.0461,19.5485],[79.1614,19.4885],[79.2039,19.4943],[79.273,19.599],[79.3658,19.5765],[79.4018,19.5386],[79.4984,19.5059],[79.5186,19.5433],[79.5942,19.5071],[79.6322,19.5753],[79.7441,19.6089],[79.8065,19.579],[79.7824,19.7275],[79.7458,19.7828],[79.6274,19.7622],[79.4924,19.763],[79.3467,19.8251],[79.2545,19.8894],[79.147,19.8933],[79.0719,19.8182],[78.9723,19.8072],[78.9001,19.7377],[78.8408,19.762]]]},"properties":{"AC_NO":70,"AC_NAME":"Rajura","district":"CHANDRAPUR","PC_NO":13,"PC_NAME":"CHANDRAPUR"}},
{"type":"Feature","geometry":{"type":"Polygon","coordinates":[[[75.6436,19.5369],[75.6064,19.3847],[75.6763,19.3564],[75.7514,19.3578],[75.7876,19.3996],[75.844,19.3708],[75.9094,19.3928],[75.9072,19.3145],[75.9435,19.2916],[76.0103,19.3373],[76.0407,19.2832],[76.1166,19.2968],[76.1613,19.5062],[76.1483,19.631],[76.1659,19.7857],[76.0962,19.7671],[75.9524,19.8047],[75.8952,19.7103],[75.9288,19.6389],[75.8656,19.5104],[75.8029,19.5338],[75.6436,19.5369]]]},"properties":{"AC_NO":100,"AC_NAME":"Ghansawangi","district":"JALNA","PC_NO":17,"PC_NAME":"PARBHANI"}},
{"type":"Feature","geometry":{"type":"Polygon","coordinates":[[[74.1207,19.643],[74.0669,19.4615],[74.1831,19.4625],[74.2004,19.4021],[74.2832,19.3131],[74.3886,19.3324],[74.4391,19.3906],[74.4328,19.4873],[74.3558,19.5236],[74.3489,19.5692],[74.2561,19.575],[74.2207,19.6616],[74.1207,19.643]]]},"properties":{"AC_NO":217,"AC_NAME":"Sangamner","district":"AHMEDNAGAR","PC_NO":38,"PC_NAME":"SHIRDI (SC)"}},
{"type":"Feature","geometry":{"type":"Polygon","coordinates":[[[74.9917,19.6288],[74.8296,19.6662],[74.8086,19.5829],[74.8167,19.5081],[74.782,19.453],[74.7921,19.298],[74.8818,19.2927],[74.9099,19.3272],[75.0425,19.2932],[75.1388,19.455],[75.1439,19.5218],[75.2125,19.5591],[75.2056,19.579],[74.9917,19.6288]]]},"properties":{"AC_NO":221,"AC_NAME":"Nevasa","district":"AHMEDNAGAR","PC_NO":38,"PC_NAME":"SHIRDI (SC)"}},
{"type":"Feature","geometry":{"type":"Polygon","coordinates":[[[72.8795,19.5265],[72.8128,19.4857],[72.8386,19.4069],[72.9011,19.4113],[72.9215,19.515],[72.8795,19.5265]]]},"properties":{"AC_NO":132,"AC_NAME":"Nalasopara","district":"PALGHAR","PC_NO":22,"PC_NAME":"PALGHAR (ST)"}},
{"type":"Feature","geometry":{"type":"Polygon","coordinates":[[[76.8926,19.6409],[76.97,19.5466],[76.922,19.4413],[76.8884,19.3538],[76.9261,19.25],[77.012,19.2528],[77.0368,19.2016],[77.098,19.1735],[77.1006,19.1085],[77.1419,19.0722],[77.1919,19.1474],[77.1793,19.2287],[77.2304,19.2758],[77.3123,19.3556],[77.286,19.4528],[77.245,19.4924],[77.2292,19.6039],[77.1433,19.6781],[77.0687,19.6382],[77.0438,19.6729],[76.9567,19.6724],[76.8926,19.6409]]]},"properties":{"AC_NO":92,"AC_NAME":"Basmath","district":"HINGOLI","PC_NO":15,"PC_NAME":"HINGOLI"}},
{"type":"Feature","geometry":{"type":"Polygon","coordinates":[[[72.9914,19.4185],[72.9011,19.4113],[72.8386,19.4069],[72.8128,19.4857],[72.7443,19.4619],[72.7577,19.3759],[72.799,19.3305],[72.8928,19.2999],[72.9515,19.3033],[72.9463,19.3734],[72.9914,19.4185]]]},"properties":{"AC_NO":133,"AC_NAME":"Vasai","district":"PALGHAR","PC_NO":22,"PC_NAME":"PALGHAR (ST)"}},
{"type":"Feature","geometry":{"type":"Polygon","coordinates":[[[77.8635,19.3037],[77.9517,19.3404],[77.9526,19.4066],[77.9903,19.4561],[77.972,19.5083],[77.9078,19.5346],[77.814,19.4563],[77.7484,19.4301],[77.7282,19.5327],[77.6504,19.5495],[77.6258,19.6255],[77.5011,19.6786],[77.4583,19.6825],[77.4689,19.4961],[77.385,19.3417],[77.4213,19.3048],[77.5035,19.3018],[77.5664,19.2734],[77.8635,19.3037]]]},"properties":{"AC_NO":84,"AC_NAME":"Hadgaon","district":"NANDED","PC_NO":15,"PC_NAME":"HINGOLI"}},
{"type":"Feature","geometry":{"type":"Polygon","coordinates":[[[74.4328,19.4873],[74.4391,19.3906],[74.3886,19.3324],[74.4812,19.3391],[74.4979,19.2575],[74.5915,19.298],[74.6937,19.2938],[74.7051,19.1867],[74.7343,19.1507],[74.7993,19.0714],[74.8343,19.0917],[74.8406,19.1739],[74.9215,19.1787],[74.946,19.1308],[75.0582,19.0978],[75.0916,19.126],[75.086,19.2177],[75.0237,19.2256],[75.0425,19.2932],[74.9099,19.3272],[74.8818,19.2927],[74.7921,19.298],[74.782,19.453],[74.5896,19.4453],[74.5977,19.4946],[74.5033,19.5272],[74.4328,19.4873]]]},"properties":{"AC_NO":223,"AC_NAME":"Rahuri","district":"AHMEDNAGAR","PC_NO":37,"PC_NAME":"AHMEDNAGAR"}},
{"type":"Feature","geometry":{"type":"Polygon","coordinates":[[[75.4744,19.4241],[75.3643,19.3983],[75.3013,19.511],[75.2125,19.5591],[75.1439,19.5218],[75.1388,19.455],[75.0425,19.2932],[75.0237,19.2256],[75.086,19.2177],[75.0916,19.126],[75.1362,19.036],[75.27,19.0532],[75.2953,19.0848],[75.4078,19.0801],[75.4855,19.1061],[75.4369,19.2206],[75.5392,19.3074],[75.5315,19.3765],[75.4744,19.4241]]]},"properties":{"AC_NO":222,"AC_NAME":"Shevgaon","district":"AHMEDNAGAR","PC_NO":37,"PC_NAME":"AHMEDNAGAR"}},
{"type":"Feature","geometry":{"type":"Polygon","coordinates":[[[73.6855,19.444],[73.6235,19.4437],[73.5626,19.3526],[73.4787,19.3219],[73.3545,19.3157],[73.2478,19.4038],[73.1797,19.3003],[73.2109,19.2661],[73.2095,19.234],[73.2075,19.1819],[73.198,19.1229],[73.2632,19.0659],[73.3544,19.1307],[73.5258,19.1296],[73.5352,19.178],[73.6435,19.2185],[73.7068,19.3243],[73.7892,19.3372],[73.7795,19.3868],[73.6855,19.444]]]},"properties":{"AC_NO":139,"AC_NAME":"Murbad","district":"THANE","PC_NO":23,"PC_NAME":"BHIWANDI"}},
{"type":"Feature","geometry":{"type":"Polygon","coordinates":[[[73.083,19.3076],[73.0988,19.3797],[73.0298,19.3482],[73.083,19.3076]]]},"properties":{"AC_NO":136,"AC_NAME":"Bhiwandi West","district":"THANE","PC_NO":23,"PC_NAME":"BHIWANDI"}},
{"type":"Feature","geometry":{"type":"Polygon","coordinates":[[[73.0988,19.3797],[73.083,19.3076],[73.1537,19.3825],[73.0988,19.3797]]]},"properties":{"AC_NO":137,"AC_NAME":"Bhiwandi East","district":"THANE","PC_NO":23,"PC_NAME":"BHIWANDI"}},
{"type":"Feature","geometry":{"type":"Polygon","coordinates":[[[74.172,19.2219],[74.0511,19.2435],[73.9954,19.3528],[73.9275,19.3385],[73.7795,19.3868],[73.7892,19.3372],[73.7068,19.3243],[73.6435,19.2185],[73.8789,19.1056],[73.939,19.1059],[74.0093,19.0502],[74.0738,19.0753],[74.1892,19.0189],[74.2104,19.1285],[74.2734,19.1862],[74.172,19.2219]]]},"properties":{"AC_NO":195,"AC_NAME":"Junnar","district":"PUNE","PC_NO":36,"PC_NAME":"SHIRUR"}},
{"type":"Feature","geometry":{"type":"Polygon","coordinates":[[[72.8681,19.3077],[72.786,19.3056],[72.7842,19.2637],[72.8247,19.2455],[72.872,19.2602],[72.8922,19.2505],[72.8681,19.3077]]]},"properties":{"AC_NO":145,"AC_NAME":"Mira Bhayandar","district":"THANE","PC_NO":25,"PC_NAME":"THANE"}},
{"type":"Feature","geometry":{"type":"Polygon","coordinates":[[[72.9703,19.291],[72.9515,19.3033],[72.8928,19.2999],[72.8681,19.3077],[72.8922,19.2505],[72.9157,19.2311],[72.9596,19.2355],[72.9703,19.291]]]},"properties":{"AC_NO":146,"AC_NAME":"Ovala ?Majiwada","district":"THANE","PC_NO":25,"PC_NAME":"THANE"}},
{"type":"Feature","geometry":{"type":"Polygon","coordinates":[[[76.1394,19.2901],[76.1166,19.2968],[76.0407,19.2832],[76.0103,19.3373],[75.9435,19.2916],[75.9072,19.3145],[75.9094,19.3928],[75.844,19.3708],[75.7876,19.3996],[75.7514,19.3578],[75.6763,19.3564],[75.6064,19.3847],[75.4744,19.4241],[75.5315,19.3765],[75.5392,19.3074],[75.4369,19.2206],[75.5462,19.1843],[75.5462,19.1468],[75.6336,19.0852],[75.7242,19.1226],[75.8444,19.0952],[75.8887,19.0336],[75.9572,19.0325],[76.0149,19.0933],[76.0075,19.1372],[76.1331,19.1341],[76.157,19.1758],[76.0938,19.2149],[76.1394,19.2901]]]},"properties":{"AC_NO":228,"AC_NAME":"Georai","district":"BEED","PC_NO":39,"PC_NAME":"BEED"}},
{"type":"Feature","geometry":{"type":"Polygon","coordinates":[[[73.1183,19.2483],[73.123,19.2488],[73.1673,19.2663],[73.2109,19.2661],[73.1797,19.3003],[73.1183,19.2483]]]},"properties":{"AC_NO":138,"AC_NAME":"Kalyan West","district":"THANE","PC_NO":23,"PC_NAME":"BHIWANDI"}},
{"type":"Feature","geometry":{"type":"Polygon","coordinates":[[[72.9703,19.291],[72.9596,19.2355],[72.9781,19.2129],[73.0008,19.2435],[72.9703,19.291]]]},"properties":{"AC_NO":148,"AC_NAME":"Thane","district":"THANE","PC_NO":25,"PC_NAME":"THANE"}},
{"type":"Feature","geometry":{"type":"Polygon","coordinates":[[[74.2832,19.3131],[74.2597,19.2548],[74.172,19.2219],[74.2734,19.1862],[74.2104,19.1285],[74.1892,19.0189],[74.2128,19.009],[74.3069,18.8545],[74.3412,18.8384],[74.3896,18.8325],[74.4488,18.8541],[74.5922,18.8608],[74.7102,18.9008],[74.7155,18.9821],[74.7457,19.0213],[74.6752,19.0557],[74.6929,19.1385],[74.7343,19.1507],[74.7051,19.1867],[74.6937,19.2938],[74.5915,19.298],[74.4979,19.2575],[74.4812,19.3391],[74.3886,19.3324],[74.2832,19.3131]]]},"properties":{"AC_NO":224,"AC_NAME":"Parner","district":"AHMEDNAGAR","PC_NO":37,"PC_NAME":"AHMEDNAGAR"}},
{"type":"Feature","geometry":{"type":"Polygon","coordinates":[[[76.7246,19.4041],[76.7136,19.3052],[76.6679,19.2475],[76.8181,19.2095],[76.8345,19.1456],[76.8964,19.1572],[76.9261,19.25],[76.8884,19.3538],[76.922,19.4413],[76.8499,19.4108],[76.7645,19.4603],[76.7246,19.4041]]]},"properties":{"AC_NO":96,"AC_NAME":"Parbhani","district":"PARBHANI","PC_NO":17,"PC_NAME":"PARBHANI"}},
{"type":"Feature","geometry":{"type":"Polygon","coordinates":[[[72.872,19.2602],[72.8247,19.2455],[72.8619,19.2285],[72.872,19.2602]]]},"properties":{"AC_NO":153,"AC_NAME":"Dahisar","district":"MUMBAI SUBURBAN","PC_NO":26,"PC_NAME":"MUMBAI NORTH"}},
{"type":"Feature","geometry":{"type":"Polygon","coordinates":[[[72.8247,19.2455],[72.7842,19.2637],[72.793,19.1938],[72.8514,19.2113],[72.8667,19.211],[72.8619,19.2285],[72.8247,19.2455]]]},"properties":{"AC_NO":152,"AC_NAME":"Borivali","district":"MUMBAI SUBURBAN","PC_NO":26,"PC_NAME":"MUMBAI NORTH"}},
{"type":"Feature","geometry":{"type":"Polygon","coordinates":[[[76.2873,19.3819],[76.208,19.2751],[76.3631,19.237],[76.3389,19.0985],[76.3904,19.125],[76.4525,19.0499],[76.4736,18.9633],[76.5818,18.9435],[76.5861,18.8676],[76.6255,18.8515],[76.6815,18.977],[76.6283,19.0238],[76.6959,19.072],[76.7576,19.071],[76.7925,19.024],[76.8345,19.1456],[76.8181,19.2095],[76.6679,19.2475],[76.7136,19.3052],[76.7246,19.4041],[76.6779,19.3988],[76.6103,19.4471],[76.5141,19.4135],[76.4841,19.3658],[76.382,19.3461],[76.2873,19.3819]]]},"properties":{"AC_NO":98,"AC_NAME":"Pathri","district":"PARBHANI","PC_NO":17,"PC_NAME":"PARBHANI"}},
{"type":"Feature","geometry":{"type":"Polygon","coordinates":[[[72.8922,19.2505],[72.872,19.2602],[72.8619,19.2285],[72.8667,19.211],[72.8765,19.1876],[72.9023,19.1794],[72.9232,19.2151],[72.9157,19.2311],[72.8922,19.2505]]]},"properties":{"AC_NO":154,"AC_NAME":"Magathane","district":"MUMBAI SUBURBAN","PC_NO":26,"PC_NAME":"MUMBAI NORTH"}},
{"type":"Feature","geometry":{"type":"Polygon","coordinates":[[[73.2075,19.1819],[73.1798,19.2242],[73.1673,19.2663],[73.123,19.2488],[73.1092,19.1099],[73.198,19.1229],[73.2075,19.1819]]]},"properties":{"AC_NO":142,"AC_NAME":"Kalyan East","district":"THANE","PC_NO":24,"PC_NAME":"KALYAN"}},
{"type":"Feature","geometry":{"type":"Polygon","coordinates":[[[73.2109,19.2661],[73.1673,19.2663],[73.1798,19.2242],[73.2095,19.234],[73.2109,19.2661]]]},"properties":{"AC_NO":141,"AC_NAME":"Ulhasnagar","district":"THANE","PC_NO":24,"PC_NAME":"KALYAN"}},
{"type":"Feature","geometry":{"type":"Polygon","coordinates":[[[73.0008,19.2435],[72.9781,19.2129],[72.9805,19.1853],[72.9864,19.187],[73.0039,19.1713],[73.0202,19.2098],[73.0008,19.2435]]]},"properties":{"AC_NO":149,"AC_NAME":"Mumbra-Kalwa","district":"THANE","PC_NO":24,"PC_NAME":"KALYAN"}},
{"type":"Feature","geometry":{"type":"Polygon","coordinates":[[[72.9157,19.2311],[72.9232,19.2151],[72.9678,19.1705],[72.9805,19.1853],[72.9781,19.2129],[72.9596,19.2355],[72.9157,19.2311]]]},"properties":{"AC_NO":147,"AC_NAME":"Kopri-Pachpakhadi","district":"THANE","PC_NO":25,"PC_NAME":"THANE"}},
{"type":"Feature","geometry":{"type":"Polygon","coordinates":[[[73.1061,19.2338],[73.0664,19.2236],[73.0202,19.2098],[73.0039,19.1713],[73.0539,19.1005],[73.1092,19.1099],[73.123,19.2488],[73.1183,19.2483],[73.1061,19.2338]]]},"properties":{"AC_NO":144,"AC_NAME":"Kalyan Rural","district":"THANE","PC_NO":24,"PC_NAME":"KALYAN"}},
{"type":"Feature","geometry":{"type":"Polygon","coordinates":[[[73.0664,19.2236],[73.1061,19.2338],[73.0827,19.2429],[73.0664,19.2236]]]},"properties":{"AC_NO":143,"AC_NAME":"Dombivali","district":"THANE","PC_NO":24,"PC_NAME":"KALYAN"}},
{"type":"Feature","geometry":{"type":"Polygon","coordinates":[[[73.2095,19.234],[73.1798,19.2242],[73.2075,19.1819],[73.2095,19.234]]]},"properties":{"AC_NO":140,"AC_NAME":"Ambernath (SC)","district":"THANE","PC_NO":24,"PC_NAME":"KALYAN"}},
{"type":"Feature","geometry":{"type":"Polygon","coordinates":[[[72.8514,19.2113],[72.793,19.1938],[72.7963,19.1924],[72.8485,19.1904],[72.8514,19.2113]]]},"properties":{"AC_NO":161,"AC_NAME":"Charkop","district":"MUMBAI SUBURBAN","PC_NO":26,"PC_NAME":"MUMBAI NORTH"}},
{"type":"Feature","geometry":{"type":"Polygon","coordinates":[[[72.8514,19.2113],[72.8485,19.1904],[72.848,19.1721],[72.8592,19.1702],[72.8765,19.1876],[72.8667,19.211],[72.8514,19.2113]]]},"properties":{"AC_NO":160,"AC_NAME":"Kandivali East","district":"MUMBAI SUBURBAN","PC_NO":26,"PC_NAME":"MUMBAI NORTH"}},
{"type":"Feature","geometry":{"type":"Polygon","coordinates":[[[72.9232,19.2151],[72.9023,19.1794],[72.8934,19.1564],[72.8986,19.1356],[72.9533,19.1503],[72.9678,19.1705],[72.9232,19.2151]]]},"properties":{"AC_NO":155,"AC_NAME":"Mulund","district":"MUMBAI SUBURBAN","PC_NO":28,"PC_NAME":"MUMBAI NORTH-EAST"}},
{"type":"Feature","geometry":{"type":"Polygon","coordinates":[[[72.7963,19.1924],[72.8024,19.139],[72.8111,19.1522],[72.848,19.1721],[72.8485,19.1904],[72.7963,19.1924]]]},"properties":{"AC_NO":162,"AC_NAME":"Malad West","district":"MUMBAI SUBURBAN","PC_NO":26,"PC_NAME":"MUMBAI NORTH"}},
{"type":"Feature","geometry":{"type":"Polygon","coordinates":[[[72.8765,19.1876],[72.8592,19.1702],[72.8934,19.1564],[72.9023,19.1794],[72.8765,19.1876]]]},"properties":{"AC_NO":159,"AC_NAME":"Dindoshi","district":"MUMBAI SUBURBAN","PC_NO":27,"PC_NAME":"MUMBAI NORTH-WEST"}},
{"type":"Feature","geometry":{"type":"Polygon","coordinates":[[[72.9864,19.187],[72.998,19.1115],[73.0466,19.085],[73.0539,19.1005],[73.0039,19.1713],[72.9864,19.187]]]},"properties":{"AC_NO":150,"AC_NAME":"Airoli","district":"THANE","PC_NO":25,"PC_NAME":"THANE"}},
{"type":"Feature","geometry":{"type":"Polygon","coordinates":[[[72.848,19.1721],[72.8111,19.1522],[72.8511,19.1379],[72.8592,19.1702],[72.848,19.1721]]]},"properties":{"AC_NO":163,"AC_NAME":"Goregaon","district":"MUMBAI SUBURBAN","PC_NO":27,"PC_NAME":"MUMBAI NORTH-WEST"}},
{"type":"Feature","geometry":{"type":"Polygon","coordinates":[[[73.6435,19.2185],[73.5352,19.178],[73.5258,19.1296],[73.5213,19.0706],[73.6538,19.0606],[73.8211,19.0011],[73.902,18.9184],[73.9767,18.9283],[74.0416,18.8923],[74.0331,18.728],[74.2033,18.7046],[74.3118,18.7069],[74.3412,18.8384],[74.3069,18.8545],[74.2128,19.009],[74.1892,19.0189],[74.0738,19.0753],[74.0093,19.0502],[73.939,19.1059],[73.8789,19.1056],[73.6435,19.2185]]]},"properties":{"AC_NO":196,"AC_NAME":"Ambegaon","district":"PUNE","PC_NO":36,"PC_NAME":"SHIRUR"}},
{"type":"Feature","geometry":{"type":"Polygon","coordinates":[[[72.8934,19.1564],[72.8592,19.1702],[72.8511,19.1379],[72.8492,19.1287],[72.8484,19.1219],[72.8925,19.1253],[72.8986,19.1356],[72.8934,19.1564]]]},"properties":{"AC_NO":158,"AC_NAME":"Jogeshwari East","district":"MUMBAI SUBURBAN","PC_NO":27,"PC_NAME":"MUMBAI NORTH-WEST"}},
{"type":"Feature","geometry":{"type":"Polygon","coordinates":[[[72.8111,19.1522],[72.8024,19.139],[72.8217,19.1227],[72.8492,19.1287],[72.8511,19.1379],[72.8111,19.1522]]]},"properties":{"AC_NO":164,"AC_NAME":"Versova","district":"MUMBAI SUBURBAN","PC_NO":27,"PC_NAME":"MUMBAI NORTH-WEST"}},
{"type":"Feature","geometry":{"type":"Polygon","coordinates":[[[72.8986,19.1356],[72.8925,19.1253],[72.8903,19.1185],[72.9042,19.1116],[72.9375,19.1154],[72.9533,19.1503],[72.8986,19.1356]]]},"properties":{"AC_NO":157,"AC_NAME":"Bhandup West","district":"MUMBAI SUBURBAN","PC_NO":28,"PC_NAME":"MUMBAI NORTH-EAST"}},
{"type":"Feature","geometry":{"type":"Polygon","coordinates":[[[77.8067,19.1025],[77.8526,19.1549],[77.8635,19.3037],[77.5664,19.2734],[77.5035,19.3018],[77.4213,19.3048],[77.385,19.3417],[77.3123,19.3556],[77.2304,19.2758],[77.2945,19.2704],[77.3388,19.189],[77.4046,19.1663],[77.4044,19.0748],[77.4675,19.0308],[77.5445,19.0632],[77.538,19.1108],[77.619,19.1441],[77.6424,19.1077],[77.7669,19.0857],[77.8067,19.1025]]]},"properties":{"AC_NO":85,"AC_NAME":"Bhokar","district":"NANDED","PC_NO":16,"PC_NAME":"NANDED"}},
{"type":"Feature","geometry":{"type":"Polygon","coordinates":[[[72.8484,19.1219],[72.8473,19.1098],[72.8843,19.0877],[72.8903,19.1185],[72.8925,19.1253],[72.8484,19.1219]]]},"properties":{"AC_NO":166,"AC_NAME":"Andheri East","district":"MUMBAI SUBURBAN","PC_NO":27,"PC_NAME":"MUMBAI NORTH-WEST"}},
{"type":"Feature","geometry":{"type":"Polygon","coordinates":[[[76.208,19.2751],[76.1394,19.2901],[76.0938,19.2149],[76.157,19.1758],[76.1331,19.1341],[76.0075,19.1372],[76.0149,19.0933],[75.9572,19.0325],[75.8887,19.0336],[75.8992,18.9054],[76.1092,18.8741],[76.0995,18.7933],[76.1835,18.7495],[76.2968,18.8333],[76.2513,18.8619],[76.2871,18.9229],[76.3519,18.9136],[76.3312,19.0024],[76.3389,19.0985],[76.3631,19.237],[76.208,19.2751]]]},"properties":{"AC_NO":229,"AC_NAME":"Majalgaon","district":"BEED","PC_NO":39,"PC_NAME":"BEED"}},
{"type":"Feature","geometry":{"type":"Polygon","coordinates":[[[72.8492,19.1287],[72.8217,19.1227],[72.8217,19.073],[72.8394,19.0847],[72.8473,19.1098],[72.8484,19.1219],[72.8492,19.1287]]]},"properties":{"AC_NO":165,"AC_NAME":"Andheri West","district":"MUMBAI SUBURBAN","PC_NO":27,"PC_NAME":"MUMBAI NORTH-WEST"}},
{"type":"Feature","geometry":{"type":"Polygon","coordinates":[[[72.8903,19.1185],[72.8843,19.0877],[72.883,19.0778],[72.8918,19.0678],[72.899,19.0692],[72.9146,19.0985],[72.9042,19.1116],[72.8903,19.1185]]]},"properties":{"AC_NO":168,"AC_NAME":"Chandivali","district":"MUMBAI SUBURBAN","PC_NO":29,"PC_NAME":"MUMBAI NORTH-CENTRAL"}},
{"type":"Feature","geometry":{"type":"Polygon","coordinates":[[[72.9042,19.1116],[72.9146,19.0985],[72.9148,19.0984],[72.9344,19.0993],[72.9375,19.1154],[72.9042,19.1116]]]},"properties":{"AC_NO":156,"AC_NAME":"Vikhroli","district":"MUMBAI SUBURBAN","PC_NO":28,"PC_NAME":"MUMBAI NORTH-EAST"}},
{"type":"Feature","geometry":{"type":"Polygon","coordinates":[[[72.8473,19.1098],[72.8394,19.0847],[72.8446,19.0723],[72.8514,19.0715],[72.883,19.0778],[72.8843,19.0877],[72.8473,19.1098]]]},"properties":{"AC_NO":167,"AC_NAME":"Vile Parle","district":"MUMBAI SUBURBAN","PC_NO":29,"PC_NAME":"MUMBAI NORTH-CENTRAL"}},
{"type":"Feature","geometry":{"type":"Polygon","coordinates":[[[73.2632,19.0659],[73.198,19.1229],[73.1092,19.1099],[73.0539,19.1005],[73.0466,19.085],[73.0468,19.016],[73.1939,18.946],[73.2808,19.0105],[73.2632,19.0659]]]},"properties":{"AC_NO":188,"AC_NAME":"Panvel","district":"RAIGARH","PC_NO":33,"PC_NAME":"MAVAL"}},
{"type":"Feature","geometry":{"type":"Polygon","coordinates":[[[72.998,19.1115],[73.0414,19.0065],[73.0468,19.016],[73.0466,19.085],[72.998,19.1115]]]},"properties":{"AC_NO":151,"AC_NAME":"Belapur","district":"THANE","PC_NO":25,"PC_NAME":"THANE"}},
{"type":"Feature","geometry":{"type":"MultiPolygon","coordinates":[[[[72.9348,19.0617],[72.9113,19.0605],[72.9129,19.0591],[72.9186,19.0542],[72.9199,19.0541],[72.9348,19.0617]]],[[[72.9148,19.0984],[72.9252,19.0887],[72.9344,19.0993],[72.9148,19.0984]]]]},"properties":{"AC_NO":170,"AC_NAME":"Ghatkopar East","district":"MUMBAI SUBURBAN","PC_NO":28,"PC_NAME":"MUMBAI NORTH-EAST"}},
{"type":"Feature","geometry":{"type":"Polygon","coordinates":[[[73.5258,19.1296],[73.3544,19.1307],[73.2632,19.0659],[73.2808,19.0105],[73.3042,18.8626],[73.2196,18.8127],[73.2373,18.7264],[73.3324,18.7016],[73.3554,18.7215],[73.3891,18.8534],[73.4248,18.8614],[73.4607,18.965],[73.5224,18.9783],[73.5213,19.0706],[73.5258,19.1296]]]},"properties":{"AC_NO":189,"AC_NAME":"Karjat","district":"RAIGARH","PC_NO":33,"PC_NAME":"MAVAL"}},
{"type":"Feature","geometry":{"type":"Polygon","coordinates":[[[72.899,19.0692],[72.9058,19.0608],[72.9252,19.0887],[72.9148,19.0984],[72.9146,19.0985],[72.899,19.0692]]]},"properties":{"AC_NO":169,"AC_NAME":"Ghatkopar West","district":"MUMBAI SUBURBAN","PC_NO":28,"PC_NAME":"MUMBAI NORTH-EAST"}},
{"type":"Feature","geometry":{"type":"Polygon","coordinates":[[[77.1006,19.1085],[77.098,19.1735],[77.0368,19.2016],[77.012,19.2528],[76.9261,19.25],[76.8964,19.1572],[76.8345,19.1456],[76.7925,19.024],[76.7576,19.071],[76.6959,19.072],[76.6283,19.0238],[76.6815,18.977],[76.6255,18.8515],[76.6927,18.7526],[76.7217,18.7499],[76.7785,18.7934],[76.8817,18.8353],[76.9907,18.829],[76.9534,18.8739],[76.9556,18.9333],[77.0233,18.9322],[77.057,18.9889],[77.0606,19.0629],[77.1006,19.1085]]]},"properties":{"AC_NO":97,"AC_NAME":"Gangakhed","district":"PARBHANI","PC_NO":17,"PC_NAME":"PARBHANI"}},
{"type":"Feature","geometry":{"type":"Polygon","coordinates":[[[72.8394,19.0847],[72.8217,19.073],[72.8391,19.048],[72.8437,19.0505],[72.8446,19.0723],[72.8394,19.0847]]]},"properties":{"AC_NO":177,"AC_NAME":"Vandre West","district":"MUMBAI SUBURBAN","PC_NO":29,"PC_NAME":"MUMBAI NORTH-CENTRAL"}},
{"type":"Feature","geometry":{"type":"Polygon","coordinates":[[[72.883,19.0778],[72.8514,19.0715],[72.8767,19.0568],[72.8918,19.0678],[72.883,19.0778]]]},"properties":{"AC_NO":175,"AC_NAME":"Kalina","district":"MUMBAI SUBURBAN","PC_NO":29,"PC_NAME":"MUMBAI NORTH-CENTRAL"}},
{"type":"Feature","geometry":{"type":"Polygon","coordinates":[[[75.0916,19.126],[75.0582,19.0978],[74.946,19.1308],[74.9146,19.0377],[74.8281,18.9623],[74.8483,18.9084],[74.9375,18.8277],[75.0314,18.7695],[75.1168,18.6797],[75.1719,18.7366],[75.2539,18.7204],[75.3447,18.7833],[75.4387,18.7975],[75.45,18.7511],[75.5836,18.6982],[75.6064,18.6845],[75.6232,18.8345],[75.6029,18.8922],[75.6294,18.9747],[75.4993,18.9195],[75.4645,18.95],[75.4994,19.097],[75.5462,19.1468],[75.5462,19.1843],[75.4369,19.2206],[75.4855,19.1061],[75.4078,19.0801],[75.2953,19.0848],[75.27,19.0532],[75.1362,19.036],[75.0916,19.126]]]},"properties":{"AC_NO":231,"AC_NAME":"Ashti","district":"BEED","PC_NO":39,"PC_NAME":"BEED"}},
{"type":"Feature","geometry":{"type":"Polygon","coordinates":[[[74.7993,19.0714],[74.7457,19.0213],[74.7155,18.9821],[74.7102,18.9008],[74.5922,18.8608],[74.4488,18.8541],[74.3896,18.8325],[74.4738,18.6923],[74.4767,18.6349],[74.5513,18.6097],[74.5782,18.5469],[74.5471,18.509],[74.6421,18.4503],[74.7196,18.4923],[74.8379,18.5401],[74.8341,18.6902],[74.9402,18.7967],[74.9375,18.8277],[74.8483,18.9084],[74.8281,18.9623],[74.9146,19.0377],[74.946,19.1308],[74.9215,19.1787],[74.8406,19.1739],[74.8343,19.0917],[74.7993,19.0714]]]},"properties":{"AC_NO":226,"AC_NAME":"Shrigonda","district":"AHMEDNAGAR","PC_NO":37,"PC_NAME":"AHMEDNAGAR"}},
{"type":"Feature","geometry":{"type":"Polygon","coordinates":[[[72.8446,19.0723],[72.8437,19.0505],[72.8627,19.0526],[72.8754,19.0498],[72.8767,19.0568],[72.8514,19.0715],[72.8446,19.0723]]]},"properties":{"AC_NO":176,"AC_NAME":"Vandre East","district":"MUMBAI SUBURBAN","PC_NO":29,"PC_NAME":"MUMBAI NORTH-CENTRAL"}},
{"type":"Feature","geometry":{"type":"Polygon","coordinates":[[[77.2304,19.2758],[77.1793,19.2287],[77.1919,19.1474],[77.3088,19.1438],[77.3388,19.189],[77.2945,19.2704],[77.2304,19.2758]]]},"properties":{"AC_NO":86,"AC_NAME":"Nanded North","district":"NANDED","PC_NO":16,"PC_NAME":"NANDED"}},
{"type":"Feature","geometry":{"type":"Polygon","coordinates":[[[72.8918,19.0678],[72.8767,19.0568],[72.8754,19.0498],[72.8808,19.0417],[72.9129,19.0591],[72.9113,19.0605],[72.9058,19.0608],[72.899,19.0692],[72.8918,19.0678]]]},"properties":{"AC_NO":174,"AC_NAME":"Kurla (SC)","district":"MUMBAI SUBURBAN","PC_NO":29,"PC_NAME":"MUMBAI NORTH-CENTRAL"}},
{"type":"Feature","geometry":{"type":"Polygon","coordinates":[[[72.9199,19.0541],[72.9504,19.0388],[72.9348,19.0617],[72.9199,19.0541]]]},"properties":{"AC_NO":171,"AC_NAME":"Mankhurd Shivaji Nagar","district":"MUMBAI SUBURBAN","PC_NO":28,"PC_NAME":"MUMBAI NORTH-EAST"}},
{"type":"Feature","geometry":{"type":"Polygon","coordinates":[[[72.9129,19.0591],[72.8808,19.0417],[72.8788,19.0212],[72.9063,18.9963],[72.9186,19.0542],[72.9129,19.0591]]]},"properties":{"AC_NO":173,"AC_NAME":"Chembur","district":"MUMBAI SUBURBAN","PC_NO":30,"PC_NAME":"MUMBAI SOUTH -CENTRA"}},
{"type":"Feature","geometry":{"type":"Polygon","coordinates":[[[72.8754,19.0498],[72.8627,19.0526],[72.854,19.031],[72.8758,19.0184],[72.8788,19.0212],[72.8808,19.0417],[72.8754,19.0498]]]},"properties":{"AC_NO":179,"AC_NAME":"Sion Koliwada","district":"MUMBAI","PC_NO":30,"PC_NAME":"MUMBAI SOUTH -CENTRA"}},
{"type":"Feature","geometry":{"type":"Polygon","coordinates":[[[72.8391,19.048],[72.8393,19.0439],[72.8498,19.0335],[72.854,19.031],[72.8627,19.0526],[72.8437,19.0505],[72.8391,19.048]]]},"properties":{"AC_NO":178,"AC_NAME":"Dharavi (SC)","district":"MUMBAI","PC_NO":30,"PC_NAME":"MUMBAI SOUTH -CENTRA"}},
{"type":"Feature","geometry":{"type":"Polygon","coordinates":[[[72.9186,19.0542],[72.9063,18.9963],[72.9504,19.0388],[72.9199,19.0541],[72.9186,19.0542]]]},"properties":{"AC_NO":172,"AC_NAME":"Anushakti Nagar","district":"MUMBAI SUBURBAN","PC_NO":30,"PC_NAME":"MUMBAI SOUTH -CENTRA"}},
{"type":"Feature","geometry":{"type":"Polygon","coordinates":[[[74.7343,19.1507],[74.6929,19.1385],[74.6752,19.0557],[74.7457,19.0213],[74.7993,19.0714],[74.7343,19.1507]]]},"properties":{"AC_NO":225,"AC_NAME":"Ahmednagar","district":"AHMEDNAGAR","PC_NO":37,"PC_NAME":"AHMEDNAGAR"}},
{"type":"Feature","geometry":{"type":"Polygon","coordinates":[[[72.8393,19.0439],[72.8195,19.0188],[72.8273,19.0091],[72.8286,19.0106],[72.8498,19.0335],[72.8393,19.0439]]]},"properties":{"AC_NO":181,"AC_NAME":"Mahim","district":"MUMBAI","PC_NO":30,"PC_NAME":"MUMBAI SOUTH -CENTRA"}},
{"type":"Feature","geometry":{"type":"Polygon","coordinates":[[[73.5213,19.0706],[73.5224,18.9783],[73.6739,18.8305],[73.7429,18.8089],[73.7248,18.7075],[73.7742,18.737],[73.8438,18.6872],[73.9275,18.6524],[73.9655,18.6224],[74.0331,18.728],[74.0416,18.8923],[73.9767,18.9283],[73.902,18.9184],[73.8211,19.0011],[73.6538,19.0606],[73.5213,19.0706]]]},"properties":{"AC_NO":197,"AC_NAME":"Khed Alandi","district":"PUNE","PC_NO":36,"PC_NAME":"SHIRUR"}},
{"type":"Feature","geometry":{"type":"Polygon","coordinates":[[[72.854,19.031],[72.8498,19.0335],[72.8286,19.0106],[72.8563,18.9983],[72.8758,19.0184],[72.854,19.031]]]},"properties":{"AC_NO":180,"AC_NAME":"Wadala","district":"MUMBAI","PC_NO":30,"PC_NAME":"MUMBAI SOUTH -CENTRA"}},
{"type":"Feature","geometry":{"type":"Polygon","coordinates":[[[72.8195,19.0188],[72.8058,18.9775],[72.8204,18.9801],[72.829,18.9877],[72.8273,19.0091],[72.8195,19.0188]]]},"properties":{"AC_NO":182,"AC_NAME":"Worli","district":"MUMBAI","PC_NO":31,"PC_NAME":"MUMBAI SOUTH"}},
{"type":"Feature","geometry":{"type":"Polygon","coordinates":[[[72.8273,19.0091],[72.829,18.9877],[72.8496,18.9799],[72.8563,18.9983],[72.8286,19.0106],[72.8273,19.0091]]]},"properties":{"AC_NO":183,"AC_NAME":"Shivadi","district":"MUMBAI","PC_NO":31,"PC_NAME":"MUMBAI SOUTH"}},
{"type":"Feature","geometry":{"type":"Polygon","coordinates":[[[75.5462,19.1468],[75.4994,19.097],[75.4645,18.95],[75.4993,18.9195],[75.6294,18.9747],[75.6029,18.8922],[75.6232,18.8345],[75.6884,18.8596],[75.7865,18.8599],[75.8992,18.9054],[75.8887,19.0336],[75.8444,19.0952],[75.7242,19.1226],[75.6336,19.0852],[75.5462,19.1468]]]},"properties":{"AC_NO":230,"AC_NAME":"Beed","district":"BEED","PC_NO":39,"PC_NAME":"BEED"}},
{"type":"Feature","geometry":{"type":"Polygon","coordinates":[[[73.2808,19.0105],[73.1939,18.946],[73.0468,19.016],[73.0414,19.0065],[72.9572,18.8796],[72.9994,18.8076],[73.0948,18.8399],[73.2196,18.8127],[73.3042,18.8626],[73.2808,19.0105]]]},"properties":{"AC_NO":190,"AC_NAME":"Uran","district":"RAIGARH","PC_NO":33,"PC_NAME":"MAVAL"}},
{"type":"Feature","geometry":{"type":"Polygon","coordinates":[[[72.8204,18.9801],[72.8166,18.9693],[72.8489,18.9635],[72.8496,18.9799],[72.829,18.9877],[72.8204,18.9801]]]},"properties":{"AC_NO":184,"AC_NAME":"Byculla","district":"MUMBAI","PC_NO":31,"PC_NAME":"MUMBAI SOUTH"}},
{"type":"Feature","geometry":{"type":"Polygon","coordinates":[[[77.1919,19.1474],[77.1419,19.0722],[77.1763,19.0325],[77.2468,19.0326],[77.3018,19.0709],[77.4044,19.0748],[77.4046,19.1663],[77.3388,19.189],[77.3088,19.1438],[77.1919,19.1474]]]},"properties":{"AC_NO":87,"AC_NAME":"Nanded South","district":"NANDED","PC_NO":16,"PC_NAME":"NANDED"}},
{"type":"Feature","geometry":{"type":"Polygon","coordinates":[[[72.8204,18.9801],[72.8058,18.9775],[72.818,18.9508],[72.8241,18.9541],[72.8166,18.9693],[72.8204,18.9801]]]},"properties":{"AC_NO":185,"AC_NAME":"Malabar Hill","district":"MUMBAI","PC_NO":31,"PC_NAME":"MUMBAI SOUTH"}},
{"type":"Feature","geometry":{"type":"Polygon","coordinates":[[[72.8456,18.9458],[72.8489,18.9635],[72.8166,18.9693],[72.8241,18.9541],[72.8456,18.9458]]]},"properties":{"AC_NO":186,"AC_NAME":"Mumbadevi","district":"MUMBAI","PC_NO":31,"PC_NAME":"MUMBAI SOUTH"}},
{"type":"Feature","geometry":{"type":"Polygon","coordinates":[[[72.818,18.9508],[72.8456,18.9458],[72.8241,18.9541],[72.818,18.9508]]]},"properties":{"AC_NO":187,"AC_NAME":"Colaba","district":"MUMBAI","PC_NO":31,"PC_NAME":"MUMBAI SOUTH"}},
{"type":"Feature","geometry":{"type":"Polygon","coordinates":[[[76.6255,18.8515],[76.5861,18.8676],[76.5818,18.9435],[76.4736,18.9633],[76.4525,19.0499],[76.3904,19.125],[76.3389,19.0985],[76.3312,19.0024],[76.3519,18.9136],[76.2871,18.9229],[76.2513,18.8619],[76.2968,18.8333],[76.3265,18.816],[76.3596,18.6832],[76.3509,18.5632],[76.4681,18.633],[76.5766,18.622],[76.6242,18.6658],[76.7321,18.7],[76.7217,18.7499],[76.6927,18.7526],[76.6255,18.8515]]]},"properties":{"AC_NO":233,"AC_NAME":"Parli","district":"BEED","PC_NO":39,"PC_NAME":"BEED"}},
{"type":"Feature","geometry":{"type":"Polygon","coordinates":[[[73.5224,18.9783],[73.4607,18.965],[73.4248,18.8614],[73.3891,18.8534],[73.3554,18.7215],[73.3324,18.7016],[73.3863,18.6784],[73.4502,18.6026],[73.5234,18.638],[73.6604,18.5966],[73.7173,18.6556],[73.7248,18.7075],[73.7429,18.8089],[73.6739,18.8305],[73.5224,18.9783]]]},"properties":{"AC_NO":204,"AC_NAME":"Maval","district":"PUNE","PC_NO":33,"PC_NAME":"MAVAL"}},
{"type":"Feature","geometry":{"type":"Polygon","coordinates":[[[77.8444,18.8073],[77.9066,18.8278],[77.8851,18.9058],[77.8431,18.9099],[77.7619,19.0332],[77.8067,19.1025],[77.7669,19.0857],[77.6424,19.1077],[77.619,19.1441],[77.538,19.1108],[77.5445,19.0632],[77.4675,19.0308],[77.4302,18.9849],[77.4005,18.7937],[77.4038,18.7533],[77.5184,18.7533],[77.5468,18.7114],[77.5575,18.8282],[77.6967,18.8879],[77.8444,18.8073]]]},"properties":{"AC_NO":89,"AC_NAME":"Naigaon","district":"NANDED","PC_NO":16,"PC_NAME":"NANDED"}},
{"type":"Feature","geometry":{"type":"Polygon","coordinates":[[[77.1419,19.0722],[77.1006,19.1085],[77.0606,19.0629],[77.057,18.9889],[77.0233,18.9322],[76.9556,18.9333],[76.9534,18.8739],[76.9907,18.829],[77.0093,18.7651],[77.0561,18.7542],[77.1222,18.7965],[77.2298,18.768],[77.276,18.8543],[77.3273,18.8093],[77.4005,18.7937],[77.4302,18.9849],[77.4675,19.0308],[77.4044,19.0748],[77.3018,19.0709],[77.2468,19.0326],[77.1763,19.0325],[77.1419,19.0722]]]},"properties":{"AC_NO":88,"AC_NAME":"Loha","district":"NANDED","PC_NO":41,"PC_NAME":"LATUR (SC)"}},
{"type":"Feature","geometry":{"type":"Polygon","coordinates":[[[73.3324,18.7016],[73.2373,18.7264],[73.2196,18.8127],[73.0948,18.8399],[72.9994,18.8076],[72.9938,18.7757],[73.0756,18.6214],[73.063,18.5761],[73.1103,18.452],[73.181,18.4334],[73.1992,18.3753],[73.2602,18.3662],[73.3046,18.3692],[73.3644,18.4704],[73.3843,18.504],[73.3233,18.5582],[73.3863,18.6784],[73.3324,18.7016]]]},"properties":{"AC_NO":191,"AC_NAME":"Pen","district":"RAIGARH","PC_NO":32,"PC_NAME":"RAIGAD"}},
{"type":"Feature","geometry":{"type":"Polygon","coordinates":[[[72.9938,18.7757],[72.9333,18.8065],[72.8639,18.7879],[72.8557,18.6993],[72.9237,18.5457],[72.895,18.4633],[72.912,18.3683],[72.9701,18.3],[73.0399,18.2917],[73.0575,18.3725],[73.1103,18.452],[73.063,18.5761],[73.0756,18.6214],[72.9938,18.7757]]]},"properties":{"AC_NO":192,"AC_NAME":"Alibag","district":"RAIGARH","PC_NO":32,"PC_NAME":"RAIGAD"}},
{"type":"Feature","geometry":{"type":"Polygon","coordinates":[[[74.3896,18.8325],[74.3412,18.8384],[74.3118,18.7069],[74.2033,18.7046],[74.0331,18.728],[73.9655,18.6224],[73.9625,18.5482],[73.9889,18.4914],[74.0428,18.4136],[74.1428,18.4181],[74.1774,18.4894],[74.1679,18.5809],[74.2209,18.6494],[74.2789,18.6733],[74.3207,18.582],[74.4322,18.5606],[74.5041,18.4955],[74.5471,18.509],[74.5782,18.5469],[74.5513,18.6097],[74.4767,18.6349],[74.4738,18.6923],[74.3896,18.8325]]]},"properties":{"AC_NO":198,"AC_NAME":"Shirur","district":"PUNE","PC_NO":36,"PC_NAME":"SHIRUR"}},
{"type":"Feature","geometry":{"type":"Polygon","coordinates":[[[75.8992,18.9054],[75.7865,18.8599],[75.6884,18.8596],[75.6232,18.8345],[75.6064,18.6845],[75.6687,18.6921],[75.9236,18.6437],[75.9425,18.6123],[76.055,18.5726],[76.1021,18.5884],[76.2759,18.5584],[76.3509,18.5632],[76.3596,18.6832],[76.3265,18.816],[76.2968,18.8333],[76.1835,18.7495],[76.0995,18.7933],[76.1092,18.8741],[75.8992,18.9054]]]},"properties":{"AC_NO":232,"AC_NAME":"Kaij (SC)","district":"BEED","PC_NO":39,"PC_NAME":"BEED"}},
{"type":"Feature","geometry":{"type":"Polygon","coordinates":[[[75.5836,18.6982],[75.45,18.7511],[75.4387,18.7975],[75.3447,18.7833],[75.2539,18.7204],[75.1719,18.7366],[75.1168,18.6797],[75.0314,18.7695],[74.9375,18.8277],[74.9402,18.7967],[74.8341,18.6902],[74.8379,18.5401],[74.7196,18.4923],[74.7161,18.4276],[74.7784,18.4095],[74.8342,18.3347],[74.9144,18.3785],[75.0908,18.4312],[75.1344,18.5264],[75.2589,18.5087],[75.3133,18.5204],[75.3441,18.561],[75.4146,18.5313],[75.4615,18.6055],[75.5404,18.639],[75.5836,18.6982]]]},"properties":{"AC_NO":227,"AC_NAME":"Karjat Jamkhed","district":"AHMEDNAGAR","PC_NO":37,"PC_NAME":"AHMEDNAGAR"}},
{"type":"Feature","geometry":{"type":"Polygon","coordinates":[[[73.7248,18.7075],[73.7173,18.6556],[73.7542,18.6314],[73.8438,18.6872],[73.7742,18.737],[73.7248,18.7075]]]},"properties":{"AC_NO":206,"AC_NAME":"Pimpri (SC)","district":"PUNE","PC_NO":33,"PC_NAME":"MAVAL"}},
{"type":"Feature","geometry":{"type":"Polygon","coordinates":[[[77.4132,18.3914],[77.4099,18.3018],[77.4651,18.2633],[77.5534,18.2982],[77.5519,18.3889],[77.5965,18.5492],[77.656,18.5311],[77.7386,18.557],[77.7302,18.6674],[77.7874,18.6828],[77.8444,18.8073],[77.6967,18.8879],[77.5575,18.8282],[77.5468,18.7114],[77.5401,18.6146],[77.4599,18.5358],[77.4496,18.4104],[77.4132,18.3914]]]},"properties":{"AC_NO":90,"AC_NAME":"Deglur (SC)","district":"NANDED","PC_NO":16,"PC_NAME":"NANDED"}},
{"type":"Feature","geometry":{"type":"Polygon","coordinates":[[[77.2653,18.4224],[77.3352,18.4507],[77.4132,18.3914],[77.4496,18.4104],[77.4599,18.5358],[77.5401,18.6146],[77.5468,18.7114],[77.5184,18.7533],[77.4038,18.7533],[77.4005,18.7937],[77.3273,18.8093],[77.276,18.8543],[77.2298,18.768],[77.1222,18.7965],[77.0561,18.7542],[77.0542,18.682],[77.17,18.7047],[77.1533,18.6482],[77.2679,18.6122],[77.2962,18.5484],[77.2653,18.4224]]]},"properties":{"AC_NO":91,"AC_NAME":"Mukhed","district":"NANDED","PC_NO":16,"PC_NAME":"NANDED"}},
{"type":"Feature","geometry":{"type":"Polygon","coordinates":[[[73.3863,18.6784],[73.3233,18.5582],[73.3843,18.504],[73.3644,18.4704],[73.4438,18.3596],[73.419,18.3061],[73.5371,18.2436],[73.5411,18.2079],[73.665,18.1629],[73.5942,18.1089],[73.6584,18.0296],[73.7046,18.0465],[73.7924,18.0205],[73.87,18.0475],[73.9054,18.1589],[73.9432,18.1807],[74.0507,18.1402],[74.0272,18.1969],[73.8876,18.3119],[73.8316,18.341],[73.7356,18.3294],[73.6695,18.365],[73.6334,18.443],[73.7805,18.493],[73.7477,18.53],[73.7709,18.59],[73.7857,18.6183],[73.7542,18.6314],[73.7173,18.6556],[73.6604,18.5966],[73.5234,18.638],[73.4502,18.6026],[73.3863,18.6784]]]},"properties":{"AC_NO":203,"AC_NAME":"Bhor","district":"PUNE","PC_NO":35,"PC_NAME":"BARAMATI"}},
{"type":"Feature","geometry":{"type":"Polygon","coordinates":[[[76.9907,18.829],[76.8817,18.8353],[76.7785,18.7934],[76.7217,18.7499],[76.7321,18.7],[76.7577,18.6426],[76.7023,18.547],[76.7285,18.3776],[76.9306,18.416],[77.0076,18.4466],[77.0256,18.5148],[76.9973,18.5603],[77.046,18.6235],[77.0542,18.682],[77.0561,18.7542],[77.0093,18.7651],[76.9907,18.829]]]},"properties":{"AC_NO":236,"AC_NAME":"Ahmadpur","district":"LATUR","PC_NO":41,"PC_NAME":"LATUR (SC)"}},
{"type":"Feature","geometry":{"type":"Polygon","coordinates":[[[73.8438,18.6872],[73.7542,18.6314],[73.7857,18.6183],[73.9109,18.6207],[73.9275,18.6524],[73.8438,18.6872]]]},"properties":{"AC_NO":207,"AC_NAME":"Bhosari","district":"PUNE","PC_NO":36,"PC_NAME":"SHIRUR"}},
{"type":"Feature","geometry":{"type":"Polygon","coordinates":[[[73.9275,18.6524],[73.9109,18.6207],[73.8726,18.5788],[73.8794,18.5437],[73.8941,18.5442],[73.9625,18.5482],[73.9655,18.6224],[73.9275,18.6524]]]},"properties":{"AC_NO":208,"AC_NAME":"Vadgaon Sheri","district":"PUNE","PC_NO":34,"PC_NAME":"PUNE"}},
{"type":"Feature","geometry":{"type":"Polygon","coordinates":[[[74.7196,18.4923],[74.6421,18.4503],[74.5471,18.509],[74.5041,18.4955],[74.4322,18.5606],[74.3207,18.582],[74.2789,18.6733],[74.2209,18.6494],[74.1679,18.5809],[74.1774,18.4894],[74.1428,18.4181],[74.2711,18.4459],[74.3071,18.3747],[74.3534,18.3901],[74.4811,18.3274],[74.6046,18.3492],[74.6218,18.3092],[74.7146,18.3065],[74.8033,18.3017],[74.8342,18.3347],[74.7784,18.4095],[74.7161,18.4276],[74.7196,18.4923]]]},"properties":{"AC_NO":199,"AC_NAME":"Daund","district":"PUNE","PC_NO":35,"PC_NAME":"BARAMATI"}},
{"type":"Feature","geometry":{"type":"Polygon","coordinates":[[[73.7709,18.59],[73.8072,18.57],[73.8726,18.5788],[73.9109,18.6207],[73.7857,18.6183],[73.7709,18.59]]]},"properties":{"AC_NO":205,"AC_NAME":"Chinchwad","district":"PUNE","PC_NO":33,"PC_NAME":"MAVAL"}},
{"type":"Feature","geometry":{"type":"Polygon","coordinates":[[[75.6064,18.6845],[75.5836,18.6982],[75.5404,18.639],[75.4615,18.6055],[75.4146,18.5313],[75.3441,18.561],[75.3133,18.5204],[75.2853,18.4058],[75.3824,18.3431],[75.4249,18.1824],[75.5379,18.1446],[75.5687,18.2354],[75.6471,18.3297],[75.7285,18.3626],[75.7234,18.4336],[75.8123,18.3794],[75.9,18.4423],[75.9257,18.5277],[75.8802,18.5972],[75.9236,18.6437],[75.6687,18.6921],[75.6064,18.6845]]]},"properties":{"AC_NO":243,"AC_NAME":"Paranda","district":"DHARASHIV","PC_NO":40,"PC_NAME":"OSMANABAD"}},
{"type":"Feature","geometry":{"type":"Polygon","coordinates":[[[73.7805,18.493],[73.8308,18.4952],[73.8377,18.5115],[73.8412,18.5149],[73.8072,18.57],[73.7709,18.59],[73.7477,18.53],[73.7805,18.493]]]},"properties":{"AC_NO":210,"AC_NAME":"Kothrud","district":"PUNE","PC_NO":34,"PC_NAME":"PUNE"}},
{"type":"Feature","geometry":{"type":"Polygon","coordinates":[[[73.8726,18.5788],[73.8072,18.57],[73.8412,18.5149],[73.8794,18.5437],[73.8726,18.5788]]]},"properties":{"AC_NO":209,"AC_NAME":"Shivajinagar","district":"PUNE","PC_NO":34,"PC_NAME":"PUNE"}},
{"type":"Feature","geometry":{"type":"Polygon","coordinates":[[[77.1621,18.2572],[77.2119,18.316],[77.2653,18.4224],[77.2962,18.5484],[77.2679,18.6122],[77.1533,18.6482],[77.17,18.7047],[77.0542,18.682],[77.046,18.6235],[76.9973,18.5603],[77.0256,18.5148],[77.0076,18.4466],[76.9306,18.416],[76.9271,18.3215],[77.0286,18.3366],[77.0527,18.3482],[77.1413,18.3034],[77.1408,18.2623],[77.1621,18.2572]]]},"properties":{"AC_NO":237,"AC_NAME":"Udgir (SC)","district":"LATUR","PC_NO":41,"PC_NAME":"LATUR (SC)"}},
{"type":"Feature","geometry":{"type":"Polygon","coordinates":[[[76.2759,18.5584],[76.1021,18.5884],[76.055,18.5726],[75.9425,18.6123],[75.9236,18.6437],[75.8802,18.5972],[75.9257,18.5277],[75.9,18.4423],[75.8123,18.3794],[75.8959,18.3578],[75.924,18.3053],[75.9595,18.1611],[75.9385,18.126],[75.9959,18.0696],[76.1197,18.1122],[76.0656,18.2785],[76.092,18.3288],[76.2337,18.335],[76.2573,18.3641],[76.2535,18.5211],[76.2759,18.5584]]]},"properties":{"AC_NO":242,"AC_NAME":"Osmanabad","district":"DHARASHIV","PC_NO":40,"PC_NAME":"OSMANABAD"}},
{"type":"Feature","geometry":{"type":"Polygon","coordinates":[[[73.8794,18.5437],[73.8412,18.5149],[73.8377,18.5115],[73.8759,18.5071],[73.8941,18.5442],[73.8794,18.5437]]]},"properties":{"AC_NO":215,"AC_NAME":"Kasba Peth","district":"PUNE","PC_NO":34,"PC_NAME":"PUNE"}},
{"type":"Feature","geometry":{"type":"Polygon","coordinates":[[[73.9625,18.5482],[73.8941,18.5442],[73.8759,18.5071],[73.8796,18.4821],[73.9443,18.4744],[73.9889,18.4914],[73.9625,18.5482]]]},"properties":{"AC_NO":214,"AC_NAME":"Pune Cantonment (SC)","district":"PUNE","PC_NO":34,"PC_NAME":"PUNE"}},
{"type":"Feature","geometry":{"type":"Polygon","coordinates":[[[73.3644,18.4704],[73.3046,18.3692],[73.2602,18.3662],[73.2497,18.302],[73.3118,18.2985],[73.3279,18.2026],[73.2331,18.1482],[73.2876,18.0714],[73.3919,17.8808],[73.4388,17.8599],[73.5701,17.8791],[73.5633,17.9165],[73.6392,17.9718],[73.6584,18.0296],[73.5942,18.1089],[73.665,18.1629],[73.5411,18.2079],[73.5371,18.2436],[73.419,18.3061],[73.4438,18.3596],[73.3644,18.4704]]]},"properties":{"AC_NO":194,"AC_NAME":"Mahad","district":"RAIGARH","PC_NO":32,"PC_NAME":"RAIGAD"}},
{"type":"Feature","geometry":{"type":"Polygon","coordinates":[[[73.8308,18.4952],[73.8371,18.4723],[73.8796,18.4821],[73.8759,18.5071],[73.8377,18.5115],[73.8308,18.4952]]]},"properties":{"AC_NO":212,"AC_NAME":"Parvati","district":"PUNE","PC_NO":34,"PC_NAME":"PUNE"}},
{"type":"Feature","geometry":{"type":"Polygon","coordinates":[[[73.7356,18.3294],[73.8507,18.4446],[73.8371,18.4723],[73.8308,18.4952],[73.7805,18.493],[73.6334,18.443],[73.6695,18.365],[73.7356,18.3294]]]},"properties":{"AC_NO":211,"AC_NAME":"Khadakwasala","district":"PUNE","PC_NO":35,"PC_NAME":"BARAMATI"}},
{"type":"Feature","geometry":{"type":"Polygon","coordinates":[[[73.8796,18.4821],[73.8371,18.4723],[73.8507,18.4446],[73.9443,18.4744],[73.8796,18.4821]]]},"properties":{"AC_NO":213,"AC_NAME":"Hadapsar","district":"PUNE","PC_NO":36,"PC_NAME":"SHIRUR"}},
{"type":"Feature","geometry":{"type":"Polygon","coordinates":[[[73.1103,18.452],[73.0575,18.3725],[73.0399,18.2917],[73.0781,18.2373],[72.9455,18.223],[72.9714,18.1316],[73.0394,17.9803],[73.1147,17.98],[73.1756,18.0603],[73.2876,18.0714],[73.2331,18.1482],[73.3279,18.2026],[73.3118,18.2985],[73.2497,18.302],[73.2602,18.3662],[73.1992,18.3753],[73.181,18.4334],[73.1103,18.452]]]},"properties":{"AC_NO":193,"AC_NAME":"Shrivardhan","district":"RAIGARH","PC_NO":32,"PC_NAME":"RAIGAD"}},
{"type":"Feature","geometry":{"type":"Polygon","coordinates":[[[73.9889,18.4914],[73.9443,18.4744],[73.8507,18.4446],[73.7356,18.3294],[73.8316,18.341],[73.8876,18.3119],[74.0272,18.1969],[74.0507,18.1402],[74.2187,18.0965],[74.2552,18.1742],[74.243,18.2415],[74.3071,18.3747],[74.2711,18.4459],[74.1428,18.4181],[74.0428,18.4136],[73.9889,18.4914]]]},"properties":{"AC_NO":202,"AC_NAME":"Purandar","district":"PUNE","PC_NO":35,"PC_NAME":"BARAMATI"}},
{"type":"Feature","geometry":{"type":"Polygon","coordinates":[[[75.3133,18.5204],[75.2589,18.5087],[75.1344,18.5264],[75.0908,18.4312],[74.9144,18.3785],[74.8342,18.3347],[74.8033,18.3017],[74.8394,18.2449],[74.9493,18.2663],[75.0233,18.1886],[75.1115,18.1963],[75.0923,18.1231],[75.1604,18.1053],[75.2264,18.0608],[75.3797,18.0724],[75.4846,18.0225],[75.4888,18.0998],[75.6003,18.1029],[75.5379,18.1446],[75.4249,18.1824],[75.3824,18.3431],[75.2853,18.4058],[75.3133,18.5204]]]},"properties":{"AC_NO":244,"AC_NAME":"Karmala","district":"SOLAPUR","PC_NO":43,"PC_NAME":"MADHA"}},
{"type":"Feature","geometry":{"type":"Polygon","coordinates":[[[76.7321,18.7],[76.6242,18.6658],[76.5766,18.622],[76.4681,18.633],[76.3509,18.5632],[76.2759,18.5584],[76.2535,18.5211],[76.2573,18.3641],[76.3171,18.3303],[76.2835,18.2501],[76.2915,18.1955],[76.3688,18.1647],[76.4334,18.2517],[76.5056,18.3159],[76.4483,18.3907],[76.5481,18.4981],[76.6577,18.3545],[76.7146,18.2819],[76.7285,18.3776],[76.7023,18.547],[76.7577,18.6426],[76.7321,18.7]]]},"properties":{"AC_NO":234,"AC_NAME":"Latur Rural","district":"LATUR","PC_NO":41,"PC_NAME":"LATUR (SC)"}},
{"type":"Feature","geometry":{"type":"Polygon","coordinates":[[[76.5056,18.3159],[76.6577,18.3545],[76.5481,18.4981],[76.4483,18.3907],[76.5056,18.3159]]]},"properties":{"AC_NO":235,"AC_NAME":"Latur City","district":"LATUR","PC_NO":41,"PC_NAME":"LATUR (SC)"}},
{"type":"Feature","geometry":{"type":"Polygon","coordinates":[[[74.3071,18.3747],[74.243,18.2415],[74.2552,18.1742],[74.2187,18.0965],[74.32,18.0729],[74.6411,18.0441],[74.6646,18.0701],[74.6845,18.1105],[74.6582,18.2434],[74.7146,18.3065],[74.6218,18.3092],[74.6046,18.3492],[74.4811,18.3274],[74.3534,18.3901],[74.3071,18.3747]]]},"properties":{"AC_NO":201,"AC_NAME":"Baramati","district":"PUNE","PC_NO":35,"PC_NAME":"BARAMATI"}},
{"type":"Feature","geometry":{"type":"Polygon","coordinates":[[[75.8123,18.3794],[75.7234,18.4336],[75.7285,18.3626],[75.6471,18.3297],[75.5687,18.2354],[75.5379,18.1446],[75.6003,18.1029],[75.7082,18.0109],[75.7437,17.9684],[75.8054,17.9842],[75.8384,17.9318],[75.8567,18.012],[75.9796,17.9731],[75.9959,18.0696],[75.9385,18.126],[75.9595,18.1611],[75.924,18.3053],[75.8959,18.3578],[75.8123,18.3794]]]},"properties":{"AC_NO":246,"AC_NAME":"Barshi","district":"SOLAPUR","PC_NO":40,"PC_NAME":"OSMANABAD"}},
{"type":"Feature","geometry":{"type":"Polygon","coordinates":[[[76.9306,18.416],[76.7285,18.3776],[76.7146,18.2819],[76.7573,18.2173],[76.826,18.2025],[76.8404,18.1078],[76.7977,18.0838],[76.7867,17.9435],[76.7368,17.9063],[76.7398,17.9001],[76.7746,17.8782],[76.919,17.9167],[76.9219,18.1147],[76.9516,18.1883],[77.0636,18.1508],[77.1621,18.2572],[77.1408,18.2623],[77.1413,18.3034],[77.0527,18.3482],[77.0286,18.3366],[76.9271,18.3215],[76.9306,18.416]]]},"properties":{"AC_NO":238,"AC_NAME":"Nilanga","district":"LATUR","PC_NO":41,"PC_NAME":"LATUR (SC)"}},
{"type":"Feature","geometry":{"type":"Polygon","coordinates":[[[74.8033,18.3017],[74.7146,18.3065],[74.6582,18.2434],[74.6845,18.1105],[74.6646,18.0701],[74.7113,18.0291],[74.863,17.9918],[74.8943,17.9371],[75.0182,17.9091],[75.0724,17.9176],[75.136,17.9712],[75.0687,17.979],[75.0483,18.0198],[75.1604,18.1053],[75.0923,18.1231],[75.1115,18.1963],[75.0233,18.1886],[74.9493,18.2663],[74.8394,18.2449],[74.8033,18.3017]]]},"properties":{"AC_NO":200,"AC_NAME":"Indapur","district":"PUNE","PC_NO":35,"PC_NAME":"BARAMATI"}},
{"type":"Feature","geometry":{"type":"Polygon","coordinates":[[[75.9959,18.0696],[75.9796,17.9731],[75.8567,18.012],[75.8384,17.9318],[75.857,17.8655],[75.9661,17.8191],[76.028,17.7661],[76.1288,17.7676],[76.1458,17.6996],[76.1862,17.6832],[76.2692,17.729],[76.3781,17.6865],[76.4038,17.6565],[76.363,17.7252],[76.3681,17.8652],[76.3327,17.918],[76.2375,17.9578],[76.2888,18.0251],[76.3046,18.0969],[76.2915,18.1955],[76.2835,18.2501],[76.3171,18.3303],[76.2573,18.3641],[76.2337,18.335],[76.092,18.3288],[76.0656,18.2785],[76.1197,18.1122],[75.9959,18.0696]]]},"properties":{"AC_NO":241,"AC_NAME":"Tuljapur","district":"DHARASHIV","PC_NO":40,"PC_NAME":"OSMANABAD"}},
{"type":"Feature","geometry":{"type":"Polygon","coordinates":[[[76.6577,18.3545],[76.5056,18.3159],[76.4334,18.2517],[76.3688,18.1647],[76.2915,18.1955],[76.3046,18.0969],[76.3729,18.0905],[76.4259,18.0292],[76.6786,17.9961],[76.6741,17.9186],[76.7368,17.9063],[76.7867,17.9435],[76.7977,18.0838],[76.8404,18.1078],[76.826,18.2025],[76.7573,18.2173],[76.7146,18.2819],[76.6577,18.3545]]]},"properties":{"AC_NO":239,"AC_NAME":"Ausa","district":"LATUR","PC_NO":40,"PC_NAME":"OSMANABAD"}},
{"type":"Feature","geometry":{"type":"Polygon","coordinates":[[[74.0507,18.1402],[73.9432,18.1807],[73.9054,18.1589],[73.87,18.0475],[73.7924,18.0205],[73.7046,18.0465],[73.6584,18.0296],[73.6392,17.9718],[73.5633,17.9165],[73.5701,17.8791],[73.5922,17.8453],[73.6557,17.8324],[73.7494,17.9002],[73.8149,17.9096],[73.8968,17.8711],[73.9891,17.8023],[74.0476,17.8619],[74.0027,17.9324],[74.0287,18.0104],[74.1604,17.9451],[74.1634,18.0012],[74.2187,18.0965],[74.0507,18.1402]]]},"properties":{"AC_NO":256,"AC_NAME":"Wai","district":"SATARA","PC_NO":45,"PC_NAME":"SATARA"}},
{"type":"Feature","geometry":{"type":"Polygon","coordinates":[[[73.5701,17.8791],[73.4388,17.8599],[73.3919,17.8808],[73.2876,18.0714],[73.1756,18.0603],[73.1147,17.98],[73.0394,17.9803],[73.0301,17.944],[73.0938,17.8413],[73.1398,17.7024],[73.1446,17.601],[73.1755,17.5842],[73.2453,17.5733],[73.2938,17.6051],[73.3659,17.5971],[73.3022,17.718],[73.3577,17.7307],[73.4672,17.673],[73.5257,17.6655],[73.5805,17.7094],[73.5922,17.8453],[73.5701,17.8791]]]},"properties":{"AC_NO":263,"AC_NAME":"Dapoli","district":"RATNAGIRI","PC_NO":32,"PC_NAME":"RAIGAD"}},
{"type":"Feature","geometry":{"type":"Polygon","coordinates":[[[74.6646,18.0701],[74.6411,18.0441],[74.32,18.0729],[74.2187,18.0965],[74.1634,18.0012],[74.1604,17.9451],[74.0287,18.0104],[74.0027,17.9324],[74.0476,17.8619],[74.1679,17.8486],[74.2357,17.8916],[74.3639,17.8187],[74.5291,17.8831],[74.6082,17.8473],[74.6668,17.9723],[74.7113,18.0291],[74.6646,18.0701]]]},"properties":{"AC_NO":255,"AC_NAME":"Phaltan (SC)","district":"SATARA","PC_NO":43,"PC_NAME":"MADHA"}},
{"type":"Feature","geometry":{"type":"Polygon","coordinates":[[[75.1604,18.1053],[75.0483,18.0198],[75.0687,17.979],[75.136,17.9712],[75.0722,17.8577],[75.1495,17.7513],[75.1808,17.7197],[75.2734,17.7614],[75.318,17.692],[75.417,17.6834],[75.4656,17.7165],[75.4657,17.7703],[75.3843,17.816],[75.4132,17.9304],[75.4669,17.9139],[75.6703,17.9482],[75.7082,18.0109],[75.6003,18.1029],[75.4888,18.0998],[75.4846,18.0225],[75.3797,18.0724],[75.2264,18.0608],[75.1604,18.1053]]]},"properties":{"AC_NO":245,"AC_NAME":"Madha","district":"SOLAPUR","PC_NO":43,"PC_NAME":"MADHA"}},
{"type":"Feature","geometry":{"type":"Polygon","coordinates":[[[75.136,17.9712],[75.0724,17.9176],[75.0182,17.9091],[74.8943,17.9371],[74.863,17.9918],[74.7113,18.0291],[74.6668,17.9723],[74.6082,17.8473],[74.6794,17.85],[74.6984,17.7888],[74.8725,17.7217],[74.9059,17.629],[74.9235,17.6175],[74.9848,17.5935],[75.0708,17.6264],[75.1109,17.7353],[75.1495,17.7513],[75.0722,17.8577],[75.136,17.9712]]]},"properties":{"AC_NO":254,"AC_NAME":"Malshiras (SC)","district":"SOLAPUR","PC_NO":43,"PC_NAME":"MADHA"}},
{"type":"Feature","geometry":{"type":"Polygon","coordinates":[[[76.4278,17.6446],[76.4887,17.6621],[76.526,17.76],[76.5696,17.7069],[76.6319,17.7549],[76.665,17.6877],[76.7808,17.8034],[76.7398,17.9001],[76.7368,17.9063],[76.6741,17.9186],[76.6786,17.9961],[76.4259,18.0292],[76.3729,18.0905],[76.3046,18.0969],[76.2888,18.0251],[76.2375,17.9578],[76.3327,17.918],[76.3681,17.8652],[76.363,17.7252],[76.4038,17.6565],[76.4278,17.6446]]]},"properties":{"AC_NO":240,"AC_NAME":"Umarga (SC)","district":"DHARASHIV","PC_NO":40,"PC_NAME":"OSMANABAD"}},
{"type":"Feature","geometry":{"type":"Polygon","coordinates":[[[73.9891,17.8023],[73.8968,17.8711],[73.8149,17.9096],[73.7494,17.9002],[73.6557,17.8324],[73.5922,17.8453],[73.5805,17.7094],[73.6876,17.6868],[73.6906,17.6292],[73.7449,17.557],[73.9241,17.5646],[73.9818,17.5398],[74.0683,17.613],[74.013,17.676],[74.0426,17.7683],[73.9891,17.8023]]]},"properties":{"AC_NO":262,"AC_NAME":"Satara","district":"SATARA","PC_NO":45,"PC_NAME":"SATARA"}},
{"type":"Feature","geometry":{"type":"Polygon","coordinates":[[[75.7082,18.0109],[75.6703,17.9482],[75.4669,17.9139],[75.4132,17.9304],[75.3843,17.816],[75.4657,17.7703],[75.4656,17.7165],[75.417,17.6834],[75.4408,17.5856],[75.4969,17.6134],[75.5816,17.5485],[75.6554,17.5424],[75.7304,17.5749],[75.8061,17.7444],[75.8611,17.7207],[75.9518,17.7241],[75.9661,17.8191],[75.857,17.8655],[75.8384,17.9318],[75.8054,17.9842],[75.7437,17.9684],[75.7082,18.0109]]]},"properties":{"AC_NO":247,"AC_NAME":"Mohol (SC)","district":"SOLAPUR","PC_NO":42,"PC_NAME":"SOLAPUR (SC)"}},
{"type":"Feature","geometry":{"type":"Polygon","coordinates":[[[73.9891,17.8023],[74.0426,17.7683],[74.013,17.676],[74.0683,17.613],[74.1042,17.5637],[74.1577,17.6273],[74.2665,17.6629],[74.2804,17.6106],[74.392,17.6337],[74.428,17.7284],[74.3653,17.7702],[74.3639,17.8187],[74.2357,17.8916],[74.1679,17.8486],[74.0476,17.8619],[73.9891,17.8023]]]},"properties":{"AC_NO":257,"AC_NAME":"Koregaon","district":"SATARA","PC_NO":45,"PC_NAME":"SATARA"}},
{"type":"Feature","geometry":{"type":"Polygon","coordinates":[[[74.3639,17.8187],[74.3653,17.7702],[74.428,17.7284],[74.392,17.6337],[74.2804,17.6106],[74.2998,17.5771],[74.2805,17.4763],[74.393,17.493],[74.4725,17.3909],[74.5032,17.3891],[74.5315,17.4202],[74.6895,17.4036],[74.7008,17.4883],[74.808,17.4538],[74.8602,17.5113],[74.8571,17.56],[74.9059,17.629],[74.8725,17.7217],[74.6984,17.7888],[74.6794,17.85],[74.6082,17.8473],[74.5291,17.8831],[74.3639,17.8187]]]},"properties":{"AC_NO":258,"AC_NAME":"Man","district":"SATARA","PC_NO":43,"PC_NAME":"MADHA"}},
{"type":"Feature","geometry":{"type":"Polygon","coordinates":[[[73.5805,17.7094],[73.5257,17.6655],[73.4672,17.673],[73.3577,17.7307],[73.3022,17.718],[73.3659,17.5971],[73.2938,17.6051],[73.2453,17.5733],[73.1755,17.5842],[73.1376,17.5562],[73.1944,17.4648],[73.1764,17.3891],[73.2494,17.2956],[73.4226,17.2123],[73.4774,17.3239],[73.5621,17.3299],[73.5009,17.4358],[73.5153,17.4964],[73.4123,17.541],[73.4068,17.5845],[73.5357,17.556],[73.6335,17.5685],[73.6906,17.6292],[73.6876,17.6868],[73.5805,17.7094]]]},"properties":{"AC_NO":264,"AC_NAME":"Guhagar","district":"RATNAGIRI","PC_NO":32,"PC_NAME":"RAIGAD"}},
{"type":"Feature","geometry":{"type":"Polygon","coordinates":[[[75.8942,17.3792],[75.9283,17.3227],[76.1197,17.3706],[76.2719,17.3609],[76.3635,17.3774],[76.3308,17.5958],[76.419,17.6046],[76.4278,17.6446],[76.4038,17.6565],[76.3781,17.6865],[76.2692,17.729],[76.1862,17.6832],[76.1458,17.6996],[76.1288,17.7676],[76.028,17.7661],[75.9661,17.8191],[75.9518,17.7241],[75.9607,17.6678],[75.9535,17.6219],[76.0161,17.6077],[76.0243,17.5194],[75.9197,17.4562],[75.8942,17.3792]]]},"properties":{"AC_NO":250,"AC_NAME":"Akkalkot","district":"SOLAPUR","PC_NO":42,"PC_NAME":"SOLAPUR (SC)"}},
{"type":"Feature","geometry":{"type":"Polygon","coordinates":[[[75.6038,17.3063],[75.6342,17.478],[75.6554,17.5424],[75.5816,17.5485],[75.4969,17.6134],[75.4408,17.5856],[75.417,17.6834],[75.318,17.692],[75.2734,17.7614],[75.2186,17.6413],[75.2483,17.5567],[75.2881,17.5441],[75.3066,17.4208],[75.3348,17.3457],[75.3331,17.2333],[75.4017,17.2108],[75.4213,17.2656],[75.5173,17.2407],[75.6038,17.3063]]]},"properties":{"AC_NO":252,"AC_NAME":"Pandharpur","district":"SOLAPUR","PC_NO":42,"PC_NAME":"SOLAPUR (SC)"}},
{"type":"Feature","geometry":{"type":"Polygon","coordinates":[[[75.1495,17.7513],[75.1109,17.7353],[75.0708,17.6264],[74.9848,17.5935],[74.9235,17.6175],[74.9361,17.5123],[75.0354,17.4181],[74.849,17.2044],[74.9161,17.1636],[75.0084,17.2086],[75.0795,17.2469],[75.2392,17.2407],[75.2689,17.1834],[75.3331,17.2333],[75.3348,17.3457],[75.3066,17.4208],[75.2881,17.5441],[75.2483,17.5567],[75.2186,17.6413],[75.2734,17.7614],[75.1808,17.7197],[75.1495,17.7513]]]},"properties":{"AC_NO":253,"AC_NAME":"Sangole","district":"SOLAPUR","PC_NO":43,"PC_NAME":"MADHA"}},
{"type":"Feature","geometry":{"type":"Polygon","coordinates":[[[75.8061,17.7444],[75.8647,17.6682],[75.9607,17.6678],[75.9518,17.7241],[75.8611,17.7207],[75.8061,17.7444]]]},"properties":{"AC_NO":248,"AC_NAME":"Solapur City North","district":"SOLAPUR","PC_NO":42,"PC_NAME":"SOLAPUR (SC)"}},
{"type":"Feature","geometry":{"type":"Polygon","coordinates":[[[75.6342,17.478],[75.683,17.4181],[75.7363,17.4193],[75.8066,17.368],[75.8942,17.3792],[75.9197,17.4562],[76.0243,17.5194],[76.0161,17.6077],[75.9535,17.6219],[75.895,17.6242],[75.8647,17.6682],[75.8061,17.7444],[75.7304,17.5749],[75.6554,17.5424],[75.6342,17.478]]]},"properties":{"AC_NO":251,"AC_NAME":"Solapur South","district":"SOLAPUR","PC_NO":42,"PC_NAME":"SOLAPUR (SC)"}},
{"type":"Feature","geometry":{"type":"Polygon","coordinates":[[[73.9818,17.5398],[74.0153,17.4999],[73.9788,17.45],[74.0546,17.3939],[74.0632,17.3558],[74.1743,17.3353],[74.2649,17.2608],[74.2935,17.3132],[74.2575,17.3561],[74.2966,17.4256],[74.4725,17.3909],[74.393,17.493],[74.2805,17.4763],[74.2998,17.5771],[74.2804,17.6106],[74.2665,17.6629],[74.1577,17.6273],[74.1042,17.5637],[74.0683,17.613],[73.9818,17.5398]]]},"properties":{"AC_NO":259,"AC_NAME":"Karad North","district":"SATARA","PC_NO":45,"PC_NAME":"SATARA"}},
{"type":"Feature","geometry":{"type":"Polygon","coordinates":[[[73.7449,17.557],[73.6906,17.6292],[73.6335,17.5685],[73.5357,17.556],[73.4068,17.5845],[73.4123,17.541],[73.5153,17.4964],[73.5009,17.4358],[73.5621,17.3299],[73.4774,17.3239],[73.4226,17.2123],[73.5053,17.1967],[73.5128,17.1402],[73.4743,17.036],[73.5427,17.0166],[73.6284,17.0302],[73.6748,16.995],[73.7849,16.9898],[73.8334,17.0552],[73.7368,17.1213],[73.7073,17.1704],[73.6948,17.2619],[73.6668,17.3913],[73.7052,17.4237],[73.7022,17.5059],[73.7449,17.557]]]},"properties":{"AC_NO":265,"AC_NAME":"Chiplun","district":"RATNAGIRI","PC_NO":46,"PC_NAME":"RATNAGIRI ?SINDHUDUR"}},
{"type":"Feature","geometry":{"type":"Polygon","coordinates":[[[73.9818,17.5398],[73.9241,17.5646],[73.7449,17.557],[73.7022,17.5059],[73.7052,17.4237],[73.6668,17.3913],[73.6948,17.2619],[73.8339,17.2264],[73.8825,17.1688],[74.0315,17.0909],[74.1189,17.1218],[74.0225,17.2302],[74.0632,17.3558],[74.0546,17.3939],[73.9788,17.45],[74.0153,17.4999],[73.9818,17.5398]]]},"properties":{"AC_NO":261,"AC_NAME":"Patan","district":"SATARA","PC_NO":45,"PC_NAME":"SATARA"}},
{"type":"Feature","geometry":{"type":"Polygon","coordinates":[[[74.9235,17.6175],[74.9059,17.629],[74.8571,17.56],[74.8602,17.5113],[74.808,17.4538],[74.7008,17.4883],[74.6895,17.4036],[74.5315,17.4202],[74.5032,17.3891],[74.4748,17.3354],[74.4815,17.2626],[74.4232,17.2534],[74.4452,17.1757],[74.5451,17.0961],[74.5821,17.0849],[74.725,17.202],[74.849,17.2044],[75.0354,17.4181],[74.9361,17.5123],[74.9235,17.6175]]]},"properties":{"AC_NO":286,"AC_NAME":"Khanapur","district":"SANGLI","PC_NO":44,"PC_NAME":"SANGLI"}},
{"type":"Feature","geometry":{"type":"Polygon","coordinates":[[[75.9607,17.6678],[75.8647,17.6682],[75.895,17.6242],[75.9535,17.6219],[75.9607,17.6678]]]},"properties":{"AC_NO":249,"AC_NAME":"Solapur City Central","district":"SOLAPUR","PC_NO":42,"PC_NAME":"SOLAPUR (SC)"}},
{"type":"Feature","geometry":{"type":"Polygon","coordinates":[[[74.5032,17.3891],[74.4725,17.3909],[74.2966,17.4256],[74.2575,17.3561],[74.2935,17.3132],[74.2649,17.2608],[74.2816,17.1839],[74.3527,17.1567],[74.393,16.9954],[74.4482,16.9864],[74.482,16.9386],[74.5395,16.9636],[74.5619,17.0071],[74.5022,17.0676],[74.5451,17.0961],[74.4452,17.1757],[74.4232,17.2534],[74.4815,17.2626],[74.4748,17.3354],[74.5032,17.3891]]]},"properties":{"AC_NO":285,"AC_NAME":"Palus-Kadegaon","district":"SANGLI","PC_NO":44,"PC_NAME":"SANGLI"}},
{"type":"Feature","geometry":{"type":"Polygon","coordinates":[[[73.2494,17.2956],[73.2448,17.2225],[73.2911,17.0783],[73.296,16.9844],[73.2768,16.892],[73.3176,16.8063],[73.4274,16.8774],[73.5427,17.0166],[73.4743,17.036],[73.5128,17.1402],[73.5053,17.1967],[73.4226,17.2123],[73.2494,17.2956]]]},"properties":{"AC_NO":266,"AC_NAME":"Ratnagiri","district":"RATNAGIRI","PC_NO":46,"PC_NAME":"RATNAGIRI ?SINDHUDUR"}},
{"type":"Feature","geometry":{"type":"Polygon","coordinates":[[[74.0632,17.3558],[74.0225,17.2302],[74.1189,17.1218],[74.1778,17.1498],[74.2383,17.1409],[74.2816,17.1839],[74.2649,17.2608],[74.1743,17.3353],[74.0632,17.3558]]]},"properties":{"AC_NO":260,"AC_NAME":"Karad South","district":"SATARA","PC_NO":45,"PC_NAME":"SATARA"}},
{"type":"Feature","geometry":{"type":"Polygon","coordinates":[[[73.6948,17.2619],[73.7073,17.1704],[73.7767,17.1817],[73.8471,17.1527],[73.905,17.0834],[73.9587,17.0568],[74.0235,16.9857],[74.0388,16.9234],[74.2343,16.8882],[74.3168,16.8896],[74.3062,16.9891],[74.2736,17.0236],[74.2383,17.1409],[74.1778,17.1498],[74.1189,17.1218],[74.0315,17.0909],[73.8825,17.1688],[73.8339,17.2264],[73.6948,17.2619]]]},"properties":{"AC_NO":284,"AC_NAME":"Shirala","district":"SANGLI","PC_NO":48,"PC_NAME":"HATKANANGLE"}},
{"type":"Feature","geometry":{"type":"Polygon","coordinates":[[[75.0258,16.9441],[75.09,16.9518],[75.1364,16.8746],[75.2281,16.844],[75.2802,16.8783],[75.2791,16.9577],[75.4644,16.9909],[75.5288,16.9689],[75.666,16.9792],[75.6725,17.1153],[75.6282,17.162],[75.6619,17.2146],[75.6546,17.2727],[75.6038,17.3063],[75.5173,17.2407],[75.4213,17.2656],[75.4017,17.2108],[75.3331,17.2333],[75.2689,17.1834],[75.2392,17.2407],[75.0795,17.2469],[75.0084,17.2086],[75.0669,17.1305],[74.9906,17.0888],[75.0212,17.0265],[75.0258,16.9441]]]},"properties":{"AC_NO":288,"AC_NAME":"Jat","district":"SANGLI","PC_NO":44,"PC_NAME":"SANGLI"}},
{"type":"Feature","geometry":{"type":"Polygon","coordinates":[[[73.7073,17.1704],[73.7368,17.1213],[73.8334,17.0552],[73.7849,16.9898],[73.796,16.9288],[73.7473,16.8846],[73.7374,16.8223],[73.835,16.7421],[73.9175,16.7684],[74.0356,16.7586],[74.1226,16.7818],[74.1966,16.7548],[74.2188,16.8032],[74.2343,16.8882],[74.0388,16.9234],[74.0235,16.9857],[73.9587,17.0568],[73.905,17.0834],[73.8471,17.1527],[73.7767,17.1817],[73.7073,17.1704]]]},"properties":{"AC_NO":277,"AC_NAME":"Shahuwadi","district":"KOLHAPUR","PC_NO":48,"PC_NAME":"HATKANANGLE"}},
{"type":"Feature","geometry":{"type":"Polygon","coordinates":[[[74.2816,17.1839],[74.2383,17.1409],[74.2736,17.0236],[74.3062,16.9891],[74.3168,16.8896],[74.4635,16.8565],[74.5237,16.8503],[74.5437,16.9622],[74.5395,16.9636],[74.482,16.9386],[74.4482,16.9864],[74.393,16.9954],[74.3527,17.1567],[74.2816,17.1839]]]},"properties":{"AC_NO":283,"AC_NAME":"Islampur","district":"SANGLI","PC_NO":48,"PC_NAME":"HATKANANGLE"}},
{"type":"Feature","geometry":{"type":"Polygon","coordinates":[[[74.9554,16.907],[75.0258,16.9441],[75.0212,17.0265],[74.9906,17.0888],[75.0669,17.1305],[75.0084,17.2086],[74.9161,17.1636],[74.849,17.2044],[74.725,17.202],[74.5821,17.0849],[74.5451,17.0961],[74.5022,17.0676],[74.5619,17.0071],[74.5395,16.9636],[74.5437,16.9622],[74.603,16.9517],[74.6634,16.9257],[74.6893,16.9915],[74.8286,16.907],[74.9554,16.907]]]},"properties":{"AC_NO":287,"AC_NAME":"Tasgaon-Kavathe Mahankal","district":"SANGLI","PC_NO":44,"PC_NAME":"SANGLI"}},
{"type":"Feature","geometry":{"type":"Polygon","coordinates":[[[73.7849,16.9898],[73.6748,16.995],[73.6284,17.0302],[73.5427,17.0166],[73.4274,16.8774],[73.3176,16.8063],[73.3055,16.7302],[73.3511,16.6127],[73.3322,16.565],[73.3533,16.527],[73.4661,16.4936],[73.543,16.5152],[73.6714,16.5844],[73.7682,16.6027],[73.7723,16.665],[73.8509,16.6494],[73.835,16.7421],[73.7374,16.8223],[73.7473,16.8846],[73.796,16.9288],[73.7849,16.9898]]]},"properties":{"AC_NO":267,"AC_NAME":"Rajapur","district":"RATNAGIRI","PC_NO":46,"PC_NAME":"RATNAGIRI ?SINDHUDUR"}},
{"type":"Feature","geometry":{"type":"Polygon","coordinates":[[[74.6914,16.7163],[74.7719,16.7508],[74.9197,16.7726],[74.9102,16.8354],[74.9554,16.907],[74.8286,16.907],[74.6893,16.9915],[74.6634,16.9257],[74.603,16.9517],[74.6255,16.8568],[74.5864,16.8018],[74.6297,16.7871],[74.6914,16.7163]]]},"properties":{"AC_NO":281,"AC_NAME":"Miraj (SC)","district":"SANGLI","PC_NO":44,"PC_NAME":"SANGLI"}},
{"type":"Feature","geometry":{"type":"Polygon","coordinates":[[[74.5237,16.8503],[74.5864,16.8018],[74.6255,16.8568],[74.603,16.9517],[74.5437,16.9622],[74.5237,16.8503]]]},"properties":{"AC_NO":282,"AC_NAME":"Sangli","district":"SANGLI","PC_NO":44,"PC_NAME":"SANGLI"}},
{"type":"Feature","geometry":{"type":"Polygon","coordinates":[[[74.3953,16.5772],[74.4664,16.6056],[74.459,16.6567],[74.4153,16.7285],[74.4557,16.7628],[74.4635,16.8565],[74.3168,16.8896],[74.2343,16.8882],[74.2188,16.8032],[74.2679,16.761],[74.2734,16.7166],[74.3511,16.6833],[74.3407,16.6124],[74.3953,16.5772]]]},"properties":{"AC_NO":278,"AC_NAME":"Hatkanangle(SC)","district":"KOLHAPUR","PC_NO":48,"PC_NAME":"HATKANANGLE"}},
{"type":"Feature","geometry":{"type":"Polygon","coordinates":[[[74.4718,16.6638],[74.5441,16.6352],[74.5721,16.5534],[74.6874,16.618],[74.6914,16.7163],[74.6297,16.7871],[74.5864,16.8018],[74.5237,16.8503],[74.4635,16.8565],[74.4557,16.7628],[74.4718,16.6638]]]},"properties":{"AC_NO":280,"AC_NAME":"Shirol","district":"KOLHAPUR","PC_NO":48,"PC_NAME":"HATKANANGLE"}},
{"type":"Feature","geometry":{"type":"Polygon","coordinates":[[[73.835,16.7421],[73.8509,16.6494],[73.8295,16.5343],[73.8842,16.4743],[73.9621,16.582],[74.1114,16.565],[74.1204,16.5248],[74.1959,16.611],[74.1801,16.6619],[74.2216,16.7137],[74.2679,16.761],[74.2188,16.8032],[74.1966,16.7548],[74.1226,16.7818],[74.0356,16.7586],[73.9175,16.7684],[73.835,16.7421]]]},"properties":{"AC_NO":275,"AC_NAME":"Karvir","district":"KOLHAPUR","PC_NO":47,"PC_NAME":"KOLHAPUR"}},
{"type":"Feature","geometry":{"type":"Polygon","coordinates":[[[74.2679,16.761],[74.2216,16.7137],[74.2734,16.7166],[74.2679,16.761]]]},"properties":{"AC_NO":276,"AC_NAME":"Kolhapur North","district":"KOLHAPUR","PC_NO":47,"PC_NAME":"KOLHAPUR"}},
{"type":"Feature","geometry":{"type":"Polygon","coordinates":[[[74.459,16.6567],[74.4718,16.6638],[74.4557,16.7628],[74.4153,16.7285],[74.459,16.6567]]]},"properties":{"AC_NO":279,"AC_NAME":"Ichalkaranji","district":"KOLHAPUR","PC_NO":48,"PC_NAME":"HATKANANGLE"}},
{"type":"Feature","geometry":{"type":"Polygon","coordinates":[[[74.2734,16.7166],[74.2216,16.7137],[74.1801,16.6619],[74.1959,16.611],[74.1204,16.5248],[74.1538,16.5041],[74.3013,16.6151],[74.3407,16.6124],[74.3511,16.6833],[74.2734,16.7166]]]},"properties":{"AC_NO":274,"AC_NAME":"Kolhapur South","district":"KOLHAPUR","PC_NO":47,"PC_NAME":"KOLHAPUR"}},
{"type":"Feature","geometry":{"type":"Polygon","coordinates":[[[73.8509,16.6494],[73.7723,16.665],[73.7682,16.6027],[73.6714,16.5844],[73.543,16.5152],[73.4661,16.4936],[73.3533,16.527],[73.3322,16.565],[73.3144,16.541],[73.3682,16.3639],[73.4363,16.1998],[73.5251,16.2938],[73.5837,16.3061],[73.6918,16.168],[73.8505,16.2038],[73.9465,16.178],[73.8374,16.3429],[73.8343,16.4018],[73.8842,16.4743],[73.8295,16.5343],[73.8509,16.6494]]]},"properties":{"AC_NO":268,"AC_NAME":"Kankavli","district":"SINDHUDURG","PC_NO":46,"PC_NAME":"RATNAGIRI ?SINDHUDUR"}},
{"type":"Feature","geometry":{"type":"Polygon","coordinates":[[[73.8842,16.4743],[73.8343,16.4018],[73.8374,16.3429],[73.9465,16.178],[73.8467,16.1313],[73.875,16.0977],[73.9976,16.0922],[73.9955,16.0593],[74.0908,16.0074],[74.1799,16.0311],[74.2015,16.0996],[74.262,16.1579],[74.1962,16.1434],[74.172,16.1878],[74.2359,16.2741],[74.2009,16.3477],[74.1038,16.4234],[74.1891,16.4609],[74.1538,16.5041],[74.1204,16.5248],[74.1114,16.565],[73.9621,16.582],[73.8842,16.4743]]]},"properties":{"AC_NO":272,"AC_NAME":"Radhanagari","district":"KOLHAPUR","PC_NO":47,"PC_NAME":"KOLHAPUR"}},
{"type":"Feature","geometry":{"type":"Polygon","coordinates":[[[74.3518,16.2794],[74.329,16.3245],[74.3327,16.4555],[74.2897,16.4629],[74.2643,16.5401],[74.3953,16.5772],[74.3407,16.6124],[74.3013,16.6151],[74.1538,16.5041],[74.1891,16.4609],[74.1038,16.4234],[74.2009,16.3477],[74.2359,16.2741],[74.172,16.1878],[74.1962,16.1434],[74.262,16.1579],[74.379,16.2374],[74.3518,16.2794]]]},"properties":{"AC_NO":273,"AC_NAME":"Kagal","district":"KOLHAPUR","PC_NO":47,"PC_NAME":"KOLHAPUR"}},
{"type":"Feature","geometry":{"type":"Polygon","coordinates":[[[73.9465,16.178],[73.8505,16.2038],[73.6918,16.168],[73.5837,16.3061],[73.5251,16.2938],[73.4363,16.1998],[73.4905,16.0062],[73.5591,16.0151],[73.6062,15.9036],[73.6736,15.9406],[73.7779,15.9189],[73.8996,16.0171],[73.9955,16.0593],[73.9976,16.0922],[73.875,16.0977],[73.8467,16.1313],[73.9465,16.178]]]},"properties":{"AC_NO":269,"AC_NAME":"Kudal","district":"SINDHUDURG","PC_NO":46,"PC_NAME":"RATNAGIRI ?SINDHUDUR"}},
{"type":"Feature","geometry":{"type":"Polygon","coordinates":[[[74.2091,15.7812],[74.2416,15.7431],[74.3069,15.7486],[74.3689,15.7877],[74.3867,15.9044],[74.4623,16.0372],[74.3721,16.0782],[74.4845,16.1426],[74.5034,16.2241],[74.4784,16.2496],[74.3518,16.2794],[74.379,16.2374],[74.262,16.1579],[74.2015,16.0996],[74.1799,16.0311],[74.0908,16.0074],[74.0946,15.8986],[74.0735,15.8344],[74.1457,15.8327],[74.2091,15.7812]]]},"properties":{"AC_NO":271,"AC_NAME":"Chandgad","district":"KOLHAPUR","PC_NO":47,"PC_NAME":"KOLHAPUR"}},
{"type":"Feature","geometry":{"type":"Polygon","coordinates":[[[73.4905,16.0062],[73.5104,15.9373],[73.5887,15.9098],[73.6754,15.727],[73.7281,15.72],[73.8757,15.7511],[73.9387,15.7434],[73.9616,15.642],[73.991,15.612],[74.0789,15.6312],[74.1217,15.7205],[74.2091,15.7812],[74.1457,15.8327],[74.0735,15.8344],[74.0946,15.8986],[74.0908,16.0074],[73.9955,16.0593],[73.8996,16.0171],[73.7779,15.9189],[73.6736,15.9406],[73.6062,15.9036],[73.5591,16.0151],[73.4905,16.0062]]]},"properties":{"AC_NO":270,"AC_NAME":"Sawantwadi","district":"SINDHUDURG","PC_NO":46,"PC_NAME":"RATNAGIRI ?SINDHUDUR"}}
]}