{"type":"FeatureCollection","features":[{"type":"Feature","geometry":{"type":"Polygon","coordinates":[[[90.0311,25.8951],[90.0209,25.907],[90.0119,25.9362],[89.9933,25.9412],[89.9867,25.9296],[89.9868,25.9287],[89.9883,25.9258],[89.9918,25.9197],[89.9874,25.8985],[89.9751,25.8924],[89.9708,25.8898],[89.9663,25.8871],[89.9534,25.8635],[89.963,25.8438],[89.9546,25.838],[89.9532,25.834],[89.9519,25.8281],[89.9408,25.8179],[89.9362,25.8176],[89.9328,25.8171],[89.927,25.8175],[89.9115,25.8072],[89.9018,25.8044],[89.9017,25.8019],[89.9018,25.8004],[89.8889,25.7907],[89.8866,25.7888],[89.8848,25.7867],[89.8829,25.7847],[89.8792,25.7849],[89.8738,25.7857],[89.8685,25.7861],[89.8657,25.7873],[89.8634,25.7889],[89.8623,25.7891],[89.8613,25.7882],[89.8591,25.7879],[89.8569,25.7886],[89.853,25.7905],[89.8452,25.7919],[89.8379,25.7907],[89.8325,25.7895],[89.8333,25.7889],[89.8337,25.7885],[89.8339,25.7884],[89.8412,25.7596],[89.8271,25.7405],[89.8332,25.7181],[89.8493,25.7151],[89.8466,25.6957],[89.8709,25.6626],[89.8812,25.6293],[89.8758,25.5809],[89.8672,25.5619],[89.866,25.5461],[89.8513,25.5389],[89.8602,25.5174],[89.85,25.4939],[89.8525,25.4667],[89.868,25.4732],[89.8771,25.4931],[89.8779,25.5201],[89.8683,25.5303],[89.8765,25.5369],[89.8776,25.5498],[89.9122,25.5632],[89.9372,25.5646],[89.9604,25.5745],[89.9727,25.5739],[89.9785,25.587],[89.9885,25.5913],[90.0029,25.5858],[90.0202,25.6051],[90.0053,25.6242],[89.9827,25.6279],[89.9794,25.6385],[89.9531,25.6537],[89.9467,25.6619],[89.9443,25.6793],[89.9357,25.69],[89.9235,25.6945],[89.8956,25.7316],[89.8996,25.7472],[89.9231,25.7385],[89.9368,25.7448],[89.9351,25.753],[89.9531,25.7648],[89.9595,25.7828],[89.9579,25.7999],[89.951,25.817],[89.9972,25.837],[89.9972,25.8443],[90.0163,25.8522],[90.0236,25.867],[90.0056,25.8791],[90.0244,25.8959],[90.0311,25.8951]]]},"properties":{"AC_NO":11,"AC_NAME":"MANKACHAR","district":"SOUTH SALMARA MANCACHAR"}},{"type":"Feature","geometry":{"type":"Polygon","coordinates":[[[91.5408,26.4015],[91.5326,26.4072],[91.5223,26.4115],[91.5154,26.4197],[91.5083,26.4188],[91.5079,26.4188],[91.5016,26.418],[91.5014,26.4179],[91.4996,26.4184],[91.4969,26.4189],[91.4895,26.4216],[91.4855,26.4237],[91.4832,26.426],[91.4822,26.4265],[91.4812,26.427],[91.4773,26.4364],[91.4811,26.4452],[91.4841,26.4487],[91.482,26.4501],[91.4745,26.4494],[91.4677,26.4374],[91.4459,26.4333],[91.4461,26.4324],[91.446,26.4295],[91.4436,26.4222],[91.4448,26.4182],[91.4655,26.4016],[91.4699,26.4066],[91.4725,26.4068],[91.4733,26.4068],[91.4746,26.4049],[91.4746,26.4035],[91.4727,26.4009],[91.465,26.3977],[91.4584,26.3971],[91.4434,26.3888],[91.4406,26.3832],[91.4388,26.3819],[91.4356,26.3805],[91.4356,26.3788],[91.4358,26.3745],[91.4364,26.3709],[91.4361,26.3654],[91.4353,26.3613],[91.4349,26.3601],[91.4348,26.3599],[91.4313,26.3586],[91.4257,26.3579],[91.4239,26.3564],[91.4239,26.3555],[91.4238,26.3537],[91.4241,26.3515],[91.4236,26.3473],[91.4223,26.3446],[91.42,26.3426],[91.4202,26.3417],[91.4205,26.3399],[91.4187,26.3374],[91.426,26.3142],[91.4253,26.3141],[91.4237,26.3133],[91.4225,26.3119],[91.4222,26.311],[91.4217,26.3094],[91.4192,26.3025],[91.4191,26.3021],[91.4253,26.2854],[91.4176,26.2784],[91.3987,26.2694],[91.3969,26.2726],[91.3936,26.2821],[91.392,26.2864],[91.3923,26.2888],[91.3922,26.2896],[91.3906,26.2891],[91.3894,26.2881],[91.3875,26.2861],[91.3863,26.2855],[91.3817,26.2854],[91.3777,26.2856],[91.3763,26.2854],[91.3755,26.2838],[91.3756,26.2826],[91.3688,26.2723],[91.3678,26.2726],[91.3653,26.2734],[91.3616,26.2735],[91.3586,26.2735],[91.353,26.2724],[91.3497,26.2763],[91.3464,26.2804],[91.3447,26.2939],[91.3519,26.2952],[91.35,26.3107],[91.3429,26.3043],[91.3412,26.3054],[91.3371,26.3087],[91.3316,26.3126],[91.3311,26.3132],[91.3414,26.3196],[91.3423,26.3302],[91.3463,26.3326],[91.3561,26.3342],[91.3598,26.3353],[91.3592,26.3402],[91.3581,26.3445],[91.3653,26.3475],[91.3728,26.3468],[91.3744,26.346],[91.3752,26.3486],[91.3759,26.352],[91.376,26.3526],[91.3747,26.354],[91.3719,26.3559],[91.3692,26.3598],[91.3682,26.3628],[91.3587,26.3717],[91.3525,26.3836],[91.3392,26.3797],[91.3365,26.3763],[91.3311,26.3745],[91.3287,26.3744],[91.3274,26.3744],[91.3274,26.3752],[91.3275,26.3767],[91.3269,26.3799],[91.3226,26.3807],[91.3028,26.3874],[91.2934,26.3797],[91.2929,26.3798],[91.2925,26.3798],[91.2909,26.3824],[91.289,26.3879],[91.2705,26.3981],[91.2657,26.4073],[91.2655,26.4108],[91.2619,26.412],[91.2548,26.4177],[91.2491,26.4175],[91.247,26.4181],[91.2452,26.4193],[91.2436,26.4213],[91.2425,26.4247],[91.2421,26.4257],[91.2418,26.4264],[91.2402,26.428],[91.2391,26.428],[91.2387,26.428],[91.2366,26.427],[91.2344,26.4244],[91.2363,26.4155],[91.2354,26.3799],[91.2589,26.3571],[91.2295,26.3597],[91.232,26.3426],[91.245,26.3449],[91.2699,26.3293],[91.2586,26.3023],[91.2603,26.2888],[91.2379,26.2791],[91.2269,26.2825],[91.2204,26.2653],[91.2211,26.2644],[91.221,26.2641],[91.2203,26.2641],[91.2189,26.2642],[91.2184,26.2639],[91.2182,26.2633],[91.2185,26.2602],[91.2256,26.2636],[91.2318,26.264],[91.2354,26.2635],[91.2366,26.2633],[91.2379,26.2632],[91.2391,26.2626],[91.2396,26.2621],[91.2404,26.2617],[91.2408,26.2611],[91.2408,26.2603],[91.2371,26.25],[91.2292,26.2439],[91.2289,26.2438],[91.228,26.2439],[91.2219,26.2449],[91.2209,26.2449],[91.2207,26.2447],[91.2201,26.2435],[91.2175,26.2409],[91.2156,26.2392],[91.2154,26.2389],[91.2154,26.2385],[91.2157,26.2342],[91.2197,26.2266],[91.2155,26.2222],[91.2152,26.2213],[91.2153,26.2206],[91.2157,26.2197],[91.2166,26.2185],[91.2178,26.2176],[91.2187,26.2172],[91.2216,26.2166],[91.2277,26.2161],[91.2287,26.2159],[91.2321,26.2141],[91.2362,26.2112],[91.2406,26.204],[91.2478,26.2018],[91.2392,26.193],[91.2394,26.186],[91.2383,26.1837],[91.2379,26.1819],[91.2373,26.1803],[91.2313,26.1818],[91.2304,26.1821],[91.2296,26.1822],[91.2278,26.1819],[91.2221,26.1794],[91.2556,26.1631],[91.2946,26.1572],[91.3232,26.1604],[91.3342,26.1678],[91.3536,26.1673],[91.3669,26.1603],[91.3877,26.1407],[91.4143,26.1361],[91.4204,26.1746],[91.4111,26.2011],[91.4198,26.2059],[91.4221,26.2318],[91.4222,26.2325],[91.4222,26.2327],[91.4209,26.2351],[91.4207,26.2354],[91.4314,26.2396],[91.4315,26.2401],[91.4259,26.2443],[91.4255,26.2445],[91.4166,26.2457],[91.4153,26.248],[91.4124,26.265],[91.422,26.2686],[91.4375,26.2605],[91.4448,26.2654],[91.4448,26.266],[91.4461,26.2672],[91.4461,26.2677],[91.4466,26.2697],[91.447,26.2697],[91.4514,26.2696],[91.4514,26.27],[91.4484,26.2908],[91.4549,26.3204],[91.4659,26.3168],[91.4812,26.3211],[91.4816,26.3213],[91.4818,26.3215],[91.4818,26.3221],[91.4818,26.3224],[91.4817,26.3231],[91.4815,26.3236],[91.4798,26.3272],[91.4898,26.3315],[91.5206,26.3334],[91.5216,26.3348],[91.5216,26.3355],[91.5216,26.336],[91.5216,26.3364],[91.5221,26.3365],[91.5241,26.3364],[91.5246,26.3375],[91.524,26.3388],[91.5238,26.3398],[91.5234,26.34],[91.5214,26.34],[91.5213,26.3401],[91.5207,26.3403],[91.5205,26.3408],[91.5205,26.3412],[91.5204,26.3413],[91.5208,26.3417],[91.5209,26.3418],[91.5211,26.3421],[91.5216,26.3426],[91.5222,26.343],[91.5224,26.3431],[91.5227,26.3433],[91.5235,26.3438],[91.5245,26.3447],[91.524,26.3456],[91.5212,26.3461],[91.524,26.3553],[91.5253,26.3716],[91.526,26.372],[91.5261,26.3721],[91.5282,26.3731],[91.5294,26.3741],[91.5311,26.3741],[91.5327,26.3753],[91.5351,26.3755],[91.5363,26.3764],[91.5357,26.3775],[91.5343,26.3789],[91.5341,26.3791],[91.5341,26.3792],[91.534,26.3793],[91.5336,26.38],[91.5294,26.3832],[91.5298,26.3894],[91.5286,26.3901],[91.5287,26.3913],[91.5286,26.3922],[91.5287,26.3923],[91.5286,26.3927],[91.5315,26.3941],[91.5325,26.395],[91.5335,26.3971],[91.5354,26.3979],[91.5351,26.3984],[91.5349,26.3984],[91.5347,26.3984],[91.5346,26.3985],[91.5346,26.3986],[91.5348,26.3989],[91.5408,26.4015]]]},"properties":{"AC_NO":38,"AC_NAME":"BARKHETRI","district":"NALBARI"}},{"type":"Feature","geometry":{"type":"Polygon","coordinates":[[[91.4136,26.5326],[91.4116,26.5292],[91.41,26.5258],[91.4106,26.523],[91.4049,26.5152],[91.3827,26.4902],[91.3868,26.463],[91.4023,26.4517],[91.3868,26.4463],[91.3879,26.4376],[91.4104,26.4368],[91.4085,26.4235],[91.3913,26.3692],[91.3966,26.3519],[91.4084,26.3585],[91.4054,26.3288],[91.3925,26.3248],[91.4053,26.3101],[91.4003,26.2887],[91.4087,26.2877],[91.4191,26.3021],[91.4225,26.3119],[91.4237,26.3133],[91.426,26.3142],[91.4239,26.3188],[91.4219,26.3233],[91.4187,26.3374],[91.4205,26.3399],[91.4202,26.3417],[91.42,26.3426],[91.4223,26.3446],[91.4236,26.3473],[91.4241,26.3515],[91.4238,26.3537],[91.4239,26.3555],[91.4239,26.3564],[91.4257,26.3579],[91.4313,26.3586],[91.4348,26.3599],[91.4349,26.3601],[91.4353,26.3613],[91.4361,26.3654],[91.4364,26.3709],[91.4358,26.3745],[91.4356,26.3788],[91.4356,26.3805],[91.4388,26.3819],[91.4406,26.3832],[91.4434,26.3888],[91.4584,26.3971],[91.465,26.3977],[91.4727,26.4009],[91.4746,26.4035],[91.4746,26.4049],[91.476,26.4059],[91.4733,26.4068],[91.4725,26.4068],[91.4699,26.4066],[91.4655,26.4016],[91.4599,26.4053],[91.4448,26.4182],[91.4436,26.4222],[91.4459,26.4333],[91.4496,26.4337],[91.4515,26.434],[91.4603,26.434],[91.4677,26.4374],[91.4745,26.4494],[91.482,26.4501],[91.4841,26.4487],[91.4811,26.4452],[91.4773,26.4364],[91.4812,26.427],[91.4822,26.4265],[91.4832,26.426],[91.4855,26.4237],[91.4895,26.4216],[91.4969,26.4189],[91.4996,26.4184],[91.5014,26.4179],[91.5016,26.418],[91.5079,26.4188],[91.5083,26.4188],[91.5154,26.4197],[91.5223,26.4115],[91.5326,26.4072],[91.5408,26.4015],[91.5413,26.4025],[91.5418,26.4035],[91.5412,26.4045],[91.5413,26.4049],[91.5423,26.407],[91.5423,26.408],[91.5434,26.4092],[91.5469,26.4092],[91.5484,26.413],[91.5534,26.4194],[91.5582,26.4231],[91.558,26.4241],[91.5581,26.4244],[91.5581,26.4245],[91.5581,26.4246],[91.5582,26.4254],[91.5601,26.4291],[91.5605,26.4291],[91.5615,26.4291],[91.564,26.4298],[91.564,26.4307],[91.5639,26.4317],[91.564,26.4318],[91.5639,26.4319],[91.564,26.4321],[91.5641,26.4324],[91.5642,26.4327],[91.5642,26.4328],[91.564,26.4328],[91.5636,26.4327],[91.5633,26.4326],[91.5631,26.4328],[91.5631,26.433],[91.5635,26.4332],[91.5641,26.4336],[91.5621,26.4346],[91.5627,26.4371],[91.5624,26.4382],[91.5623,26.4383],[91.5622,26.4383],[91.5621,26.4382],[91.5619,26.4379],[91.5617,26.4377],[91.5615,26.4377],[91.5613,26.4378],[91.5611,26.4381],[91.5612,26.4386],[91.5606,26.4436],[91.5593,26.4448],[91.5578,26.4452],[91.5566,26.4463],[91.5534,26.4504],[91.5532,26.4513],[91.5528,26.4527],[91.5529,26.4542],[91.552,26.4558],[91.5495,26.4709],[91.5504,26.4738],[91.5512,26.4757],[91.556,26.4815],[91.5619,26.4836],[91.5593,26.4908],[91.5569,26.5101],[91.543,26.5117],[91.5352,26.53],[91.5405,26.5479],[91.5295,26.5528],[91.5098,26.533],[91.4943,26.5338],[91.4912,26.5611],[91.4739,26.5712],[91.4676,26.5626],[91.4343,26.5634],[91.4308,26.5491],[91.4556,26.5487],[91.4587,26.5423],[91.4143,26.5327],[91.4136,26.5326]]]},"properties":{"AC_NO":39,"AC_NAME":"NALBARI","district":"NALBARI"}},{"type":"Feature","geometry":{"type":"Polygon","coordinates":[[[91.4136,26.5326],[91.4125,26.5325],[91.3867,26.5265],[91.3526,26.524],[91.3553,26.5108],[91.3421,26.5003],[91.3018,26.5],[91.2919,26.5031],[91.2893,26.5154],[91.3114,26.5169],[91.3104,26.5293],[91.2969,26.5455],[91.2758,26.5413],[91.2667,26.535],[91.2629,26.5216],[91.2495,26.5233],[91.248,26.5105],[91.2604,26.5054],[91.2655,26.4906],[91.2507,26.4661],[91.2378,26.4574],[91.2302,26.4362],[91.2335,26.4245],[91.2366,26.427],[91.2387,26.428],[91.2391,26.428],[91.2402,26.428],[91.2418,26.4264],[91.2421,26.4257],[91.2425,26.4247],[91.2436,26.4213],[91.2452,26.4193],[91.247,26.4181],[91.2479,26.4178],[91.2491,26.4175],[91.2548,26.4177],[91.2619,26.412],[91.2655,26.4108],[91.2657,26.4073],[91.2705,26.3981],[91.289,26.3879],[91.2909,26.3824],[91.2916,26.3813],[91.2925,26.3798],[91.2929,26.3798],[91.2934,26.3797],[91.3028,26.3874],[91.3226,26.3807],[91.3274,26.3744],[91.3287,26.3744],[91.3311,26.3745],[91.3365,26.3763],[91.3392,26.3797],[91.3525,26.3836],[91.3587,26.3717],[91.3682,26.3628],[91.3692,26.3598],[91.3719,26.3559],[91.3747,26.354],[91.376,26.3526],[91.3759,26.352],[91.3752,26.3486],[91.3744,26.346],[91.3728,26.3468],[91.3653,26.3475],[91.3581,26.3445],[91.3592,26.3402],[91.3598,26.3353],[91.3423,26.3302],[91.3414,26.3196],[91.3368,26.3152],[91.3333,26.3141],[91.3311,26.3132],[91.3447,26.2939],[91.3464,26.2804],[91.3497,26.2763],[91.353,26.2724],[91.3586,26.2735],[91.3616,26.2735],[91.3653,26.2734],[91.3678,26.2726],[91.3688,26.2723],[91.3756,26.2826],[91.3755,26.2838],[91.3763,26.2854],[91.3777,26.2856],[91.3817,26.2854],[91.3863,26.2855],[91.3875,26.2861],[91.3894,26.2881],[91.3906,26.2891],[91.3922,26.2896],[91.3923,26.2888],[91.392,26.2864],[91.3936,26.2821],[91.3969,26.2726],[91.3968,26.2699],[91.3987,26.2694],[91.4033,26.2704],[91.4176,26.2784],[91.4253,26.2854],[91.4236,26.2966],[91.4219,26.2991],[91.4196,26.3011],[91.4191,26.3021],[91.4087,26.2877],[91.4003,26.2887],[91.4053,26.3101],[91.3925,26.3248],[91.4054,26.3288],[91.4084,26.3585],[91.3966,26.3519],[91.3913,26.3692],[91.4085,26.4235],[91.4104,26.4368],[91.3879,26.4376],[91.3868,26.4463],[91.4023,26.4517],[91.3868,26.463],[91.3827,26.4902],[91.4049,26.5152],[91.4106,26.523],[91.41,26.5258],[91.4116,26.5292],[91.4136,26.5326]]]},"properties":{"AC_NO":40,"AC_NAME":"TIHU","district":"NALBARI"}},{"type":"Feature","geometry":{"type":"Polygon","coordinates":[[[95.115,27.1273],[95.0997,27.1331],[95.0613,27.1369],[95.0493,27.1552],[95.0324,27.1474],[95.0164,27.1499],[95,27.1469],[94.9773,27.149],[94.9844,27.1686],[94.9735,27.2012],[94.9678,27.2271],[94.9538,27.2177],[94.8914,27.1623],[94.8747,27.1437],[94.873,27.1417],[94.8372,27.0982],[94.8369,27.0921],[94.8248,27.0571],[94.8297,27.0164],[94.8548,27.0296],[94.8792,27.0343],[94.8843,27.0442],[94.9026,27.0347],[94.851,27.012],[94.8247,26.9915],[94.8162,26.9711],[94.7922,26.9337],[94.7887,26.9245],[94.8308,26.9281],[94.8467,26.9314],[94.8586,26.943],[94.8877,26.9586],[94.9297,26.988],[94.9371,26.9884],[94.9414,26.9587],[94.9237,26.9467],[94.9307,26.9328],[94.9552,26.9403],[94.9681,26.9229],[94.982,26.9135],[94.9912,26.921],[95.0173,26.9216],[95.0233,26.9278],[95.0261,26.945],[95.0169,26.9511],[95.0017,26.9452],[94.9884,26.9613],[94.9731,26.9541],[94.9732,26.9791],[94.9957,26.9784],[94.9997,26.9908],[94.9756,27.0103],[94.9608,27.0367],[94.9874,27.0468],[94.9845,27.0573],[95.0145,27.0763],[95.0333,27.0845],[95.0403,27.0925],[95.0803,27.0999],[95.105,27.1148],[95.115,27.1273]]]},"properties":{"AC_NO":94,"AC_NAME":"MAHMORA","district":"CHARAIDEO"}},{"type":"Feature","geometry":{"type":"Polygon","coordinates":[[[95.0233,26.9278],[95.0353,26.9363],[95.0808,26.9503],[95.1041,26.9638],[95.1082,26.9772],[95.15,26.9995],[95.1915,27.0342],[95.2096,27.0297],[95.2307,27.0391],[95.2465,27.024],[95.2608,27.0361],[95.2754,27.042],[95.2779,27.0551],[95.3167,27.0831],[95.3546,27.1042],[95.3685,27.1073],[95.3618,27.1284],[95.3672,27.1374],[95.359,27.1547],[95.3592,27.1651],[95.3341,27.1869],[95.3136,27.1839],[95.3036,27.1946],[95.2901,27.1957],[95.2794,27.1896],[95.2551,27.193],[95.2413,27.1848],[95.2252,27.1676],[95.1988,27.1589],[95.185,27.1629],[95.1846,27.1632],[95.1791,27.1504],[95.1688,27.1425],[95.1638,27.1295],[95.1305,27.1391],[95.115,27.1273],[95.105,27.1148],[95.0803,27.0999],[95.0403,27.0925],[95.0333,27.0845],[95.0145,27.0763],[94.9845,27.0573],[94.9874,27.0468],[94.9608,27.0367],[94.9756,27.0103],[94.9997,26.9908],[94.9957,26.9784],[94.9732,26.9791],[94.9731,26.9541],[94.9884,26.9613],[95.0017,26.9452],[95.0169,26.9511],[95.0261,26.945],[95.0233,26.9278]]]},"properties":{"AC_NO":93,"AC_NAME":"SONARI","district":"CHARAIDEO"}},{"type":"Feature","geometry":{"type":"Polygon","coordinates":[[[94.5452,27.0783],[94.5472,27.0775],[94.5604,27.0717],[94.5841,27.0714],[94.6029,27.0626],[94.6107,27.0694],[94.6239,27.0582],[94.6403,27.0605],[94.6513,27.0537],[94.644,27.0242],[94.6343,27.0038],[94.6146,26.9963],[94.6098,26.9835],[94.6194,26.9709],[94.6285,26.99],[94.6556,26.9943],[94.6715,26.9859],[94.6938,26.9806],[94.7195,26.984],[94.7299,26.9681],[94.7453,26.958],[94.7475,26.9497],[94.7292,26.9291],[94.7464,26.9198],[94.7812,26.9198],[94.7887,26.9245],[94.7922,26.9337],[94.8162,26.9711],[94.8247,26.9915],[94.851,27.012],[94.9026,27.0347],[94.8843,27.0442],[94.8792,27.0343],[94.8548,27.0296],[94.8297,27.0164],[94.8248,27.0571],[94.8369,27.0921],[94.8234,27.0994],[94.8081,27.0973],[94.8173,27.1142],[94.7997,27.1168],[94.7664,27.1293],[94.7534,27.1406],[94.7677,27.159],[94.7793,27.1904],[94.7755,27.213],[94.7661,27.2205],[94.774,27.236],[94.7692,27.2441],[94.7404,27.2485],[94.7499,27.2683],[94.7382,27.2752],[94.7272,27.2726],[94.7165,27.2596],[94.6933,27.2719],[94.6882,27.2562],[94.6769,27.2427],[94.642,27.2467],[94.6299,27.2237],[94.6164,27.1877],[94.6148,27.1766],[94.593,27.1456],[94.5823,27.1366],[94.5651,27.1075],[94.5538,27.0977],[94.5476,27.0817],[94.5452,27.0783]]]},"properties":{"AC_NO":95,"AC_NAME":"DEMOW","district":"SIBSAGAR"}},{"type":"Feature","geometry":{"type":"Polygon","coordinates":[[[94.5452,27.0783],[94.5442,27.0769],[94.5328,27.0696],[94.5088,27.0448],[94.4752,27.031],[94.4662,27.0187],[94.4601,26.9953],[94.429,26.979],[94.3986,26.9598],[94.3964,26.9528],[94.4038,26.937],[94.417,26.943],[94.4361,26.936],[94.4644,26.9412],[94.4777,26.9285],[94.482,26.9049],[94.4743,26.8921],[94.4933,26.8793],[94.4966,26.8673],[94.4885,26.8548],[94.493,26.846],[94.4862,26.8334],[94.5172,26.8118],[94.5171,26.8112],[94.5172,26.8112],[94.5175,26.8112],[94.5182,26.8112],[94.519,26.8112],[94.5195,26.811],[94.5258,26.8148],[94.5296,26.8147],[94.5408,26.8195],[94.549,26.8258],[94.5541,26.8444],[94.6001,26.8597],[94.609,26.8483],[94.6239,26.8439],[94.6334,26.8224],[94.6505,26.8171],[94.6583,26.8273],[94.6717,26.826],[94.6862,26.8166],[94.7123,26.8108],[94.719,26.816],[94.7041,26.8345],[94.6688,26.8427],[94.6454,26.8614],[94.6428,26.877],[94.6509,26.8811],[94.675,26.8821],[94.666,26.8942],[94.6556,26.8868],[94.6449,26.8911],[94.6453,26.9071],[94.6396,26.9182],[94.6747,26.9562],[94.6928,26.956],[94.7068,26.9399],[94.7292,26.9291],[94.7475,26.9497],[94.7453,26.958],[94.7299,26.9681],[94.7195,26.984],[94.6938,26.9806],[94.6715,26.9859],[94.6556,26.9943],[94.6285,26.99],[94.6194,26.9709],[94.6098,26.9835],[94.6146,26.9963],[94.6343,27.0038],[94.644,27.0242],[94.6513,27.0537],[94.6403,27.0605],[94.6239,27.0582],[94.6107,27.0694],[94.6029,27.0626],[94.5841,27.0714],[94.5604,27.0717],[94.5472,27.0775],[94.5452,27.0783]]]},"properties":{"AC_NO":96,"AC_NAME":"SIBSAGAR","district":"SIBSAGAR"}},{"type":"Feature","geometry":{"type":"Polygon","coordinates":[[[94.5171,26.8112],[94.517,26.8106],[94.5194,26.7906],[94.5117,26.7734],[94.5287,26.7581],[94.5515,26.7498],[94.5724,26.7525],[94.5715,26.7423],[94.592,26.7251],[94.5972,26.7349],[94.6202,26.7236],[94.6245,26.7156],[94.6529,26.719],[94.7023,26.7423],[94.7482,26.7729],[94.7582,26.7662],[94.768,26.787],[94.7997,26.8],[94.8175,26.8479],[94.844,26.8695],[94.8577,26.8887],[94.8659,26.909],[94.8905,26.9298],[94.9138,26.9368],[94.9237,26.9467],[94.9414,26.9587],[94.9371,26.9884],[94.9297,26.988],[94.8877,26.9586],[94.8586,26.943],[94.8467,26.9314],[94.8308,26.9281],[94.7887,26.9245],[94.7812,26.9198],[94.7464,26.9198],[94.7292,26.9291],[94.7068,26.9399],[94.6928,26.956],[94.6747,26.9562],[94.6396,26.9182],[94.6453,26.9071],[94.6449,26.8911],[94.6556,26.8868],[94.666,26.8942],[94.675,26.8821],[94.6509,26.8811],[94.6428,26.877],[94.6454,26.8614],[94.6688,26.8427],[94.7041,26.8345],[94.719,26.816],[94.7123,26.8108],[94.6862,26.8166],[94.6717,26.826],[94.6583,26.8273],[94.6505,26.8171],[94.6334,26.8224],[94.6239,26.8439],[94.609,26.8483],[94.6001,26.8597],[94.5541,26.8444],[94.549,26.8258],[94.5408,26.8195],[94.5296,26.8147],[94.5258,26.8148],[94.5195,26.811],[94.519,26.8112],[94.5182,26.8112],[94.5175,26.8112],[94.5172,26.8112],[94.5171,26.8112]]]},"properties":{"AC_NO":97,"AC_NAME":"NAZIRA","district":"SIBSAGAR"}},{"type":"Feature","geometry":{"type":"Polygon","coordinates":[[[92.8348,25.7459],[92.7955,25.7526],[92.7432,25.7557],[92.7117,25.7621],[92.6732,25.7751],[92.6215,25.7897],[92.5868,25.7895],[92.5924,25.7995],[92.6216,25.8011],[92.6254,25.7977],[92.6517,25.8122],[92.6418,25.8246],[92.6411,25.8347],[92.6618,25.8393],[92.657,25.8651],[92.647,25.8792],[92.636,25.8822],[92.6109,25.8787],[92.5948,25.8712],[92.5776,25.8914],[92.5768,25.9127],[92.568,25.9267],[92.5837,25.9285],[92.607,25.9242],[92.6082,25.9442],[92.6134,25.9599],[92.6068,25.9612],[92.5939,25.9667],[92.5905,25.968],[92.5899,25.9667],[92.5656,25.9617],[92.546,25.9716],[92.5673,26.0043],[92.571,26.0144],[92.5938,26.0215],[92.5797,26.0355],[92.5838,26.0518],[92.5952,26.0696],[92.596,26.0709],[92.5947,26.0818],[92.5755,26.0937],[92.5772,26.1055],[92.5692,26.1167],[92.5524,26.1128],[92.5327,26.0967],[92.5189,26.1045],[92.5177,26.1164],[92.5266,26.1406],[92.5199,26.1514],[92.5094,26.1416],[92.5013,26.1489],[92.4866,26.1494],[92.4793,26.1298],[92.4671,26.1175],[92.4539,26.1156],[92.4494,26.1001],[92.4271,26.099],[92.4222,26.1097],[92.3955,26.1137],[92.3795,26.0913],[92.3675,26.0821],[92.3596,26.0872],[92.3299,26.0768],[92.3237,26.0862],[92.3028,26.0853],[92.2779,26.0678],[92.2749,26.0659],[92.2639,26.0575],[92.2699,26.0476],[92.2627,26.0328],[92.2277,26.0087],[92.2051,26.001],[92.175,25.9744],[92.1641,25.9704],[92.1638,25.9588],[92.1523,25.9444],[92.16,25.9352],[92.1567,25.9148],[92.1755,25.9075],[92.186,25.9168],[92.2012,25.9084],[92.223,25.9107],[92.2203,25.9001],[92.1989,25.8891],[92.1772,25.8729],[92.1774,25.8516],[92.151,25.8159],[92.1477,25.7731],[92.1555,25.7512],[92.1627,25.744],[92.1544,25.7251],[92.1443,25.7177],[92.1547,25.7063],[92.1638,25.6671],[92.1882,25.6845],[92.1961,25.6863],[92.225,25.7162],[92.2344,25.7077],[92.2469,25.7132],[92.2643,25.7092],[92.2816,25.7168],[92.2929,25.7166],[92.3118,25.7279],[92.3178,25.7224],[92.3443,25.7286],[92.3547,25.7397],[92.3642,25.7375],[92.373,25.7503],[92.3976,25.7406],[92.4146,25.7406],[92.4303,25.7324],[92.4441,25.72],[92.4378,25.7059],[92.4403,25.6923],[92.4703,25.6753],[92.4972,25.6242],[92.5056,25.6165],[92.5526,25.615],[92.5556,25.6104],[92.5566,25.5715],[92.585,25.5506],[92.6024,25.5624],[92.6227,25.5659],[92.6416,25.5887],[92.6533,25.5908],[92.6614,25.5725],[92.6788,25.5831],[92.6956,25.599],[92.714,25.5977],[92.7226,25.589],[92.75,25.6012],[92.7585,25.6256],[92.7826,25.646],[92.7891,25.6613],[92.7753,25.6712],[92.7771,25.679],[92.7981,25.6894],[92.8134,25.7019],[92.8206,25.7158],[92.8205,25.74],[92.8348,25.7459]]]},"properties":{"AC_NO":112,"AC_NAME":"AMRI (ST)","district":"WEST KARBI ANGLONG"}},{"type":"Feature","geometry":{"type":"Polygon","coordinates":[[[92.8348,25.7459],[92.8425,25.7509],[92.8836,25.7565],[92.9216,25.7717],[92.9269,25.7766],[92.9326,25.7992],[92.9559,25.8086],[92.9585,25.7993],[92.9809,25.7905],[92.9872,25.8028],[92.981,25.8087],[92.9886,25.8211],[93.0067,25.8248],[92.9982,25.8068],[93.0032,25.7865],[93.0351,25.7954],[93.0637,25.7768],[93.0257,25.8162],[93.0132,25.8397],[92.9984,25.8501],[92.9823,25.8755],[92.8892,25.8651],[92.8681,25.8684],[92.8489,25.8998],[92.8524,25.9254],[92.8304,25.9147],[92.815,25.9243],[92.8044,25.9179],[92.7901,25.9374],[92.7955,25.9442],[92.7938,25.9644],[92.7778,25.9487],[92.7636,25.9594],[92.7695,25.9758],[92.763,25.9851],[92.7767,25.9938],[92.7726,26.0176],[92.7533,26.0387],[92.7534,26.0568],[92.7431,26.0615],[92.7174,26.0583],[92.7091,26.0459],[92.7164,26.0301],[92.7124,26.0198],[92.6837,26.0277],[92.6565,26.0206],[92.6537,25.9995],[92.6438,25.9999],[92.6323,25.9892],[92.6108,25.9776],[92.5954,25.9776],[92.5907,25.9684],[92.5905,25.968],[92.5939,25.9667],[92.6068,25.9612],[92.6134,25.9599],[92.6082,25.9442],[92.607,25.9242],[92.5837,25.9285],[92.568,25.9267],[92.5768,25.9127],[92.5776,25.8914],[92.5948,25.8712],[92.6109,25.8787],[92.636,25.8822],[92.647,25.8792],[92.657,25.8651],[92.6618,25.8393],[92.6411,25.8347],[92.6418,25.8246],[92.6517,25.8122],[92.6254,25.7977],[92.6216,25.8011],[92.5924,25.7995],[92.5868,25.7895],[92.6215,25.7897],[92.6732,25.7751],[92.7117,25.7621],[92.7432,25.7557],[92.7955,25.7526],[92.8348,25.7459]]]},"properties":{"AC_NO":111,"AC_NAME":"RONGKHANG (ST)","district":"WEST KARBI ANGLONG"}},{"type":"Feature","geometry":{"type":"Polygon","coordinates":[[[92.9823,25.8755],[92.97,25.9069],[92.957,25.9111],[92.9444,25.9077],[92.9331,25.9234],[92.9434,25.9318],[92.9246,25.948],[92.9294,25.9666],[92.9426,25.9741],[92.9377,25.9869],[92.9415,26.0084],[92.954,26.0136],[92.9592,25.9946],[92.9742,25.9996],[92.992,25.9972],[93.0219,26.0132],[93.0272,26.018],[93.0292,26.0204],[93.0268,26.0209],[93.0085,26.0317],[92.9827,26.0178],[92.9689,26.0163],[92.9585,26.0271],[92.915,26.0416],[92.8877,26.0395],[92.8603,26.0128],[92.8503,26.0121],[92.8337,26.0356],[92.8174,26.0497],[92.7904,26.0498],[92.7685,26.0726],[92.7566,26.0936],[92.749,26.0905],[92.7283,26.0946],[92.7159,26.0793],[92.6946,26.0877],[92.6566,26.0773],[92.6445,26.0569],[92.6273,26.0752],[92.5977,26.0674],[92.5952,26.0696],[92.5838,26.0518],[92.5797,26.0355],[92.5938,26.0215],[92.571,26.0144],[92.5673,26.0043],[92.546,25.9716],[92.5656,25.9617],[92.5899,25.9667],[92.5905,25.968],[92.5907,25.9684],[92.5954,25.9776],[92.6108,25.9776],[92.6323,25.9892],[92.6438,25.9999],[92.6537,25.9995],[92.6565,26.0206],[92.6837,26.0277],[92.7124,26.0198],[92.7164,26.0301],[92.7091,26.0459],[92.7174,26.0583],[92.7431,26.0615],[92.7534,26.0568],[92.7533,26.0387],[92.7726,26.0176],[92.7767,25.9938],[92.763,25.9851],[92.7695,25.9758],[92.7636,25.9594],[92.7778,25.9487],[92.7938,25.9644],[92.7955,25.9442],[92.7901,25.9374],[92.8044,25.9179],[92.815,25.9243],[92.8304,25.9147],[92.8524,25.9254],[92.8489,25.8998],[92.8681,25.8684],[92.8892,25.8651],[92.9823,25.8755]]]},"properties":{"AC_NO":63,"AC_NAME":"HOJAI","district":"HOJAI"}},{"type":"Feature","geometry":{"type":"Polygon","coordinates":[[[92.7675,26.5484],[92.7645,26.5326],[92.7473,26.5108],[92.7288,26.5178],[92.7222,26.5363],[92.7051,26.529],[92.6896,26.5104],[92.6768,26.5116],[92.6623,26.5222],[92.6514,26.5174],[92.6316,26.5179],[92.5888,26.506],[92.5758,26.4997],[92.5648,26.5055],[92.5646,26.4984],[92.5727,26.4755],[92.5755,26.4545],[92.5693,26.443],[92.5769,26.4334],[92.5758,26.4049],[92.5683,26.3975],[92.5761,26.3844],[92.6073,26.3822],[92.6164,26.3855],[92.6177,26.3876],[92.6198,26.3904],[92.629,26.3843],[92.6312,26.384],[92.6346,26.3841],[92.6416,26.3874],[92.6426,26.3873],[92.6434,26.3854],[92.6446,26.3857],[92.6497,26.391],[92.6508,26.3916],[92.6616,26.3959],[92.6637,26.3953],[92.666,26.3927],[92.668,26.3899],[92.6879,26.3902],[92.6885,26.4012],[92.7057,26.3998],[92.7163,26.4144],[92.7133,26.4438],[92.7022,26.4283],[92.6699,26.4291],[92.6748,26.4101],[92.6614,26.4134],[92.6577,26.4367],[92.6576,26.4384],[92.6568,26.4469],[92.6686,26.4679],[92.6687,26.4709],[92.6857,26.4739],[92.7012,26.4822],[92.7131,26.4671],[92.7173,26.4628],[92.7236,26.4605],[92.7288,26.46],[92.7328,26.4608],[92.7409,26.4562],[92.7423,26.4382],[92.7428,26.4388],[92.7439,26.4376],[92.7474,26.4345],[92.7541,26.4451],[92.7603,26.4485],[92.7579,26.4591],[92.7572,26.4591],[92.7564,26.461],[92.7447,26.4726],[92.7557,26.4819],[92.7696,26.4828],[92.7884,26.4921],[92.7891,26.4879],[92.7975,26.4801],[92.8019,26.4775],[92.8153,26.4739],[92.8185,26.4762],[92.8204,26.4789],[92.8228,26.4807],[92.834,26.4958],[92.8197,26.5036],[92.8191,26.5039],[92.8135,26.5227],[92.7675,26.5484]]]},"properties":{"AC_NO":56,"AC_NAME":"RUPAHIHAT","district":"NAGAON"}},{"type":"Feature","geometry":{"type":"Polygon","coordinates":[[[92.9279,26.4016],[92.9305,26.3991],[92.9518,26.405],[93.0041,26.4247],[93.018,26.4203],[93.0482,26.4345],[93.0544,26.4192],[93.0763,26.4207],[93.0866,26.4383],[93.1236,26.4614],[93.1271,26.4862],[93.1123,26.4837],[93.0903,26.4687],[93.0732,26.4727],[93.066,26.4826],[93.0704,26.4914],[93.0381,26.487],[93.0136,26.4773],[93.0066,26.4918],[93.016,26.5109],[93.0318,26.5154],[93.0463,26.5269],[93.0431,26.5352],[93.0599,26.5447],[93.0891,26.5447],[93.1095,26.5306],[93.118,26.5317],[93.1471,26.5559],[93.1518,26.547],[93.1826,26.5652],[93.1913,26.5671],[93.211,26.5599],[93.2004,26.5438],[93.1998,26.5332],[93.2134,26.5299],[93.2226,26.5365],[93.2439,26.5328],[93.2459,26.5237],[93.2634,26.5211],[93.2627,26.5379],[93.235,26.5542],[93.2432,26.5628],[93.2699,26.573],[93.2816,26.5691],[93.2976,26.5765],[93.2915,26.5902],[93.2967,26.6031],[93.29,26.6315],[93.3107,26.6408],[93.3178,26.6557],[93.3066,26.6685],[93.315,26.6865],[93.3038,26.7004],[93.2907,26.6975],[93.2839,26.6888],[93.2615,26.6832],[93.2417,26.6839],[93.2272,26.6615],[93.2203,26.6316],[93.1675,26.612],[93.1639,26.6089],[93.1493,26.5938],[93.119,26.5802],[93.095,26.5777],[93.0679,26.5981],[93.0554,26.595],[93.0138,26.5977],[92.9961,26.6042],[92.9967,26.6109],[92.9794,26.6179],[92.9404,26.6185],[92.9199,26.5967],[92.8938,26.5958],[92.8691,26.5816],[92.8424,26.5845],[92.7946,26.557],[92.7728,26.5558],[92.7675,26.5484],[92.8135,26.5227],[92.8191,26.5039],[92.8197,26.5036],[92.834,26.4958],[92.8228,26.4807],[92.8204,26.4789],[92.8185,26.4762],[92.8153,26.4739],[92.8019,26.4775],[92.7975,26.4801],[92.7891,26.4879],[92.7884,26.4921],[92.7696,26.4828],[92.7557,26.4819],[92.7447,26.4726],[92.7564,26.461],[92.7656,26.4649],[92.7845,26.4507],[92.8312,26.4683],[92.8317,26.4633],[92.834,26.4408],[92.834,26.44],[92.8206,26.427],[92.8217,26.4261],[92.8345,26.4269],[92.8446,26.4128],[92.8568,26.4208],[92.8582,26.4022],[92.872,26.398],[92.8787,26.4054],[92.9008,26.4077],[92.9279,26.4016]]]},"properties":{"AC_NO":57,"AC_NAME":"KALIABOR","district":"NAGAON"}},{"type":"Feature","geometry":{"type":"Polygon","coordinates":[[[92.9308,26.1516],[92.9316,26.1515],[92.9424,26.1538],[92.9558,26.1739],[92.952,26.1907],[92.9394,26.2026],[92.9074,26.2021],[92.8821,26.2079],[92.8592,26.2017],[92.8445,26.2046],[92.7941,26.2048],[92.7936,26.2195],[92.8148,26.2141],[92.827,26.2251],[92.8154,26.2325],[92.8127,26.2438],[92.8188,26.27],[92.8304,26.2742],[92.8399,26.2878],[92.8436,26.3047],[92.8797,26.2837],[92.8933,26.29],[92.8939,26.3032],[92.9112,26.3168],[92.9214,26.3132],[92.9388,26.3241],[92.946,26.3337],[92.941,26.3518],[92.9326,26.3508],[92.9134,26.3619],[92.921,26.3683],[92.9024,26.3848],[92.898,26.3815],[92.898,26.3814],[92.9061,26.396],[92.9136,26.3924],[92.9294,26.3984],[92.9279,26.4016],[92.9008,26.4077],[92.8787,26.4054],[92.872,26.398],[92.8582,26.4022],[92.8568,26.4208],[92.8446,26.4128],[92.8177,26.4073],[92.8203,26.3974],[92.8001,26.3906],[92.777,26.3954],[92.7761,26.3947],[92.776,26.3771],[92.7632,26.3816],[92.763,26.3822],[92.7507,26.3821],[92.7465,26.3663],[92.7556,26.3585],[92.7543,26.3376],[92.7235,26.3126],[92.7396,26.2999],[92.735,26.2818],[92.7257,26.2791],[92.7112,26.2893],[92.699,26.2776],[92.6887,26.2659],[92.6881,26.2625],[92.6857,26.2474],[92.6902,26.2295],[92.6976,26.2232],[92.6932,26.2222],[92.6912,26.2222],[92.694,26.1963],[92.6989,26.183],[92.6517,26.1851],[92.6525,26.1722],[92.6633,26.1715],[92.6697,26.1719],[92.6642,26.1638],[92.6631,26.1613],[92.6493,26.1474],[92.6617,26.1301],[92.6537,26.109],[92.659,26.1037],[92.6566,26.0773],[92.6946,26.0877],[92.7159,26.0793],[92.7283,26.0946],[92.749,26.0905],[92.7566,26.0936],[92.7685,26.0726],[92.7904,26.0498],[92.796,26.0621],[92.7946,26.0683],[92.7853,26.0718],[92.7827,26.0724],[92.7701,26.083],[92.7771,26.0948],[92.7771,26.0949],[92.7804,26.1138],[92.7915,26.1133],[92.8058,26.1267],[92.8073,26.1458],[92.8618,26.1468],[92.8589,26.1298],[92.8745,26.1303],[92.8748,26.1503],[92.8862,26.1526],[92.9101,26.1475],[92.9308,26.1516]]]},"properties":{"AC_NO":59,"AC_NAME":"BARHAMPUR","district":"NAGAON"}},{"type":"Feature","geometry":{"type":"Polygon","coordinates":[[[92.7904,26.0498],[92.8174,26.0497],[92.8337,26.0356],[92.8503,26.0121],[92.8603,26.0128],[92.8877,26.0395],[92.915,26.0416],[92.9585,26.0271],[92.9689,26.0163],[92.9827,26.0178],[93.0085,26.0317],[93.0268,26.0209],[93.0317,26.02],[93.0376,26.0204],[93.0378,26.0141],[93.0324,26.0075],[93.0297,26.003],[93.0302,25.9997],[93.0309,25.9983],[93.0317,25.9957],[93.0314,25.9949],[93.031,25.9928],[93.0327,25.9902],[93.0315,25.9878],[93.0537,25.9774],[93.0662,25.9815],[93.0695,25.9971],[93.0794,26.0034],[93.0632,26.0251],[93.0731,26.037],[93.0365,26.0366],[93.0393,26.0521],[93.0398,26.0524],[93.055,26.0558],[93.0569,26.0558],[93.0583,26.0554],[93.0812,26.0553],[93.0902,26.0485],[93.0904,26.0487],[93.0999,26.053],[93.1008,26.0556],[93.1021,26.0746],[93.0405,26.087],[93.0351,26.1018],[93.0218,26.113],[93.0126,26.1126],[92.9916,26.1241],[92.9663,26.1292],[92.9539,26.1406],[92.935,26.1366],[92.9314,26.1514],[92.9308,26.1516],[92.9101,26.1475],[92.8862,26.1526],[92.8748,26.1503],[92.8745,26.1303],[92.8589,26.1298],[92.8618,26.1468],[92.8073,26.1458],[92.8058,26.1267],[92.7915,26.1133],[92.7804,26.1138],[92.7771,26.0949],[92.7771,26.0948],[92.7701,26.083],[92.7827,26.0724],[92.7853,26.0718],[92.7946,26.0683],[92.796,26.0621],[92.7904,26.0498]]]},"properties":{"AC_NO":62,"AC_NAME":"BINNAKANDI","district":"HOJAI"}},{"type":"Feature","geometry":{"type":"Polygon","coordinates":[[[92.9823,25.8755],[92.9984,25.8501],[93.0132,25.8397],[93.0257,25.8162],[93.0637,25.7768],[93.0681,25.7674],[93.0954,25.77],[93.1178,25.7613],[93.1257,25.7491],[93.1374,25.7449],[93.1485,25.7315],[93.1426,25.7186],[93.159,25.7235],[93.1705,25.7184],[93.1824,25.729],[93.2265,25.7268],[93.231,25.7592],[93.2438,25.7765],[93.2479,25.7977],[93.245,25.8246],[93.238,25.8411],[93.2392,25.8511],[93.2219,25.8601],[93.1969,25.8981],[93.1837,25.9027],[93.1834,25.9142],[93.1731,25.9531],[93.1586,25.9617],[93.1533,25.995],[93.1272,26.0311],[93.1263,26.0312],[93.109,26.0369],[93.0934,26.0331],[93.0987,26.0499],[93.0999,26.053],[93.0904,26.0487],[93.0902,26.0485],[93.0812,26.0553],[93.0583,26.0554],[93.0569,26.0558],[93.055,26.0558],[93.0398,26.0524],[93.0393,26.0521],[93.0365,26.0366],[93.0731,26.037],[93.0632,26.0251],[93.0794,26.0034],[93.0695,25.9971],[93.0662,25.9815],[93.0537,25.9774],[93.0315,25.9878],[93.0327,25.9902],[93.031,25.9928],[93.0314,25.9949],[93.0317,25.9957],[93.0309,25.9983],[93.0302,25.9997],[93.0297,26.003],[93.0324,26.0075],[93.0378,26.0141],[93.0376,26.0204],[93.0317,26.02],[93.0292,26.0204],[93.0272,26.018],[93.0219,26.0132],[92.992,25.9972],[92.9742,25.9996],[92.9592,25.9946],[92.954,26.0136],[92.9415,26.0084],[92.9377,25.9869],[92.9426,25.9741],[92.9294,25.9666],[92.9246,25.948],[92.9434,25.9318],[92.9331,25.9234],[92.9444,25.9077],[92.957,25.9111],[92.97,25.9069],[92.9823,25.8755]]]},"properties":{"AC_NO":64,"AC_NAME":"LUMDING","district":"HOJAI"}},{"type":"Feature","geometry":{"type":"Polygon","coordinates":[[[92.5594,26.3168],[92.5574,26.3155],[92.5517,26.3076],[92.5187,26.2803],[92.5014,26.2724],[92.4851,26.2747],[92.4189,26.2694],[92.4106,26.2466],[92.4256,26.2308],[92.4292,26.2177],[92.4304,26.1898],[92.4221,26.1748],[92.4176,26.1537],[92.4024,26.1424],[92.408,26.1261],[92.3955,26.1137],[92.4222,26.1097],[92.4271,26.099],[92.4494,26.1001],[92.4539,26.1156],[92.4671,26.1175],[92.4793,26.1298],[92.4866,26.1494],[92.5013,26.1489],[92.5094,26.1416],[92.5199,26.1514],[92.5266,26.1406],[92.5177,26.1164],[92.5189,26.1045],[92.5327,26.0967],[92.5524,26.1128],[92.5692,26.1167],[92.5772,26.1055],[92.5755,26.0937],[92.5947,26.0818],[92.596,26.0709],[92.5977,26.0674],[92.6273,26.0752],[92.6445,26.0569],[92.6566,26.0773],[92.659,26.1037],[92.6537,26.109],[92.6617,26.1301],[92.6493,26.1474],[92.6631,26.1613],[92.6642,26.1638],[92.6697,26.1719],[92.6633,26.1715],[92.6525,26.1722],[92.6517,26.1851],[92.6989,26.183],[92.694,26.1963],[92.6912,26.2222],[92.6932,26.2222],[92.6976,26.2232],[92.6901,26.2295],[92.6857,26.2474],[92.6881,26.2625],[92.6887,26.2659],[92.699,26.2776],[92.6922,26.3028],[92.6822,26.298],[92.6716,26.3187],[92.6633,26.3124],[92.6649,26.3008],[92.6485,26.2988],[92.6381,26.3252],[92.6103,26.3134],[92.6019,26.3351],[92.5919,26.3441],[92.5876,26.3227],[92.5765,26.3231],[92.5704,26.3099],[92.5594,26.3168]]]},"properties":{"AC_NO":61,"AC_NAME":"RAHA (SC)","district":"NAGAON"}},{"type":"Feature","geometry":{"type":"Polygon","coordinates":[[[92.5589,26.3184],[92.5594,26.3168],[92.5704,26.3099],[92.5765,26.3231],[92.5876,26.3227],[92.5919,26.3441],[92.6019,26.3351],[92.6103,26.3134],[92.6381,26.3252],[92.6485,26.2988],[92.6649,26.3008],[92.6633,26.3124],[92.6716,26.3187],[92.6822,26.298],[92.6922,26.3028],[92.699,26.2776],[92.7112,26.2893],[92.7257,26.2791],[92.735,26.2818],[92.7396,26.2999],[92.7235,26.3126],[92.7543,26.3376],[92.7556,26.3585],[92.7465,26.3663],[92.729,26.3638],[92.7085,26.3726],[92.7089,26.3858],[92.6966,26.3844],[92.6978,26.3698],[92.7065,26.3572],[92.6855,26.3531],[92.6841,26.3761],[92.6551,26.3657],[92.6472,26.3561],[92.6486,26.3321],[92.635,26.3335],[92.632,26.3572],[92.6037,26.3587],[92.6073,26.3822],[92.5761,26.3844],[92.5683,26.3975],[92.5758,26.4049],[92.567,26.4111],[92.5494,26.4106],[92.5507,26.4006],[92.5668,26.393],[92.5514,26.3821],[92.5639,26.3642],[92.568,26.3374],[92.5589,26.3184]]]},"properties":{"AC_NO":60,"AC_NAME":"NAGAON-BATADRABA","district":"NAGAON"}},{"type":"Feature","geometry":{"type":"Polygon","coordinates":[[[92.5514,26.3821],[92.5668,26.393],[92.5507,26.4006],[92.5494,26.4106],[92.567,26.4111],[92.5758,26.4049],[92.5769,26.4334],[92.5693,26.443],[92.5755,26.4545],[92.5727,26.4755],[92.5646,26.4984],[92.5636,26.5062],[92.5226,26.5081],[92.4928,26.502],[92.4779,26.4958],[92.4581,26.4995],[92.452,26.5151],[92.4421,26.5197],[92.419,26.5171],[92.4189,26.517],[92.4193,26.5146],[92.4196,26.5119],[92.4194,26.509],[92.4177,26.5005],[92.3874,26.4859],[92.3953,26.4748],[92.4106,26.4755],[92.4029,26.4593],[92.4276,26.4554],[92.4253,26.4406],[92.4107,26.4216],[92.4181,26.4128],[92.4323,26.4129],[92.4334,26.3902],[92.4413,26.3891],[92.4405,26.3702],[92.4706,26.3741],[92.4882,26.3676],[92.5069,26.3719],[92.5081,26.3736],[92.5514,26.3821]]]},"properties":{"AC_NO":55,"AC_NAME":"DHING","district":"NAGAON"}},{"type":"Feature","geometry":{"type":"Polygon","coordinates":[[[92.8446,26.4128],[92.8345,26.4269],[92.8217,26.4261],[92.8206,26.427],[92.834,26.44],[92.834,26.4408],[92.8317,26.4633],[92.8312,26.4683],[92.7845,26.4507],[92.7656,26.4649],[92.7564,26.461],[92.7572,26.4591],[92.7579,26.4591],[92.7603,26.4485],[92.7541,26.4451],[92.7474,26.4345],[92.7439,26.4376],[92.7428,26.4388],[92.7423,26.4382],[92.7409,26.4562],[92.7328,26.4608],[92.7288,26.46],[92.7236,26.4605],[92.7173,26.4628],[92.7131,26.4671],[92.7012,26.4822],[92.6857,26.4739],[92.6687,26.4709],[92.6686,26.4679],[92.6568,26.4469],[92.6576,26.4384],[92.6577,26.4367],[92.6614,26.4134],[92.6748,26.4101],[92.6699,26.4291],[92.7022,26.4283],[92.7133,26.4438],[92.7163,26.4144],[92.7057,26.3998],[92.6885,26.4012],[92.6879,26.3902],[92.668,26.3899],[92.666,26.3927],[92.6637,26.3953],[92.6616,26.3959],[92.6508,26.3916],[92.6497,26.391],[92.6446,26.3857],[92.6434,26.3854],[92.6426,26.3873],[92.6416,26.3874],[92.6346,26.3841],[92.6312,26.384],[92.629,26.3843],[92.6198,26.3904],[92.6177,26.3876],[92.6164,26.3855],[92.6073,26.3822],[92.6037,26.3587],[92.632,26.3572],[92.635,26.3335],[92.6486,26.3321],[92.6472,26.3561],[92.6551,26.3657],[92.6841,26.3761],[92.6855,26.3531],[92.7065,26.3572],[92.6978,26.3698],[92.6966,26.3844],[92.7089,26.3858],[92.7085,26.3726],[92.729,26.3638],[92.7465,26.3663],[92.7507,26.3821],[92.763,26.3822],[92.7632,26.3816],[92.776,26.3771],[92.7761,26.3947],[92.777,26.3954],[92.8001,26.3906],[92.8203,26.3974],[92.8177,26.4073],[92.8446,26.4128]]]},"properties":{"AC_NO":58,"AC_NAME":"SAMAGURI","district":"NAGAON"}},{"type":"Feature","geometry":{"type":"Polygon","coordinates":[[[93.9823,26.814],[94.0079,26.8189],[94.0293,26.8314],[94.0532,26.8248],[94.0703,26.8299],[94.0908,26.8474],[94.1067,26.849],[94.1547,26.8333],[94.1779,26.8341],[94.2336,26.8653],[94.2712,26.8689],[94.3002,26.8775],[94.32,26.8795],[94.3411,26.8901],[94.3769,26.9223],[94.3826,26.9364],[94.3964,26.9528],[94.3986,26.9598],[94.429,26.979],[94.4601,26.9953],[94.4662,27.0187],[94.4752,27.031],[94.5088,27.0448],[94.5328,27.0696],[94.5442,27.0769],[94.5476,27.0817],[94.5538,27.0977],[94.5651,27.1075],[94.5823,27.1366],[94.593,27.1456],[94.5674,27.1791],[94.5469,27.1737],[94.5277,27.1637],[94.5295,27.1442],[94.5119,27.1429],[94.5084,27.1228],[94.4938,27.123],[94.4801,27.1389],[94.4693,27.1307],[94.4721,27.12],[94.4631,27.1123],[94.4524,27.1201],[94.4318,27.1254],[94.4244,27.1175],[94.4252,27.1037],[94.4156,27.0926],[94.3813,27.1037],[94.3594,27.0947],[94.3393,27.082],[94.3183,27.0937],[94.3135,27.0692],[94.3023,27.0749],[94.2994,27.0854],[94.2818,27.0996],[94.27,27.0968],[94.2629,27.087],[94.2518,27.0884],[94.2502,27.0843],[94.231,27.0798],[94.2181,27.0636],[94.2206,27.0427],[94.2076,27.0298],[94.1885,27.0334],[94.1836,27.0418],[94.1938,27.0587],[94.1719,27.0641],[94.1562,27.0566],[94.1457,27.0608],[94.122,27.0294],[94.1111,27.0225],[94.0907,27.0197],[94.0668,27.0235],[94.0592,27.0096],[94.0646,26.9931],[94.0378,26.9876],[94.0287,26.9775],[94.0113,26.9464],[94.0007,26.9439],[93.9942,26.9476],[93.9778,26.9398],[93.9655,26.9256],[93.945,26.9353],[93.926,26.9302],[93.9017,26.9084],[93.9042,26.8986],[93.8903,26.8865],[93.8963,26.8716],[93.8824,26.8584],[93.861,26.8568],[93.8299,26.8376],[93.8238,26.8252],[93.8032,26.8214],[93.7803,26.8368],[93.7609,26.8357],[93.7545,26.8273],[93.7537,26.807],[93.7552,26.7968],[93.7842,26.801],[93.8175,26.7955],[93.842,26.798],[93.8579,26.7923],[93.8564,26.7779],[93.8867,26.7739],[93.9136,26.7809],[93.9311,26.78],[93.942,26.7832],[93.9512,26.7856],[93.9662,26.8078],[93.9823,26.814]]]},"properties":{"AC_NO":98,"AC_NAME":"MAJULI (ST)","district":"MAJULI"}},{"type":"Feature","geometry":{"type":"Polygon","coordinates":[[[94.0679,27.2028],[94.0696,27.2055],[94.0769,27.2148],[94.068,27.2236],[94.0861,27.2328],[94.0708,27.2587],[94.0627,27.2665],[94.0427,27.264],[94.0444,27.2494],[94.0271,27.2528],[94.0276,27.2651],[94.045,27.3004],[94.0296,27.3069],[94.0168,27.3232],[93.9997,27.3323],[93.992,27.3291],[93.9551,27.2935],[93.9262,27.2627],[93.8993,27.2393],[93.8661,27.2001],[93.8371,27.1718],[93.8252,27.1687],[93.8052,27.1483],[93.8031,27.133],[93.8128,27.1295],[93.8265,27.1122],[93.8269,27.0964],[93.8346,27.0856],[93.8291,27.067],[93.8392,27.0644],[93.8543,27.0699],[93.8633,27.066],[93.8784,27.0457],[93.8939,27.0378],[93.8981,27.0277],[93.9129,27.0324],[93.9222,27.0507],[93.955,27.0576],[93.9555,27.0795],[93.9737,27.0774],[93.9745,27.0785],[93.965,27.1109],[93.9708,27.128],[93.9835,27.1266],[94.0346,27.1619],[94.028,27.1819],[94.0465,27.1979],[94.067,27.2038],[94.0679,27.2028]]]},"properties":{"AC_NO":74,"AC_NAME":"RONGONADI","district":"LAKHIMPUR"}},{"type":"Feature","geometry":{"type":"Polygon","coordinates":[[[94.2785,27.4839],[94.279,27.4852],[94.2789,27.4953],[94.2681,27.521],[94.2207,27.5055],[94.2099,27.4932],[94.2005,27.4951],[94.1644,27.477],[94.1593,27.4618],[94.1177,27.4299],[94.1048,27.4142],[94.0894,27.4072],[94.0752,27.389],[94.068,27.3718],[94.0404,27.3517],[94.0215,27.345],[93.9997,27.3323],[94.0168,27.3232],[94.0296,27.3069],[94.045,27.3004],[94.0276,27.2651],[94.0271,27.2528],[94.0444,27.2494],[94.0427,27.264],[94.0627,27.2665],[94.0708,27.2587],[94.0861,27.2328],[94.068,27.2236],[94.0769,27.2148],[94.0696,27.2055],[94.0679,27.2028],[94.0686,27.2021],[94.0937,27.1931],[94.102,27.1949],[94.1075,27.2094],[94.1292,27.2095],[94.143,27.2181],[94.1593,27.2192],[94.1623,27.2113],[94.1788,27.2097],[94.1818,27.2229],[94.2159,27.2145],[94.2517,27.2243],[94.2711,27.22],[94.2806,27.2316],[94.2718,27.2493],[94.2566,27.2371],[94.2446,27.256],[94.2625,27.2624],[94.2484,27.2742],[94.2477,27.292],[94.2533,27.2998],[94.2396,27.3089],[94.2388,27.317],[94.2564,27.3374],[94.2362,27.3529],[94.2352,27.3696],[94.212,27.363],[94.2072,27.3734],[94.2273,27.3824],[94.2216,27.3956],[94.2291,27.4194],[94.2469,27.4412],[94.2431,27.4551],[94.2637,27.4546],[94.2785,27.4839]]]},"properties":{"AC_NO":76,"AC_NAME":"LAKHIMPUR","district":"LAKHIMPUR"}},{"type":"Feature","geometry":{"type":"Polygon","coordinates":[[[94.2478,27.0866],[94.2518,27.0884],[94.2629,27.087],[94.27,27.0968],[94.2818,27.0996],[94.2994,27.0854],[94.3023,27.0749],[94.3135,27.0692],[94.3183,27.0937],[94.3393,27.082],[94.3594,27.0947],[94.3813,27.1037],[94.4156,27.0926],[94.4252,27.1037],[94.4244,27.1175],[94.4318,27.1254],[94.4524,27.1201],[94.4631,27.1123],[94.4721,27.12],[94.4693,27.1307],[94.4801,27.1389],[94.4938,27.123],[94.5084,27.1228],[94.5119,27.1429],[94.5295,27.1442],[94.5277,27.1637],[94.5469,27.1737],[94.5674,27.1791],[94.5799,27.2024],[94.577,27.215],[94.5865,27.2417],[94.5868,27.2679],[94.5764,27.2731],[94.5406,27.2794],[94.5342,27.2971],[94.5484,27.3248],[94.5077,27.3444],[94.5058,27.3358],[94.4737,27.3279],[94.4604,27.3323],[94.446,27.3187],[94.4282,27.3243],[94.4176,27.3358],[94.3917,27.3473],[94.3825,27.3461],[94.375,27.341],[94.3559,27.3414],[94.3394,27.3369],[94.3259,27.318],[94.3051,27.3202],[94.2995,27.3322],[94.3019,27.3432],[94.2922,27.3565],[94.274,27.3633],[94.2502,27.3852],[94.2472,27.3952],[94.2637,27.4003],[94.2833,27.3851],[94.2949,27.3849],[94.3053,27.3971],[94.308,27.4127],[94.3059,27.4383],[94.2781,27.4657],[94.2789,27.4828],[94.2785,27.4839],[94.2637,27.4546],[94.2431,27.4551],[94.2469,27.4412],[94.2291,27.4194],[94.2216,27.3956],[94.2273,27.3824],[94.2072,27.3734],[94.212,27.363],[94.2352,27.3696],[94.2362,27.3529],[94.2564,27.3374],[94.2388,27.317],[94.2396,27.3089],[94.2533,27.2998],[94.2477,27.292],[94.2484,27.2742],[94.2625,27.2624],[94.274,27.2672],[94.2977,27.2681],[94.3104,27.2526],[94.3111,27.2526],[94.3288,27.2396],[94.3184,27.2265],[94.3189,27.225],[94.3129,27.203],[94.2937,27.2063],[94.2775,27.205],[94.2751,27.2047],[94.2652,27.1998],[94.2651,27.1968],[94.2652,27.1969],[94.2661,27.1962],[94.2722,27.1907],[94.2714,27.1503],[94.2656,27.1363],[94.2564,27.1307],[94.2551,27.1271],[94.2573,27.1239],[94.2579,27.1021],[94.2505,27.0956],[94.2477,27.094],[94.245,27.0919],[94.2452,27.0884],[94.2478,27.0866]]]},"properties":{"AC_NO":77,"AC_NAME":"DHAKUAKHANA (ST)","district":"LAKHIMPUR"}},{"type":"Feature","geometry":{"type":"Polygon","coordinates":[[[93.9989,26.9484],[94.0007,26.9439],[94.0113,26.9464],[94.0287,26.9775],[94.0378,26.9876],[94.0646,26.9931],[94.0592,27.0096],[94.0668,27.0235],[94.0907,27.0197],[94.1111,27.0225],[94.122,27.0294],[94.1457,27.0608],[94.1562,27.0566],[94.1719,27.0641],[94.1938,27.0587],[94.1836,27.0418],[94.1885,27.0334],[94.2076,27.0298],[94.2206,27.0427],[94.2181,27.0636],[94.231,27.0798],[94.2502,27.0843],[94.2478,27.0866],[94.2452,27.0884],[94.245,27.0919],[94.2477,27.094],[94.2505,27.0956],[94.2579,27.1021],[94.2573,27.1239],[94.2551,27.1271],[94.2564,27.1307],[94.2656,27.1363],[94.2713,27.1503],[94.2722,27.1907],[94.2661,27.1962],[94.2652,27.1969],[94.2651,27.1968],[94.2652,27.1998],[94.2751,27.2047],[94.2775,27.205],[94.2937,27.2063],[94.3129,27.203],[94.3189,27.225],[94.3184,27.2265],[94.3288,27.2396],[94.3111,27.2526],[94.3104,27.2526],[94.2977,27.2681],[94.274,27.2672],[94.2625,27.2624],[94.2446,27.256],[94.2566,27.2371],[94.2718,27.2493],[94.2806,27.2316],[94.2711,27.22],[94.2517,27.2243],[94.2159,27.2145],[94.1818,27.2229],[94.1788,27.2097],[94.1623,27.2113],[94.1593,27.2192],[94.143,27.2181],[94.1292,27.2095],[94.1075,27.2094],[94.102,27.1949],[94.0937,27.1931],[94.0686,27.2021],[94.067,27.2038],[94.0465,27.1979],[94.028,27.1819],[94.0346,27.1619],[93.9835,27.1266],[93.9708,27.128],[93.965,27.1109],[93.9745,27.0785],[93.9759,27.0761],[93.9962,27.0803],[94.0058,27.076],[93.9823,27.0512],[93.9593,27.0406],[93.9587,27.03],[93.9748,27.0212],[93.9723,27.0032],[93.9817,26.9842],[94.0156,26.9908],[94.012,26.968],[93.9974,26.9658],[93.9989,26.9484]]]},"properties":{"AC_NO":75,"AC_NAME":"NOWBOICHA (SC)","district":"LAKHIMPUR"}},{"type":"Feature","geometry":{"type":"Polygon","coordinates":[[[93.8291,27.067],[93.7954,27.0571],[93.7893,27.0508],[93.7682,27.0516],[93.7675,27.0404],[93.7339,27.0264],[93.7149,27.0144],[93.6976,26.9944],[93.7007,26.9894],[93.7375,26.9665],[93.7438,26.9585],[93.7489,26.9138],[93.7395,26.8986],[93.7759,26.8882],[93.7895,26.861],[93.7609,26.8357],[93.7803,26.8368],[93.8032,26.8214],[93.8238,26.8252],[93.8299,26.8376],[93.861,26.8568],[93.8824,26.8584],[93.8963,26.8716],[93.8903,26.8865],[93.9042,26.8986],[93.9017,26.9084],[93.926,26.9302],[93.945,26.9353],[93.9655,26.9256],[93.9778,26.9398],[93.9942,26.9476],[93.9989,26.9484],[93.9974,26.9658],[94.012,26.968],[94.0156,26.9908],[93.9817,26.9842],[93.9723,27.0032],[93.9748,27.0212],[93.9587,27.03],[93.9593,27.0406],[93.9823,27.0512],[94.0058,27.076],[93.9962,27.0803],[93.9759,27.0761],[93.9737,27.0774],[93.9555,27.0795],[93.955,27.0576],[93.9222,27.0507],[93.9129,27.0324],[93.8981,27.0277],[93.8939,27.0378],[93.8784,27.0457],[93.8633,27.066],[93.8543,27.0699],[93.8392,27.0644],[93.8291,27.067]]]},"properties":{"AC_NO":73,"AC_NAME":"BIHPURIA","district":"LAKHIMPUR"}},{"type":"Feature","geometry":{"type":"Polygon","coordinates":[[[90.4009,26.4604],[90.4032,26.4641],[90.4023,26.4759],[90.3892,26.4771],[90.3898,26.492],[90.3978,26.5118],[90.3808,26.5344],[90.3626,26.5526],[90.3608,26.5679],[90.3661,26.5801],[90.3539,26.6098],[90.3572,26.6313],[90.3469,26.6414],[90.3568,26.6573],[90.3419,26.6762],[90.3312,26.6908],[90.3359,26.7517],[90.288,26.7539],[90.2796,26.7141],[90.272,26.708],[90.2665,26.6836],[90.2649,26.6523],[90.2561,26.6453],[90.2651,26.6353],[90.2932,26.6236],[90.2923,26.6006],[90.2676,26.5938],[90.2642,26.6066],[90.2513,26.5997],[90.239,26.6182],[90.2229,26.6251],[90.2182,26.6164],[90.215,26.6164],[90.2141,26.6142],[90.211,26.586],[90.2107,26.5841],[90.214,26.5774],[90.2067,26.5601],[90.2141,26.5532],[90.217,26.5523],[90.2248,26.5387],[90.2217,26.5107],[90.2131,26.4917],[90.223,26.4817],[90.249,26.4786],[90.2511,26.4674],[90.244,26.4587],[90.2492,26.4434],[90.2747,26.4251],[90.2612,26.4225],[90.2503,26.4063],[90.2558,26.3947],[90.2668,26.3939],[90.2704,26.3958],[90.274,26.3978],[90.277,26.3974],[90.2971,26.3801],[90.3072,26.3981],[90.3325,26.3936],[90.3339,26.4142],[90.3497,26.4214],[90.3645,26.4163],[90.3653,26.4076],[90.3846,26.4045],[90.3884,26.4202],[90.3763,26.45],[90.4009,26.4604]]]},"properties":{"AC_NO":3,"AC_NAME":"KOKRAJHAR (ST)","district":"KOKRAJHAR"}},{"type":"Feature","geometry":{"type":"Polygon","coordinates":[[[90.1931,26.3543],[90.1946,26.3555],[90.2056,26.3611],[90.2089,26.3763],[90.2267,26.3851],[90.2342,26.3655],[90.225,26.3437],[90.2336,26.3269],[90.25,26.3246],[90.2804,26.2974],[90.2719,26.272],[90.2586,26.2729],[90.2515,26.2644],[90.2736,26.2606],[90.288,26.2521],[90.2873,26.2374],[90.3065,26.2458],[90.3034,26.2575],[90.3181,26.2678],[90.3452,26.272],[90.3504,26.285],[90.3628,26.2731],[90.3812,26.2686],[90.3747,26.2909],[90.3838,26.3116],[90.4041,26.316],[90.4042,26.3331],[90.396,26.3475],[90.402,26.3639],[90.4245,26.3637],[90.4335,26.3755],[90.4257,26.396],[90.4052,26.4131],[90.4122,26.425],[90.4039,26.4421],[90.4018,26.4544],[90.4009,26.4604],[90.3763,26.45],[90.3884,26.4202],[90.3846,26.4045],[90.3653,26.4076],[90.3645,26.4163],[90.3497,26.4214],[90.3339,26.4142],[90.3325,26.3936],[90.3072,26.3981],[90.2971,26.3801],[90.277,26.3974],[90.274,26.3978],[90.2704,26.3958],[90.2668,26.3939],[90.2558,26.3947],[90.2503,26.4063],[90.2612,26.4225],[90.2747,26.4251],[90.2492,26.4434],[90.2305,26.4425],[90.2242,26.4563],[90.1994,26.481],[90.1875,26.4849],[90.1775,26.4688],[90.1897,26.4622],[90.1868,26.4467],[90.1752,26.4402],[90.1559,26.4381],[90.1396,26.4461],[90.1376,26.4606],[90.1267,26.4649],[90.107,26.4638],[90.0983,26.4684],[90.1046,26.4873],[90.0917,26.4923],[90.0861,26.4773],[90.0892,26.4722],[90.0807,26.4615],[90.0785,26.462],[90.0782,26.4624],[90.078,26.4628],[90.0829,26.4676],[90.0842,26.4688],[90.0842,26.4689],[90.0826,26.4688],[90.0837,26.4712],[90.0839,26.4718],[90.0729,26.4653],[90.0729,26.4658],[90.059,26.4642],[90.0449,26.4754],[90.0426,26.4971],[90.029,26.4959],[90.0246,26.4712],[90.0034,26.4518],[89.9905,26.4512],[89.977,26.4232],[89.9926,26.4108],[89.9962,26.3896],[89.9907,26.3681],[90.0033,26.3665],[90.0041,26.3633],[90.0038,26.3607],[90.0049,26.3451],[90.0177,26.333],[90.0323,26.3126],[90.0508,26.3127],[90.0647,26.3071],[90.0654,26.2903],[90.0501,26.2876],[90.0569,26.2738],[90.0682,26.2868],[90.0759,26.264],[90.09,26.2755],[90.0869,26.289],[90.0954,26.2929],[90.087,26.3193],[90.0871,26.32],[90.0831,26.3197],[90.0853,26.3216],[90.0855,26.3217],[90.0858,26.3219],[90.0618,26.346],[90.0641,26.3676],[90.0549,26.3757],[90.037,26.3813],[90.031,26.3923],[90.0116,26.3747],[90.0077,26.3975],[90.0077,26.3986],[90.0078,26.4037],[90.0073,26.404],[90.021,26.4158],[90.0426,26.4157],[90.043,26.4158],[90.0533,26.4199],[90.0536,26.4208],[90.0538,26.4217],[90.054,26.4225],[90.0543,26.4233],[90.0545,26.4247],[90.0544,26.425],[90.0544,26.4252],[90.0543,26.4255],[90.0833,26.4171],[90.0845,26.4096],[90.0722,26.3954],[90.0909,26.3832],[90.1046,26.3917],[90.1019,26.4026],[90.1061,26.4187],[90.0919,26.4258],[90.0943,26.4483],[90.1098,26.4463],[90.1075,26.4444],[90.1066,26.4377],[90.122,26.421],[90.1335,26.431],[90.1512,26.4211],[90.1561,26.413],[90.1518,26.4091],[90.144,26.4088],[90.1361,26.393],[90.1423,26.3886],[90.1516,26.3875],[90.1509,26.3832],[90.1598,26.3711],[90.1611,26.3717],[90.1699,26.3591],[90.1702,26.3563],[90.186,26.3553],[90.1898,26.3605],[90.1926,26.3566],[90.1927,26.3563],[90.1929,26.3559],[90.1931,26.3543]]]},"properties":{"AC_NO":4,"AC_NAME":"BAOKHUNGRI","district":"KOKRAJHAR"}},{"type":"Feature","geometry":{"type":"Polygon","coordinates":[[[90.1931,26.3543],[90.1929,26.3559],[90.1927,26.3563],[90.1926,26.3566],[90.1898,26.3605],[90.186,26.3553],[90.1702,26.3563],[90.1699,26.3591],[90.1611,26.3717],[90.1598,26.3711],[90.1509,26.3832],[90.1516,26.3875],[90.1423,26.3886],[90.1361,26.393],[90.144,26.4088],[90.1518,26.4091],[90.1561,26.413],[90.1512,26.4211],[90.1335,26.431],[90.122,26.421],[90.1066,26.4377],[90.1075,26.4444],[90.1098,26.4463],[90.0943,26.4483],[90.0919,26.4258],[90.1061,26.4187],[90.1019,26.4026],[90.1046,26.3917],[90.0909,26.3832],[90.0722,26.3954],[90.0845,26.4096],[90.0833,26.4171],[90.0543,26.4255],[90.0544,26.4252],[90.0544,26.425],[90.0545,26.4247],[90.0543,26.4233],[90.054,26.4225],[90.0538,26.4217],[90.0536,26.4208],[90.0533,26.4199],[90.043,26.4158],[90.0426,26.4157],[90.021,26.4158],[90.0073,26.404],[90.0078,26.4037],[90.0077,26.3986],[90.0077,26.3975],[90.0116,26.3747],[90.031,26.3923],[90.037,26.3813],[90.0549,26.3757],[90.0641,26.3676],[90.0618,26.346],[90.0858,26.3219],[90.0855,26.3217],[90.0853,26.3216],[90.0831,26.3197],[90.0871,26.32],[90.087,26.3193],[90.0954,26.2929],[90.0869,26.289],[90.09,26.2755],[90.0759,26.264],[90.0682,26.2868],[90.0569,26.2738],[90.0501,26.2876],[90.0654,26.2903],[90.0647,26.3071],[90.0508,26.3127],[90.0323,26.3126],[90.0177,26.333],[90.0049,26.3451],[90.0022,26.3454],[90.0014,26.3457],[89.9978,26.3465],[89.9968,26.3465],[89.9959,26.3465],[89.9948,26.3467],[89.9948,26.3468],[89.9669,26.3477],[89.9548,26.3512],[89.9218,26.345],[89.9185,26.368],[89.9238,26.3731],[89.9247,26.3755],[89.925,26.3788],[89.9274,26.3863],[89.9275,26.3864],[89.9276,26.3877],[89.9048,26.3885],[89.8841,26.3869],[89.8892,26.3998],[89.8769,26.404],[89.8881,26.4168],[89.8924,26.4307],[89.883,26.44],[89.8949,26.4569],[89.9072,26.4532],[89.94,26.4553],[89.9427,26.456],[89.9411,26.4722],[89.9295,26.4732],[89.9305,26.4869],[89.9115,26.4905],[89.9057,26.4748],[89.8899,26.4729],[89.8911,26.4609],[89.8721,26.452],[89.8642,26.4467],[89.8497,26.4204],[89.8352,26.412],[89.8322,26.3918],[89.8566,26.397],[89.8589,26.384],[89.843,26.3778],[89.851,26.3678],[89.8756,26.3628],[89.8716,26.348],[89.9026,26.3387],[89.9022,26.3253],[89.9021,26.3253],[89.8819,26.3081],[89.8846,26.2994],[89.8685,26.2717],[89.8662,26.2584],[89.8742,26.2473],[89.8699,26.2316],[89.8599,26.2199],[89.8721,26.2056],[89.8603,26.1914],[89.872,26.1738],[89.8681,26.1518],[89.8836,26.1352],[89.9085,26.1325],[89.9161,26.1163],[89.9309,26.1152],[89.948,26.1285],[89.9726,26.1276],[89.9799,26.135],[90,26.1261],[90.025,26.1267],[90.0374,26.148],[90.0555,26.1563],[90.0668,26.1725],[90.0872,26.1862],[90.1292,26.1972],[90.1363,26.2155],[90.1308,26.2342],[90.1218,26.2363],[90.1203,26.2504],[90.1039,26.2511],[90.1034,26.2678],[90.1197,26.2598],[90.1399,26.2746],[90.1429,26.2904],[90.1307,26.2933],[90.1198,26.3081],[90.1025,26.3166],[90.1001,26.3421],[90.1213,26.3508],[90.1346,26.3483],[90.1486,26.3526],[90.1717,26.3419],[90.1912,26.3527],[90.1931,26.3543]]]},"properties":{"AC_NO":5,"AC_NAME":"PARBATJHORA","district":"KOKRAJHAR"}},{"type":"Feature","geometry":{"type":"Polygon","coordinates":[[[89.9035,26.6179],[89.879,26.6134],[89.874,26.5904],[89.866,26.5768],[89.869,26.5539],[89.8659,26.5351],[89.8559,26.5146],[89.8587,26.4996],[89.8541,26.4881],[89.8721,26.452],[89.8911,26.4609],[89.8899,26.4729],[89.9057,26.4748],[89.9115,26.4905],[89.9305,26.4869],[89.9295,26.4732],[89.9411,26.4722],[89.9427,26.456],[89.94,26.4553],[89.9072,26.4532],[89.8949,26.4569],[89.883,26.44],[89.8924,26.4307],[89.8881,26.4168],[89.8769,26.404],[89.8892,26.3998],[89.8841,26.3869],[89.9048,26.3885],[89.9276,26.3877],[89.9275,26.3864],[89.9274,26.3863],[89.925,26.3788],[89.9247,26.3755],[89.9238,26.3731],[89.9185,26.368],[89.9218,26.345],[89.9548,26.3512],[89.9669,26.3477],[89.9948,26.3468],[89.9948,26.3467],[89.9959,26.3465],[89.9968,26.3465],[89.9978,26.3465],[90.0014,26.3457],[90.0022,26.3454],[90.0049,26.3451],[90.0038,26.3607],[90.0041,26.3633],[90.0033,26.3665],[89.9907,26.3681],[89.9962,26.3896],[89.9926,26.4108],[89.977,26.4232],[89.9905,26.4512],[89.9731,26.492],[89.9894,26.4959],[89.9995,26.512],[90.0166,26.5114],[90.0258,26.5202],[90.0412,26.5228],[90.0369,26.5396],[90.0297,26.5383],[90.0059,26.5198],[89.9561,26.5204],[89.9591,26.531],[89.9869,26.5265],[89.9874,26.5488],[90.0096,26.5525],[90.01,26.5596],[90.0113,26.562],[90.0222,26.5474],[90.04,26.5441],[90.0483,26.5478],[90.0255,26.5759],[90.0117,26.5884],[90.0408,26.5888],[90.03,26.6057],[90.0267,26.6062],[89.9826,26.6508],[89.9822,26.6508],[89.9763,26.6584],[89.962,26.6534],[89.9442,26.6582],[89.9378,26.665],[89.918,26.6617],[89.9251,26.6193],[89.9242,26.6108],[89.9468,26.6047],[89.9459,26.5904],[89.9156,26.5979],[89.9056,26.6084],[89.9035,26.6179]]]},"properties":{"AC_NO":1,"AC_NAME":"GOSSAIGAON","district":"KOKRAJHAR"}},{"type":"Feature","geometry":{"type":"Polygon","coordinates":[[[90.3419,26.6762],[90.3575,26.6593],[90.3677,26.6895],[90.3763,26.7019],[90.377,26.7176],[90.3689,26.7331],[90.3638,26.7589],[90.3539,26.7763],[90.3521,26.7924],[90.3451,26.8057],[90.3363,26.8451],[90.3363,26.869],[90.2998,26.8484],[90.2498,26.8593],[90.2307,26.8588],[90.2011,26.8354],[90.1876,26.8071],[90.1946,26.7737],[90.1399,26.7538],[90.0491,26.7304],[90.0081,26.7322],[89.9665,26.7232],[89.8973,26.7241],[89.8627,26.7369],[89.8638,26.6993],[89.8747,26.6822],[89.8704,26.6553],[89.8769,26.6485],[89.8582,26.6233],[89.8631,26.6163],[89.879,26.6134],[89.9035,26.6179],[89.9056,26.6084],[89.9156,26.5979],[89.9459,26.5904],[89.9468,26.6047],[89.9242,26.6108],[89.9251,26.6193],[89.918,26.6617],[89.9378,26.665],[89.9442,26.6582],[89.962,26.6534],[89.9763,26.6584],[89.9822,26.6508],[89.9826,26.6508],[90.0267,26.6062],[90.03,26.6057],[90.0408,26.5888],[90.0117,26.5884],[90.0255,26.5759],[90.0483,26.5478],[90.04,26.5441],[90.0222,26.5474],[90.0113,26.562],[90.01,26.5596],[90.0096,26.5525],[89.9874,26.5488],[89.9869,26.5265],[89.9591,26.531],[89.9561,26.5204],[90.0059,26.5198],[90.0297,26.5383],[90.0369,26.5396],[90.0412,26.5228],[90.0258,26.5202],[90.0166,26.5114],[89.9995,26.512],[89.9894,26.4959],[89.9731,26.492],[89.9905,26.4512],[90.0034,26.4518],[90.0246,26.4712],[90.029,26.4959],[90.0426,26.4971],[90.0449,26.4754],[90.059,26.4642],[90.0729,26.4658],[90.0729,26.4653],[90.0839,26.4718],[90.0837,26.4712],[90.0826,26.4688],[90.0842,26.4689],[90.0842,26.4688],[90.0829,26.4676],[90.078,26.4628],[90.0782,26.4624],[90.0785,26.462],[90.0807,26.4615],[90.0892,26.4722],[90.0861,26.4773],[90.0917,26.4923],[90.1046,26.4873],[90.0983,26.4684],[90.107,26.4638],[90.1267,26.4649],[90.1376,26.4606],[90.1396,26.4461],[90.1559,26.4381],[90.1752,26.4402],[90.1868,26.4467],[90.1897,26.4622],[90.1775,26.4688],[90.1875,26.4849],[90.1994,26.481],[90.2242,26.4563],[90.2305,26.4425],[90.2492,26.4434],[90.244,26.4587],[90.2511,26.4674],[90.249,26.4786],[90.223,26.4817],[90.2131,26.4917],[90.2217,26.5107],[90.2248,26.5387],[90.217,26.5523],[90.2141,26.5532],[90.2067,26.5601],[90.214,26.5774],[90.2107,26.5841],[90.211,26.586],[90.2141,26.6142],[90.215,26.6164],[90.2182,26.6164],[90.2229,26.6251],[90.239,26.6182],[90.2513,26.5997],[90.2642,26.6066],[90.2676,26.5938],[90.2923,26.6006],[90.2932,26.6236],[90.2651,26.6353],[90.2561,26.6453],[90.2649,26.6523],[90.2665,26.6836],[90.272,26.708],[90.2796,26.7141],[90.288,26.7539],[90.3359,26.7517],[90.3312,26.6908],[90.3419,26.6762]]]},"properties":{"AC_NO":2,"AC_NAME":"DOTMA (ST)","district":"KOKRAJHAR"}},{"type":"Feature","geometry":{"type":"Polygon","coordinates":[[[93.2494,24.9729],[93.2514,24.9862],[93.2417,25.0041],[93.2661,25.0442],[93.283,25.0453],[93.3054,25.0584],[93.3028,25.0645],[93.3149,25.0848],[93.3324,25.0939],[93.3373,25.1126],[93.3449,25.1233],[93.3473,25.1385],[93.344,25.1591],[93.354,25.1875],[93.3813,25.2225],[93.3864,25.2429],[93.4019,25.2613],[93.4151,25.264],[93.4206,25.2778],[93.4704,25.3052],[93.4532,25.322],[93.4565,25.3356],[93.4485,25.3404],[93.4515,25.3541],[93.4637,25.3598],[93.4725,25.3745],[93.4729,25.3862],[93.4617,25.3981],[93.4611,25.4219],[93.4554,25.4346],[93.4363,25.4483],[93.4155,25.4452],[93.3844,25.4696],[93.384,25.4889],[93.369,25.4983],[93.3578,25.5132],[93.3529,25.5282],[93.3347,25.5356],[93.3302,25.5425],[93.3179,25.5324],[93.3015,25.5304],[93.2943,25.5443],[93.2691,25.5319],[93.2601,25.5484],[93.2076,25.5442],[93.1984,25.5646],[93.1926,25.5654],[93.177,25.5933],[93.177,25.6127],[93.1899,25.6242],[93.1785,25.6396],[93.1681,25.6627],[93.1366,25.6694],[93.1316,25.6866],[93.1342,25.7053],[93.1426,25.7186],[93.1485,25.7315],[93.1374,25.7449],[93.1257,25.7491],[93.1178,25.7613],[93.0954,25.77],[93.0681,25.7674],[93.0637,25.7768],[93.0351,25.7954],[93.0032,25.7865],[92.9982,25.8068],[93.0067,25.8248],[92.9886,25.8211],[92.981,25.8087],[92.9872,25.8028],[92.9809,25.7905],[92.9585,25.7993],[92.9559,25.8086],[92.9326,25.7992],[92.9269,25.7766],[92.9216,25.7717],[92.8836,25.7565],[92.8425,25.7509],[92.8348,25.7459],[92.8205,25.74],[92.8206,25.7158],[92.8134,25.7019],[92.7981,25.6894],[92.7771,25.679],[92.7753,25.6712],[92.7891,25.6613],[92.7826,25.646],[92.7585,25.6256],[92.75,25.6012],[92.7226,25.589],[92.714,25.5977],[92.6956,25.599],[92.6788,25.5831],[92.6614,25.5725],[92.6474,25.5576],[92.6428,25.535],[92.6184,25.5152],[92.609,25.512],[92.5736,25.4906],[92.5643,25.4738],[92.6004,25.4649],[92.5978,25.4502],[92.6089,25.4136],[92.6185,25.4231],[92.6522,25.4294],[92.6526,25.4174],[92.6675,25.415],[92.6881,25.4022],[92.7005,25.385],[92.7098,25.3847],[92.7172,25.3731],[92.731,25.3801],[92.734,25.3677],[92.7464,25.3585],[92.7494,25.3454],[92.7624,25.3334],[92.7821,25.3329],[92.7868,25.314],[92.7815,25.3078],[92.7918,25.2844],[92.7877,25.2745],[92.7683,25.2668],[92.7777,25.2583],[92.7618,25.2467],[92.7716,25.2301],[92.782,25.2303],[92.8015,25.2204],[92.7749,25.1998],[92.7428,25.2068],[92.7372,25.2007],[92.7161,25.1959],[92.6938,25.1794],[92.6772,25.1827],[92.6584,25.1721],[92.6533,25.1531],[92.6374,25.1467],[92.6279,25.1375],[92.6225,25.116],[92.588,25.1289],[92.5681,25.1284],[92.5248,25.1353],[92.523,25.1261],[92.5394,25.0989],[92.5455,25.1038],[92.5636,25.1012],[92.6026,25.1105],[92.6151,25.1026],[92.6487,25.1176],[92.6651,25.1091],[92.6839,25.1146],[92.7012,25.1113],[92.7239,25.1183],[92.7349,25.1263],[92.733,25.1395],[92.7528,25.139],[92.7672,25.1142],[92.7648,25.1032],[92.7803,25.0868],[92.7961,25.0881],[92.8285,25.0708],[92.8272,25.0585],[92.8358,25.0527],[92.8528,25.0637],[92.8641,25.0651],[92.866,25.0661],[92.8822,25.0683],[92.8975,25.0793],[92.9322,25.0784],[92.9517,25.0705],[92.9591,25.0901],[92.9775,25.0857],[92.9842,25.0938],[93.0169,25.0978],[93.0369,25.1048],[93.0471,25.0993],[93.0377,25.0822],[93.0217,25.076],[93.0143,25.0619],[93.0365,25.037],[93.0502,25.0341],[93.0592,25.0228],[93.0551,25.0105],[93.0634,25.0022],[93.068,25.0007],[93.1798,25.0007],[93.2042,24.9816],[93.2139,24.9881],[93.2318,24.9835],[93.2336,24.9756],[93.2494,24.9729]]]},"properties":{"AC_NO":113,"AC_NAME":"HAFLONG (ST)","district":"DIMA HASAO"}},{"type":"Feature","geometry":{"type":"Polygon","coordinates":[[[91.8445,26.1097],[91.8502,26.162],[91.8296,26.1693],[91.821,26.1535],[91.8215,26.1403],[91.8127,26.1337],[91.7909,26.1548],[91.7863,26.1694],[91.7667,26.1814],[91.7653,26.1657],[91.7465,26.1474],[91.7373,26.1459],[91.7288,26.1293],[91.7515,26.1271],[91.7529,26.1018],[91.7719,26.1071],[91.7928,26.1085],[91.7785,26.0899],[91.7913,26.0853],[91.8212,26.1176],[91.8307,26.1186],[91.8445,26.1097]]]},"properties":{"AC_NO":33,"AC_NAME":"DISPUR","district":"KAMRUP METRO"}},{"type":"Feature","geometry":{"type":"Polygon","coordinates":[[[91.7533,26.2037],[91.7545,26.2064],[91.7441,26.2145],[91.7364,26.2162],[91.7357,26.2132],[91.7251,26.2089],[91.7213,26.2099],[91.716,26.2104],[91.7141,26.2112],[91.6921,26.211],[91.6824,26.18],[91.6564,26.1817],[91.6489,26.1656],[91.6214,26.1613],[91.6042,26.1547],[91.5646,26.1493],[91.5617,26.1415],[91.564,26.1043],[91.5863,26.0923],[91.5679,26.0601],[91.5982,26.0609],[91.6001,26.0756],[91.6269,26.0721],[91.6872,26.0461],[91.7227,26.0346],[91.732,26.0601],[91.7509,26.0662],[91.7785,26.0899],[91.7928,26.1085],[91.7719,26.1071],[91.7529,26.1018],[91.7515,26.1271],[91.7288,26.1293],[91.7373,26.1459],[91.7289,26.1408],[91.7185,26.1212],[91.7001,26.1232],[91.7029,26.1516],[91.7102,26.1611],[91.7437,26.1907],[91.7533,26.2037]]]},"properties":{"AC_NO":37,"AC_NAME":"JALUKBARI","district":"KAMRUP METRO"}},{"type":"Feature","geometry":{"type":"Polygon","coordinates":[[[91.7633,26.2024],[91.7557,26.2059],[91.7533,26.2037],[91.7437,26.1907],[91.7102,26.1611],[91.7029,26.1516],[91.7001,26.1232],[91.7185,26.1212],[91.7289,26.1408],[91.7373,26.1459],[91.7465,26.1474],[91.7653,26.1657],[91.7667,26.1814],[91.7564,26.1978],[91.7633,26.2024]]]},"properties":{"AC_NO":36,"AC_NAME":"GUWAHATI CENTRAL","district":"KAMRUP METRO"}},{"type":"Feature","geometry":{"type":"Polygon","coordinates":[[[91.807,26.2079],[91.7708,26.1984],[91.7633,26.2024],[91.7564,26.1978],[91.7667,26.1814],[91.7863,26.1694],[91.7909,26.1548],[91.8127,26.1337],[91.8215,26.1403],[91.821,26.1535],[91.8296,26.1693],[91.8053,26.177],[91.8093,26.1912],[91.807,26.2079]]]},"properties":{"AC_NO":35,"AC_NAME":"NEW GUWAHATI","district":"KAMRUP METRO"}},{"type":"Feature","geometry":{"type":"Polygon","coordinates":[[[91.807,26.2079],[91.8093,26.1912],[91.8053,26.177],[91.8296,26.1693],[91.8502,26.162],[91.8445,26.1097],[91.8784,26.0983],[91.8763,26.0761],[91.8702,26.0535],[91.8744,26.0368],[91.8889,26.0278],[91.9146,26.0206],[91.9097,26.0128],[91.919,25.9972],[91.9336,26.0105],[91.9735,26.0226],[91.9885,26.0376],[92.0036,26.0357],[92.0343,26.039],[92.048,26.0329],[92.0637,26.0342],[92.0918,26.048],[92.1078,26.0508],[92.1319,26.0444],[92.1526,26.0673],[92.1757,26.078],[92.1688,26.0898],[92.171,26.0995],[92.1619,26.1445],[92.1669,26.1629],[92.1501,26.1613],[92.1331,26.1713],[92.1296,26.1805],[92.1046,26.172],[92.0804,26.1786],[92.0742,26.1965],[92.0269,26.2087],[92.0194,26.2005],[92.0019,26.2039],[91.9575,26.2335],[91.9527,26.2556],[91.9332,26.243],[91.9239,26.2478],[91.8786,26.2165],[91.8696,26.221],[91.8412,26.2156],[91.8188,26.2074],[91.807,26.2079]]]},"properties":{"AC_NO":34,"AC_NAME":"DIMORIA (SC)","district":"KAMRUP METRO"}},{"type":"Feature","geometry":{"type":"Polygon","coordinates":[[[93.9371,26.7818],[93.9311,26.78],[93.9136,26.7809],[93.8867,26.7739],[93.8564,26.7779],[93.8579,26.7923],[93.842,26.798],[93.8175,26.7955],[93.7842,26.801],[93.7552,26.7968],[93.7537,26.807],[93.7446,26.8016],[93.7323,26.8111],[93.7142,26.8161],[93.689,26.7975],[93.6699,26.8009],[93.6487,26.7881],[93.6492,26.7576],[93.6705,26.7121],[93.6509,26.7062],[93.5814,26.7185],[93.5616,26.7241],[93.5568,26.7368],[93.5041,26.7571],[93.4734,26.7569],[93.4389,26.7483],[93.3963,26.7507],[93.3721,26.7459],[93.342,26.7281],[93.3309,26.7088],[93.3038,26.7004],[93.315,26.6865],[93.3066,26.6685],[93.3178,26.6557],[93.3107,26.6408],[93.29,26.6315],[93.2967,26.6031],[93.2915,26.5902],[93.2976,26.5765],[93.3203,26.5846],[93.3371,26.5803],[93.4031,26.5801],[93.4086,26.5706],[93.453,26.5808],[93.4569,26.5687],[93.4733,26.5813],[93.4702,26.5912],[93.4779,26.6032],[93.504,26.6063],[93.5092,26.5939],[93.5237,26.5937],[93.5522,26.6067],[93.5529,26.6126],[93.5813,26.6058],[93.5833,26.5797],[93.5942,26.571],[93.6098,26.5778],[93.6212,26.5761],[93.6219,26.5898],[93.6359,26.5975],[93.6686,26.6048],[93.7004,26.6075],[93.7205,26.6013],[93.7422,26.5843],[93.752,26.5854],[93.7522,26.5854],[93.756,26.6085],[93.7448,26.6221],[93.7616,26.6374],[93.8011,26.6516],[93.8082,26.6567],[93.8338,26.6611],[93.8247,26.6363],[93.8356,26.6349],[93.8756,26.6377],[93.8867,26.6415],[93.8929,26.6536],[93.9032,26.6589],[93.9111,26.673],[93.9068,26.6851],[93.9055,26.6858],[93.8768,26.6818],[93.8572,26.7016],[93.8667,26.7125],[93.8843,26.7429],[93.9106,26.7585],[93.9425,26.7647],[93.9446,26.7788],[93.9388,26.7801],[93.9381,26.7807],[93.9371,26.7818]]]},"properties":{"AC_NO":105,"AC_NAME":"BOKAKHAT","district":"GOLAGHAT"}},{"type":"Feature","geometry":{"type":"Polygon","coordinates":[[[94.1042,26.5058],[94.1146,26.5549],[94.0999,26.5763],[94.0866,26.58],[94.0698,26.5913],[94.08,26.6035],[94.0801,26.6134],[94.0909,26.6288],[94.0977,26.6535],[94.1119,26.6627],[94.1154,26.6759],[94.1064,26.6901],[94.0794,26.681],[94.0736,26.6908],[94.0808,26.7045],[94.0655,26.7082],[94.0739,26.7374],[94.0841,26.749],[94.0802,26.7568],[94.0952,26.7819],[94.0848,26.7895],[94.0722,26.8102],[94.0389,26.7926],[94.0372,26.774],[94.0005,26.7491],[94.0005,26.7619],[93.9918,26.7698],[93.9864,26.7859],[93.9731,26.7967],[93.9823,26.814],[93.9662,26.8078],[93.9512,26.7856],[93.942,26.7832],[93.9371,26.7818],[93.9381,26.7807],[93.9388,26.7801],[93.9446,26.7788],[93.9425,26.7647],[93.9106,26.7585],[93.8843,26.7429],[93.8667,26.7125],[93.8572,26.7016],[93.8768,26.6818],[93.9055,26.6858],[93.906,26.6867],[93.928,26.6952],[93.9559,26.716],[93.96,26.6937],[93.9733,26.6791],[93.9825,26.6464],[93.98,26.6315],[93.9842,26.609],[94.01,26.6101],[94.0132,26.5987],[94.0045,26.5926],[93.982,26.5955],[93.9931,26.5577],[94.0088,26.531],[94.0067,26.5148],[93.9836,26.5351],[93.9797,26.5242],[93.9894,26.5031],[93.9883,26.482],[94.0123,26.4804],[94.0088,26.4607],[94.0337,26.4601],[94.0619,26.4688],[94.0733,26.4783],[94.0869,26.4801],[94.0941,26.5068],[94.1042,26.5058]]]},"properties":{"AC_NO":104,"AC_NAME":"DERGAON","district":"GOLAGHAT"}},{"type":"Feature","geometry":{"type":"Polygon","coordinates":[[[94.0023,26.1793],[94.0153,26.1842],[94.0318,26.1976],[94.0364,26.2262],[94.0474,26.2492],[94.0686,26.258],[94.0745,26.2646],[94.0746,26.2838],[94.0977,26.3022],[94.0996,26.3141],[94.112,26.3182],[94.1196,26.329],[94.1715,26.3382],[94.1778,26.3463],[94.1601,26.3545],[94.171,26.363],[94.1775,26.3822],[94.1718,26.416],[94.174,26.4325],[94.1843,26.4573],[94.1557,26.4593],[94.1559,26.4374],[94.128,26.4264],[94.1631,26.3824],[94.151,26.3479],[94.1376,26.3488],[94.1255,26.3705],[94.1162,26.3966],[94.1138,26.4256],[94.1255,26.4405],[94.1145,26.4607],[94.0999,26.4726],[94.0973,26.4947],[94.1042,26.5058],[94.0941,26.5068],[94.0869,26.4801],[94.0733,26.4783],[94.0619,26.4688],[94.0337,26.4601],[94.0088,26.4607],[94.0123,26.4804],[93.9883,26.482],[93.9894,26.5031],[93.9797,26.5242],[93.9836,26.5351],[94.0067,26.5148],[94.0088,26.531],[93.9931,26.5577],[93.9794,26.5559],[93.9728,26.5647],[93.9517,26.5454],[93.948,26.5194],[93.9498,26.4992],[93.946,26.4879],[93.9515,26.4653],[93.9416,26.4621],[93.9496,26.4406],[93.9488,26.4403],[93.9625,26.4385],[93.9692,26.4244],[93.9548,26.4042],[93.9521,26.3852],[93.9661,26.3697],[93.9659,26.3544],[93.973,26.3021],[93.9662,26.2944],[93.9725,26.2797],[93.9725,26.2639],[93.9902,26.2447],[93.9725,26.2239],[93.9787,26.2048],[93.9649,26.199],[93.9677,26.1854],[93.981,26.1797],[94.0023,26.1793]]]},"properties":{"AC_NO":103,"AC_NAME":"GOLAGHAT","district":"GOLAGHAT"}},{"type":"Feature","geometry":{"type":"Polygon","coordinates":[[[93.8816,26.3887],[93.881,26.3885],[93.8903,26.3694],[93.8831,26.3621],[93.8895,26.3474],[93.8851,26.3026],[93.8722,26.3012],[93.8765,26.288],[93.8653,26.2582],[93.857,26.2214],[93.8338,26.2072],[93.8333,26.1808],[93.8219,26.173],[93.8302,26.1497],[93.8184,26.1337],[93.817,26.1207],[93.804,26.0924],[93.8066,26.0747],[93.7905,26.0528],[93.7939,26.0409],[93.7871,26.0312],[93.7859,26.0144],[93.7954,25.9884],[93.7784,25.978],[93.7766,25.9689],[93.7754,25.9611],[93.7873,25.9468],[93.7916,25.916],[93.796,25.9036],[93.7844,25.8849],[93.7843,25.8586],[93.7775,25.8487],[93.79,25.8114],[93.7954,25.8091],[93.8163,25.8228],[93.8252,25.8446],[93.8451,25.8585],[93.8701,25.8496],[93.876,25.8427],[93.896,25.8581],[93.9019,25.871],[93.9159,25.8839],[93.9339,25.8854],[93.9379,25.8965],[93.9666,25.9061],[93.9786,25.9169],[93.9699,25.937],[93.9686,25.9574],[93.9541,25.9695],[93.9591,25.9945],[93.9529,26.0032],[93.9594,26.0124],[93.9624,26.0367],[93.9849,26.0653],[93.9817,26.0824],[93.9971,26.1071],[93.9889,26.1335],[94.0038,26.1431],[94.0023,26.1793],[93.981,26.1797],[93.9677,26.1854],[93.9649,26.199],[93.9787,26.2048],[93.9725,26.2239],[93.9902,26.2447],[93.9725,26.2639],[93.9725,26.2797],[93.9662,26.2944],[93.973,26.3021],[93.9659,26.3544],[93.9661,26.3697],[93.9521,26.3852],[93.9548,26.4042],[93.9692,26.4244],[93.9625,26.4385],[93.9488,26.4403],[93.9208,26.4149],[93.8942,26.4049],[93.8917,26.3938],[93.8816,26.3887]]]},"properties":{"AC_NO":107,"AC_NAME":"SARUPATHAR","district":"GOLAGHAT"}},{"type":"Feature","geometry":{"type":"Polygon","coordinates":[[[93.7522,26.5854],[93.7522,26.5852],[93.7355,26.5552],[93.7359,26.5336],[93.755,26.5295],[93.7576,26.5138],[93.7781,26.4819],[93.7769,26.4666],[93.7944,26.4403],[93.7939,26.4286],[93.7812,26.425],[93.7831,26.4109],[93.7948,26.4038],[93.7764,26.3857],[93.788,26.377],[93.8049,26.3949],[93.8166,26.3987],[93.829,26.4159],[93.8587,26.3986],[93.8653,26.3892],[93.8817,26.3895],[93.8816,26.3887],[93.8917,26.3938],[93.8942,26.4049],[93.9208,26.4149],[93.9488,26.4403],[93.9496,26.4406],[93.9416,26.4621],[93.9515,26.4653],[93.946,26.4879],[93.9498,26.4992],[93.948,26.5194],[93.9517,26.5454],[93.9728,26.5647],[93.9794,26.5559],[93.9931,26.5577],[93.982,26.5955],[94.0045,26.5926],[94.0132,26.5987],[94.01,26.6101],[93.9842,26.609],[93.98,26.6315],[93.9825,26.6464],[93.9733,26.6791],[93.96,26.6937],[93.9559,26.716],[93.928,26.6952],[93.906,26.6867],[93.9068,26.6851],[93.9111,26.673],[93.9032,26.6589],[93.8929,26.6536],[93.8867,26.6415],[93.8756,26.6377],[93.8356,26.6349],[93.8247,26.6363],[93.8338,26.6611],[93.8082,26.6567],[93.8011,26.6516],[93.7616,26.6374],[93.7448,26.6221],[93.756,26.6085],[93.7522,26.5854]]]},"properties":{"AC_NO":106,"AC_NAME":"KHUMTAI","district":"GOLAGHAT"}},{"type":"Feature","geometry":{"type":"Polygon","coordinates":[[[95.2436,27.4153],[95.2356,27.4189],[95.2186,27.4099],[95.1985,27.4143],[95.1826,27.4129],[95.1868,27.4299],[95.1778,27.4515],[95.1483,27.4375],[95.1348,27.4386],[95.1347,27.4387],[95.1343,27.4386],[95.1342,27.4386],[95.1338,27.4391],[95.1337,27.4392],[95.1337,27.4395],[95.1336,27.4396],[95.1333,27.4398],[95.1332,27.4398],[95.1331,27.4398],[95.133,27.4398],[95.1328,27.44],[95.1327,27.44],[95.1326,27.44],[95.1324,27.4399],[95.1323,27.4401],[95.1318,27.4412],[95.1317,27.4413],[95.1312,27.4414],[95.1311,27.4414],[95.1306,27.4407],[95.1296,27.4409],[95.1296,27.441],[95.1287,27.4412],[95.1287,27.4413],[95.1288,27.4418],[95.1274,27.4428],[95.1273,27.4429],[95.1269,27.4427],[95.1268,27.4426],[95.1268,27.4425],[95.1268,27.4423],[95.1266,27.4424],[95.1265,27.443],[95.1264,27.4431],[95.1261,27.4433],[95.1258,27.4427],[95.1257,27.4426],[95.1255,27.4423],[95.1254,27.4423],[95.1253,27.4423],[95.1252,27.4424],[95.1249,27.4426],[95.1247,27.4427],[95.124,27.4432],[95.1239,27.4433],[95.1237,27.4435],[95.1235,27.4434],[95.1231,27.4429],[95.123,27.4427],[95.1182,27.4314],[95.1181,27.4314],[95.1165,27.4275],[95.1164,27.4274],[95.1156,27.4262],[95.1155,27.4261],[95.1152,27.4257],[95.115,27.4256],[95.1143,27.4254],[95.1142,27.4254],[95.1134,27.4251],[95.1133,27.4251],[95.1132,27.425],[95.1129,27.4249],[95.1128,27.4249],[95.1126,27.4248],[95.1124,27.4247],[95.1096,27.4235],[95.1095,27.4234],[95.1094,27.4234],[95.1088,27.4232],[95.1087,27.4231],[95.1086,27.4227],[95.1084,27.4226],[95.1083,27.4224],[95.1083,27.4223],[95.1082,27.4215],[95.1081,27.4213],[95.108,27.4212],[95.1079,27.4212],[95.1067,27.4225],[95.1065,27.4227],[95.1063,27.4226],[95.1062,27.4226],[95.1024,27.4184],[95.1023,27.4183],[95.0859,27.4036],[95.0859,27.4035],[95.0858,27.4034],[95.0842,27.3996],[95.0842,27.3995],[95.0833,27.3934],[95.0833,27.3933],[95.0828,27.391],[95.0828,27.3908],[95.0822,27.3875],[95.0821,27.3874],[95.0812,27.3859],[95.0812,27.3858],[95.0808,27.3856],[95.0806,27.3856],[95.0805,27.3855],[95.0794,27.3851],[95.0793,27.3851],[95.0795,27.3821],[95.0775,27.3731],[95.0774,27.3731],[95.076,27.3733],[95.0759,27.3734],[95.0742,27.3732],[95.0742,27.3731],[95.0745,27.3726],[95.0735,27.373],[95.0734,27.373],[95.0722,27.3723],[95.0722,27.3722],[95.0723,27.3721],[95.0724,27.3719],[95.0724,27.3718],[95.0701,27.3717],[95.0701,27.3718],[95.07,27.3722],[95.0699,27.3722],[95.0669,27.3706],[95.0667,27.3706],[95.0663,27.3706],[95.0663,27.3705],[95.0647,27.367],[95.0646,27.367],[95.0627,27.3647],[95.0626,27.3646],[95.0633,27.3635],[95.0632,27.3633],[95.063,27.3575],[95.063,27.3571],[95.0639,27.3552],[95.0639,27.3551],[95.0632,27.3516],[95.0633,27.3513],[95.0667,27.3462],[95.0667,27.3461],[95.0643,27.3449],[95.0634,27.3447],[95.0577,27.3461],[95.0562,27.3466],[95.0513,27.3508],[95.0511,27.352],[95.0506,27.3581],[95.0231,27.3583],[95.0217,27.3587],[95.0054,27.3687],[95.0027,27.3636],[95.0017,27.3608],[95.0175,27.3522],[95.0207,27.3521],[95.0315,27.334],[95.0449,27.3334],[95.0465,27.3302],[95.0555,27.3223],[95.0568,27.3214],[95.0614,27.3191],[95.0716,27.2944],[95.0828,27.2996],[95.0739,27.31],[95.082,27.3214],[95.0958,27.3259],[95.1031,27.3143],[95.1031,27.3141],[95.1044,27.3107],[95.1045,27.3105],[95.1162,27.313],[95.1161,27.3131],[95.1157,27.3134],[95.1041,27.3247],[95.1131,27.3306],[95.1285,27.3255],[95.1539,27.3329],[95.165,27.3421],[95.1839,27.3424],[95.1973,27.3621],[95.2189,27.3521],[95.2191,27.3316],[95.2381,27.3274],[95.2451,27.3326],[95.2647,27.3228],[95.2895,27.3015],[95.2999,27.3042],[95.3177,27.3231],[95.3333,27.3193],[95.3337,27.2931],[95.3461,27.2903],[95.3499,27.3074],[95.3576,27.3155],[95.3705,27.3163],[95.3823,27.2951],[95.3979,27.2822],[95.4225,27.276],[95.4272,27.2514],[95.4329,27.2521],[95.4366,27.2575],[95.4372,27.257],[95.4381,27.2569],[95.4393,27.2564],[95.4396,27.2563],[95.44,27.2562],[95.44,27.2564],[95.4602,27.2695],[95.4462,27.2946],[95.4685,27.3166],[95.458,27.3309],[95.4583,27.346],[95.469,27.3486],[95.467,27.3643],[95.4536,27.3748],[95.4423,27.3641],[95.4184,27.3808],[95.4157,27.3986],[95.3997,27.3952],[95.357,27.3836],[95.3482,27.3938],[95.334,27.3902],[95.3116,27.3951],[95.2892,27.4107],[95.2488,27.4042],[95.2436,27.4153]]]},"properties":{"AC_NO":90,"AC_NAME":"DULIAJAN","district":"DIBRUGARH"}},{"type":"Feature","geometry":{"type":"Polygon","coordinates":[[[95.1847,27.1632],[95.185,27.1629],[95.1988,27.1589],[95.2252,27.1676],[95.2413,27.1848],[95.2551,27.193],[95.2794,27.1896],[95.2901,27.1957],[95.3036,27.1946],[95.3136,27.1839],[95.3341,27.1869],[95.3592,27.1651],[95.359,27.1547],[95.3672,27.1374],[95.3618,27.1284],[95.3685,27.1073],[95.3979,27.1087],[95.4209,27.1261],[95.4371,27.1266],[95.4431,27.1348],[95.458,27.1382],[95.4621,27.1499],[95.4533,27.1569],[95.4656,27.1671],[95.4663,27.1828],[95.4558,27.2038],[95.4773,27.227],[95.484,27.2414],[95.4808,27.2533],[95.4695,27.255],[95.4533,27.2477],[95.4397,27.255],[95.44,27.2562],[95.4396,27.2563],[95.4393,27.2564],[95.4381,27.2569],[95.4372,27.257],[95.4366,27.2575],[95.4329,27.2521],[95.4272,27.2514],[95.4225,27.276],[95.3979,27.2822],[95.3823,27.2951],[95.3705,27.3163],[95.3576,27.3155],[95.3499,27.3074],[95.3461,27.2903],[95.3337,27.2931],[95.3333,27.3193],[95.3177,27.3231],[95.2999,27.3042],[95.2895,27.3015],[95.2647,27.3228],[95.2451,27.3326],[95.2381,27.3274],[95.2191,27.3316],[95.2189,27.3521],[95.1973,27.3621],[95.1839,27.3424],[95.165,27.3421],[95.1539,27.3329],[95.1285,27.3255],[95.1131,27.3306],[95.1041,27.3247],[95.1157,27.3134],[95.1217,27.3205],[95.152,27.2945],[95.1461,27.2752],[95.1761,27.2635],[95.1992,27.2613],[95.1904,27.2507],[95.187,27.2134],[95.177,27.2045],[95.1875,27.1891],[95.1909,27.1689],[95.1847,27.1632]]]},"properties":{"AC_NO":92,"AC_NAME":"NAHARKATIA","district":"DIBRUGARH"}},{"type":"Feature","geometry":{"type":"Polygon","coordinates":[[[94.8735,27.1433],[94.8747,27.1437],[94.8914,27.1623],[94.9538,27.2177],[94.9678,27.2271],[94.9735,27.2012],[94.9844,27.1686],[94.9773,27.149],[95,27.1469],[95.0164,27.1499],[95.0324,27.1474],[95.0493,27.1552],[95.0613,27.1369],[95.0997,27.1331],[95.115,27.1273],[95.1305,27.1391],[95.1638,27.1295],[95.1688,27.1425],[95.1791,27.1504],[95.1846,27.1632],[95.1847,27.1632],[95.1909,27.1689],[95.1875,27.1891],[95.177,27.2045],[95.187,27.2134],[95.1904,27.2507],[95.1992,27.2613],[95.1761,27.2635],[95.1461,27.2752],[95.152,27.2945],[95.1217,27.3205],[95.1157,27.3134],[95.1161,27.3131],[95.1162,27.313],[95.1045,27.3105],[95.1044,27.3107],[95.1031,27.3141],[95.1031,27.3143],[95.0958,27.3259],[95.082,27.3214],[95.0739,27.31],[95.0828,27.2996],[95.0716,27.2944],[95.0614,27.3191],[95.0568,27.3214],[95.0555,27.3223],[95.0465,27.3302],[95.0449,27.3334],[95.0315,27.334],[95.0207,27.3521],[95.0175,27.3522],[95.0017,27.3608],[95.0027,27.3636],[95.0054,27.3687],[95.005,27.3762],[94.9953,27.3716],[94.9813,27.3523],[94.9643,27.3498],[94.9588,27.3412],[94.9381,27.3273],[94.9265,27.3438],[94.9176,27.344],[94.9156,27.3439],[94.9089,27.3342],[94.9132,27.3246],[94.933,27.3182],[94.9321,27.3075],[94.8999,27.3198],[94.8943,27.3191],[94.8929,27.3184],[94.8898,27.3156],[94.8863,27.3119],[94.8826,27.3075],[94.8811,27.2913],[94.8886,27.2837],[94.8939,27.2653],[94.9038,27.2725],[94.914,27.2693],[94.9228,27.283],[94.9347,27.2775],[94.9236,27.2529],[94.9285,27.2458],[94.9448,27.2462],[94.9388,27.2294],[94.9149,27.2262],[94.9096,27.234],[94.8943,27.2359],[94.8938,27.2234],[94.9063,27.2042],[94.8933,27.2042],[94.8736,27.1908],[94.8802,27.1782],[94.8692,27.152],[94.8735,27.1433]]]},"properties":{"AC_NO":91,"AC_NAME":"TINGKHONG","district":"DIBRUGARH"}},{"type":"Feature","geometry":{"type":"Polygon","coordinates":[[[94.8346,27.5124],[94.8173,27.5078],[94.7937,27.4833],[94.7774,27.4846],[94.7598,27.4704],[94.7489,27.4511],[94.7473,27.4387],[94.7329,27.4432],[94.7166,27.4265],[94.6948,27.423],[94.6873,27.4139],[94.6908,27.3935],[94.6845,27.384],[94.6646,27.3771],[94.6664,27.3526],[94.65,27.3459],[94.6373,27.336],[94.6074,27.3301],[94.6133,27.3197],[94.6065,27.2947],[94.5868,27.2679],[94.5865,27.2417],[94.577,27.215],[94.5799,27.2024],[94.5674,27.1791],[94.593,27.1456],[94.6148,27.1766],[94.6164,27.1877],[94.6299,27.2237],[94.642,27.2467],[94.6769,27.2427],[94.6882,27.2562],[94.6933,27.2719],[94.7165,27.2596],[94.7272,27.2726],[94.7382,27.2752],[94.7499,27.2683],[94.7404,27.2485],[94.7692,27.2441],[94.774,27.236],[94.7661,27.2205],[94.7755,27.213],[94.7793,27.1904],[94.7677,27.159],[94.7534,27.1406],[94.7664,27.1293],[94.7997,27.1168],[94.8173,27.1142],[94.8081,27.0973],[94.8234,27.0994],[94.8369,27.0921],[94.8372,27.0982],[94.873,27.1417],[94.8735,27.1433],[94.8692,27.152],[94.8802,27.1782],[94.8736,27.1908],[94.8933,27.2042],[94.9063,27.2042],[94.8938,27.2234],[94.8943,27.2359],[94.9096,27.234],[94.9149,27.2262],[94.9388,27.2294],[94.9448,27.2462],[94.9285,27.2458],[94.9236,27.2529],[94.9347,27.2775],[94.9228,27.283],[94.914,27.2693],[94.9038,27.2725],[94.8939,27.2653],[94.8886,27.2837],[94.8811,27.2913],[94.8826,27.3075],[94.8863,27.3119],[94.8898,27.3156],[94.8929,27.3184],[94.8943,27.3191],[94.8999,27.3198],[94.9321,27.3075],[94.933,27.3182],[94.9132,27.3246],[94.9089,27.3342],[94.9156,27.3439],[94.9176,27.344],[94.9265,27.3438],[94.9381,27.3273],[94.9588,27.3412],[94.9643,27.3498],[94.9813,27.3523],[94.9953,27.3716],[95.005,27.3762],[94.9951,27.395],[94.9865,27.4208],[94.9737,27.4448],[94.9645,27.4302],[94.9669,27.4213],[94.9523,27.415],[94.9479,27.4285],[94.9326,27.4261],[94.9305,27.416],[94.9086,27.4038],[94.907,27.4148],[94.8934,27.415],[94.8989,27.4387],[94.8764,27.438],[94.8732,27.4498],[94.8434,27.4316],[94.8349,27.4379],[94.8461,27.4513],[94.8731,27.4744],[94.8619,27.4788],[94.8346,27.5124]]]},"properties":{"AC_NO":89,"AC_NAME":"KHOWANG","district":"DIBRUGARH"}},{"type":"Feature","geometry":{"type":"Polygon","coordinates":[[[94.9649,27.6254],[94.961,27.6232],[94.9558,27.6142],[94.9252,27.6011],[94.9045,27.5789],[94.8944,27.579],[94.8789,27.5612],[94.8429,27.5301],[94.8297,27.5186],[94.8346,27.5124],[94.8619,27.4788],[94.8731,27.4744],[94.8461,27.4513],[94.8349,27.4379],[94.8434,27.4316],[94.8732,27.4498],[94.8764,27.438],[94.8989,27.4387],[94.8934,27.415],[94.907,27.4148],[94.9086,27.4038],[94.9305,27.416],[94.9326,27.4261],[94.9479,27.4285],[94.9523,27.415],[94.9669,27.4213],[94.9645,27.4302],[94.9737,27.4448],[94.9793,27.4829],[95.001,27.4792],[95.0284,27.4572],[95.0448,27.4615],[95.0393,27.4909],[95.0615,27.4896],[95.0723,27.4979],[95.0505,27.5482],[95.0266,27.5461],[95.0159,27.5377],[94.9924,27.5403],[94.9748,27.5382],[94.9771,27.5253],[94.9591,27.5311],[94.9595,27.5315],[94.9685,27.5416],[94.9689,27.542],[94.9697,27.5429],[94.9697,27.543],[94.97,27.5433],[94.986,27.5565],[94.9864,27.5567],[94.987,27.557],[95.0008,27.5621],[95.0013,27.5624],[95.0018,27.5628],[94.9902,27.5863],[94.9907,27.5866],[94.9911,27.5869],[95.0111,27.5992],[95.0116,27.5993],[95.0125,27.5996],[95.0018,27.6122],[95.0013,27.6124],[95.001,27.6126],[94.9929,27.6141],[94.9926,27.6142],[94.9922,27.6143],[94.9835,27.6171],[94.9832,27.6173],[94.9829,27.6175],[94.9752,27.6229],[94.9749,27.6231],[94.9745,27.6233],[94.9653,27.6255],[94.9649,27.6254]]]},"properties":{"AC_NO":88,"AC_NAME":"DIBRUGRAH","district":"DIBRUGARH"}},{"type":"Feature","geometry":{"type":"Polygon","coordinates":[[[95.2436,27.4153],[95.2512,27.4344],[95.2293,27.4371],[95.2195,27.4455],[95.2171,27.4593],[95.2253,27.4718],[95.2288,27.4976],[95.2446,27.498],[95.28,27.4927],[95.2768,27.5136],[95.2658,27.5163],[95.2652,27.5441],[95.2824,27.5479],[95.2729,27.5693],[95.2846,27.5676],[95.2991,27.583],[95.3182,27.5869],[95.2891,27.6636],[95.2704,27.6827],[95.2464,27.657],[95.2047,27.6583],[95.1888,27.6774],[95.1992,27.6916],[95.1963,27.7045],[95.1629,27.6949],[95.1178,27.6859],[95.1052,27.6687],[95.093,27.6604],[95.0761,27.6636],[95.0501,27.6633],[95.0352,27.6685],[95.0167,27.6565],[94.9964,27.6593],[94.9816,27.641],[94.9662,27.6276],[94.9649,27.6254],[94.9653,27.6255],[94.9745,27.6233],[94.9749,27.6231],[94.9752,27.6229],[94.9829,27.6175],[94.9832,27.6173],[94.9835,27.6171],[94.9922,27.6143],[94.9926,27.6142],[94.9929,27.6141],[95.001,27.6126],[95.0013,27.6124],[95.0018,27.6122],[95.0125,27.5996],[95.0116,27.5993],[95.0111,27.5992],[94.9911,27.5869],[94.9907,27.5866],[94.9902,27.5863],[95.0018,27.5628],[95.0013,27.5624],[95.0008,27.5621],[94.987,27.557],[94.9864,27.5567],[94.986,27.5565],[94.97,27.5433],[94.9697,27.543],[94.9697,27.5429],[94.9689,27.542],[94.9685,27.5416],[94.9595,27.5315],[94.9591,27.5311],[94.9771,27.5253],[94.9748,27.5382],[94.9924,27.5403],[95.0159,27.5377],[95.0266,27.5461],[95.0505,27.5482],[95.0723,27.4979],[95.0615,27.4896],[95.0393,27.4909],[95.0448,27.4615],[95.0284,27.4572],[95.001,27.4792],[94.9793,27.4829],[94.9737,27.4448],[94.9865,27.4208],[94.9951,27.395],[95.005,27.3762],[95.0054,27.3687],[95.0217,27.3587],[95.0231,27.3583],[95.0506,27.3581],[95.0511,27.352],[95.0513,27.3508],[95.0562,27.3466],[95.0577,27.3461],[95.0634,27.3447],[95.0643,27.3449],[95.0667,27.3461],[95.0667,27.3462],[95.0633,27.3513],[95.0632,27.3516],[95.0639,27.3551],[95.0639,27.3552],[95.063,27.3571],[95.063,27.3575],[95.0632,27.3633],[95.0633,27.3635],[95.0626,27.3646],[95.0627,27.3647],[95.0646,27.367],[95.0647,27.367],[95.0663,27.3705],[95.0663,27.3706],[95.0667,27.3706],[95.0669,27.3706],[95.0699,27.3722],[95.07,27.3722],[95.0701,27.3718],[95.0701,27.3717],[95.0724,27.3718],[95.0724,27.3719],[95.0723,27.3721],[95.0722,27.3722],[95.0722,27.3723],[95.0734,27.373],[95.0735,27.373],[95.0745,27.3726],[95.0742,27.3731],[95.0742,27.3732],[95.0759,27.3734],[95.076,27.3733],[95.0774,27.3731],[95.0775,27.3731],[95.0795,27.3821],[95.0793,27.3851],[95.0794,27.3851],[95.0805,27.3855],[95.0806,27.3856],[95.0808,27.3856],[95.0812,27.3858],[95.0812,27.3859],[95.0821,27.3874],[95.0822,27.3875],[95.0828,27.3908],[95.0828,27.391],[95.0833,27.3933],[95.0833,27.3934],[95.0842,27.3995],[95.0842,27.3996],[95.0858,27.4034],[95.0859,27.4035],[95.0859,27.4036],[95.1023,27.4183],[95.1024,27.4184],[95.1062,27.4226],[95.1063,27.4226],[95.1065,27.4227],[95.1067,27.4225],[95.1079,27.4212],[95.108,27.4212],[95.1081,27.4213],[95.1082,27.4215],[95.1083,27.4223],[95.1083,27.4224],[95.1084,27.4226],[95.1086,27.4227],[95.1087,27.4231],[95.1088,27.4232],[95.1094,27.4234],[95.1095,27.4234],[95.1096,27.4235],[95.1124,27.4247],[95.1126,27.4248],[95.1128,27.4249],[95.1129,27.4249],[95.1132,27.425],[95.1133,27.4251],[95.1134,27.4251],[95.1142,27.4254],[95.1143,27.4254],[95.115,27.4256],[95.1152,27.4257],[95.1155,27.4261],[95.1156,27.4262],[95.1164,27.4274],[95.1165,27.4275],[95.1181,27.4314],[95.1182,27.4314],[95.123,27.4427],[95.1231,27.4429],[95.1235,27.4434],[95.1237,27.4435],[95.1239,27.4433],[95.124,27.4432],[95.1247,27.4427],[95.1249,27.4426],[95.1252,27.4424],[95.1253,27.4423],[95.1254,27.4423],[95.1255,27.4423],[95.1257,27.4426],[95.1258,27.4427],[95.1261,27.4433],[95.1264,27.4431],[95.1265,27.443],[95.1266,27.4424],[95.1268,27.4423],[95.1268,27.4425],[95.1268,27.4426],[95.1269,27.4427],[95.1273,27.4429],[95.1274,27.4428],[95.1288,27.4418],[95.1287,27.4413],[95.1287,27.4412],[95.1296,27.441],[95.1296,27.4409],[95.1306,27.4407],[95.1311,27.4414],[95.1312,27.4414],[95.1317,27.4413],[95.1318,27.4412],[95.1323,27.4401],[95.1324,27.4399],[95.1326,27.44],[95.1327,27.44],[95.1328,27.44],[95.133,27.4398],[95.1331,27.4398],[95.1332,27.4398],[95.1333,27.4398],[95.1336,27.4396],[95.1337,27.4395],[95.1337,27.4392],[95.1338,27.4391],[95.1342,27.4386],[95.1343,27.4386],[95.1347,27.4387],[95.1348,27.4386],[95.1483,27.4375],[95.1778,27.4515],[95.1868,27.4299],[95.1826,27.4129],[95.1985,27.4143],[95.2186,27.4099],[95.2356,27.4189],[95.2436,27.4153]]]},"properties":{"AC_NO":87,"AC_NAME":"CHABUA-LAHOWAL","district":"DIBRUGARH"}},{"type":"Feature","geometry":{"type":"Polygon","coordinates":[[[90.611,26.5153],[90.6235,26.5078],[90.6289,26.4966],[90.6497,26.5007],[90.6825,26.4991],[90.6856,26.4818],[90.7102,26.4827],[90.717,26.4792],[90.7161,26.4575],[90.7101,26.4516],[90.7163,26.4455],[90.7357,26.4418],[90.7447,26.4656],[90.731,26.4718],[90.731,26.4829],[90.7493,26.4883],[90.7663,26.4855],[90.7774,26.5048],[90.7641,26.5062],[90.7615,26.5194],[90.7746,26.5305],[90.798,26.5219],[90.8372,26.5235],[90.8517,26.527],[90.8322,26.5385],[90.8281,26.5558],[90.859,26.5624],[90.8713,26.574],[90.8843,26.5939],[90.8964,26.5975],[90.8945,26.6269],[90.8756,26.6184],[90.8812,26.6119],[90.872,26.5936],[90.8468,26.6065],[90.8574,26.6277],[90.8392,26.6295],[90.8415,26.6425],[90.7263,26.6486],[90.7182,26.647],[90.6355,26.6508],[90.6227,26.654],[90.6207,26.6809],[90.5942,26.6804],[90.5903,26.6714],[90.5704,26.6829],[90.5589,26.6703],[90.5546,26.6571],[90.5377,26.6594],[90.5367,26.6479],[90.55,26.6241],[90.5761,26.6234],[90.5828,26.6136],[90.5775,26.5999],[90.5891,26.5907],[90.5842,26.5654],[90.5689,26.5675],[90.5814,26.5442],[90.597,26.5331],[90.6151,26.5281],[90.611,26.5153]]]},"properties":{"AC_NO":20,"AC_NAME":"BIJNI","district":"CHIRANG"}},{"type":"Feature","geometry":{"type":"Polygon","coordinates":[[[90.8945,26.6269],[90.901,26.6349],[90.9025,26.6575],[90.8951,26.6639],[90.9163,26.7115],[90.9143,26.7274],[90.9364,26.7544],[90.9411,26.776],[90.9571,26.7817],[90.9566,26.7878],[90.811,26.7761],[90.7421,26.7751],[90.717,26.7684],[90.693,26.7708],[90.6757,26.7844],[90.6463,26.7768],[90.6341,26.7941],[90.5842,26.804],[90.5463,26.8168],[90.418,26.9044],[90.3566,26.901],[90.3478,26.8753],[90.3363,26.869],[90.3363,26.8451],[90.3451,26.8057],[90.3521,26.7924],[90.3539,26.7763],[90.3638,26.7589],[90.3689,26.7331],[90.377,26.7176],[90.3763,26.7019],[90.3677,26.6895],[90.3575,26.6593],[90.3568,26.6573],[90.3469,26.6414],[90.3572,26.6313],[90.3539,26.6098],[90.3661,26.5801],[90.3608,26.5679],[90.3626,26.5526],[90.3808,26.5344],[90.3978,26.5118],[90.3898,26.492],[90.3892,26.4771],[90.4023,26.4759],[90.4032,26.4641],[90.4018,26.4544],[90.4039,26.4421],[90.4275,26.4301],[90.433,26.4131],[90.4467,26.425],[90.4419,26.4411],[90.4316,26.4525],[90.4624,26.452],[90.4562,26.4327],[90.4632,26.4309],[90.46,26.4107],[90.4802,26.3886],[90.4807,26.4169],[90.4928,26.4193],[90.5035,26.4297],[90.5091,26.4517],[90.4982,26.4595],[90.5141,26.5025],[90.5196,26.5092],[90.5474,26.4978],[90.5752,26.4989],[90.5904,26.5045],[90.5998,26.5162],[90.611,26.5153],[90.6151,26.5281],[90.597,26.5331],[90.5814,26.5442],[90.5689,26.5675],[90.5842,26.5654],[90.5891,26.5907],[90.5775,26.5999],[90.5828,26.6136],[90.5761,26.6234],[90.55,26.6241],[90.5367,26.6479],[90.5377,26.6594],[90.5546,26.6571],[90.5589,26.6703],[90.5704,26.6829],[90.5903,26.6714],[90.5942,26.6804],[90.6207,26.6809],[90.6227,26.654],[90.6355,26.6508],[90.7182,26.647],[90.7263,26.6486],[90.8415,26.6425],[90.8392,26.6295],[90.8574,26.6277],[90.8468,26.6065],[90.872,26.5936],[90.8812,26.6119],[90.8756,26.6184],[90.8945,26.6269]]]},"properties":{"AC_NO":19,"AC_NAME":"SIDLI CHIRANG (ST)","district":"CHIRANG"}},{"type":"Feature","geometry":{"type":"Polygon","coordinates":[[[91.9749,26.5519],[91.9587,26.5517],[91.9517,26.5443],[91.9277,26.5373],[91.9218,26.5676],[91.8965,26.5696],[91.8842,26.5385],[91.8643,26.5376],[91.8627,26.538],[91.8539,26.5383],[91.8472,26.5743],[91.8356,26.5773],[91.8304,26.5604],[91.8111,26.5577],[91.8128,26.5443],[91.8274,26.5449],[91.8331,26.5153],[91.8171,26.5054],[91.7983,26.512],[91.7804,26.5118],[91.7811,26.4956],[91.8017,26.4891],[91.799,26.4772],[91.7877,26.4753],[91.7789,26.4791],[91.7793,26.478],[91.7786,26.4765],[91.7776,26.4755],[91.7776,26.4744],[91.7777,26.4734],[91.7775,26.4723],[91.7775,26.4707],[91.7765,26.4697],[91.774,26.4698],[91.7712,26.4668],[91.7654,26.4675],[91.7656,26.4663],[91.7658,26.4644],[91.766,26.4632],[91.7656,26.4621],[91.7649,26.4611],[91.7645,26.4601],[91.7645,26.4591],[91.772,26.4469],[91.7738,26.4263],[91.7829,26.4088],[91.7894,26.4079],[91.7923,26.4092],[91.7934,26.4095],[91.7949,26.409],[91.7957,26.4079],[91.7962,26.4056],[91.7951,26.4045],[91.7945,26.4035],[91.795,26.4021],[91.7963,26.4014],[91.7976,26.4009],[91.7979,26.3998],[91.7977,26.3984],[91.7985,26.3963],[91.8098,26.3836],[91.8125,26.3818],[91.8179,26.3794],[91.8185,26.3784],[91.8191,26.3772],[91.8196,26.376],[91.8208,26.3735],[91.8217,26.3712],[91.8221,26.37],[91.8222,26.3691],[91.8213,26.368],[91.8204,26.3669],[91.8201,26.3657],[91.8216,26.3645],[91.8229,26.364],[91.8215,26.3562],[91.8192,26.3467],[91.8191,26.3458],[91.8176,26.3444],[91.8169,26.3432],[91.8216,26.3318],[91.7901,26.312],[91.7868,26.3062],[91.782,26.3056],[91.7816,26.3047],[91.7832,26.3039],[91.7821,26.2962],[91.7856,26.2928],[91.7862,26.2914],[91.786,26.2903],[91.7851,26.2887],[91.7844,26.2876],[91.7851,26.2864],[91.7863,26.2848],[91.7865,26.2838],[91.7861,26.2824],[91.7857,26.2815],[91.7856,26.2805],[91.7863,26.2775],[91.7871,26.2754],[91.7877,26.2744],[91.7887,26.2736],[91.7902,26.2731],[91.7904,26.2721],[91.7904,26.2707],[91.7903,26.2684],[91.7899,26.2674],[91.7818,26.2448],[91.7632,26.2395],[91.7636,26.2322],[91.7474,26.2222],[91.7441,26.2145],[91.7545,26.2064],[91.7557,26.2059],[91.7633,26.2024],[91.7708,26.1984],[91.807,26.2079],[91.8188,26.2074],[91.8412,26.2156],[91.8696,26.221],[91.8786,26.2165],[91.9239,26.2478],[91.9332,26.243],[91.9527,26.2556],[91.9809,26.2755],[91.9757,26.3043],[91.985,26.3079],[91.981,26.3207],[91.958,26.3298],[91.9611,26.3377],[91.941,26.3491],[91.9468,26.3554],[91.9704,26.3428],[91.9853,26.3675],[91.983,26.3822],[91.9627,26.3935],[91.9682,26.4071],[91.9654,26.4327],[91.9718,26.4405],[91.9522,26.446],[91.9306,26.465],[91.946,26.4752],[91.966,26.5145],[91.9803,26.5156],[91.9938,26.5298],[91.9746,26.5509],[91.9749,26.5519]]]},"properties":{"AC_NO":49,"AC_NAME":"SIPAJHAR","district":"DARANG"}},{"type":"Feature","geometry":{"type":"MultiPolygon","coordinates":[[[[92.0623,26.5873],[92.0553,26.59],[92.0513,26.5927],[92.0504,26.5937],[92.0499,26.5945],[92.0495,26.5951],[92.0488,26.5964],[92.0472,26.5924],[92.0143,26.5886],[92.0143,26.578],[92.0019,26.5714],[92.0093,26.5551],[92.0417,26.5505],[92.054,26.5445],[92.0623,26.5747],[92.0623,26.5873]]],[[[92.0683,26.5194],[92.0684,26.5172],[92.0585,26.4881],[92.0474,26.4775],[92.0383,26.4857],[92.0406,26.51],[92.0347,26.5204],[91.9945,26.5399],[91.9901,26.555],[91.9763,26.5531],[91.9746,26.5509],[91.9938,26.5298],[91.9803,26.5156],[91.966,26.5145],[91.946,26.4752],[91.9306,26.465],[91.9522,26.446],[91.9718,26.4405],[91.9654,26.4327],[91.9682,26.4071],[91.9627,26.3935],[91.983,26.3822],[91.9853,26.3675],[91.9704,26.3428],[91.9468,26.3554],[91.941,26.3491],[91.9611,26.3377],[91.958,26.3298],[91.981,26.3207],[91.9901,26.3258],[91.9909,26.3425],[92.0182,26.3347],[92.0136,26.3239],[92.0385,26.308],[92.0456,26.3332],[92.0432,26.3474],[92.0152,26.3572],[92.0363,26.3695],[92.0307,26.3853],[92.0605,26.4197],[92.0975,26.4271],[92.1118,26.4446],[92.1294,26.4499],[92.134,26.4585],[92.1587,26.4631],[92.1565,26.4736],[92.1287,26.4835],[92.1163,26.474],[92.117,26.4978],[92.129,26.5048],[92.1402,26.4996],[92.1643,26.5037],[92.1571,26.5202],[92.1429,26.5148],[92.1184,26.5155],[92.0973,26.4812],[92.0798,26.4839],[92.0772,26.5102],[92.0683,26.5194]]]]},"properties":{"AC_NO":50,"AC_NAME":"MANGALDAI","district":"DARANG"}},{"type":"Feature","geometry":{"type":"Polygon","coordinates":[[[92.0683,26.5194],[92.0772,26.5102],[92.0798,26.4839],[92.0973,26.4812],[92.1184,26.5155],[92.1429,26.5148],[92.1571,26.5202],[92.1643,26.5037],[92.1402,26.4996],[92.129,26.5048],[92.117,26.4978],[92.1163,26.474],[92.1287,26.4835],[92.1565,26.4736],[92.1587,26.4631],[92.134,26.4585],[92.1294,26.4499],[92.1118,26.4446],[92.0975,26.4271],[92.0605,26.4197],[92.0307,26.3853],[92.0363,26.3695],[92.0152,26.3572],[92.0432,26.3474],[92.0456,26.3332],[92.0385,26.308],[92.0136,26.3239],[92.0182,26.3347],[91.9909,26.3425],[91.9901,26.3258],[91.981,26.3207],[91.985,26.3079],[91.9757,26.3043],[91.9809,26.2755],[91.992,26.2697],[92.0148,26.2807],[92.0231,26.2715],[92.0387,26.2724],[92.0509,26.2874],[92.0614,26.3104],[92.075,26.3172],[92.0857,26.3404],[92.0942,26.339],[92.1038,26.3545],[92.1228,26.3706],[92.1428,26.4013],[92.1584,26.4139],[92.1818,26.4244],[92.1999,26.4212],[92.21,26.4141],[92.2207,26.4168],[92.2363,26.4312],[92.2445,26.4461],[92.2556,26.4518],[92.2749,26.4511],[92.2871,26.4588],[92.3079,26.4826],[92.3441,26.5047],[92.3317,26.5152],[92.3522,26.5305],[92.367,26.532],[92.3695,26.5494],[92.3605,26.5824],[92.3624,26.5828],[92.3631,26.5836],[92.3433,26.5817],[92.3367,26.596],[92.3054,26.6294],[92.2895,26.6209],[92.2474,26.6101],[92.2443,26.588],[92.2525,26.5738],[92.2474,26.5629],[92.2304,26.5487],[92.2246,26.5536],[92.2274,26.5945],[92.2344,26.5969],[92.2176,26.6352],[92.205,26.6407],[92.202,26.6513],[92.1823,26.6575],[92.1811,26.6702],[92.1785,26.6696],[92.1586,26.666],[92.1281,26.6556],[92.1214,26.6437],[92.1033,26.6476],[92.0802,26.6471],[92.0726,26.6469],[92.071,26.6335],[92.0924,26.6078],[92.0508,26.6014],[92.0488,26.5964],[92.0495,26.5951],[92.0499,26.5945],[92.0504,26.5937],[92.0513,26.5927],[92.0553,26.59],[92.0623,26.5873],[92.0794,26.5893],[92.0865,26.5759],[92.1006,26.5793],[92.1086,26.5695],[92.1081,26.5529],[92.0859,26.5431],[92.0683,26.5451],[92.068,26.5246],[92.0683,26.5194]]]},"properties":{"AC_NO":51,"AC_NAME":"DALGAON","district":"DARANG"}},{"type":"Feature","geometry":{"type":"Polygon","coordinates":[[[92.8656,25.0659],[92.8657,25.0637],[92.8658,25.0617],[92.8651,25.0585],[92.8646,25.0482],[92.8638,25.0421],[92.8631,25.0285],[92.8646,24.9855],[92.8292,24.9923],[92.829,24.965],[92.8438,24.9463],[92.8299,24.9267],[92.8377,24.915],[92.8816,24.9474],[92.8859,24.9402],[92.8704,24.9247],[92.8598,24.9024],[92.8361,24.8811],[92.8205,24.889],[92.8093,24.8872],[92.8104,24.8607],[92.79,24.8597],[92.7999,24.8433],[92.8122,24.8436],[92.8274,24.8365],[92.8466,24.8347],[92.8518,24.8212],[92.8419,24.8083],[92.8575,24.7934],[92.8917,24.7987],[92.8908,24.811],[92.9034,24.822],[92.9275,24.8141],[92.9412,24.8203],[92.9265,24.8316],[92.935,24.8379],[92.9403,24.8649],[92.9551,24.8637],[92.9742,24.8702],[92.9722,24.8878],[92.9889,24.8992],[92.9856,24.909],[93.0196,24.9241],[93.0342,24.9542],[93.0315,24.9635],[93.0499,24.9677],[93.0634,25.0022],[93.0551,25.0105],[93.0592,25.0228],[93.0502,25.0341],[93.0365,25.037],[93.0143,25.0619],[93.0217,25.076],[93.0377,25.0822],[93.0471,25.0993],[93.0369,25.1048],[93.0169,25.0978],[92.9842,25.0938],[92.9775,25.0857],[92.9591,25.0901],[92.9517,25.0705],[92.9322,25.0784],[92.8975,25.0793],[92.8822,25.0683],[92.866,25.0661],[92.8656,25.0659]]]},"properties":{"AC_NO":115,"AC_NAME":"UDHARBOND","district":"CACHAR"}},{"type":"Feature","geometry":{"type":"Polygon","coordinates":[[[92.8656,25.0659],[92.8641,25.0651],[92.8528,25.0637],[92.8358,25.0527],[92.8272,25.0585],[92.8285,25.0708],[92.7961,25.0881],[92.7803,25.0868],[92.7648,25.1032],[92.7672,25.1142],[92.7528,25.139],[92.733,25.1395],[92.7349,25.1263],[92.7239,25.1183],[92.7012,25.1113],[92.6839,25.1146],[92.6651,25.1091],[92.6487,25.1176],[92.6151,25.1026],[92.6026,25.1105],[92.5636,25.1012],[92.5455,25.1038],[92.5394,25.0989],[92.5183,25.1063],[92.4809,25.1087],[92.4792,25.0865],[92.472,25.0674],[92.4569,25.0542],[92.4598,25.0372],[92.4385,25.0442],[92.4381,25.0348],[92.426,25.0293],[92.4242,25.0098],[92.4168,24.9929],[92.422,24.9883],[92.4212,24.965],[92.4493,24.9647],[92.4586,24.9704],[92.4668,24.9576],[92.4522,24.9531],[92.4489,24.939],[92.4879,24.9439],[92.4838,24.9301],[92.5022,24.9309],[92.4991,24.8948],[92.5263,24.8927],[92.5544,24.8831],[92.5573,24.8674],[92.5486,24.8614],[92.5677,24.843],[92.5823,24.8446],[92.5904,24.8427],[92.5917,24.8223],[92.6026,24.8411],[92.6217,24.8582],[92.6346,24.8596],[92.6361,24.8383],[92.6534,24.8486],[92.6735,24.8428],[92.6848,24.848],[92.6949,24.8392],[92.6634,24.8387],[92.6663,24.8178],[92.6838,24.8143],[92.7023,24.8364],[92.7001,24.8588],[92.6832,24.8669],[92.6623,24.8878],[92.6628,24.8991],[92.6546,24.911],[92.642,24.912],[92.6273,24.9241],[92.6281,24.9354],[92.6424,24.9356],[92.6434,24.9471],[92.6331,24.9548],[92.6371,24.9663],[92.6477,24.9672],[92.6458,24.9515],[92.7091,24.9467],[92.7135,24.954],[92.7437,24.9482],[92.7441,24.9565],[92.7242,24.9597],[92.7302,24.9728],[92.7212,24.9972],[92.7439,25.0098],[92.7512,24.9975],[92.7723,24.9981],[92.8292,24.9923],[92.8646,24.9855],[92.8631,25.0285],[92.8638,25.0421],[92.8646,25.0482],[92.8651,25.0585],[92.8658,25.0617],[92.8657,25.0637],[92.8656,25.0659]]]},"properties":{"AC_NO":116,"AC_NAME":"KATIGORAH","district":"CACHAR"}},{"type":"Feature","geometry":{"type":"Polygon","coordinates":[[[92.6838,24.8143],[92.68,24.8012],[92.6676,24.7893],[92.661,24.7587],[92.6558,24.7535],[92.6571,24.7005],[92.6503,24.6845],[92.6651,24.6735],[92.6655,24.6276],[92.6891,24.6233],[92.6988,24.6596],[92.7101,24.6649],[92.7166,24.6852],[92.7264,24.685],[92.749,24.6982],[92.7446,24.7115],[92.7496,24.7265],[92.762,24.741],[92.7671,24.7225],[92.7847,24.7183],[92.7692,24.7003],[92.7625,24.6825],[92.7867,24.6858],[92.8039,24.6717],[92.8058,24.6878],[92.8336,24.6805],[92.8357,24.6907],[92.8509,24.6942],[92.85,24.7068],[92.8311,24.7201],[92.8132,24.7166],[92.8177,24.7357],[92.812,24.7561],[92.8163,24.7699],[92.8104,24.7998],[92.8026,24.7991],[92.8028,24.7769],[92.7807,24.7807],[92.7695,24.7929],[92.7616,24.8257],[92.7507,24.8411],[92.7348,24.853],[92.7268,24.8775],[92.7077,24.8784],[92.7174,24.893],[92.7176,24.9084],[92.7339,24.9271],[92.7407,24.9256],[92.7471,24.9013],[92.7569,24.91],[92.7744,24.8959],[92.7691,24.8884],[92.7837,24.8803],[92.7843,24.8796],[92.7822,24.8653],[92.79,24.8597],[92.8104,24.8607],[92.8093,24.8872],[92.8205,24.889],[92.8361,24.8811],[92.8598,24.9024],[92.8704,24.9247],[92.8859,24.9402],[92.8816,24.9474],[92.8377,24.915],[92.8299,24.9267],[92.8438,24.9463],[92.829,24.965],[92.8292,24.9923],[92.7723,24.9981],[92.7512,24.9975],[92.7439,25.0098],[92.7212,24.9972],[92.7302,24.9728],[92.7242,24.9597],[92.7441,24.9565],[92.7437,24.9482],[92.7135,24.954],[92.7091,24.9467],[92.6458,24.9515],[92.6477,24.9672],[92.6371,24.9663],[92.6331,24.9548],[92.6434,24.9471],[92.6424,24.9356],[92.6281,24.9354],[92.6273,24.9241],[92.642,24.912],[92.6546,24.911],[92.6628,24.8991],[92.6623,24.8878],[92.6832,24.8669],[92.7001,24.8588],[92.7023,24.8364],[92.6838,24.8143]]]},"properties":{"AC_NO":117,"AC_NAME":"BARKHOLA","district":"CACHAR"}},{"type":"Feature","geometry":{"type":"Polygon","coordinates":[[[92.6891,24.6233],[92.689,24.6125],[92.6682,24.6098],[92.6696,24.5882],[92.6893,24.5753],[92.7156,24.5679],[92.7331,24.5828],[92.7589,24.5776],[92.7643,24.567],[92.7797,24.5656],[92.7572,24.523],[92.7635,24.5213],[92.8019,24.4209],[92.8201,24.4039],[92.8299,24.4004],[92.8232,24.3862],[92.8262,24.3765],[92.8452,24.3799],[92.8618,24.3987],[92.8733,24.395],[92.8834,24.4025],[92.8988,24.3911],[92.9071,24.4114],[92.934,24.3924],[92.9393,24.4009],[92.9658,24.3968],[92.9764,24.4084],[92.992,24.3993],[93.0149,24.4103],[93.0248,24.407],[93.0399,24.412],[93.0334,24.4274],[93.0357,24.4584],[93.0396,24.4624],[93.0459,24.4755],[93.0325,24.4955],[93.0488,24.5184],[93.0492,24.5425],[93.0557,24.5535],[93.0709,24.5596],[93.0621,24.5764],[93.0891,24.5735],[93.0925,24.5812],[93.0712,24.6001],[93.0838,24.6132],[93.0759,24.6261],[93.0873,24.6298],[93.0829,24.6493],[93.094,24.6524],[93.104,24.6739],[93.0884,24.6762],[93.0784,24.6774],[93.0675,24.678],[93.0626,24.6788],[93.0465,24.6814],[93.0509,24.6977],[93.0476,24.7244],[93.0331,24.728],[93.0285,24.705],[93.0183,24.6992],[93.0161,24.6771],[93.0159,24.675],[93.0057,24.6558],[93.0085,24.6475],[93.0065,24.6464],[92.9836,24.6424],[92.9823,24.6424],[92.9762,24.6512],[92.9784,24.6537],[92.982,24.6581],[92.9728,24.6594],[92.9669,24.6602],[92.9615,24.6493],[92.9445,24.6473],[92.9415,24.6469],[92.9352,24.6354],[92.9172,24.6599],[92.9054,24.6669],[92.8938,24.664],[92.8799,24.688],[92.8759,24.7052],[92.8617,24.7021],[92.85,24.7068],[92.8509,24.6942],[92.8357,24.6907],[92.8336,24.6805],[92.8058,24.6878],[92.8039,24.6717],[92.7867,24.6858],[92.7625,24.6825],[92.7692,24.7003],[92.7847,24.7183],[92.7671,24.7225],[92.762,24.741],[92.7496,24.7265],[92.7446,24.7115],[92.749,24.6982],[92.7264,24.685],[92.7166,24.6852],[92.7101,24.6649],[92.6988,24.6596],[92.6891,24.6233]]]},"properties":{"AC_NO":120,"AC_NAME":"DHOLAI (SC)","district":"CACHAR"}},{"type":"Feature","geometry":{"type":"Polygon","coordinates":[[[93.0634,25.0022],[93.0499,24.9677],[93.0315,24.9635],[93.0342,24.9542],[93.0196,24.9241],[92.9856,24.909],[92.9889,24.8992],[92.9722,24.8878],[92.9742,24.8702],[92.9551,24.8637],[92.9492,24.8509],[92.9481,24.8281],[92.9917,24.8329],[92.999,24.8206],[92.999,24.8162],[92.9997,24.8079],[92.9933,24.8077],[92.9735,24.8046],[92.9673,24.7903],[92.9503,24.7911],[92.9308,24.7774],[92.8925,24.7777],[92.9037,24.7645],[92.9448,24.7668],[92.9584,24.7595],[92.9798,24.7581],[92.9851,24.7474],[92.9702,24.7429],[92.9653,24.727],[92.9776,24.7086],[92.9748,24.7084],[92.9666,24.7103],[92.969,24.6958],[92.9732,24.6882],[92.9733,24.6872],[92.9735,24.6871],[92.982,24.6581],[92.9784,24.6537],[92.9762,24.6512],[92.9823,24.6424],[92.9836,24.6424],[93.0065,24.6464],[93.0085,24.6475],[93.0057,24.6558],[93.0159,24.675],[93.0161,24.6771],[93.0183,24.6992],[93.0285,24.705],[93.0331,24.728],[93.0476,24.7244],[93.0509,24.6977],[93.0465,24.6814],[93.0626,24.6788],[93.0675,24.678],[93.0784,24.6774],[93.0884,24.6762],[93.0923,24.6856],[93.079,24.7047],[93.0902,24.7148],[93.0908,24.7254],[93.1072,24.7406],[93.0982,24.7543],[93.1036,24.7674],[93.1051,24.7918],[93.1193,24.8076],[93.1339,24.8098],[93.1509,24.7952],[93.1706,24.802],[93.1915,24.8046],[93.19,24.8188],[93.2006,24.8415],[93.2013,24.8542],[93.2217,24.8704],[93.227,24.893],[93.2384,24.8989],[93.2489,24.9157],[93.2456,24.9257],[93.2618,24.963],[93.2494,24.9729],[93.2336,24.9756],[93.2318,24.9835],[93.2139,24.9881],[93.2042,24.9816],[93.1798,25.0007],[93.068,25.0007],[93.0634,25.0022]]]},"properties":{"AC_NO":114,"AC_NAME":"LAKHIPUR","district":"CACHAR"}},{"type":"Feature","geometry":{"type":"Polygon","coordinates":[[[92.9997,24.8079],[92.999,24.8162],[92.999,24.8206],[92.9917,24.8329],[92.9481,24.8281],[92.9492,24.8509],[92.9551,24.8637],[92.9403,24.8649],[92.935,24.8379],[92.9265,24.8316],[92.9412,24.8203],[92.9275,24.8141],[92.9034,24.822],[92.8908,24.811],[92.8917,24.7987],[92.8575,24.7934],[92.8419,24.8083],[92.8518,24.8212],[92.8466,24.8347],[92.8274,24.8365],[92.8285,24.8262],[92.8278,24.8165],[92.8283,24.8139],[92.8275,24.808],[92.8104,24.7998],[92.8163,24.7699],[92.812,24.7561],[92.8177,24.7357],[92.8132,24.7166],[92.8311,24.7201],[92.85,24.7068],[92.8617,24.7021],[92.8759,24.7052],[92.8799,24.688],[92.8938,24.664],[92.9054,24.6669],[92.9172,24.6599],[92.9352,24.6354],[92.9415,24.6469],[92.9445,24.6473],[92.9615,24.6493],[92.9669,24.6602],[92.9728,24.6594],[92.982,24.6581],[92.9735,24.6871],[92.9733,24.6872],[92.9732,24.6882],[92.969,24.6958],[92.9666,24.7103],[92.9748,24.7084],[92.9776,24.7086],[92.9653,24.727],[92.9702,24.7429],[92.9851,24.7474],[92.9798,24.7581],[92.9584,24.7595],[92.9448,24.7668],[92.9037,24.7645],[92.8925,24.7777],[92.9308,24.7774],[92.9503,24.7911],[92.9673,24.7903],[92.9735,24.8046],[92.9933,24.8077],[92.9997,24.8079]]]},"properties":{"AC_NO":119,"AC_NAME":"SONAI","district":"CACHAR"}},{"type":"Feature","geometry":{"type":"Polygon","coordinates":[[[92.8285,24.8262],[92.8274,24.8365],[92.8122,24.8436],[92.7999,24.8433],[92.79,24.8597],[92.7822,24.8653],[92.7843,24.8796],[92.7837,24.8803],[92.7691,24.8884],[92.7744,24.8959],[92.7569,24.91],[92.7471,24.9013],[92.7407,24.9256],[92.7339,24.9271],[92.7176,24.9084],[92.7174,24.893],[92.7077,24.8784],[92.7268,24.8775],[92.7348,24.853],[92.7507,24.8411],[92.7616,24.8257],[92.7695,24.7929],[92.7807,24.7807],[92.8028,24.7769],[92.8026,24.7991],[92.8104,24.7998],[92.8275,24.808],[92.8283,24.8139],[92.8278,24.8165],[92.8285,24.8262]]]},"properties":{"AC_NO":118,"AC_NAME":"SILCHAR","district":"CACHAR"}},{"type":"Feature","geometry":{"type":"Polygon","coordinates":[[[90.8441,26.4201],[90.8532,26.4191],[90.8616,26.4311],[90.8451,26.444],[90.8319,26.4327],[90.7939,26.4281],[90.7873,26.4399],[90.7969,26.4443],[90.8164,26.438],[90.8272,26.4483],[90.8164,26.4651],[90.8156,26.4753],[90.8021,26.4831],[90.8095,26.5007],[90.8205,26.4911],[90.837,26.4854],[90.8513,26.5148],[90.8517,26.527],[90.8372,26.5235],[90.798,26.5219],[90.7746,26.5305],[90.7615,26.5194],[90.7641,26.5062],[90.7774,26.5048],[90.7663,26.4855],[90.7493,26.4883],[90.731,26.4829],[90.731,26.4718],[90.7447,26.4656],[90.7357,26.4418],[90.7163,26.4455],[90.7109,26.45],[90.6936,26.441],[90.6607,26.4429],[90.647,26.452],[90.6486,26.4194],[90.6441,26.4123],[90.6341,26.4033],[90.6345,26.3932],[90.6065,26.3898],[90.5693,26.3997],[90.546,26.3794],[90.5186,26.3756],[90.5171,26.3687],[90.4947,26.3542],[90.4983,26.3396],[90.489,26.3374],[90.4819,26.3204],[90.4957,26.3123],[90.5038,26.3254],[90.5238,26.3313],[90.5039,26.289],[90.5066,26.2711],[90.5258,26.2696],[90.5203,26.285],[90.5464,26.2935],[90.5549,26.2686],[90.5729,26.2796],[90.5705,26.3],[90.5875,26.2999],[90.5969,26.2747],[90.5697,26.2658],[90.5865,26.2515],[90.6211,26.2516],[90.625,26.2589],[90.6427,26.2538],[90.6524,26.2651],[90.6496,26.2765],[90.615,26.2702],[90.6089,26.2763],[90.651,26.2801],[90.6576,26.2965],[90.6693,26.2834],[90.6834,26.2775],[90.6874,26.2891],[90.6744,26.3057],[90.6721,26.3192],[90.6801,26.3273],[90.6812,26.3301],[90.6803,26.3341],[90.6753,26.3372],[90.6745,26.3381],[90.674,26.3393],[90.6721,26.3411],[90.6711,26.3425],[90.6996,26.346],[90.6966,26.3523],[90.7077,26.3548],[90.6998,26.3646],[90.7098,26.3798],[90.74,26.3683],[90.7369,26.3511],[90.7444,26.3451],[90.7637,26.3451],[90.7588,26.3609],[90.7696,26.3749],[90.7669,26.3775],[90.7488,26.3821],[90.7445,26.4079],[90.7368,26.4149],[90.7362,26.4165],[90.7338,26.4288],[90.7341,26.4296],[90.7489,26.4292],[90.749,26.4309],[90.7494,26.4328],[90.75,26.4349],[90.766,26.4332],[90.7656,26.4323],[90.7664,26.4294],[90.7666,26.4281],[90.7666,26.428],[90.7707,26.4354],[90.7706,26.4364],[90.7831,26.4358],[90.7831,26.4338],[90.7832,26.4323],[90.7834,26.4304],[90.7968,26.4116],[90.8146,26.4152],[90.8173,26.4152],[90.8248,26.4077],[90.8441,26.4201]]]},"properties":{"AC_NO":16,"AC_NAME":" ABHAYAPURI","district":"BONGAIGAON"}},{"type":"Feature","geometry":{"type":"Polygon","coordinates":[[[90.454,26.3583],[90.4537,26.342],[90.4798,26.3071],[90.4835,26.296],[90.4701,26.2811],[90.4722,26.2693],[90.4579,26.266],[90.4514,26.2561],[90.4298,26.2568],[90.4316,26.2543],[90.433,26.2531],[90.4345,26.2519],[90.4372,26.2477],[90.4451,26.2439],[90.4448,26.239],[90.4424,26.2371],[90.4371,26.238],[90.4357,26.2349],[90.439,26.2319],[90.4374,26.2312],[90.4363,26.2308],[90.4285,26.2334],[90.4253,26.2326],[90.4241,26.2308],[90.4235,26.2289],[90.4218,26.2271],[90.4248,26.2237],[90.4252,26.2207],[90.4121,26.2133],[90.4076,26.2124],[90.4046,26.2087],[90.4044,26.2053],[90.3936,26.2019],[90.382,26.2032],[90.3771,26.1982],[90.3911,26.1915],[90.4071,26.1965],[90.4334,26.1971],[90.4545,26.1893],[90.4382,26.174],[90.4447,26.1657],[90.4671,26.1772],[90.4692,26.1682],[90.4932,26.1859],[90.497,26.1924],[90.5068,26.193],[90.5093,26.1948],[90.5127,26.1966],[90.5211,26.1997],[90.5297,26.2014],[90.5388,26.2039],[90.5455,26.2053],[90.5773,26.2035],[90.6001,26.2152],[90.6288,26.2046],[90.6559,26.2111],[90.6725,26.1983],[90.6624,26.2242],[90.6528,26.2381],[90.6616,26.2486],[90.6838,26.2579],[90.7028,26.2561],[90.7176,26.2639],[90.7251,26.2565],[90.7376,26.2747],[90.7479,26.2801],[90.7514,26.2935],[90.7599,26.2981],[90.774,26.2877],[90.7835,26.3023],[90.8032,26.3056],[90.8006,26.3209],[90.7907,26.3239],[90.8036,26.3475],[90.8181,26.3669],[90.8398,26.358],[90.8597,26.3622],[90.8605,26.3783],[90.8467,26.3922],[90.8448,26.4022],[90.8513,26.4146],[90.8441,26.4201],[90.8248,26.4077],[90.8173,26.4152],[90.8146,26.4152],[90.7968,26.4116],[90.7834,26.4304],[90.7832,26.4323],[90.7831,26.4338],[90.7831,26.4358],[90.7706,26.4364],[90.7707,26.4354],[90.7666,26.428],[90.7666,26.4281],[90.7664,26.4294],[90.7656,26.4323],[90.766,26.4332],[90.75,26.4349],[90.7494,26.4328],[90.749,26.4309],[90.7489,26.4292],[90.7341,26.4296],[90.7338,26.4288],[90.7362,26.4165],[90.7368,26.4149],[90.7445,26.4079],[90.7488,26.3821],[90.7669,26.3775],[90.7696,26.3749],[90.7588,26.3609],[90.7637,26.3451],[90.7444,26.3451],[90.7369,26.3511],[90.74,26.3683],[90.7098,26.3798],[90.6998,26.3646],[90.7077,26.3548],[90.6966,26.3523],[90.6996,26.346],[90.6711,26.3425],[90.6721,26.3411],[90.674,26.3393],[90.6745,26.3381],[90.6753,26.3372],[90.6803,26.3341],[90.6812,26.3301],[90.6801,26.3273],[90.6721,26.3192],[90.6744,26.3057],[90.6874,26.2891],[90.6834,26.2775],[90.6693,26.2834],[90.6576,26.2965],[90.651,26.2801],[90.6089,26.2763],[90.615,26.2702],[90.6496,26.2765],[90.6524,26.2651],[90.6427,26.2538],[90.625,26.2589],[90.6211,26.2516],[90.5865,26.2515],[90.5697,26.2658],[90.5969,26.2747],[90.5875,26.2999],[90.5705,26.3],[90.5729,26.2796],[90.5549,26.2686],[90.5464,26.2935],[90.5203,26.285],[90.5258,26.2696],[90.5066,26.2711],[90.5039,26.289],[90.5238,26.3313],[90.5038,26.3254],[90.4957,26.3123],[90.4819,26.3204],[90.489,26.3374],[90.4983,26.3396],[90.4947,26.3542],[90.4896,26.3515],[90.4857,26.3502],[90.4836,26.3617],[90.4828,26.3643],[90.4823,26.3658],[90.4813,26.369],[90.4792,26.3764],[90.4695,26.3764],[90.4676,26.3629],[90.4569,26.3633],[90.454,26.3583]]]},"properties":{"AC_NO":17,"AC_NAME":"SRIJANGRAM","district":"BONGAIGAON"}},{"type":"Feature","geometry":{"type":"Polygon","coordinates":[[[90.7109,26.45],[90.7101,26.4516],[90.7161,26.4575],[90.717,26.4792],[90.7102,26.4827],[90.6856,26.4818],[90.6825,26.4991],[90.6497,26.5007],[90.6289,26.4966],[90.6235,26.5078],[90.611,26.5153],[90.5998,26.5162],[90.5904,26.5045],[90.5752,26.4989],[90.5474,26.4978],[90.5196,26.5092],[90.5141,26.5025],[90.4982,26.4595],[90.5091,26.4517],[90.5035,26.4297],[90.4928,26.4193],[90.4807,26.4169],[90.4802,26.3886],[90.46,26.4107],[90.4632,26.4309],[90.4562,26.4327],[90.4624,26.452],[90.4316,26.4525],[90.4419,26.4411],[90.4467,26.425],[90.433,26.4131],[90.4275,26.4301],[90.4039,26.4421],[90.4122,26.425],[90.4052,26.4131],[90.4257,26.396],[90.4335,26.3755],[90.4245,26.3637],[90.4323,26.3448],[90.4496,26.3491],[90.454,26.3583],[90.4569,26.3633],[90.4676,26.3629],[90.4695,26.3764],[90.4792,26.3764],[90.4813,26.369],[90.4823,26.3658],[90.4828,26.3643],[90.4836,26.3617],[90.4857,26.3502],[90.4896,26.3515],[90.4947,26.3542],[90.5171,26.3687],[90.5186,26.3756],[90.546,26.3794],[90.5693,26.3997],[90.6065,26.3898],[90.6345,26.3932],[90.6341,26.4033],[90.6441,26.4123],[90.6486,26.4194],[90.647,26.452],[90.6607,26.4429],[90.6936,26.441],[90.7109,26.45]]]},"properties":{"AC_NO":18,"AC_NAME":"BONGAIGAON","district":"BONGAIGAON"}},{"type":"Feature","geometry":{"type":"Polygon","coordinates":[[[93.1969,25.8981],[93.2219,25.8601],[93.2392,25.8511],[93.238,25.8411],[93.245,25.8246],[93.2479,25.7977],[93.2438,25.7765],[93.231,25.7592],[93.2265,25.7268],[93.1824,25.729],[93.1705,25.7184],[93.159,25.7235],[93.1426,25.7186],[93.1342,25.7053],[93.1316,25.6866],[93.1366,25.6694],[93.1681,25.6627],[93.1785,25.6396],[93.1899,25.6242],[93.177,25.6127],[93.177,25.5933],[93.1926,25.5654],[93.1984,25.5646],[93.2076,25.5442],[93.2601,25.5484],[93.2691,25.5319],[93.2943,25.5443],[93.3015,25.5304],[93.3179,25.5324],[93.3302,25.5425],[93.3424,25.5599],[93.3638,25.5616],[93.3792,25.5766],[93.3796,25.5841],[93.4027,25.6021],[93.4013,25.611],[93.4222,25.6202],[93.4248,25.6305],[93.4494,25.6358],[93.4636,25.6446],[93.4813,25.6446],[93.4967,25.6548],[93.5179,25.682],[93.5312,25.6927],[93.543,25.7153],[93.5426,25.7313],[93.5619,25.7385],[93.584,25.7645],[93.6008,25.7651],[93.6041,25.7741],[93.6177,25.7767],[93.6391,25.8164],[93.6775,25.828],[93.6805,25.8385],[93.702,25.8517],[93.6814,25.904],[93.678,25.9022],[93.6764,25.9021],[93.6763,25.9021],[93.6734,25.9021],[93.6469,25.9153],[93.6449,25.9154],[93.6448,25.9154],[93.642,25.9157],[93.6401,25.9178],[93.6389,25.9183],[93.6191,25.936],[93.6044,25.9337],[93.5906,25.9505],[93.5887,25.9522],[93.5877,25.9536],[93.5877,25.9537],[93.588,25.9557],[93.5834,25.9588],[93.5819,25.9579],[93.5819,25.9578],[93.5788,25.9564],[93.5787,25.9564],[93.576,25.956],[93.5759,25.956],[93.5734,25.956],[93.5579,25.9594],[93.5558,25.9606],[93.5557,25.9606],[93.5535,25.9609],[93.5378,25.9629],[93.5219,25.9732],[93.5205,25.9715],[93.5205,25.9714],[93.519,25.9701],[93.5189,25.9701],[93.5148,25.9696],[93.5129,25.9685],[93.5128,25.9684],[93.5102,25.9677],[93.4819,25.9712],[93.4805,25.9721],[93.4804,25.9721],[93.4783,25.9717],[93.4703,25.9728],[93.4683,25.9733],[93.4682,25.9733],[93.4671,25.9728],[93.467,25.9728],[93.4653,25.9735],[93.4568,25.9797],[93.4673,25.9903],[93.4717,26.0102],[93.4913,26.0129],[93.5067,26.0248],[93.5267,26.0332],[93.5315,26.0465],[93.5316,26.0465],[93.5341,26.0455],[93.5342,26.0455],[93.5375,26.045],[93.5488,26.0683],[93.5586,26.0778],[93.5566,26.092],[93.5566,26.0921],[93.5563,26.0944],[93.5562,26.0944],[93.5552,26.0954],[93.5551,26.0955],[93.554,26.0964],[93.551,26.098],[93.551,26.0981],[93.5496,26.0987],[93.5495,26.0987],[93.548,26.0994],[93.5453,26.0999],[93.5425,26.0993],[93.5405,26.0998],[93.524,26.0975],[93.5124,26.1051],[93.509,26.1058],[93.5089,26.1058],[93.5065,26.1076],[93.4845,26.1226],[93.4876,26.1331],[93.4741,26.143],[93.4713,26.1431],[93.4712,26.1431],[93.4711,26.1431],[93.4694,26.1433],[93.4701,26.161],[93.4622,26.1709],[93.4547,26.1971],[93.467,26.2034],[93.4694,26.2233],[93.4462,26.2303],[93.4447,26.2314],[93.4447,26.2315],[93.4443,26.2324],[93.4443,26.2325],[93.4442,26.2325],[93.4409,26.2331],[93.4408,26.2331],[93.4391,26.2337],[93.431,26.2385],[93.4296,26.2391],[93.4272,26.2396],[93.418,26.2422],[93.4171,26.2421],[93.417,26.2421],[93.4163,26.2424],[93.41,26.2417],[93.4086,26.2414],[93.4065,26.2415],[93.4064,26.2415],[93.4038,26.2425],[93.3841,26.2597],[93.3733,26.2773],[93.3459,26.2675],[93.3061,26.2701],[93.2945,26.2605],[93.2637,26.2938],[93.2499,26.2897],[93.2478,26.2882],[93.2477,26.2882],[93.2454,26.2864],[93.2386,26.2825],[93.2379,26.2818],[93.2379,26.2817],[93.2373,26.281],[93.2372,26.281],[93.237,26.2795],[93.2355,26.2789],[93.2345,26.2776],[93.2301,26.2753],[93.2283,26.2743],[93.2269,26.2745],[93.2239,26.2731],[93.2238,26.2731],[93.2206,26.2708],[93.2174,26.2676],[93.2173,26.2676],[93.2148,26.2672],[93.2063,26.2598],[93.2065,26.2586],[93.2065,26.2585],[93.2048,26.2578],[93.1895,26.2559],[93.1899,26.255],[93.1899,26.2549],[93.1894,26.2539],[93.1595,26.2389],[93.1578,26.2374],[93.1568,26.2371],[93.1555,26.2366],[93.1542,26.2358],[93.147,26.2259],[93.1573,26.2155],[93.1575,26.1981],[93.14,26.195],[93.1291,26.1729],[93.1158,26.1737],[93.1239,26.1558],[93.1338,26.1468],[93.1267,26.1174],[93.1354,26.0938],[93.1566,26.08],[93.1657,26.0565],[93.1824,26.0466],[93.2015,26.041],[93.2039,26.016],[93.1988,26.0024],[93.1971,26.0005],[93.197,26.0004],[93.196,25.9991],[93.1979,25.9564],[93.1979,25.9563],[93.1981,25.9552],[93.1982,25.9551],[93.1984,25.9538],[93.1984,25.9537],[93.1995,25.9526],[93.1982,25.9464],[93.2168,25.9323],[93.2196,25.9139],[93.2079,25.9011],[93.1969,25.8981]]]},"properties":{"AC_NO":110,"AC_NAME":"DIPHU (ST)","district":"KARBI ANGLONG"}},{"type":"Feature","geometry":{"type":"Polygon","coordinates":[[[93.7205,26.6013],[93.7004,26.6075],[93.6686,26.6048],[93.6359,26.5975],[93.6219,26.5898],[93.6212,26.5761],[93.6098,26.5778],[93.5942,26.571],[93.5833,26.5797],[93.5813,26.6058],[93.5529,26.6126],[93.5522,26.6067],[93.5237,26.5937],[93.5092,26.5939],[93.504,26.6063],[93.4779,26.6032],[93.4702,26.5912],[93.4733,26.5813],[93.4569,26.5687],[93.453,26.5808],[93.4086,26.5706],[93.4031,26.5801],[93.3371,26.5803],[93.3203,26.5846],[93.2976,26.5765],[93.2816,26.5691],[93.2699,26.573],[93.2432,26.5628],[93.235,26.5542],[93.2627,26.5379],[93.2634,26.5211],[93.2459,26.5237],[93.2439,26.5328],[93.2226,26.5365],[93.2134,26.5299],[93.1998,26.5332],[93.2004,26.5438],[93.211,26.5599],[93.1913,26.5671],[93.1826,26.5652],[93.1518,26.547],[93.1471,26.5559],[93.118,26.5317],[93.1095,26.5306],[93.0891,26.5447],[93.0599,26.5447],[93.0431,26.5352],[93.0463,26.5269],[93.0318,26.5154],[93.016,26.5109],[93.0066,26.4918],[93.0136,26.4773],[93.0381,26.487],[93.0704,26.4914],[93.066,26.4826],[93.0732,26.4727],[93.0903,26.4687],[93.1123,26.4837],[93.1271,26.4862],[93.1236,26.4614],[93.0866,26.4383],[93.0763,26.4207],[93.0544,26.4192],[93.0482,26.4345],[93.018,26.4203],[93.0041,26.4247],[92.9518,26.405],[92.9305,26.3991],[92.9294,26.3984],[92.9136,26.3924],[92.9061,26.396],[92.898,26.3814],[92.898,26.3815],[92.9024,26.3848],[92.921,26.3683],[92.9134,26.3619],[92.9326,26.3508],[92.941,26.3518],[92.946,26.3337],[92.9388,26.3241],[92.9214,26.3132],[92.9112,26.3168],[92.8939,26.3032],[92.8933,26.29],[92.8797,26.2837],[92.8436,26.3047],[92.8399,26.2878],[92.8304,26.2742],[92.8188,26.27],[92.8127,26.2438],[92.8154,26.2325],[92.827,26.2251],[92.8148,26.2141],[92.7936,26.2195],[92.7941,26.2048],[92.8445,26.2046],[92.8592,26.2017],[92.8821,26.2079],[92.9074,26.2021],[92.9394,26.2026],[92.952,26.1907],[92.9558,26.1739],[92.9424,26.1538],[92.9316,26.1515],[92.9314,26.1514],[92.935,26.1366],[92.9539,26.1406],[92.9663,26.1292],[92.9916,26.1241],[93.0126,26.1126],[93.0218,26.113],[93.0351,26.1018],[93.0405,26.087],[93.1021,26.0746],[93.1008,26.0556],[93.0987,26.0499],[93.0934,26.0331],[93.109,26.0369],[93.1263,26.0312],[93.1272,26.0311],[93.1533,25.995],[93.1586,25.9617],[93.1731,25.9531],[93.1834,25.9142],[93.1837,25.9027],[93.1969,25.8981],[93.2079,25.9011],[93.2196,25.9139],[93.2168,25.9323],[93.1982,25.9464],[93.1995,25.9526],[93.1984,25.9537],[93.1984,25.9538],[93.1982,25.9551],[93.1981,25.9552],[93.1979,25.9563],[93.1979,25.9564],[93.196,25.9991],[93.197,26.0004],[93.1971,26.0005],[93.1988,26.0024],[93.2039,26.016],[93.2015,26.041],[93.1824,26.0466],[93.1657,26.0565],[93.1566,26.08],[93.1354,26.0938],[93.1267,26.1174],[93.1338,26.1468],[93.1239,26.1558],[93.1158,26.1737],[93.1291,26.1729],[93.14,26.195],[93.1575,26.1981],[93.1573,26.2155],[93.147,26.2259],[93.1542,26.2358],[93.1555,26.2366],[93.1568,26.2371],[93.1578,26.2374],[93.1595,26.2389],[93.1894,26.2539],[93.1899,26.2549],[93.1899,26.255],[93.1895,26.2559],[93.2048,26.2578],[93.2065,26.2585],[93.2065,26.2586],[93.2063,26.2598],[93.2148,26.2672],[93.2173,26.2676],[93.2174,26.2676],[93.2206,26.2708],[93.2238,26.2731],[93.2239,26.2731],[93.2269,26.2745],[93.2283,26.2743],[93.2301,26.2753],[93.2345,26.2776],[93.2355,26.2789],[93.237,26.2795],[93.2372,26.281],[93.2373,26.281],[93.2379,26.2817],[93.2379,26.2818],[93.2386,26.2825],[93.2454,26.2864],[93.2477,26.2882],[93.2478,26.2882],[93.2499,26.2897],[93.2637,26.2938],[93.2945,26.2605],[93.3061,26.2701],[93.3459,26.2675],[93.3733,26.2773],[93.3841,26.2597],[93.4038,26.2425],[93.4064,26.2415],[93.4065,26.2415],[93.4086,26.2414],[93.41,26.2417],[93.4163,26.2424],[93.417,26.2421],[93.4171,26.2421],[93.418,26.2422],[93.4272,26.2396],[93.4296,26.2391],[93.431,26.2385],[93.4391,26.2337],[93.4408,26.2331],[93.4409,26.2331],[93.4442,26.2325],[93.4443,26.2325],[93.4443,26.2324],[93.4447,26.2315],[93.4447,26.2314],[93.4462,26.2303],[93.4694,26.2233],[93.4824,26.2393],[93.4773,26.2641],[93.4875,26.2756],[93.488,26.2931],[93.4805,26.3036],[93.4814,26.321],[93.4996,26.3384],[93.5,26.3539],[93.5141,26.3646],[93.5255,26.3855],[93.5139,26.3904],[93.4942,26.3829],[93.4859,26.3934],[93.4961,26.4067],[93.4979,26.4216],[93.4922,26.4281],[93.4977,26.4463],[93.4854,26.4528],[93.5159,26.4618],[93.5207,26.4635],[93.5207,26.4636],[93.5208,26.4636],[93.5224,26.4647],[93.5233,26.4736],[93.5252,26.4747],[93.5293,26.4756],[93.5363,26.4764],[93.5364,26.4765],[93.5402,26.4779],[93.5403,26.4779],[93.5434,26.4797],[93.5543,26.5031],[93.5617,26.5023],[93.5631,26.5025],[93.5632,26.5025],[93.5642,26.5043],[93.5897,26.5173],[93.5913,26.5173],[93.5914,26.5173],[93.5934,26.5177],[93.6169,26.5258],[93.6282,26.5432],[93.6302,26.5557],[93.6428,26.5754],[93.6428,26.5755],[93.6431,26.5763],[93.6431,26.5764],[93.6435,26.5773],[93.6447,26.5786],[93.6747,26.5928],[93.6858,26.5914],[93.7205,26.6013]]]},"properties":{"AC_NO":109,"AC_NAME":"HOWARGHAT (ST)","district":"KARBI ANGLONG"}},{"type":"Feature","geometry":{"type":"Polygon","coordinates":[[[93.6814,25.904],[93.7083,25.919],[93.7351,25.9238],[93.7454,25.9399],[93.7675,25.9507],[93.769,25.9661],[93.7766,25.9689],[93.7784,25.978],[93.7954,25.9884],[93.7859,26.0144],[93.7871,26.0312],[93.7939,26.0409],[93.7905,26.0528],[93.8066,26.0747],[93.804,26.0924],[93.817,26.1207],[93.8184,26.1337],[93.8302,26.1497],[93.8219,26.173],[93.8333,26.1808],[93.8338,26.2072],[93.857,26.2214],[93.8653,26.2582],[93.8765,26.288],[93.8722,26.3012],[93.8851,26.3026],[93.8895,26.3474],[93.8831,26.3621],[93.8903,26.3694],[93.881,26.3885],[93.8817,26.3895],[93.8653,26.3892],[93.8587,26.3986],[93.829,26.4159],[93.8166,26.3987],[93.8049,26.3949],[93.788,26.377],[93.7764,26.3857],[93.7948,26.4038],[93.7831,26.4109],[93.7812,26.425],[93.7939,26.4286],[93.7944,26.4403],[93.7769,26.4666],[93.7781,26.4819],[93.7576,26.5138],[93.755,26.5295],[93.7359,26.5336],[93.7355,26.5552],[93.7522,26.5852],[93.752,26.5854],[93.7422,26.5843],[93.7205,26.6013],[93.6858,26.5914],[93.6747,26.5928],[93.6447,26.5786],[93.6435,26.5773],[93.6431,26.5764],[93.6431,26.5763],[93.6428,26.5755],[93.6428,26.5754],[93.6302,26.5557],[93.6282,26.5432],[93.6169,26.5258],[93.5934,26.5177],[93.5914,26.5173],[93.5913,26.5173],[93.5897,26.5173],[93.5642,26.5043],[93.5632,26.5025],[93.5631,26.5025],[93.5617,26.5023],[93.5543,26.5031],[93.5434,26.4797],[93.5403,26.4779],[93.5402,26.4779],[93.5364,26.4765],[93.5363,26.4764],[93.5293,26.4756],[93.5252,26.4747],[93.5233,26.4736],[93.5224,26.4647],[93.5208,26.4636],[93.5207,26.4636],[93.5207,26.4635],[93.5159,26.4618],[93.4854,26.4528],[93.4977,26.4463],[93.4922,26.4281],[93.4979,26.4216],[93.4961,26.4067],[93.4859,26.3934],[93.4942,26.3829],[93.5139,26.3904],[93.5255,26.3855],[93.5141,26.3646],[93.5,26.3539],[93.4996,26.3384],[93.4814,26.321],[93.4805,26.3036],[93.488,26.2931],[93.4875,26.2756],[93.4773,26.2641],[93.4824,26.2393],[93.4694,26.2233],[93.467,26.2034],[93.4547,26.1971],[93.4622,26.1709],[93.4701,26.161],[93.4694,26.1433],[93.4711,26.1431],[93.4712,26.1431],[93.4713,26.1431],[93.4741,26.143],[93.4876,26.1331],[93.4845,26.1226],[93.5065,26.1076],[93.5089,26.1058],[93.509,26.1058],[93.5124,26.1051],[93.524,26.0975],[93.5405,26.0998],[93.5425,26.0993],[93.5453,26.0999],[93.548,26.0994],[93.5495,26.0987],[93.5496,26.0987],[93.551,26.0981],[93.551,26.098],[93.554,26.0964],[93.5551,26.0955],[93.5552,26.0954],[93.5562,26.0944],[93.5563,26.0944],[93.5566,26.0921],[93.5566,26.092],[93.5586,26.0778],[93.5488,26.0683],[93.5375,26.045],[93.5342,26.0455],[93.5341,26.0455],[93.5316,26.0465],[93.5315,26.0465],[93.5267,26.0332],[93.5067,26.0248],[93.4913,26.0129],[93.4717,26.0102],[93.4673,25.9903],[93.4568,25.9797],[93.4653,25.9735],[93.467,25.9728],[93.4671,25.9728],[93.4682,25.9733],[93.4683,25.9733],[93.4703,25.9728],[93.4783,25.9717],[93.4804,25.9721],[93.4805,25.9721],[93.4819,25.9712],[93.5102,25.9677],[93.5128,25.9684],[93.5129,25.9685],[93.5148,25.9696],[93.5189,25.9701],[93.519,25.9701],[93.5205,25.9714],[93.5205,25.9715],[93.5219,25.9732],[93.5378,25.9629],[93.5535,25.9609],[93.5557,25.9606],[93.5558,25.9606],[93.5579,25.9594],[93.5734,25.956],[93.5759,25.956],[93.576,25.956],[93.5787,25.9564],[93.5788,25.9564],[93.5819,25.9578],[93.5819,25.9579],[93.5834,25.9588],[93.588,25.9557],[93.5877,25.9537],[93.5877,25.9536],[93.5887,25.9522],[93.5906,25.9505],[93.6044,25.9337],[93.6191,25.936],[93.6389,25.9183],[93.6401,25.9178],[93.642,25.9157],[93.6448,25.9154],[93.6449,25.9154],[93.6469,25.9153],[93.6734,25.9021],[93.6763,25.9021],[93.6764,25.9021],[93.678,25.9022],[93.6814,25.904]]]},"properties":{"AC_NO":108,"AC_NAME":"BOKAJAN (ST)","district":"KARBI ANGLONG"}},{"type":"Feature","geometry":{"type":"Polygon","coordinates":[[[89.7863,26.0962],[89.7989,26.064],[89.7853,26.057],[89.7803,26.0403],[89.8123,26.0398],[89.8221,26.0099],[89.8161,25.9944],[89.8221,25.9862],[89.8362,25.9824],[89.8313,26.001],[89.8442,26.0064],[89.8504,25.99],[89.8712,25.981],[89.8596,25.9693],[89.8426,25.9707],[89.8475,25.9568],[89.8331,25.9548],[89.8256,25.9453],[89.8488,25.9428],[89.8873,25.9452],[89.8815,25.935],[89.8902,25.9197],[89.8845,25.9063],[89.9183,25.9106],[89.9276,25.9246],[89.9296,25.9424],[89.9472,25.9534],[89.9926,25.9882],[90.0021,25.9844],[90.0253,26.0038],[90.0556,26.0079],[90.095,26.0412],[90.0976,26.0664],[90.0815,26.0707],[90.0556,26.0714],[90.0306,26.1018],[90.0307,26.0911],[90.0398,26.0849],[90.0419,26.078],[90.0433,26.0757],[90.0459,26.0734],[90.0463,26.0732],[90.0451,26.0725],[90.0183,26.0701],[90.0165,26.0695],[90.0123,26.0682],[90.0045,26.0661],[89.9928,26.0589],[89.9926,26.0591],[89.9908,26.0598],[89.9884,26.0648],[89.9869,26.0658],[89.9846,26.0666],[89.9787,26.0677],[89.977,26.0682],[89.9752,26.0697],[89.9738,26.0705],[89.9651,26.0663],[89.962,26.0645],[89.9583,26.0625],[89.9562,26.0604],[89.9536,26.0599],[89.9511,26.0645],[89.9404,26.0633],[89.9346,26.0685],[89.9259,26.0678],[89.9253,26.0672],[89.9249,26.0679],[89.9231,26.0714],[89.9209,26.0758],[89.917,26.078],[89.9185,26.0807],[89.9179,26.0845],[89.9182,26.0859],[89.9164,26.0866],[89.9139,26.088],[89.9137,26.0887],[89.9113,26.0879],[89.9062,26.0856],[89.9021,26.0828],[89.9012,26.0814],[89.9003,26.0804],[89.9001,26.0792],[89.9017,26.076],[89.9032,26.0717],[89.9017,26.0606],[89.8956,26.0472],[89.8932,26.0442],[89.8931,26.0441],[89.8907,26.0425],[89.8871,26.0412],[89.8862,26.0413],[89.8842,26.0415],[89.8825,26.0425],[89.8831,26.0427],[89.8827,26.043],[89.8822,26.0444],[89.8818,26.0469],[89.8816,26.0498],[89.879,26.055],[89.8918,26.0692],[89.8761,26.0717],[89.8723,26.0693],[89.8691,26.069],[89.8676,26.0691],[89.8676,26.0693],[89.8677,26.0729],[89.8567,26.0729],[89.8537,26.0726],[89.849,26.0722],[89.8489,26.0688],[89.8503,26.064],[89.8492,26.0618],[89.8475,26.0573],[89.8299,26.0554],[89.8276,26.0601],[89.8284,26.0629],[89.83,26.0651],[89.8343,26.0677],[89.841,26.0702],[89.8391,26.0729],[89.8346,26.0761],[89.8332,26.0789],[89.8328,26.0795],[89.8326,26.0801],[89.8325,26.0804],[89.8304,26.0811],[89.8281,26.0848],[89.8242,26.0873],[89.823,26.0978],[89.8078,26.0939],[89.7863,26.0962]]]},"properties":{"AC_NO":8,"AC_NAME":"DHUBRI","district":"DHUBRI"}},{"type":"Feature","geometry":{"type":"Polygon","coordinates":[[[89.7836,26.3351],[89.7657,26.3169],[89.7512,26.3209],[89.7544,26.3016],[89.7471,26.2917],[89.7178,26.2958],[89.7385,26.2714],[89.7315,26.2585],[89.7026,26.2578],[89.7318,26.2398],[89.7158,26.2311],[89.7089,26.212],[89.7191,26.2066],[89.7204,26.1955],[89.7035,26.178],[89.7192,26.1663],[89.7205,26.1562],[89.7458,26.1585],[89.7668,26.128],[89.7553,26.1133],[89.7863,26.0962],[89.8078,26.0939],[89.823,26.0978],[89.8242,26.0873],[89.8281,26.0848],[89.8304,26.0811],[89.8325,26.0804],[89.8326,26.0801],[89.8328,26.0795],[89.8332,26.0789],[89.8346,26.0761],[89.8391,26.0729],[89.841,26.0702],[89.83,26.0651],[89.8284,26.0629],[89.8276,26.0601],[89.8299,26.0554],[89.8475,26.0573],[89.8492,26.0618],[89.8503,26.064],[89.8489,26.0688],[89.849,26.0722],[89.8536,26.0726],[89.8567,26.0729],[89.8677,26.0729],[89.8676,26.0693],[89.8676,26.0691],[89.8691,26.069],[89.8723,26.0693],[89.8761,26.0717],[89.8918,26.0692],[89.879,26.055],[89.8825,26.0425],[89.8829,26.0422],[89.8842,26.0415],[89.8871,26.0412],[89.8907,26.0425],[89.8931,26.0441],[89.8932,26.0442],[89.8956,26.0472],[89.9017,26.0606],[89.9032,26.0717],[89.9017,26.076],[89.9001,26.0792],[89.9003,26.0804],[89.9011,26.0814],[89.9021,26.0828],[89.9062,26.0856],[89.9113,26.0879],[89.9137,26.0887],[89.9139,26.088],[89.9164,26.0866],[89.9182,26.0859],[89.9179,26.0845],[89.9185,26.0807],[89.917,26.078],[89.9209,26.0758],[89.9211,26.0759],[89.9263,26.0788],[89.9274,26.0816],[89.9274,26.0925],[89.9363,26.0958],[89.9615,26.0874],[89.9777,26.0895],[89.9782,26.0984],[89.9554,26.096],[89.9481,26.1064],[89.902,26.0918],[89.8956,26.1103],[89.886,26.0989],[89.8695,26.0949],[89.8712,26.1129],[89.8543,26.1128],[89.8522,26.1243],[89.8246,26.125],[89.8006,26.1381],[89.7979,26.1538],[89.7854,26.1659],[89.7919,26.1906],[89.8183,26.1659],[89.8248,26.1384],[89.8373,26.1325],[89.8707,26.1281],[89.8687,26.1384],[89.863,26.1456],[89.8604,26.147],[89.8511,26.1855],[89.8406,26.1963],[89.8541,26.2038],[89.8484,26.2208],[89.8367,26.2151],[89.8267,26.1981],[89.8085,26.1975],[89.8145,26.2119],[89.8073,26.2307],[89.7893,26.2222],[89.7837,26.2258],[89.784,26.2485],[89.7895,26.2623],[89.7726,26.2624],[89.7747,26.277],[89.8093,26.278],[89.801,26.2972],[89.8144,26.3],[89.8156,26.2795],[89.8324,26.2786],[89.8319,26.2654],[89.818,26.2604],[89.8247,26.2467],[89.8396,26.249],[89.8373,26.2595],[89.8477,26.2736],[89.8332,26.2819],[89.8352,26.3031],[89.8484,26.3143],[89.8636,26.3342],[89.8551,26.3411],[89.8104,26.3439],[89.7836,26.3351]]]},"properties":{"AC_NO":6,"AC_NAME":" GOLAKGANJ","district":"DHUBRI"}},{"type":"Feature","geometry":{"type":"Polygon","coordinates":[[[90.1308,26.2342],[90.1363,26.2155],[90.1292,26.1972],[90.0872,26.1862],[90.0668,26.1725],[90.0555,26.1563],[90.0374,26.148],[90.025,26.1267],[90,26.1261],[89.9799,26.135],[89.9726,26.1276],[89.948,26.1285],[89.9309,26.1152],[89.9161,26.1163],[89.9085,26.1325],[89.8836,26.1352],[89.8681,26.1518],[89.872,26.1738],[89.8603,26.1914],[89.8721,26.2056],[89.8599,26.2199],[89.8699,26.2316],[89.8742,26.2473],[89.8662,26.2584],[89.8685,26.2717],[89.8846,26.2994],[89.8819,26.3081],[89.9021,26.3253],[89.9022,26.3253],[89.9026,26.3387],[89.8716,26.348],[89.8756,26.3628],[89.851,26.3678],[89.843,26.3778],[89.8295,26.3707],[89.8137,26.371],[89.7832,26.3513],[89.7836,26.3351],[89.8104,26.3439],[89.8551,26.3411],[89.8636,26.3342],[89.8484,26.3143],[89.8352,26.3031],[89.8332,26.2819],[89.8477,26.2736],[89.8373,26.2595],[89.8396,26.249],[89.8247,26.2467],[89.818,26.2604],[89.8319,26.2654],[89.8324,26.2786],[89.8156,26.2795],[89.8144,26.3],[89.801,26.2972],[89.8093,26.278],[89.7747,26.277],[89.7726,26.2624],[89.7895,26.2623],[89.784,26.2485],[89.7837,26.2258],[89.7893,26.2222],[89.8073,26.2307],[89.8145,26.2119],[89.8085,26.1975],[89.8267,26.1981],[89.8367,26.2151],[89.8484,26.2208],[89.8541,26.2038],[89.8406,26.1963],[89.8511,26.1855],[89.8604,26.147],[89.863,26.1456],[89.8687,26.1384],[89.8707,26.1281],[89.8373,26.1325],[89.8248,26.1384],[89.8183,26.1659],[89.7919,26.1906],[89.7854,26.1659],[89.7979,26.1538],[89.8006,26.1381],[89.8246,26.125],[89.8522,26.1243],[89.8543,26.1128],[89.8712,26.1129],[89.8695,26.0949],[89.886,26.0989],[89.8956,26.1103],[89.902,26.0918],[89.9481,26.1064],[89.9554,26.096],[89.9782,26.0984],[89.9777,26.0895],[89.9615,26.0874],[89.9363,26.0958],[89.9274,26.0925],[89.9274,26.0816],[89.9263,26.0788],[89.9211,26.0759],[89.9209,26.0758],[89.9231,26.0714],[89.9252,26.0672],[89.9259,26.0678],[89.93,26.068],[89.9331,26.0681],[89.9346,26.0685],[89.9404,26.0633],[89.9536,26.0599],[89.9562,26.0604],[89.9583,26.0625],[89.962,26.0645],[89.9651,26.0663],[89.9738,26.0705],[89.9752,26.0697],[89.977,26.0682],[89.9787,26.0677],[89.9846,26.0666],[89.9869,26.0658],[89.9884,26.0648],[89.9908,26.0597],[89.9928,26.0589],[89.9968,26.0614],[90.0045,26.0661],[90.0123,26.0682],[90.0165,26.0695],[90.0183,26.0701],[90.0451,26.0725],[90.0463,26.0732],[90.0459,26.0734],[90.0433,26.0757],[90.0419,26.078],[90.0398,26.0849],[90.0307,26.0911],[90.0293,26.1007],[90.0419,26.1117],[90.0441,26.1151],[90.0493,26.1175],[90.0509,26.1182],[90.0546,26.1194],[90.0721,26.1305],[90.0795,26.1311],[90.0825,26.1322],[90.0882,26.1345],[90.09,26.1352],[90.1018,26.143],[90.1016,26.1447],[90.104,26.1455],[90.1122,26.1479],[90.1148,26.1486],[90.1153,26.1487],[90.1149,26.1548],[90.1141,26.1618],[90.1142,26.1626],[90.1153,26.1624],[90.1186,26.1634],[90.1224,26.1629],[90.1246,26.1639],[90.1253,26.1623],[90.1257,26.148],[90.1344,26.1471],[90.1404,26.1488],[90.1417,26.1492],[90.1407,26.1496],[90.1393,26.1508],[90.1391,26.1516],[90.1403,26.1527],[90.1421,26.172],[90.1398,26.1751],[90.1365,26.1765],[90.1364,26.1787],[90.1379,26.1803],[90.1403,26.1819],[90.1478,26.1835],[90.1529,26.1882],[90.1563,26.188],[90.1592,26.1882],[90.161,26.1892],[90.1611,26.1893],[90.1633,26.191],[90.1918,26.1877],[90.1995,26.1905],[90.2098,26.1898],[90.2124,26.19],[90.214,26.1907],[90.2161,26.1977],[90.2173,26.1977],[90.2193,26.1979],[90.2228,26.1985],[90.225,26.1992],[90.2264,26.1999],[90.2289,26.2075],[90.2303,26.2082],[90.2289,26.2116],[90.2278,26.2179],[90.2283,26.2265],[90.2165,26.2393],[90.2182,26.2463],[90.2197,26.2514],[90.2215,26.2534],[90.2222,26.2536],[90.2239,26.2587],[90.2239,26.2598],[90.2232,26.2597],[90.2207,26.2593],[90.2199,26.2599],[90.2183,26.2612],[90.2165,26.2631],[90.2161,26.2643],[90.2178,26.265],[90.2178,26.2656],[90.217,26.2657],[90.2141,26.265],[90.2119,26.265],[90.2097,26.2666],[90.2071,26.2657],[90.1941,26.2616],[90.185,26.2494],[90.1836,26.2477],[90.1825,26.2468],[90.1823,26.2465],[90.1799,26.2473],[90.1757,26.2523],[90.1748,26.2565],[90.1781,26.2575],[90.1796,26.2581],[90.1802,26.2581],[90.1778,26.2682],[90.1683,26.2809],[90.1588,26.2708],[90.1482,26.2692],[90.1395,26.2642],[90.1351,26.2639],[90.131,26.2634],[90.1327,26.2564],[90.1408,26.2559],[90.1427,26.2543],[90.1425,26.2494],[90.1429,26.2479],[90.1395,26.2472],[90.137,26.2462],[90.1338,26.246],[90.1319,26.2463],[90.1308,26.2342]]]},"properties":{"AC_NO":7,"AC_NAME":"GAURIPUR","district":"DHUBRI"}},{"type":"Feature","geometry":{"type":"Polygon","coordinates":[[[90.4298,26.2568],[90.4514,26.2561],[90.4579,26.266],[90.4722,26.2693],[90.4701,26.2811],[90.4835,26.296],[90.4798,26.3071],[90.4537,26.342],[90.454,26.3583],[90.4496,26.3491],[90.4323,26.3448],[90.4245,26.3637],[90.402,26.3639],[90.396,26.3475],[90.4042,26.3331],[90.4041,26.316],[90.3838,26.3116],[90.3747,26.2909],[90.3812,26.2686],[90.3628,26.2731],[90.3504,26.285],[90.3452,26.272],[90.3181,26.2678],[90.3034,26.2575],[90.3065,26.2458],[90.2873,26.2374],[90.288,26.2521],[90.2736,26.2606],[90.2515,26.2644],[90.2586,26.2729],[90.2719,26.272],[90.2804,26.2974],[90.25,26.3246],[90.2336,26.3269],[90.225,26.3437],[90.2342,26.3655],[90.2267,26.3851],[90.2089,26.3763],[90.2056,26.3611],[90.1946,26.3555],[90.1912,26.3527],[90.1717,26.3419],[90.1486,26.3526],[90.1346,26.3483],[90.1213,26.3508],[90.1001,26.3421],[90.1025,26.3166],[90.1198,26.3081],[90.1307,26.2933],[90.1429,26.2904],[90.1399,26.2746],[90.1197,26.2598],[90.1034,26.2678],[90.1039,26.2511],[90.1203,26.2504],[90.1218,26.2363],[90.1308,26.2342],[90.1319,26.2463],[90.1338,26.246],[90.137,26.2462],[90.1429,26.2479],[90.1425,26.2494],[90.1427,26.2543],[90.1408,26.2559],[90.1327,26.2564],[90.131,26.2634],[90.1351,26.2639],[90.1395,26.2642],[90.1482,26.2692],[90.1588,26.2708],[90.1683,26.2809],[90.1778,26.2682],[90.1802,26.2581],[90.1796,26.2581],[90.1749,26.2565],[90.1753,26.2557],[90.1757,26.2523],[90.1799,26.2473],[90.1823,26.2465],[90.1836,26.2477],[90.185,26.2494],[90.1863,26.2514],[90.1866,26.2519],[90.1882,26.2555],[90.1941,26.2616],[90.2071,26.2657],[90.2097,26.2666],[90.2119,26.265],[90.2141,26.265],[90.217,26.2657],[90.2178,26.2656],[90.2178,26.265],[90.2161,26.2643],[90.2165,26.2631],[90.2184,26.2612],[90.2199,26.2599],[90.2207,26.2593],[90.2232,26.2597],[90.2239,26.2598],[90.2239,26.2587],[90.2222,26.2536],[90.2215,26.2534],[90.2197,26.2514],[90.2182,26.2463],[90.2165,26.2393],[90.2283,26.2266],[90.2505,26.2403],[90.2664,26.2416],[90.2873,26.2286],[90.2944,26.232],[90.3298,26.2183],[90.342,26.2044],[90.3621,26.2069],[90.3682,26.2159],[90.3543,26.2301],[90.3753,26.2312],[90.3911,26.2458],[90.3903,26.2662],[90.4031,26.2664],[90.4027,26.2517],[90.4297,26.2569],[90.4298,26.2568]]]},"properties":{"AC_NO":10,"AC_NAME":"BILASIPARA","district":"DHUBRI"}},{"type":"Feature","geometry":{"type":"Polygon","coordinates":[[[89.8815,25.935],[89.8784,25.9239],[89.849,25.8923],[89.8331,25.8705],[89.8356,25.8411],[89.8169,25.8145],[89.8266,25.8102],[89.8325,25.7895],[89.8349,25.79],[89.8379,25.7907],[89.8452,25.7919],[89.8591,25.7879],[89.8613,25.7882],[89.8623,25.7891],[89.8634,25.7889],[89.8657,25.7873],[89.8685,25.7861],[89.8738,25.7857],[89.8792,25.7849],[89.8829,25.7847],[89.9018,25.8004],[89.9017,25.8019],[89.9018,25.8044],[89.9115,25.8072],[89.927,25.8175],[89.9328,25.8171],[89.9408,25.8179],[89.9519,25.8281],[89.9532,25.834],[89.9546,25.838],[89.963,25.8438],[89.9534,25.8635],[89.958,25.8773],[89.9663,25.8871],[89.9708,25.8898],[89.9751,25.8924],[89.9874,25.8985],[89.9918,25.9197],[89.9883,25.9258],[89.9868,25.9287],[89.9867,25.9296],[89.9933,25.9412],[90.0119,25.9362],[90.0209,25.907],[90.0366,25.8911],[90.0667,25.9134],[90.0865,25.9199],[90.0977,25.9376],[90.1158,25.957],[90.1174,25.9667],[90.1289,25.9673],[90.1582,25.988],[90.1739,25.993],[90.1778,26.0161],[90.1944,26.0145],[90.1963,26.0065],[90.1982,26.0058],[90.1969,26.0233],[90.1972,26.0259],[90.1963,26.0296],[90.1865,26.0378],[90.1789,26.0675],[90.1687,26.0775],[90.1734,26.0902],[90.1728,26.0974],[90.1728,26.1001],[90.1736,26.1031],[90.186,26.1107],[90.1876,26.1139],[90.1883,26.1188],[90.1891,26.1217],[90.1954,26.1273],[90.2007,26.1274],[90.2058,26.1274],[90.2146,26.1273],[90.2216,26.1305],[90.225,26.132],[90.2251,26.1321],[90.2291,26.134],[90.2479,26.1404],[90.261,26.1546],[90.2627,26.1683],[90.2642,26.1708],[90.2635,26.1744],[90.2644,26.1798],[90.2647,26.1832],[90.2812,26.1879],[90.3221,26.1949],[90.3516,26.1902],[90.3596,26.1906],[90.3674,26.1945],[90.3771,26.1982],[90.3743,26.2022],[90.382,26.2032],[90.4044,26.2053],[90.4046,26.2087],[90.4076,26.2124],[90.4122,26.2133],[90.4252,26.2207],[90.4248,26.2237],[90.4218,26.2271],[90.4235,26.2289],[90.4241,26.2308],[90.4253,26.2326],[90.4285,26.2334],[90.4363,26.2308],[90.4374,26.2312],[90.439,26.2319],[90.4357,26.2349],[90.4371,26.238],[90.4424,26.2371],[90.4448,26.239],[90.4451,26.2439],[90.4372,26.2477],[90.4345,26.2519],[90.433,26.2531],[90.4316,26.2543],[90.4297,26.2569],[90.4027,26.2517],[90.4031,26.2664],[90.3903,26.2662],[90.3911,26.2458],[90.3753,26.2312],[90.3543,26.2301],[90.3682,26.2159],[90.3621,26.2069],[90.342,26.2044],[90.3298,26.2183],[90.2944,26.232],[90.2873,26.2286],[90.2664,26.2416],[90.2505,26.2403],[90.2283,26.2266],[90.2278,26.2179],[90.2289,26.2116],[90.2303,26.2082],[90.2289,26.2075],[90.2264,26.1999],[90.225,26.1992],[90.2228,26.1985],[90.2208,26.1984],[90.2193,26.1979],[90.2173,26.1977],[90.2161,26.1977],[90.214,26.1907],[90.2124,26.19],[90.2098,26.1898],[90.1995,26.1905],[90.1919,26.1877],[90.1633,26.191],[90.1611,26.1893],[90.161,26.1892],[90.1592,26.1882],[90.1585,26.1882],[90.1563,26.188],[90.1529,26.1882],[90.1478,26.1835],[90.1364,26.1787],[90.1365,26.1765],[90.1399,26.1751],[90.1421,26.172],[90.1403,26.1527],[90.1391,26.1516],[90.1407,26.1496],[90.1417,26.1492],[90.1404,26.1488],[90.1344,26.1471],[90.1257,26.148],[90.1253,26.1623],[90.1246,26.1639],[90.1224,26.1629],[90.1186,26.1634],[90.1153,26.1624],[90.1141,26.1618],[90.1149,26.1548],[90.1153,26.1487],[90.1148,26.1486],[90.1122,26.1479],[90.1016,26.1448],[90.1027,26.1446],[90.1018,26.143],[90.09,26.1352],[90.0882,26.1345],[90.0825,26.1322],[90.0795,26.1311],[90.0721,26.1305],[90.0673,26.1281],[90.0546,26.1194],[90.0509,26.1182],[90.0493,26.1175],[90.0441,26.1151],[90.0429,26.1133],[90.0419,26.1117],[90.0306,26.1018],[90.0556,26.0714],[90.0815,26.0707],[90.0976,26.0664],[90.095,26.0412],[90.0556,26.0079],[90.0253,26.0038],[90.0021,25.9844],[89.9926,25.9882],[89.9472,25.9534],[89.9296,25.9424],[89.9276,25.9246],[89.9183,25.9106],[89.8845,25.9063],[89.8902,25.9197],[89.8815,25.935]]]},"properties":{"AC_NO":9,"AC_NAME":"BIRSING JARUA","district":"DHUBRI"}},{"type":"Feature","geometry":{"type":"Polygon","coordinates":[[[94.6051,27.6194],[94.5867,27.6184],[94.5709,27.6027],[94.5444,27.6012],[94.5364,27.5932],[94.5013,27.5742],[94.4771,27.5759],[94.4616,27.5555],[94.4512,27.572],[94.4317,27.591],[94.4183,27.5977],[94.4015,27.5852],[94.3922,27.5892],[94.3697,27.575],[94.3505,27.5773],[94.3327,27.5872],[94.3083,27.5914],[94.3017,27.6012],[94.2763,27.5905],[94.2723,27.6031],[94.2562,27.6107],[94.2672,27.6297],[94.2615,27.6361],[94.2369,27.6326],[94.2222,27.6112],[94.2262,27.5984],[94.2238,27.5767],[94.249,27.5664],[94.2585,27.5557],[94.2566,27.5403],[94.2681,27.521],[94.2789,27.4953],[94.279,27.4852],[94.2789,27.4828],[94.2781,27.4657],[94.3059,27.4383],[94.308,27.4127],[94.3053,27.3971],[94.2949,27.3849],[94.2833,27.3851],[94.2637,27.4003],[94.2472,27.3952],[94.2502,27.3852],[94.274,27.3633],[94.2922,27.3565],[94.3019,27.3432],[94.2995,27.3322],[94.3051,27.3202],[94.3259,27.318],[94.3394,27.3369],[94.3559,27.3414],[94.375,27.341],[94.3825,27.3461],[94.3848,27.3696],[94.3945,27.3714],[94.3943,27.3915],[94.389,27.4041],[94.3919,27.4159],[94.4047,27.4188],[94.4063,27.4317],[94.4172,27.4335],[94.4245,27.4245],[94.4236,27.4111],[94.4472,27.4144],[94.4749,27.4312],[94.4933,27.4307],[94.4943,27.4152],[94.4654,27.4077],[94.4627,27.3816],[94.4753,27.3878],[94.4966,27.3861],[94.499,27.4005],[94.512,27.4051],[94.5114,27.4269],[94.5244,27.4219],[94.5258,27.4015],[94.5396,27.3996],[94.5442,27.3855],[94.5357,27.3709],[94.5415,27.3492],[94.5605,27.372],[94.5638,27.3864],[94.574,27.3839],[94.593,27.4082],[94.6071,27.418],[94.6104,27.4277],[94.5927,27.4328],[94.585,27.4447],[94.5861,27.4621],[94.6159,27.4576],[94.6179,27.4771],[94.5837,27.4665],[94.5684,27.4992],[94.5733,27.5167],[94.5517,27.5339],[94.5674,27.5455],[94.5772,27.5388],[94.595,27.5417],[94.5751,27.5668],[94.5749,27.5817],[94.6001,27.5884],[94.6071,27.5991],[94.6051,27.6194]]]},"properties":{"AC_NO":78,"AC_NAME":"DHEMAJI (ST)","district":"DHEMAJI"}},{"type":"Feature","geometry":{"type":"Polygon","coordinates":[[[94.65,27.3459],[94.6416,27.3638],[94.6414,27.364],[94.6302,27.3742],[94.6121,27.3683],[94.5953,27.3676],[94.6083,27.3862],[94.6099,27.3826],[94.6162,27.3769],[94.6211,27.3793],[94.6313,27.387],[94.6406,27.4045],[94.6423,27.4101],[94.6348,27.4354],[94.649,27.4546],[94.6672,27.4444],[94.68,27.4579],[94.6828,27.4615],[94.6914,27.4736],[94.6982,27.4758],[94.6736,27.4881],[94.6769,27.494],[94.6802,27.4978],[94.6946,27.5053],[94.7012,27.5151],[94.6987,27.5177],[94.6846,27.5423],[94.7043,27.5535],[94.7101,27.5713],[94.7151,27.5707],[94.7385,27.5612],[94.7395,27.5662],[94.7387,27.575],[94.7636,27.5699],[94.782,27.5621],[94.7766,27.5434],[94.8066,27.5273],[94.8067,27.5406],[94.8156,27.5546],[94.8325,27.5916],[94.8344,27.5962],[94.8278,27.6162],[94.8181,27.6162],[94.8069,27.6163],[94.8237,27.6482],[94.8246,27.6544],[94.8233,27.6744],[94.823,27.6822],[94.8259,27.6951],[94.8081,27.6922],[94.7968,27.6959],[94.7778,27.6798],[94.769,27.6797],[94.7541,27.6608],[94.7412,27.6601],[94.7209,27.6676],[94.7166,27.6585],[94.6838,27.6608],[94.686,27.6496],[94.6617,27.6452],[94.6461,27.638],[94.633,27.6244],[94.6231,27.628],[94.6051,27.6194],[94.6071,27.5991],[94.6001,27.5884],[94.5749,27.5817],[94.5751,27.5668],[94.595,27.5417],[94.5772,27.5388],[94.5674,27.5455],[94.5517,27.5339],[94.5733,27.5167],[94.5684,27.4992],[94.5837,27.4665],[94.6179,27.4771],[94.6159,27.4576],[94.5861,27.4621],[94.585,27.4447],[94.5927,27.4328],[94.6104,27.4277],[94.6071,27.418],[94.593,27.4082],[94.574,27.3839],[94.5638,27.3864],[94.5605,27.372],[94.5415,27.3492],[94.5357,27.3709],[94.5442,27.3855],[94.5396,27.3996],[94.5258,27.4015],[94.5244,27.4219],[94.5114,27.4269],[94.512,27.4051],[94.499,27.4005],[94.4966,27.3861],[94.4753,27.3878],[94.4627,27.3816],[94.4654,27.4077],[94.4943,27.4152],[94.4933,27.4307],[94.4749,27.4312],[94.4472,27.4144],[94.4236,27.4111],[94.4245,27.4245],[94.4172,27.4335],[94.4063,27.4317],[94.4047,27.4188],[94.3919,27.4159],[94.389,27.4041],[94.3943,27.3915],[94.3945,27.3714],[94.3848,27.3696],[94.3825,27.3461],[94.3917,27.3473],[94.4176,27.3358],[94.4282,27.3243],[94.446,27.3187],[94.4604,27.3323],[94.4737,27.3279],[94.5058,27.3358],[94.5077,27.3444],[94.5484,27.3248],[94.5342,27.2971],[94.5406,27.2794],[94.5764,27.2731],[94.5868,27.2679],[94.6065,27.2947],[94.6133,27.3197],[94.6074,27.3301],[94.6373,27.336],[94.65,27.3459]]]},"properties":{"AC_NO":79,"AC_NAME":"SISSIBARGAON","district":"DHEMAJI"}},{"type":"Feature","geometry":{"type":"Polygon","coordinates":[[[94.65,27.3459],[94.6664,27.3526],[94.6646,27.3771],[94.6845,27.384],[94.6908,27.3935],[94.6873,27.4139],[94.6948,27.423],[94.7166,27.4265],[94.7329,27.4432],[94.7473,27.4387],[94.7489,27.4511],[94.7598,27.4704],[94.7774,27.4846],[94.7937,27.4833],[94.8173,27.5078],[94.8429,27.5301],[94.8789,27.5612],[94.8944,27.579],[94.9045,27.5789],[94.9252,27.6011],[94.9558,27.6142],[94.961,27.6232],[94.9662,27.6276],[94.9816,27.641],[94.9964,27.6593],[95.0167,27.6565],[95.0352,27.6685],[95.0501,27.6633],[95.0761,27.6636],[95.093,27.6604],[95.1052,27.6687],[95.1178,27.6859],[95.1629,27.6949],[95.1963,27.7045],[95.1992,27.6916],[95.1888,27.6774],[95.2047,27.6583],[95.2464,27.657],[95.2704,27.6827],[95.2745,27.6903],[95.2916,27.698],[95.3375,27.6999],[95.3589,27.7063],[95.3792,27.7219],[95.3981,27.7365],[95.3957,27.7507],[95.4049,27.7696],[95.4361,27.8006],[95.4514,27.8049],[95.4825,27.8359],[95.4932,27.8583],[95.5152,27.8595],[95.5146,27.8798],[95.4911,27.8734],[95.3794,27.8394],[95.3086,27.8683],[95.2087,27.838],[94.9964,27.7725],[94.9222,27.7502],[94.8522,27.7278],[94.8477,27.7058],[94.8259,27.6951],[94.823,27.6822],[94.8233,27.6744],[94.8246,27.6544],[94.8237,27.6482],[94.8069,27.6163],[94.8181,27.6162],[94.8278,27.6162],[94.8344,27.5962],[94.8325,27.5916],[94.8156,27.5546],[94.8067,27.5406],[94.8066,27.5273],[94.7766,27.5434],[94.782,27.5621],[94.7636,27.5699],[94.7387,27.575],[94.7395,27.5662],[94.7385,27.5612],[94.7151,27.5707],[94.7101,27.5713],[94.7043,27.5535],[94.6846,27.5423],[94.6987,27.5177],[94.7012,27.5151],[94.6946,27.5053],[94.6802,27.4978],[94.6769,27.494],[94.6736,27.4881],[94.6982,27.4758],[94.6914,27.4736],[94.6828,27.4615],[94.68,27.4579],[94.6672,27.4444],[94.649,27.4546],[94.6348,27.4354],[94.6423,27.4101],[94.6406,27.4045],[94.6313,27.387],[94.6211,27.3793],[94.6162,27.3769],[94.6099,27.3826],[94.6083,27.3862],[94.5953,27.3676],[94.6121,27.3683],[94.6302,27.3742],[94.6414,27.364],[94.6416,27.3638],[94.65,27.3459]]]},"properties":{"AC_NO":80,"AC_NAME":"JONAI (ST)","district":"DHEMAJI"}},{"type":"Feature","geometry":{"type":"Polygon","coordinates":[[[92.0509,26.2874],[92.0775,26.2824],[92.1068,26.2845],[92.1244,26.2769],[92.1248,26.2584],[92.1332,26.2581],[92.1344,26.2763],[92.1555,26.2783],[92.1652,26.2852],[92.1741,26.278],[92.1589,26.268],[92.1635,26.2547],[92.1779,26.2655],[92.1954,26.2725],[92.1869,26.2998],[92.1823,26.3142],[92.1696,26.3041],[92.1277,26.3127],[92.108,26.314],[92.1158,26.3293],[92.134,26.3314],[92.1473,26.3222],[92.1688,26.3324],[92.167,26.3528],[92.1288,26.3527],[92.1289,26.3686],[92.1362,26.3745],[92.1559,26.3756],[92.1605,26.395],[92.1761,26.4109],[92.1822,26.4018],[92.1745,26.3761],[92.1893,26.3767],[92.1951,26.3801],[92.2056,26.3844],[92.2107,26.396],[92.2371,26.4024],[92.2461,26.3902],[92.2156,26.3759],[92.2085,26.3609],[92.2192,26.3553],[92.2377,26.3619],[92.2484,26.3737],[92.262,26.368],[92.2758,26.3734],[92.2845,26.3642],[92.2571,26.3515],[92.2596,26.3388],[92.2714,26.3386],[92.2737,26.3522],[92.305,26.3693],[92.308,26.3861],[92.3281,26.3837],[92.3342,26.3729],[92.3189,26.3704],[92.3116,26.3372],[92.2703,26.3327],[92.2716,26.3218],[92.2877,26.3277],[92.3099,26.3251],[92.3318,26.3296],[92.3436,26.324],[92.3608,26.3245],[92.3676,26.3123],[92.3788,26.3181],[92.3789,26.3408],[92.3838,26.3501],[92.3798,26.3729],[92.3958,26.3754],[92.4029,26.3573],[92.4338,26.358],[92.4224,26.3278],[92.4088,26.3315],[92.4107,26.3009],[92.3831,26.276],[92.3845,26.2611],[92.4009,26.2673],[92.401,26.278],[92.43,26.2801],[92.4351,26.2842],[92.4372,26.3077],[92.4447,26.3268],[92.437,26.3403],[92.4673,26.3446],[92.4766,26.3498],[92.4954,26.3444],[92.4981,26.3342],[92.5217,26.339],[92.5112,26.3566],[92.5079,26.3729],[92.5069,26.3719],[92.4882,26.3676],[92.4706,26.3741],[92.4405,26.3702],[92.4413,26.3891],[92.4334,26.3902],[92.4323,26.4129],[92.4181,26.4128],[92.4107,26.4216],[92.4253,26.4406],[92.4276,26.4554],[92.4029,26.4593],[92.4106,26.4755],[92.3953,26.4748],[92.3874,26.4859],[92.4177,26.5005],[92.4194,26.509],[92.4196,26.5119],[92.4193,26.5146],[92.4189,26.517],[92.4174,26.5167],[92.3927,26.5129],[92.3829,26.5165],[92.3608,26.5055],[92.3441,26.5047],[92.3079,26.4826],[92.2871,26.4588],[92.2749,26.4511],[92.2556,26.4518],[92.2445,26.4461],[92.2363,26.4312],[92.2207,26.4168],[92.21,26.4141],[92.1999,26.4212],[92.1818,26.4244],[92.1584,26.4139],[92.1428,26.4013],[92.1228,26.3706],[92.1038,26.3545],[92.0942,26.339],[92.0857,26.3404],[92.075,26.3172],[92.0614,26.3104],[92.0509,26.2874]]]},"properties":{"AC_NO":53,"AC_NAME":"LAHARIGHAT","district":"MARIGAON"}},{"type":"Feature","geometry":{"type":"Polygon","coordinates":[[[92.4106,26.2466],[92.4189,26.2694],[92.4851,26.2747],[92.5014,26.2724],[92.5187,26.2803],[92.5517,26.3076],[92.5574,26.3155],[92.5589,26.3184],[92.568,26.3374],[92.5639,26.3642],[92.5514,26.3821],[92.5081,26.3736],[92.5079,26.3729],[92.5112,26.3566],[92.5217,26.339],[92.4981,26.3342],[92.4954,26.3444],[92.4766,26.3498],[92.4673,26.3446],[92.437,26.3403],[92.4447,26.3268],[92.4372,26.3077],[92.4351,26.2842],[92.43,26.2801],[92.401,26.278],[92.4009,26.2673],[92.3845,26.2611],[92.3831,26.276],[92.4107,26.3009],[92.4088,26.3315],[92.4224,26.3278],[92.4338,26.358],[92.4029,26.3573],[92.3958,26.3754],[92.3798,26.3729],[92.3838,26.3501],[92.3789,26.3408],[92.3788,26.3181],[92.3676,26.3123],[92.3608,26.3245],[92.3436,26.324],[92.3318,26.3296],[92.3099,26.3251],[92.2877,26.3277],[92.2716,26.3218],[92.2703,26.3327],[92.3116,26.3372],[92.3189,26.3704],[92.3342,26.3729],[92.3281,26.3837],[92.308,26.3861],[92.305,26.3693],[92.2737,26.3522],[92.2714,26.3386],[92.2596,26.3388],[92.2571,26.3515],[92.2845,26.3642],[92.2758,26.3734],[92.262,26.368],[92.2484,26.3737],[92.2377,26.3619],[92.2192,26.3553],[92.2085,26.3609],[92.2156,26.3759],[92.2461,26.3902],[92.2371,26.4024],[92.2107,26.396],[92.2056,26.3844],[92.1951,26.3801],[92.1893,26.3767],[92.1745,26.3761],[92.1822,26.4018],[92.1761,26.4109],[92.1605,26.395],[92.1559,26.3756],[92.1362,26.3745],[92.1289,26.3686],[92.1288,26.3527],[92.167,26.3528],[92.1688,26.3324],[92.1473,26.3222],[92.134,26.3314],[92.1158,26.3293],[92.108,26.314],[92.1277,26.3127],[92.1696,26.3041],[92.1823,26.3142],[92.1869,26.2998],[92.2026,26.3179],[92.2204,26.3136],[92.2402,26.3218],[92.2338,26.3015],[92.2687,26.2977],[92.2947,26.2996],[92.2867,26.2726],[92.2918,26.2531],[92.2866,26.2308],[92.2859,26.2101],[92.2681,26.2081],[92.2722,26.1985],[92.2899,26.1993],[92.3035,26.1934],[92.3068,26.213],[92.3349,26.2172],[92.3415,26.2054],[92.358,26.2027],[92.3774,26.2058],[92.3772,26.1934],[92.3972,26.1975],[92.3974,26.2088],[92.3869,26.2203],[92.3735,26.2195],[92.3769,26.2505],[92.4106,26.2466]]]},"properties":{"AC_NO":54,"AC_NAME":"MORIGAON","district":"MARIGAON"}},{"type":"Feature","geometry":{"type":"Polygon","coordinates":[[[92.0509,26.2874],[92.0387,26.2724],[92.0231,26.2715],[92.0148,26.2807],[91.992,26.2697],[91.9809,26.2755],[91.9527,26.2556],[91.9575,26.2335],[92.0019,26.2039],[92.0194,26.2005],[92.0269,26.2087],[92.0742,26.1965],[92.0804,26.1786],[92.1046,26.172],[92.1296,26.1805],[92.1331,26.1713],[92.1501,26.1613],[92.1669,26.1629],[92.1619,26.1445],[92.171,26.0995],[92.1688,26.0898],[92.1757,26.078],[92.1772,26.0692],[92.2216,26.0687],[92.2408,26.063],[92.2749,26.0659],[92.2779,26.0678],[92.3028,26.0853],[92.3237,26.0862],[92.3299,26.0768],[92.3596,26.0872],[92.3675,26.0821],[92.3795,26.0913],[92.3955,26.1137],[92.408,26.1261],[92.4024,26.1424],[92.4176,26.1537],[92.4221,26.1748],[92.4304,26.1898],[92.4292,26.2177],[92.4256,26.2308],[92.4106,26.2466],[92.3769,26.2505],[92.3735,26.2195],[92.3869,26.2203],[92.3974,26.2088],[92.3972,26.1975],[92.3772,26.1934],[92.3774,26.2058],[92.358,26.2027],[92.3415,26.2054],[92.3349,26.2172],[92.3068,26.213],[92.3035,26.1934],[92.2899,26.1993],[92.2722,26.1985],[92.2681,26.2081],[92.2859,26.2101],[92.2866,26.2308],[92.2918,26.2531],[92.2867,26.2726],[92.2947,26.2996],[92.2687,26.2977],[92.2338,26.3015],[92.2402,26.3218],[92.2204,26.3136],[92.2026,26.3179],[92.1869,26.2998],[92.1954,26.2725],[92.1779,26.2655],[92.1635,26.2547],[92.1589,26.268],[92.1741,26.278],[92.1652,26.2852],[92.1555,26.2783],[92.1344,26.2763],[92.1332,26.2581],[92.1248,26.2584],[92.1244,26.2769],[92.1068,26.2845],[92.0775,26.2824],[92.0509,26.2874]]]},"properties":{"AC_NO":52,"AC_NAME":"JAGIROAD (SC)","district":"MARIGAON"}},{"type":"Feature","geometry":{"type":"Polygon","coordinates":[[[91.8302,26.873],[91.8241,26.8639],[91.7207,26.8119],[91.7048,26.8114],[91.7131,26.785],[91.716,26.7584],[91.7352,26.7257],[91.7333,26.7146],[91.7454,26.687],[91.7409,26.6751],[91.7342,26.6554],[91.7468,26.6496],[91.7501,26.6358],[91.7394,26.6175],[91.7447,26.5901],[91.7504,26.5789],[91.7791,26.5503],[91.7834,26.5297],[91.7804,26.5118],[91.7983,26.512],[91.8171,26.5054],[91.8331,26.5153],[91.8274,26.5449],[91.8128,26.5443],[91.8111,26.5577],[91.8304,26.5604],[91.8356,26.5773],[91.8472,26.5743],[91.8539,26.5383],[91.8627,26.538],[91.8662,26.5481],[91.8762,26.5632],[91.8743,26.586],[91.8815,26.5916],[91.8898,26.6242],[91.8969,26.6281],[91.9013,26.6528],[91.8902,26.6638],[91.8884,26.6857],[91.8601,26.6959],[91.8624,26.7113],[91.8568,26.7243],[91.8606,26.7337],[91.8548,26.7536],[91.8546,26.7725],[91.867,26.7759],[91.8773,26.8001],[91.8759,26.8213],[91.88,26.8266],[91.8789,26.8595],[91.8302,26.873]]]},"properties":{"AC_NO":45,"AC_NAME":"BHERGAON","district":"UDALGURI"}},{"type":"Feature","geometry":{"type":"Polygon","coordinates":[[[92.1175,26.8878],[92.1016,26.8814],[92.1023,26.8674],[92.0561,26.8467],[92.0165,26.8504],[91.9835,26.8579],[91.9643,26.8822],[91.9437,26.8949],[91.8929,26.9187],[91.8593,26.9132],[91.8302,26.873],[91.8789,26.8595],[91.88,26.8266],[91.8759,26.8213],[91.8773,26.8001],[91.8919,26.8004],[91.9133,26.7942],[91.9042,26.8259],[91.9244,26.8253],[91.9397,26.7963],[91.9568,26.7989],[91.9593,26.774],[91.9354,26.7568],[91.94,26.7382],[91.9595,26.7374],[91.9647,26.7121],[91.9781,26.714],[91.9833,26.6982],[91.9747,26.6868],[91.995,26.6655],[91.9994,26.6454],[92.0074,26.6354],[92.0229,26.6402],[92.0372,26.6379],[92.0437,26.6557],[92.0716,26.6566],[92.075,26.647],[92.0802,26.6471],[92.1033,26.6476],[92.1214,26.6437],[92.1281,26.6556],[92.1586,26.666],[92.1785,26.6696],[92.1822,26.6785],[92.1621,26.6934],[92.1552,26.7075],[92.1694,26.7088],[92.1651,26.7384],[92.1753,26.7463],[92.1738,26.7646],[92.2008,26.7655],[92.1965,26.7837],[92.2065,26.8166],[92.1929,26.8312],[92.189,26.8522],[92.1479,26.8494],[92.1209,26.8774],[92.1175,26.8878]]]},"properties":{"AC_NO":46,"AC_NAME":"UDALGURI (ST)","district":"UDALGURI"}},{"type":"Feature","geometry":{"type":"Polygon","coordinates":[[[92.1811,26.6702],[92.1823,26.6575],[92.202,26.6513],[92.205,26.6407],[92.2176,26.6352],[92.2344,26.5969],[92.2274,26.5945],[92.2246,26.5536],[92.2304,26.5487],[92.2474,26.5629],[92.2525,26.5738],[92.2443,26.588],[92.2474,26.6101],[92.2895,26.6209],[92.3054,26.6294],[92.3367,26.596],[92.3433,26.5817],[92.3631,26.5836],[92.3574,26.6119],[92.3758,26.6137],[92.3757,26.6294],[92.3953,26.6271],[92.4016,26.6351],[92.3883,26.6487],[92.3702,26.6478],[92.3629,26.6602],[92.3665,26.675],[92.364,26.6982],[92.3507,26.6986],[92.3488,26.6642],[92.3314,26.6628],[92.3352,26.6743],[92.3368,26.7316],[92.328,26.7565],[92.3338,26.7613],[92.3389,26.7862],[92.3346,26.8083],[92.3329,26.842],[92.3429,26.8521],[92.3426,26.8826],[92.3496,26.9118],[92.3648,26.9321],[92.3631,26.9347],[92.3025,26.9228],[92.3028,26.9073],[92.276,26.9021],[92.2551,26.9097],[92.2379,26.9059],[92.1947,26.8901],[92.1697,26.8918],[92.1175,26.8878],[92.1209,26.8774],[92.1479,26.8494],[92.189,26.8522],[92.1929,26.8312],[92.2065,26.8166],[92.1965,26.7837],[92.2008,26.7655],[92.1738,26.7646],[92.1753,26.7463],[92.1651,26.7384],[92.1694,26.7088],[92.1552,26.7075],[92.1621,26.6934],[92.1822,26.6785],[92.1811,26.6702]]]},"properties":{"AC_NO":47,"AC_NAME":"MAZBAT","district":"UDALGURI"}},{"type":"Feature","geometry":{"type":"Polygon","coordinates":[[[91.8643,26.5376],[91.8842,26.5385],[91.8965,26.5696],[91.9218,26.5676],[91.9277,26.5373],[91.9517,26.5443],[91.9587,26.5517],[91.9749,26.5519],[91.9763,26.5531],[91.9901,26.555],[91.9945,26.5399],[92.0347,26.5204],[92.0406,26.51],[92.0383,26.4857],[92.0474,26.4775],[92.0585,26.4881],[92.0684,26.5172],[92.068,26.5246],[92.0683,26.5451],[92.0859,26.5431],[92.1081,26.5529],[92.1086,26.5695],[92.1006,26.5793],[92.0865,26.5759],[92.0794,26.5893],[92.0623,26.5873],[92.0623,26.5747],[92.054,26.5445],[92.0417,26.5505],[92.0093,26.5551],[92.0019,26.5714],[92.0143,26.578],[92.0143,26.5886],[92.0472,26.5924],[92.0508,26.6014],[92.0924,26.6078],[92.071,26.6335],[92.0726,26.6469],[92.075,26.647],[92.0716,26.6566],[92.0437,26.6557],[92.0372,26.6379],[92.0229,26.6402],[92.0074,26.6354],[91.9994,26.6454],[91.995,26.6655],[91.9747,26.6868],[91.9833,26.6982],[91.9781,26.714],[91.9647,26.7121],[91.9595,26.7374],[91.94,26.7382],[91.9354,26.7568],[91.9593,26.774],[91.9568,26.7989],[91.9397,26.7963],[91.9244,26.8253],[91.9042,26.8259],[91.9133,26.7942],[91.8919,26.8004],[91.8773,26.8001],[91.867,26.7759],[91.8546,26.7725],[91.8548,26.7536],[91.8606,26.7337],[91.8568,26.7243],[91.8624,26.7113],[91.8601,26.6959],[91.8884,26.6857],[91.8902,26.6638],[91.9013,26.6528],[91.8969,26.6281],[91.8898,26.6242],[91.8815,26.5916],[91.8743,26.586],[91.8762,26.5632],[91.8662,26.5481],[91.8643,26.5376]]]},"properties":{"AC_NO":48,"AC_NAME":"TANGLA","district":"UDALGURI"}},{"type":"Feature","geometry":{"type":"Polygon","coordinates":[[[91.5947,26.2792],[91.5965,26.2795],[91.5979,26.2792],[91.5985,26.279],[91.5987,26.2791],[91.5989,26.279],[91.5989,26.2788],[91.5989,26.2778],[91.5991,26.2755],[91.5998,26.2721],[91.6026,26.2656],[91.603,26.2656],[91.6032,26.2656],[91.6036,26.2657],[91.6048,26.2659],[91.6064,26.266],[91.6069,26.266],[91.6072,26.2661],[91.6074,26.2661],[91.6074,26.266],[91.6074,26.2658],[91.6095,26.2657],[91.6122,26.2663],[91.6124,26.2664],[91.6127,26.2664],[91.6132,26.2664],[91.6144,26.2665],[91.6167,26.267],[91.6385,26.2548],[91.6374,26.2396],[91.6394,26.2341],[91.6391,26.2341],[91.6387,26.234],[91.6385,26.2334],[91.6411,26.2269],[91.6414,26.2269],[91.6416,26.2269],[91.642,26.2269],[91.6425,26.2268],[91.6434,26.2268],[91.6452,26.2274],[91.6482,26.2272],[91.6543,26.2284],[91.6562,26.2335],[91.6561,26.2336],[91.6559,26.2339],[91.6553,26.2344],[91.655,26.2346],[91.6548,26.235],[91.6547,26.2354],[91.6547,26.236],[91.6548,26.2363],[91.6549,26.2369],[91.655,26.2372],[91.6553,26.2379],[91.6558,26.2385],[91.656,26.2388],[91.6565,26.239],[91.6566,26.2392],[91.6574,26.2394],[91.6579,26.2394],[91.6599,26.2392],[91.6627,26.24],[91.6632,26.24],[91.6636,26.2399],[91.6637,26.2398],[91.6637,26.2397],[91.6638,26.2396],[91.6639,26.2393],[91.664,26.2392],[91.6646,26.2391],[91.6648,26.239],[91.665,26.2389],[91.6653,26.2386],[91.6706,26.2329],[91.6761,26.2317],[91.6781,26.2325],[91.6792,26.2321],[91.6809,26.2325],[91.6814,26.2325],[91.6819,26.2325],[91.6832,26.2318],[91.6831,26.2316],[91.6831,26.2313],[91.6833,26.2309],[91.6835,26.2306],[91.6843,26.2306],[91.6843,26.231],[91.6843,26.2311],[91.6859,26.2341],[91.6889,26.2358],[91.6982,26.2261],[91.7134,26.2223],[91.714,26.2224],[91.714,26.2223],[91.714,26.2221],[91.714,26.2216],[91.7139,26.2215],[91.714,26.215],[91.714,26.2142],[91.714,26.2113],[91.7141,26.2112],[91.716,26.2104],[91.7213,26.2099],[91.7251,26.2089],[91.7441,26.2145],[91.7443,26.217],[91.7451,26.2195],[91.7474,26.2222],[91.7636,26.2322],[91.7632,26.2395],[91.7818,26.2448],[91.7899,26.2674],[91.7903,26.2684],[91.7904,26.2707],[91.7904,26.2721],[91.7902,26.2731],[91.7887,26.2736],[91.7877,26.2744],[91.7871,26.2754],[91.7863,26.2775],[91.7856,26.2805],[91.7857,26.2815],[91.7861,26.2824],[91.7865,26.2838],[91.7863,26.2848],[91.7851,26.2864],[91.7844,26.2876],[91.786,26.2903],[91.7862,26.2914],[91.7856,26.2928],[91.7821,26.2962],[91.7832,26.3039],[91.7816,26.3047],[91.782,26.3056],[91.7868,26.3062],[91.7901,26.312],[91.8216,26.3318],[91.8169,26.3432],[91.8176,26.3444],[91.8191,26.3458],[91.8192,26.3467],[91.8215,26.3562],[91.8229,26.364],[91.8216,26.3645],[91.8201,26.3657],[91.8204,26.3669],[91.8213,26.368],[91.8222,26.3691],[91.8221,26.37],[91.8217,26.3712],[91.8208,26.3735],[91.8196,26.376],[91.8191,26.3772],[91.8185,26.3784],[91.8179,26.3794],[91.7985,26.3963],[91.7977,26.3984],[91.7979,26.3998],[91.7976,26.4009],[91.7945,26.4035],[91.7951,26.4045],[91.7962,26.4056],[91.7957,26.4079],[91.7949,26.409],[91.7934,26.4095],[91.7923,26.4092],[91.7894,26.4079],[91.7829,26.4088],[91.7738,26.4263],[91.772,26.4469],[91.7645,26.4591],[91.7645,26.4601],[91.7649,26.4611],[91.7656,26.4621],[91.766,26.4632],[91.7656,26.4663],[91.7654,26.4675],[91.7712,26.4668],[91.774,26.4698],[91.7765,26.4697],[91.7775,26.4707],[91.7777,26.4734],[91.7776,26.4744],[91.7776,26.4755],[91.7793,26.478],[91.7789,26.4791],[91.7792,26.4802],[91.7793,26.4811],[91.7628,26.48],[91.7604,26.4824],[91.7521,26.4816],[91.7514,26.4853],[91.7524,26.4869],[91.7512,26.4881],[91.752,26.4895],[91.7531,26.4921],[91.7541,26.4944],[91.7529,26.4953],[91.7489,26.4965],[91.7403,26.496],[91.7378,26.4963],[91.7343,26.4964],[91.7343,26.4979],[91.7362,26.4996],[91.7369,26.5006],[91.7376,26.5018],[91.7247,26.503],[91.7258,26.4994],[91.7262,26.4959],[91.7242,26.4952],[91.7202,26.4935],[91.7186,26.4918],[91.7193,26.4903],[91.7192,26.4882],[91.718,26.486],[91.7166,26.4841],[91.7169,26.4805],[91.7179,26.4794],[91.7192,26.4781],[91.72,26.4769],[91.6889,26.4638],[91.6856,26.455],[91.6807,26.4548],[91.6759,26.4545],[91.6756,26.4526],[91.6763,26.4484],[91.6839,26.4486],[91.7008,26.4485],[91.7148,26.4328],[91.7016,26.4277],[91.7012,26.4137],[91.6777,26.4158],[91.6737,26.4036],[91.6613,26.4025],[91.6663,26.3828],[91.6631,26.3598],[91.6631,26.3595],[91.6731,26.3289],[91.6852,26.3263],[91.6851,26.3262],[91.6917,26.3113],[91.6731,26.3133],[91.6637,26.3027],[91.6672,26.2846],[91.6538,26.2735],[91.626,26.2754],[91.6159,26.2899],[91.6102,26.3101],[91.6101,26.3103],[91.6099,26.3106],[91.6089,26.3108],[91.6087,26.3106],[91.6079,26.3109],[91.6079,26.311],[91.6075,26.3114],[91.6073,26.3115],[91.6071,26.3116],[91.607,26.3117],[91.6055,26.3124],[91.6055,26.3125],[91.605,26.3142],[91.6049,26.3143],[91.604,26.3148],[91.6041,26.3149],[91.6044,26.3156],[91.6044,26.3157],[91.6031,26.3163],[91.6029,26.3162],[91.6005,26.3172],[91.6004,26.3173],[91.6002,26.3174],[91.6001,26.3175],[91.6,26.3174],[91.6,26.3173],[91.6001,26.3172],[91.6,26.3172],[91.6,26.3171],[91.5999,26.3169],[91.5999,26.3167],[91.5999,26.3166],[91.6,26.3161],[91.6001,26.3159],[91.6002,26.3158],[91.6,26.3153],[91.597,26.3152],[91.5958,26.3151],[91.5955,26.315],[91.5935,26.3149],[91.5934,26.3149],[91.5926,26.3148],[91.592,26.3147],[91.5898,26.3141],[91.5891,26.3142],[91.5876,26.3145],[91.5868,26.3147],[91.5853,26.3151],[91.5849,26.3158],[91.5848,26.316],[91.581,26.3153],[91.5808,26.3155],[91.5802,26.3159],[91.58,26.3169],[91.5799,26.3169],[91.58,26.315],[91.5856,26.2975],[91.5862,26.2975],[91.5868,26.2975],[91.5879,26.2974],[91.5881,26.2974],[91.5886,26.2974],[91.5889,26.2974],[91.5875,26.2929],[91.5912,26.2886],[91.5915,26.2848],[91.5931,26.281],[91.5945,26.2795],[91.5947,26.2792]]]},"properties":{"AC_NO":32,"AC_NAME":"KAMALPUR","district":"KAMRUP RURAL"}},{"type":"Feature","geometry":{"type":"Polygon","coordinates":[[[91.5448,26.151],[91.5455,26.1405],[91.5617,26.1415],[91.5646,26.1493],[91.6042,26.1547],[91.6214,26.1613],[91.6489,26.1656],[91.6564,26.1817],[91.6824,26.18],[91.6921,26.211],[91.7141,26.2112],[91.714,26.2113],[91.714,26.2118],[91.714,26.213],[91.714,26.2134],[91.714,26.2142],[91.714,26.215],[91.7139,26.2215],[91.714,26.2216],[91.714,26.2221],[91.714,26.2223],[91.714,26.2224],[91.7134,26.2223],[91.7077,26.2214],[91.7048,26.2208],[91.6983,26.2199],[91.6982,26.2261],[91.6889,26.2358],[91.6859,26.2341],[91.6857,26.2337],[91.6847,26.2319],[91.6843,26.231],[91.6835,26.2306],[91.6833,26.2309],[91.6831,26.2313],[91.6832,26.2318],[91.6829,26.232],[91.6824,26.2321],[91.6821,26.2322],[91.6819,26.2325],[91.6706,26.2329],[91.6653,26.2386],[91.665,26.2389],[91.6648,26.239],[91.6646,26.2391],[91.664,26.2392],[91.6639,26.2393],[91.6638,26.2396],[91.6637,26.2397],[91.6637,26.2398],[91.6636,26.2399],[91.6632,26.24],[91.6627,26.24],[91.6599,26.2392],[91.6579,26.2394],[91.6574,26.2394],[91.6569,26.2393],[91.6566,26.2392],[91.6565,26.239],[91.656,26.2388],[91.6558,26.2385],[91.6553,26.2379],[91.6552,26.2376],[91.655,26.2372],[91.6549,26.2369],[91.6548,26.2363],[91.6547,26.236],[91.6547,26.2354],[91.6548,26.235],[91.655,26.2346],[91.6559,26.2339],[91.6561,26.2336],[91.6562,26.2335],[91.6543,26.2284],[91.6482,26.2272],[91.6452,26.2274],[91.6434,26.2268],[91.6425,26.2268],[91.6411,26.2269],[91.6411,26.227],[91.6411,26.2272],[91.6409,26.2273],[91.6414,26.2274],[91.6413,26.2277],[91.6409,26.2277],[91.6406,26.2291],[91.6404,26.229],[91.6385,26.2334],[91.6387,26.234],[91.6391,26.2341],[91.6394,26.2341],[91.6374,26.2396],[91.6385,26.2548],[91.6167,26.267],[91.6144,26.2665],[91.6132,26.2664],[91.6127,26.2664],[91.6124,26.2664],[91.6122,26.2663],[91.6095,26.2657],[91.6074,26.2661],[91.6072,26.2661],[91.6069,26.266],[91.6064,26.266],[91.6048,26.2659],[91.6026,26.2656],[91.6026,26.2657],[91.6026,26.2659],[91.6025,26.2666],[91.6021,26.2681],[91.6021,26.2693],[91.5998,26.2721],[91.5989,26.279],[91.5987,26.2791],[91.5985,26.279],[91.5979,26.2792],[91.5965,26.2795],[91.5954,26.2794],[91.5949,26.2793],[91.5947,26.2792],[91.594,26.2783],[91.5943,26.2772],[91.5936,26.2751],[91.5937,26.2749],[91.5935,26.2736],[91.5928,26.2736],[91.5923,26.2737],[91.592,26.2737],[91.5902,26.2735],[91.5898,26.2734],[91.5891,26.2733],[91.5885,26.2731],[91.5883,26.2731],[91.5882,26.2731],[91.5883,26.2725],[91.5883,26.2723],[91.5884,26.2705],[91.5872,26.2703],[91.5868,26.2658],[91.5868,26.2657],[91.5868,26.2655],[91.5868,26.2654],[91.5872,26.2644],[91.5877,26.2633],[91.5884,26.2628],[91.5893,26.2625],[91.5898,26.2621],[91.5899,26.262],[91.5903,26.2619],[91.5905,26.262],[91.5905,26.2619],[91.5905,26.2616],[91.5906,26.2612],[91.5906,26.2611],[91.5907,26.2609],[91.5908,26.2606],[91.5908,26.2605],[91.5905,26.2605],[91.5901,26.2605],[91.5901,26.2602],[91.5901,26.26],[91.5903,26.2595],[91.5904,26.2593],[91.5904,26.2592],[91.5904,26.2591],[91.5903,26.2591],[91.5877,26.2564],[91.5875,26.2563],[91.5871,26.2561],[91.5867,26.2561],[91.5863,26.256],[91.5862,26.2559],[91.5861,26.2558],[91.5833,26.2553],[91.5739,26.2545],[91.5703,26.2661],[91.5562,26.2687],[91.5376,26.2539],[91.5328,26.2592],[91.5327,26.2595],[91.5327,26.2597],[91.533,26.2601],[91.533,26.2605],[91.533,26.2609],[91.5329,26.2613],[91.5329,26.2614],[91.5329,26.2618],[91.5329,26.2622],[91.5328,26.2626],[91.5327,26.2637],[91.5327,26.2688],[91.5325,26.2705],[91.5324,26.2712],[91.5324,26.2713],[91.5324,26.2717],[91.5324,26.2718],[91.5323,26.2726],[91.5322,26.2726],[91.5304,26.2724],[91.5299,26.2722],[91.5251,26.2717],[91.5256,26.2731],[91.5261,26.2741],[91.5267,26.2756],[91.527,26.2763],[91.529,26.2781],[91.5393,26.278],[91.5408,26.2781],[91.5424,26.278],[91.5432,26.278],[91.5436,26.278],[91.5438,26.278],[91.5445,26.278],[91.5449,26.278],[91.5459,26.278],[91.5468,26.278],[91.5472,26.278],[91.5476,26.278],[91.5479,26.278],[91.5494,26.278],[91.5501,26.278],[91.5503,26.278],[91.5506,26.2779],[91.551,26.278],[91.551,26.2787],[91.5509,26.2824],[91.5509,26.2844],[91.5515,26.2844],[91.5517,26.3015],[91.5416,26.3015],[91.5386,26.3015],[91.5367,26.3015],[91.5357,26.3015],[91.5349,26.3015],[91.5345,26.3015],[91.5343,26.3015],[91.5342,26.3015],[91.5337,26.3015],[91.5133,26.3193],[91.5133,26.3195],[91.5133,26.3196],[91.5132,26.3196],[91.5129,26.3196],[91.5128,26.3197],[91.5125,26.3196],[91.5123,26.3196],[91.5121,26.3195],[91.5119,26.3195],[91.5118,26.3195],[91.5117,26.3195],[91.5116,26.3195],[91.5113,26.3194],[91.5093,26.3198],[91.5058,26.3201],[91.5036,26.3209],[91.4979,26.3195],[91.4939,26.3231],[91.4907,26.3199],[91.4857,26.3217],[91.4842,26.3211],[91.4837,26.3202],[91.4835,26.3201],[91.4834,26.3201],[91.4833,26.3201],[91.4832,26.3202],[91.4829,26.3204],[91.4826,26.3207],[91.4823,26.3209],[91.4812,26.3211],[91.4659,26.3168],[91.4549,26.3204],[91.4484,26.2908],[91.4514,26.27],[91.4514,26.2696],[91.447,26.2697],[91.4466,26.2697],[91.4461,26.2677],[91.4461,26.2672],[91.4448,26.266],[91.4448,26.2654],[91.4375,26.2605],[91.422,26.2686],[91.4124,26.265],[91.4153,26.248],[91.4166,26.2457],[91.4255,26.2445],[91.4259,26.2443],[91.4315,26.2401],[91.4314,26.2396],[91.4207,26.2354],[91.4209,26.2351],[91.4222,26.2327],[91.4222,26.2325],[91.4221,26.2318],[91.4198,26.2059],[91.4111,26.2011],[91.4204,26.1746],[91.4547,26.1677],[91.4547,26.1676],[91.4565,26.1642],[91.4569,26.1637],[91.4584,26.1613],[91.4585,26.1613],[91.46,26.1602],[91.4647,26.1543],[91.4819,26.1522],[91.4877,26.1492],[91.4909,26.1578],[91.4912,26.1602],[91.4965,26.1557],[91.4967,26.1555],[91.5075,26.1492],[91.5447,26.1512],[91.5448,26.151]]]},"properties":{"AC_NO":30,"AC_NAME":"HAJO-SUALKUCHI (SC)","district":"KAMRUP RURAL"}},{"type":"Feature","geometry":{"type":"Polygon","coordinates":[[[91.6631,26.3598],[91.6663,26.3828],[91.6613,26.4025],[91.6737,26.4036],[91.6777,26.4158],[91.7012,26.4137],[91.7016,26.4277],[91.7148,26.4328],[91.7008,26.4485],[91.6839,26.4486],[91.6763,26.4484],[91.6734,26.4485],[91.6706,26.4486],[91.6623,26.4492],[91.6572,26.4494],[91.6557,26.4495],[91.6538,26.4493],[91.6414,26.4499],[91.6357,26.4498],[91.6337,26.4496],[91.6327,26.4491],[91.6316,26.4482],[91.63,26.4463],[91.625,26.4472],[91.6247,26.449],[91.6264,26.4497],[91.631,26.45],[91.632,26.4511],[91.6316,26.4524],[91.6288,26.4559],[91.6299,26.4595],[91.6295,26.4605],[91.6284,26.4609],[91.6274,26.4585],[91.6265,26.4562],[91.6242,26.4568],[91.624,26.4592],[91.6211,26.4694],[91.6239,26.4715],[91.6257,26.4704],[91.6266,26.4711],[91.626,26.4754],[91.6266,26.4764],[91.6282,26.4793],[91.6281,26.4808],[91.6254,26.4801],[91.6238,26.4759],[91.6217,26.476],[91.6211,26.4766],[91.6208,26.4777],[91.6205,26.4786],[91.6205,26.4802],[91.6238,26.4871],[91.623,26.4893],[91.6275,26.4906],[91.6283,26.4922],[91.6279,26.4938],[91.6264,26.4939],[91.6237,26.4925],[91.6227,26.4917],[91.6216,26.4904],[91.6203,26.4887],[91.6191,26.4884],[91.6173,26.4892],[91.6162,26.4889],[91.6166,26.4867],[91.6157,26.486],[91.6145,26.4876],[91.6147,26.4891],[91.6182,26.4926],[91.6186,26.4939],[91.6174,26.4948],[91.6141,26.4944],[91.6117,26.4949],[91.6136,26.497],[91.6149,26.4993],[91.6153,26.5009],[91.6147,26.5035],[91.6197,26.5041],[91.6192,26.5052],[91.618,26.5059],[91.6179,26.5098],[91.6191,26.5111],[91.6195,26.5122],[91.6195,26.5127],[91.6036,26.5124],[91.5987,26.5131],[91.599,26.5149],[91.599,26.5167],[91.5925,26.515],[91.5895,26.5145],[91.5884,26.5166],[91.5881,26.5182],[91.5886,26.5267],[91.5561,26.5255],[91.5619,26.4836],[91.556,26.4815],[91.5512,26.4757],[91.5504,26.4738],[91.5495,26.4709],[91.552,26.4558],[91.5529,26.4542],[91.5528,26.4527],[91.5532,26.4513],[91.5534,26.4504],[91.5544,26.4494],[91.5566,26.4463],[91.5578,26.4452],[91.5593,26.4448],[91.5606,26.4436],[91.5606,26.4424],[91.5607,26.4415],[91.5612,26.4386],[91.5611,26.4381],[91.5613,26.4378],[91.5615,26.4377],[91.5617,26.4377],[91.5619,26.4379],[91.5621,26.4382],[91.5622,26.4383],[91.5623,26.4383],[91.5624,26.4382],[91.5627,26.4371],[91.5621,26.4346],[91.5623,26.4341],[91.5641,26.4336],[91.5635,26.4332],[91.5631,26.433],[91.5631,26.4328],[91.5633,26.4326],[91.5636,26.4327],[91.564,26.4328],[91.5642,26.4327],[91.5641,26.4324],[91.564,26.4321],[91.5639,26.4319],[91.564,26.4318],[91.5639,26.4317],[91.564,26.4307],[91.564,26.4298],[91.5628,26.4295],[91.5627,26.4296],[91.5625,26.4295],[91.5615,26.4291],[91.5605,26.4291],[91.5601,26.4291],[91.5582,26.4254],[91.5581,26.4246],[91.5581,26.4245],[91.5581,26.4244],[91.558,26.4241],[91.5582,26.4231],[91.5534,26.4194],[91.5434,26.4092],[91.5423,26.408],[91.5423,26.407],[91.5413,26.4049],[91.5412,26.4045],[91.5418,26.4035],[91.5413,26.4025],[91.5408,26.4015],[91.5348,26.3989],[91.5346,26.3986],[91.5346,26.3985],[91.5347,26.3984],[91.5349,26.3984],[91.5351,26.3984],[91.5354,26.3979],[91.5343,26.3977],[91.5335,26.3971],[91.5315,26.3941],[91.5286,26.3927],[91.5287,26.3923],[91.5286,26.3922],[91.5287,26.3913],[91.5286,26.3901],[91.5298,26.3894],[91.5294,26.3832],[91.5336,26.38],[91.534,26.3793],[91.5341,26.3792],[91.5341,26.3791],[91.5343,26.3789],[91.5363,26.3764],[91.5351,26.3755],[91.5327,26.3753],[91.5311,26.3741],[91.5294,26.3741],[91.5282,26.3731],[91.5261,26.3721],[91.526,26.372],[91.5253,26.3716],[91.5245,26.3447],[91.5235,26.3438],[91.5227,26.3433],[91.5224,26.3431],[91.5222,26.343],[91.5216,26.3426],[91.5211,26.3421],[91.5209,26.3418],[91.5204,26.3413],[91.5205,26.3412],[91.5205,26.3408],[91.5207,26.3403],[91.5213,26.3401],[91.5214,26.34],[91.5234,26.34],[91.5238,26.3398],[91.524,26.3388],[91.5246,26.3375],[91.5216,26.3364],[91.5216,26.336],[91.5216,26.3355],[91.5216,26.3348],[91.5211,26.3342],[91.5206,26.3334],[91.4898,26.3315],[91.4798,26.3272],[91.4815,26.3236],[91.4817,26.3231],[91.4818,26.3224],[91.4818,26.3221],[91.4818,26.3215],[91.4816,26.3213],[91.4815,26.3211],[91.4823,26.3209],[91.4826,26.3207],[91.4829,26.3205],[91.4829,26.3204],[91.4832,26.3202],[91.4833,26.3201],[91.4835,26.3201],[91.4837,26.3202],[91.4842,26.3211],[91.4857,26.3217],[91.4907,26.3199],[91.4939,26.3231],[91.4979,26.3195],[91.5036,26.3209],[91.5058,26.3201],[91.5093,26.3198],[91.5113,26.3194],[91.5116,26.3195],[91.5117,26.3195],[91.5118,26.3195],[91.5119,26.3195],[91.5121,26.3195],[91.5123,26.3196],[91.5125,26.3196],[91.5128,26.3197],[91.5129,26.3196],[91.5132,26.3196],[91.5133,26.3196],[91.5133,26.3195],[91.5133,26.3193],[91.5129,26.3186],[91.5127,26.3175],[91.5143,26.3145],[91.5149,26.3118],[91.5165,26.31],[91.5216,26.3084],[91.5144,26.2971],[91.5169,26.2897],[91.5337,26.3015],[91.5342,26.3015],[91.5343,26.3015],[91.5346,26.3015],[91.5348,26.3015],[91.5349,26.3015],[91.5357,26.3015],[91.5386,26.3015],[91.5416,26.3015],[91.5517,26.3015],[91.5515,26.2844],[91.551,26.278],[91.5506,26.2779],[91.5503,26.278],[91.5501,26.278],[91.5494,26.278],[91.5479,26.278],[91.5476,26.278],[91.5472,26.278],[91.5468,26.278],[91.5459,26.278],[91.5449,26.278],[91.5445,26.278],[91.5438,26.278],[91.5436,26.278],[91.5432,26.278],[91.5424,26.278],[91.5408,26.2781],[91.5393,26.278],[91.529,26.2781],[91.527,26.2763],[91.5267,26.2756],[91.5261,26.2741],[91.5256,26.2731],[91.5251,26.2717],[91.5264,26.2719],[91.5299,26.2722],[91.5304,26.2724],[91.5322,26.2726],[91.5323,26.2726],[91.5323,26.2724],[91.5324,26.2718],[91.5324,26.2713],[91.5324,26.2712],[91.5325,26.2705],[91.5327,26.2688],[91.5327,26.2637],[91.5328,26.2626],[91.5329,26.2622],[91.5329,26.2618],[91.5329,26.2614],[91.5329,26.2613],[91.533,26.2609],[91.533,26.2605],[91.533,26.2601],[91.5327,26.2597],[91.5327,26.2595],[91.5328,26.2592],[91.5339,26.2581],[91.5342,26.2578],[91.5347,26.2571],[91.5356,26.2563],[91.5363,26.2554],[91.537,26.255],[91.5376,26.2539],[91.5562,26.2687],[91.5703,26.2661],[91.5739,26.2545],[91.5833,26.2553],[91.5861,26.2558],[91.5862,26.2559],[91.5863,26.256],[91.5867,26.2561],[91.5871,26.2561],[91.5875,26.2563],[91.5877,26.2564],[91.5875,26.2566],[91.5874,26.257],[91.5873,26.2584],[91.5903,26.2591],[91.5904,26.2591],[91.5904,26.2592],[91.5904,26.2593],[91.5903,26.2595],[91.5901,26.26],[91.5901,26.2602],[91.5901,26.2605],[91.5905,26.2605],[91.5908,26.2605],[91.5908,26.2606],[91.5907,26.2609],[91.5906,26.2611],[91.5906,26.2612],[91.5905,26.2616],[91.5905,26.2619],[91.5905,26.262],[91.5903,26.2619],[91.5899,26.262],[91.5898,26.2621],[91.5893,26.2625],[91.5884,26.2628],[91.5877,26.2633],[91.5872,26.2644],[91.5869,26.2652],[91.5869,26.2653],[91.5868,26.2653],[91.5868,26.2654],[91.5868,26.2658],[91.5872,26.2703],[91.5884,26.2705],[91.5883,26.2723],[91.5883,26.2725],[91.5882,26.2731],[91.5883,26.2731],[91.5885,26.2731],[91.5891,26.2733],[91.5898,26.2734],[91.5902,26.2735],[91.592,26.2737],[91.5923,26.2737],[91.5928,26.2736],[91.5935,26.2736],[91.5937,26.2749],[91.5936,26.2751],[91.5943,26.2772],[91.594,26.2783],[91.5947,26.2792],[91.5945,26.2795],[91.5931,26.281],[91.5915,26.2848],[91.5912,26.2886],[91.5875,26.2929],[91.5889,26.2974],[91.5886,26.2974],[91.5881,26.2974],[91.5879,26.2974],[91.5868,26.2975],[91.5862,26.2975],[91.5856,26.2975],[91.58,26.315],[91.5799,26.3169],[91.58,26.3169],[91.5802,26.3159],[91.5808,26.3155],[91.581,26.3153],[91.5848,26.316],[91.5849,26.3158],[91.5853,26.3151],[91.5868,26.3147],[91.5876,26.3145],[91.5891,26.3142],[91.5898,26.3141],[91.592,26.3147],[91.5926,26.3148],[91.5934,26.3149],[91.5935,26.3149],[91.5955,26.315],[91.5958,26.3151],[91.597,26.3152],[91.6,26.3153],[91.6002,26.3158],[91.6001,26.3159],[91.6,26.3161],[91.5999,26.3166],[91.5999,26.3167],[91.5999,26.3169],[91.6,26.3171],[91.6,26.3172],[91.6001,26.3172],[91.6,26.3173],[91.6,26.3174],[91.6001,26.3175],[91.6002,26.3174],[91.6004,26.3173],[91.6005,26.3172],[91.6029,26.3162],[91.6031,26.3163],[91.6044,26.3157],[91.6044,26.3156],[91.6041,26.3149],[91.604,26.3148],[91.6049,26.3143],[91.605,26.3142],[91.6055,26.3125],[91.6055,26.3124],[91.607,26.3117],[91.6071,26.3116],[91.6073,26.3115],[91.6075,26.3114],[91.6079,26.311],[91.6079,26.3109],[91.6087,26.3106],[91.6089,26.3108],[91.6099,26.3106],[91.6101,26.3103],[91.6102,26.3101],[91.6159,26.2899],[91.626,26.2754],[91.6538,26.2735],[91.6672,26.2846],[91.6637,26.3027],[91.6731,26.3133],[91.6917,26.3113],[91.6851,26.3262],[91.6852,26.3263],[91.6731,26.3289],[91.6631,26.3595],[91.6631,26.3598]]]},"properties":{"AC_NO":31,"AC_NAME":"RANGIA","district":"KAMRUP RURAL"}},{"type":"Feature","geometry":{"type":"Polygon","coordinates":[[[91.4204,26.1746],[91.4143,26.1361],[91.3877,26.1407],[91.3669,26.1603],[91.3536,26.1673],[91.3342,26.1678],[91.3232,26.1604],[91.2946,26.1572],[91.2556,26.1631],[91.2221,26.1794],[91.1782,26.175],[91.1456,26.16],[91.136,26.1595],[91.1326,26.159],[91.1253,26.1572],[91.1169,26.1547],[91.1164,26.1546],[91.1142,26.1561],[91.1135,26.1573],[91.1122,26.1579],[91.1106,26.158],[91.1082,26.1601],[91.1065,26.1617],[91.1042,26.1635],[91.1028,26.1643],[91.1015,26.1649],[91.0985,26.1653],[91.09,26.1644],[91.0812,26.1617],[91.078,26.1603],[91.0691,26.1544],[91.0669,26.151],[91.0663,26.1499],[91.0631,26.1454],[91.0486,26.1307],[91.0297,26.1192],[91.0165,26.1258],[91.0155,26.1259],[91.0122,26.1182],[91.0171,26.1093],[91.0009,26.0926],[91.02,26.0763],[91.0471,26.0797],[91.0417,26.0588],[91.0417,26.0587],[91.0415,26.0582],[91.0414,26.0581],[91.0411,26.0568],[91.0411,26.0567],[91.0411,26.0563],[91.0411,26.0562],[91.0411,26.0548],[91.0415,26.0549],[91.0637,26.0619],[91.0641,26.062],[91.0744,26.0527],[91.0746,26.0523],[91.0874,26.0527],[91.0882,26.071],[91.1047,26.0743],[91.1055,26.074],[91.1113,26.0649],[91.1113,26.0647],[91.1112,26.0632],[91.111,26.0613],[91.1112,26.0613],[91.1115,26.0614],[91.1119,26.0614],[91.1138,26.0613],[91.114,26.0613],[91.1142,26.0613],[91.1152,26.0614],[91.1237,26.0614],[91.1236,26.0613],[91.1236,26.0612],[91.1234,26.0609],[91.1234,26.0608],[91.1233,26.0607],[91.1233,26.0606],[91.1268,26.0457],[91.1262,26.0457],[91.1256,26.0458],[91.1253,26.0459],[91.1126,26.0488],[91.1121,26.0489],[91.1117,26.049],[91.1114,26.0491],[91.1103,26.0493],[91.1102,26.0494],[91.1095,26.0495],[91.1092,26.0496],[91.1091,26.0496],[91.1079,26.0499],[91.1074,26.05],[91.1067,26.0502],[91.1064,26.0503],[91.106,26.0504],[91.1059,26.0504],[91.1056,26.0502],[91.1051,26.0497],[91.1047,26.0494],[91.1045,26.0492],[91.1043,26.049],[91.1041,26.0488],[91.104,26.0487],[91.1038,26.0486],[91.1037,26.0484],[91.1033,26.0482],[91.1035,26.0481],[91.1036,26.0479],[91.1039,26.0477],[91.1043,26.0472],[91.1044,26.0471],[91.1047,26.0468],[91.1048,26.0467],[91.105,26.0464],[91.106,26.0454],[91.106,26.0453],[91.1059,26.045],[91.1058,26.045],[91.1054,26.0449],[91.1053,26.0444],[91.1053,26.044],[91.1054,26.0438],[91.1054,26.0436],[91.1056,26.0436],[91.1055,26.0435],[91.1052,26.0432],[91.105,26.0431],[91.1048,26.0429],[91.1049,26.0428],[91.1049,26.0427],[91.105,26.0426],[91.105,26.0425],[91.1051,26.0424],[91.1051,26.0415],[91.1051,26.0414],[91.1049,26.0409],[91.1048,26.0408],[91.1048,26.0407],[91.1047,26.0407],[91.1047,26.0404],[91.1047,26.0402],[91.1047,26.0401],[91.1047,26.04],[91.1047,26.0399],[91.1046,26.0398],[91.1046,26.0397],[91.1045,26.0396],[91.1044,26.0395],[91.1043,26.0394],[91.1042,26.0394],[91.104,26.0393],[91.1038,26.0391],[91.1038,26.039],[91.1191,26.0341],[91.1194,26.0333],[91.1193,26.0316],[91.1192,26.0316],[91.1189,26.0316],[91.1185,26.0316],[91.118,26.0316],[91.1176,26.0316],[91.1171,26.0315],[91.117,26.0315],[91.1164,26.0315],[91.1161,26.0315],[91.116,26.0315],[91.1156,26.0315],[91.1148,26.0315],[91.1143,26.0315],[91.1141,26.0315],[91.1136,26.0315],[91.1133,26.0314],[91.1129,26.0314],[91.1129,26.0311],[91.1127,26.0305],[91.1127,26.0303],[91.1127,26.03],[91.1126,26.0297],[91.1126,26.0296],[91.1126,26.0293],[91.1123,26.0275],[91.1122,26.0271],[91.112,26.0263],[91.112,26.0259],[91.1119,26.0256],[91.1118,26.0252],[91.1118,26.0251],[91.1118,26.0249],[91.1117,26.0247],[91.1116,26.0244],[91.1116,26.024],[91.1115,26.0238],[91.1115,26.0236],[91.1115,26.0234],[91.1114,26.0231],[91.1113,26.0227],[91.1113,26.0223],[91.1112,26.0216],[91.1111,26.0211],[91.111,26.0209],[91.1111,26.0209],[91.1128,26.0205],[91.1131,26.0205],[91.1133,26.0204],[91.114,26.0203],[91.1142,26.0203],[91.1144,26.0202],[91.1146,26.0202],[91.1148,26.0202],[91.115,26.0201],[91.1153,26.0201],[91.1155,26.02],[91.1156,26.02],[91.1157,26.02],[91.1158,26.02],[91.116,26.0199],[91.1162,26.0199],[91.1163,26.0199],[91.1167,26.0198],[91.1168,26.0198],[91.1172,26.0197],[91.1174,26.0196],[91.1178,26.0196],[91.1178,26.0197],[91.1179,26.0199],[91.1179,26.02],[91.1179,26.0201],[91.1179,26.0203],[91.118,26.0205],[91.118,26.0206],[91.118,26.0207],[91.1181,26.0209],[91.1181,26.021],[91.1181,26.0211],[91.1182,26.0213],[91.1182,26.0214],[91.1183,26.022],[91.1184,26.0224],[91.1184,26.0225],[91.1189,26.0226],[91.1193,26.0227],[91.1195,26.0228],[91.1197,26.0228],[91.1198,26.0229],[91.1201,26.0229],[91.1204,26.023],[91.1206,26.0231],[91.1207,26.0231],[91.1211,26.0232],[91.1212,26.0232],[91.1215,26.0233],[91.1216,26.0234],[91.1219,26.0235],[91.122,26.0237],[91.1223,26.0239],[91.1224,26.024],[91.1225,26.024],[91.1226,26.0242],[91.1228,26.0243],[91.123,26.0245],[91.1233,26.0247],[91.1234,26.0248],[91.1236,26.025],[91.1238,26.0251],[91.1239,26.0252],[91.124,26.0252],[91.1241,26.0253],[91.1243,26.0255],[91.1245,26.0256],[91.1247,26.0258],[91.1248,26.0259],[91.1249,26.0259],[91.1251,26.0261],[91.1255,26.0265],[91.1256,26.0266],[91.1258,26.0267],[91.1259,26.0268],[91.1261,26.0269],[91.1262,26.0269],[91.1265,26.027],[91.1266,26.027],[91.1268,26.027],[91.1271,26.0271],[91.1273,26.0272],[91.1275,26.0272],[91.1276,26.0273],[91.1278,26.0273],[91.1287,26.0276],[91.1291,26.0277],[91.1292,26.0277],[91.1295,26.0278],[91.1304,26.028],[91.1308,26.0282],[91.131,26.0282],[91.1313,26.0283],[91.1317,26.0284],[91.1323,26.0286],[91.1324,26.0287],[91.1326,26.0288],[91.133,26.0291],[91.1331,26.0293],[91.1333,26.0294],[91.1336,26.0297],[91.1339,26.0299],[91.134,26.03],[91.1341,26.0301],[91.1342,26.0301],[91.1344,26.03],[91.1347,26.03],[91.135,26.03],[91.135,26.0299],[91.1351,26.0299],[91.1355,26.03],[91.1356,26.03],[91.136,26.0301],[91.1363,26.0301],[91.1365,26.0301],[91.1366,26.0302],[91.137,26.0302],[91.1382,26.0304],[91.1384,26.0304],[91.1385,26.0305],[91.1389,26.0305],[91.1391,26.0305],[91.1393,26.0306],[91.1395,26.0306],[91.1396,26.0306],[91.1397,26.0304],[91.1397,26.0302],[91.1398,26.0299],[91.1398,26.0298],[91.1398,26.0296],[91.1398,26.0294],[91.1398,26.0293],[91.1398,26.0291],[91.1398,26.0289],[91.1398,26.0287],[91.1398,26.0286],[91.1398,26.0285],[91.1397,26.0284],[91.1397,26.0282],[91.1396,26.028],[91.1395,26.0279],[91.1395,26.0277],[91.1393,26.0274],[91.1393,26.0272],[91.1392,26.027],[91.1392,26.0268],[91.1394,26.0268],[91.1399,26.0266],[91.1401,26.0265],[91.1405,26.0264],[91.1409,26.0263],[91.1415,26.0261],[91.1438,26.026],[91.1443,26.026],[91.1543,26.0252],[91.1549,26.0251],[91.1525,26.0343],[91.1525,26.0345],[91.1537,26.0419],[91.1537,26.0422],[91.1544,26.047],[91.1454,26.06],[91.1453,26.06],[91.1451,26.06],[91.1447,26.0601],[91.1446,26.0601],[91.1442,26.0602],[91.1441,26.0603],[91.1438,26.0604],[91.1434,26.0605],[91.1431,26.0606],[91.143,26.0606],[91.1428,26.0608],[91.1426,26.0608],[91.1425,26.0608],[91.1422,26.0607],[91.142,26.0606],[91.1419,26.0605],[91.1418,26.0604],[91.1416,26.0601],[91.1414,26.0599],[91.1412,26.0598],[91.1412,26.0597],[91.1411,26.0597],[91.1409,26.0595],[91.1406,26.0591],[91.1403,26.0589],[91.1402,26.0589],[91.14,26.0588],[91.1396,26.0587],[91.1348,26.059],[91.1344,26.06],[91.1343,26.0757],[91.1514,26.0844],[91.1631,26.0849],[91.1668,26.0706],[91.1669,26.0705],[91.1674,26.0698],[91.1677,26.0699],[91.1834,26.0613],[91.1853,26.0601],[91.1954,26.0518],[91.217,26.0474],[91.2173,26.0475],[91.2293,26.039],[91.2469,26.044],[91.247,26.044],[91.2481,26.0435],[91.2484,26.0433],[91.2487,26.0432],[91.2496,26.0428],[91.2507,26.0426],[91.2515,26.0425],[91.2516,26.0424],[91.2525,26.0423],[91.2528,26.0423],[91.2529,26.0422],[91.253,26.0422],[91.2536,26.0423],[91.2538,26.0424],[91.2548,26.0425],[91.2552,26.0425],[91.2561,26.0427],[91.2565,26.0427],[91.2567,26.0427],[91.257,26.0427],[91.2574,26.0428],[91.2584,26.0428],[91.2586,26.0428],[91.259,26.0428],[91.2596,26.0429],[91.2597,26.0429],[91.2601,26.0432],[91.2603,26.0434],[91.2606,26.0435],[91.2608,26.0437],[91.2614,26.0441],[91.262,26.0445],[91.2625,26.0448],[91.2634,26.0458],[91.2637,26.0461],[91.264,26.0464],[91.2644,26.0468],[91.2645,26.0469],[91.2647,26.0471],[91.2649,26.0473],[91.2649,26.0474],[91.265,26.0474],[91.2652,26.0481],[91.2657,26.0481],[91.2829,26.0419],[91.2836,26.0419],[91.284,26.0419],[91.2846,26.0419],[91.2849,26.0419],[91.3006,26.043],[91.3008,26.043],[91.3052,26.0556],[91.3024,26.0726],[91.3176,26.0816],[91.3292,26.0782],[91.3291,26.0786],[91.3321,26.0809],[91.3337,26.0811],[91.3343,26.0813],[91.3479,26.0757],[91.3479,26.076],[91.3479,26.0764],[91.3479,26.0765],[91.3479,26.0768],[91.348,26.0775],[91.348,26.078],[91.3481,26.078],[91.3426,26.0978],[91.3306,26.0993],[91.3302,26.0989],[91.3299,26.0987],[91.3298,26.0988],[91.3297,26.099],[91.3295,26.0992],[91.3292,26.0995],[91.3289,26.0999],[91.3286,26.1002],[91.3285,26.1003],[91.3284,26.1007],[91.317,26.1106],[91.3211,26.1224],[91.3577,26.1164],[91.3567,26.1264],[91.3699,26.1319],[91.3949,26.1323],[91.4342,26.1273],[91.4319,26.0939],[91.4538,26.1003],[91.4475,26.1106],[91.4464,26.1315],[91.4549,26.1363],[91.4727,26.1343],[91.4769,26.1448],[91.4765,26.1449],[91.4799,26.1499],[91.4816,26.15],[91.4815,26.1507],[91.4819,26.1522],[91.4647,26.1543],[91.46,26.1602],[91.4585,26.1613],[91.4584,26.1613],[91.4569,26.1637],[91.4565,26.1642],[91.4547,26.1676],[91.4547,26.1677],[91.4204,26.1746]]]},"properties":{"AC_NO":27,"AC_NAME":"CHAMARIA","district":"KAMRUP RURAL"}},{"type":"Feature","geometry":{"type":"Polygon","coordinates":[[[91.5617,26.1415],[91.5455,26.1405],[91.5448,26.151],[91.5447,26.1512],[91.5075,26.1492],[91.4967,26.1555],[91.4965,26.1557],[91.4912,26.1602],[91.4909,26.1578],[91.4877,26.1492],[91.4819,26.1522],[91.4815,26.1507],[91.4816,26.15],[91.4799,26.1499],[91.4765,26.1449],[91.4769,26.1448],[91.4727,26.1343],[91.4549,26.1363],[91.4464,26.1315],[91.4475,26.1106],[91.4538,26.1003],[91.4319,26.0939],[91.4342,26.1273],[91.3949,26.1323],[91.3699,26.1319],[91.3567,26.1264],[91.3577,26.1164],[91.3211,26.1224],[91.317,26.1106],[91.3284,26.1007],[91.3285,26.1003],[91.3286,26.1002],[91.3289,26.0999],[91.3292,26.0995],[91.3295,26.0992],[91.3297,26.099],[91.3298,26.0988],[91.3299,26.0987],[91.3302,26.0989],[91.3306,26.0993],[91.3426,26.0978],[91.4007,26.0811],[91.4011,26.0812],[91.4026,26.0816],[91.4027,26.0812],[91.4026,26.0806],[91.4026,26.0799],[91.4021,26.0798],[91.402,26.0798],[91.4022,26.0785],[91.4022,26.0779],[91.4023,26.076],[91.4024,26.0756],[91.4038,26.0742],[91.4039,26.0742],[91.404,26.0742],[91.4042,26.0733],[91.4043,26.0729],[91.4043,26.0728],[91.4043,26.0725],[91.3904,26.0592],[91.4008,26.0543],[91.4009,26.0389],[91.3867,26.0388],[91.387,26.0511],[91.3594,26.0583],[91.3454,26.0549],[91.3438,26.0449],[91.344,26.0446],[91.3439,26.044],[91.3438,26.0438],[91.3438,26.0436],[91.3437,26.0435],[91.3436,26.0427],[91.3436,26.0425],[91.3436,26.0424],[91.3435,26.0422],[91.3459,26.0361],[91.3667,26.0425],[91.383,26.0305],[91.3764,26.0166],[91.3978,26.0091],[91.4099,26.0091],[91.4212,26.0184],[91.4214,26.0184],[91.4262,26.0014],[91.4266,26.0005],[91.429,25.9896],[91.4147,25.9639],[91.408,25.9272],[91.4004,25.9169],[91.4058,25.9046],[91.3962,25.8987],[91.3841,25.8781],[91.3837,25.8781],[91.3833,25.8782],[91.3832,25.8782],[91.381,25.8759],[91.3809,25.8757],[91.3655,25.8615],[91.3652,25.8613],[91.3651,25.8612],[91.3654,25.8608],[91.3652,25.8598],[91.3651,25.8597],[91.3629,25.8558],[91.3627,25.8556],[91.3574,25.8411],[91.3923,25.8473],[91.4027,25.8518],[91.4281,25.8526],[91.442,25.8396],[91.4679,25.8582],[91.4752,25.8692],[91.4788,25.8892],[91.5028,25.8998],[91.5066,25.9145],[91.5016,25.9239],[91.5166,25.9417],[91.5185,25.9603],[91.5286,25.9616],[91.5448,25.9763],[91.5717,26.0142],[91.5691,26.0247],[91.5784,26.0334],[91.5951,26.0202],[91.6101,26.0253],[91.6274,26.0218],[91.6292,25.9758],[91.6409,25.9641],[91.6307,25.9438],[91.6116,25.9447],[91.6096,25.9368],[91.6255,25.9299],[91.6496,25.9082],[91.6682,25.9052],[91.6885,25.921],[91.7037,25.9425],[91.7131,25.9436],[91.7235,25.9639],[91.7213,26.0126],[91.7227,26.0346],[91.6872,26.0461],[91.6269,26.0721],[91.6001,26.0756],[91.5982,26.0609],[91.5679,26.0601],[91.5863,26.0923],[91.564,26.1043],[91.5617,26.1415]]]},"properties":{"AC_NO":29,"AC_NAME":"PALASBARI","district":"KAMRUP RURAL"}},{"type":"Feature","geometry":{"type":"Polygon","coordinates":[[[91.0155,26.1259],[91.0142,26.1266],[91.0092,26.1273],[91.0062,26.1281],[90.9988,26.1266],[91.0076,26.1198],[91.0093,26.1173],[91.0096,26.116],[91.0087,26.1152],[91.0082,26.1151],[91.0075,26.1152],[91.006,26.1161],[91.0034,26.1182],[91.0015,26.1192],[91,26.1195],[90.9943,26.1194],[90.9923,26.119],[90.9908,26.1182],[90.9895,26.117],[90.9879,26.1158],[90.985,26.1135],[90.9827,26.112],[90.9663,26.1032],[90.9531,26.0959],[90.9451,26.0938],[90.9437,26.0938],[90.9412,26.0936],[90.9359,26.0926],[90.9394,26.0875],[90.947,26.0893],[90.9504,26.082],[90.9585,26.0825],[90.96,26.0824],[90.9586,26.0777],[90.9582,26.0772],[90.9586,26.0768],[90.9588,26.0763],[90.9584,26.076],[90.9586,26.0757],[90.959,26.0756],[90.9595,26.0754],[90.9601,26.0754],[90.9607,26.0752],[90.961,26.075],[90.9614,26.0749],[90.9618,26.0745],[90.9623,26.074],[90.9626,26.0739],[90.9631,26.0735],[90.9635,26.073],[90.9649,26.0724],[90.9657,26.0722],[90.9728,26.0659],[90.9737,26.0654],[90.9798,26.0606],[90.9804,26.0586],[90.9808,26.0582],[90.9817,26.0585],[90.9818,26.0587],[90.9826,26.0587],[90.9829,26.0587],[90.9846,26.0595],[90.9851,26.0596],[90.9855,26.0597],[90.9978,26.0547],[90.9987,26.0539],[90.9993,26.0537],[91.0101,26.0545],[91.0106,26.0543],[91.0137,26.0491],[91.0143,26.0487],[91.0232,26.0426],[91.0238,26.0422],[91.028,26.0412],[91.0286,26.0415],[91.0304,26.0449],[91.0312,26.0465],[91.0315,26.0469],[91.0467,26.0405],[91.0641,26.0463],[91.0749,26.0386],[91.0756,26.0389],[91.0818,26.0318],[91.082,26.0311],[91.0824,26.0309],[91.0886,26.0314],[91.0892,26.0313],[91.0895,26.0313],[91.0902,26.0315],[91.0905,26.0311],[91.0902,26.0306],[91.0882,26.0219],[91.0996,26.0069],[91.0905,26.0017],[91.0805,25.9725],[91.0684,25.9665],[91.0475,25.9415],[91.0305,25.8859],[91.0298,25.8709],[91.0187,25.8579],[91.0141,25.8428],[91.0009,25.8255],[91.0219,25.8241],[91.0499,25.8494],[91.0662,25.8456],[91.0588,25.8326],[91.0626,25.8213],[91.0801,25.8233],[91.1244,25.8359],[91.1456,25.85],[91.1746,25.844],[91.196,25.8584],[91.2018,25.8429],[91.1872,25.8176],[91.1903,25.8131],[91.1796,25.778],[91.189,25.7642],[91.1888,25.7386],[91.1935,25.7309],[91.2196,25.7269],[91.2413,25.7353],[91.257,25.7459],[91.2712,25.7446],[91.2757,25.7548],[91.3006,25.7869],[91.3206,25.8219],[91.3327,25.8332],[91.3574,25.8411],[91.3627,25.8556],[91.3629,25.8558],[91.3651,25.8597],[91.3652,25.8598],[91.3654,25.8608],[91.3651,25.8612],[91.3652,25.8613],[91.3655,25.8615],[91.3809,25.8757],[91.381,25.8759],[91.3832,25.8782],[91.3833,25.8782],[91.3837,25.8781],[91.3841,25.8781],[91.3962,25.8987],[91.4058,25.9046],[91.4004,25.9169],[91.408,25.9272],[91.4147,25.9639],[91.429,25.9896],[91.4266,26.0005],[91.4262,26.0014],[91.4214,26.0184],[91.4212,26.0184],[91.4099,26.0091],[91.3978,26.0091],[91.3764,26.0166],[91.383,26.0305],[91.3667,26.0425],[91.3459,26.0361],[91.3435,26.0422],[91.3436,26.0424],[91.3436,26.0425],[91.3436,26.0427],[91.3437,26.0435],[91.3438,26.0436],[91.3438,26.0438],[91.3439,26.044],[91.344,26.0446],[91.3438,26.0449],[91.3454,26.0549],[91.3594,26.0583],[91.387,26.0511],[91.3867,26.0388],[91.4009,26.0389],[91.4008,26.0543],[91.3904,26.0592],[91.4043,26.0725],[91.4043,26.0728],[91.4043,26.0729],[91.4042,26.0733],[91.404,26.0742],[91.4039,26.0742],[91.4038,26.0742],[91.4024,26.0756],[91.4023,26.076],[91.4022,26.0779],[91.4022,26.0785],[91.402,26.0798],[91.4021,26.0798],[91.4026,26.0799],[91.4026,26.0806],[91.4027,26.0812],[91.4026,26.0816],[91.4011,26.0812],[91.4007,26.0811],[91.3426,26.0978],[91.3481,26.078],[91.348,26.078],[91.348,26.0775],[91.3479,26.0768],[91.3479,26.0765],[91.3479,26.0764],[91.3479,26.076],[91.3479,26.0757],[91.3343,26.0813],[91.3337,26.0811],[91.3321,26.0809],[91.3291,26.0786],[91.3292,26.0782],[91.3176,26.0816],[91.3024,26.0726],[91.3052,26.0556],[91.3008,26.043],[91.3006,26.043],[91.2849,26.0419],[91.2846,26.0419],[91.284,26.0419],[91.2836,26.0419],[91.2829,26.0419],[91.2657,26.0481],[91.2652,26.0481],[91.265,26.0474],[91.2649,26.0474],[91.2649,26.0473],[91.2647,26.0471],[91.2645,26.0469],[91.2644,26.0468],[91.264,26.0464],[91.2637,26.0461],[91.2634,26.0458],[91.2625,26.0448],[91.262,26.0445],[91.2614,26.0441],[91.2608,26.0437],[91.2606,26.0435],[91.2603,26.0434],[91.2601,26.0432],[91.2597,26.0429],[91.2596,26.0429],[91.259,26.0428],[91.2586,26.0428],[91.2584,26.0428],[91.2574,26.0428],[91.257,26.0427],[91.2567,26.0427],[91.2565,26.0427],[91.2561,26.0427],[91.2552,26.0425],[91.2548,26.0425],[91.2538,26.0424],[91.2536,26.0423],[91.253,26.0422],[91.2529,26.0422],[91.2528,26.0423],[91.2525,26.0423],[91.2516,26.0424],[91.2515,26.0425],[91.2507,26.0426],[91.2496,26.0428],[91.2487,26.0432],[91.2484,26.0433],[91.2481,26.0435],[91.247,26.044],[91.2469,26.044],[91.2293,26.039],[91.2173,26.0475],[91.217,26.0474],[91.1954,26.0518],[91.1853,26.0601],[91.1834,26.0613],[91.1677,26.0699],[91.1674,26.0698],[91.1669,26.0705],[91.1668,26.0706],[91.1631,26.0849],[91.1514,26.0844],[91.1343,26.0757],[91.1344,26.06],[91.1348,26.059],[91.1396,26.0587],[91.14,26.0588],[91.1402,26.0589],[91.1403,26.0589],[91.1406,26.0591],[91.1409,26.0595],[91.1411,26.0597],[91.1412,26.0597],[91.1412,26.0598],[91.1414,26.0599],[91.1416,26.0601],[91.1418,26.0604],[91.1419,26.0605],[91.142,26.0606],[91.1422,26.0607],[91.1425,26.0608],[91.1426,26.0608],[91.1428,26.0608],[91.143,26.0606],[91.1431,26.0606],[91.1434,26.0605],[91.1438,26.0604],[91.1441,26.0603],[91.1442,26.0602],[91.1446,26.0601],[91.1447,26.0601],[91.1451,26.06],[91.1453,26.06],[91.1454,26.06],[91.1544,26.047],[91.1537,26.0422],[91.1537,26.0419],[91.1525,26.0345],[91.1525,26.0343],[91.1549,26.0251],[91.1543,26.0252],[91.1443,26.026],[91.1438,26.026],[91.1415,26.0261],[91.1409,26.0263],[91.1405,26.0264],[91.1401,26.0265],[91.1399,26.0266],[91.1394,26.0268],[91.1392,26.0268],[91.1392,26.027],[91.1393,26.0272],[91.1393,26.0274],[91.1395,26.0277],[91.1395,26.0279],[91.1396,26.028],[91.1397,26.0282],[91.1397,26.0284],[91.1398,26.0285],[91.1398,26.0286],[91.1398,26.0287],[91.1398,26.0289],[91.1398,26.0291],[91.1398,26.0293],[91.1398,26.0294],[91.1398,26.0296],[91.1398,26.0298],[91.1398,26.0299],[91.1397,26.0302],[91.1397,26.0304],[91.1396,26.0306],[91.1395,26.0306],[91.1393,26.0306],[91.1391,26.0305],[91.1389,26.0305],[91.1385,26.0305],[91.1384,26.0304],[91.1382,26.0304],[91.137,26.0302],[91.1366,26.0302],[91.1365,26.0301],[91.1363,26.0301],[91.136,26.0301],[91.1356,26.03],[91.1355,26.03],[91.1351,26.0299],[91.135,26.0299],[91.135,26.03],[91.1347,26.03],[91.1344,26.03],[91.1342,26.0301],[91.1341,26.0301],[91.134,26.03],[91.1339,26.0299],[91.1336,26.0297],[91.1333,26.0294],[91.1331,26.0293],[91.133,26.0291],[91.1326,26.0288],[91.1324,26.0287],[91.1323,26.0286],[91.1317,26.0284],[91.1313,26.0283],[91.131,26.0282],[91.1308,26.0282],[91.1304,26.028],[91.1295,26.0278],[91.1292,26.0277],[91.1291,26.0277],[91.1287,26.0276],[91.1278,26.0273],[91.1276,26.0273],[91.1275,26.0272],[91.1273,26.0272],[91.1271,26.0271],[91.1268,26.027],[91.1266,26.027],[91.1265,26.027],[91.1262,26.0269],[91.1261,26.0269],[91.1259,26.0268],[91.1258,26.0267],[91.1256,26.0266],[91.1255,26.0265],[91.1251,26.0261],[91.1249,26.0259],[91.1248,26.0259],[91.1247,26.0258],[91.1245,26.0256],[91.1243,26.0255],[91.1241,26.0253],[91.124,26.0252],[91.1239,26.0252],[91.1238,26.0251],[91.1236,26.025],[91.1234,26.0248],[91.1233,26.0247],[91.123,26.0245],[91.1228,26.0243],[91.1226,26.0242],[91.1225,26.024],[91.1224,26.024],[91.1223,26.0239],[91.122,26.0237],[91.1219,26.0235],[91.1216,26.0234],[91.1215,26.0233],[91.1212,26.0232],[91.1211,26.0232],[91.1207,26.0231],[91.1206,26.0231],[91.1204,26.023],[91.1201,26.0229],[91.1198,26.0229],[91.1197,26.0228],[91.1195,26.0228],[91.1193,26.0227],[91.1189,26.0226],[91.1184,26.0225],[91.1184,26.0224],[91.1183,26.022],[91.1182,26.0214],[91.1182,26.0213],[91.1181,26.0211],[91.1181,26.021],[91.1181,26.0209],[91.118,26.0207],[91.118,26.0206],[91.118,26.0205],[91.1179,26.0203],[91.1179,26.0201],[91.1179,26.02],[91.1179,26.0199],[91.1178,26.0197],[91.1178,26.0196],[91.1174,26.0196],[91.1172,26.0197],[91.1168,26.0198],[91.1167,26.0198],[91.1163,26.0199],[91.1162,26.0199],[91.116,26.0199],[91.1158,26.02],[91.1157,26.02],[91.1156,26.02],[91.1155,26.02],[91.1153,26.0201],[91.115,26.0201],[91.1148,26.0202],[91.1146,26.0202],[91.1144,26.0202],[91.1142,26.0203],[91.114,26.0203],[91.1133,26.0204],[91.1131,26.0205],[91.1128,26.0205],[91.1111,26.0209],[91.1099,26.0211],[91.111,26.0209],[91.1111,26.0211],[91.1112,26.0216],[91.1113,26.0223],[91.1113,26.0227],[91.1114,26.0231],[91.1115,26.0234],[91.1115,26.0236],[91.1115,26.0238],[91.1116,26.024],[91.1116,26.0244],[91.1117,26.0247],[91.1118,26.0249],[91.1118,26.0251],[91.1118,26.0252],[91.1119,26.0256],[91.112,26.0259],[91.112,26.0263],[91.1122,26.0271],[91.1123,26.0275],[91.1126,26.0293],[91.1126,26.0296],[91.1126,26.0297],[91.1127,26.03],[91.1127,26.0303],[91.1127,26.0305],[91.1129,26.0311],[91.1129,26.0314],[91.1133,26.0314],[91.1136,26.0315],[91.1141,26.0315],[91.1143,26.0315],[91.1148,26.0315],[91.1156,26.0315],[91.116,26.0315],[91.1161,26.0315],[91.1164,26.0315],[91.117,26.0315],[91.1171,26.0315],[91.1176,26.0316],[91.118,26.0316],[91.1185,26.0316],[91.1189,26.0316],[91.1192,26.0316],[91.1193,26.0316],[91.1194,26.0333],[91.1191,26.0341],[91.1038,26.039],[91.1038,26.0391],[91.104,26.0393],[91.1042,26.0394],[91.1043,26.0394],[91.1044,26.0395],[91.1045,26.0396],[91.1046,26.0397],[91.1046,26.0398],[91.1047,26.0399],[91.1047,26.04],[91.1047,26.0401],[91.1047,26.0402],[91.1047,26.0404],[91.1047,26.0407],[91.1048,26.0407],[91.1048,26.0408],[91.1049,26.0409],[91.1051,26.0414],[91.1051,26.0415],[91.1051,26.0424],[91.105,26.0425],[91.105,26.0426],[91.1049,26.0427],[91.1049,26.0428],[91.1048,26.0429],[91.105,26.0431],[91.1052,26.0432],[91.1055,26.0435],[91.1056,26.0436],[91.1054,26.0436],[91.1054,26.0438],[91.1053,26.044],[91.1053,26.0444],[91.1054,26.0449],[91.1058,26.045],[91.1059,26.045],[91.106,26.0453],[91.106,26.0454],[91.105,26.0464],[91.1048,26.0467],[91.1047,26.0468],[91.1044,26.0471],[91.1043,26.0472],[91.1039,26.0477],[91.1036,26.0479],[91.1035,26.0481],[91.1033,26.0482],[91.1037,26.0484],[91.1038,26.0486],[91.104,26.0487],[91.1041,26.0488],[91.1043,26.049],[91.1045,26.0492],[91.1047,26.0494],[91.1051,26.0497],[91.1056,26.0502],[91.1059,26.0504],[91.106,26.0504],[91.1064,26.0503],[91.1067,26.0502],[91.1074,26.05],[91.1079,26.0499],[91.1091,26.0496],[91.1092,26.0496],[91.1095,26.0495],[91.1102,26.0494],[91.1103,26.0493],[91.1114,26.0491],[91.1117,26.049],[91.1121,26.0489],[91.1126,26.0488],[91.1253,26.0459],[91.1256,26.0458],[91.1262,26.0457],[91.1268,26.0457],[91.1233,26.0606],[91.1233,26.0607],[91.1234,26.0608],[91.1234,26.0609],[91.1236,26.0612],[91.1236,26.0613],[91.1237,26.0614],[91.1152,26.0614],[91.1142,26.0613],[91.114,26.0613],[91.1138,26.0613],[91.1119,26.0614],[91.1115,26.0614],[91.1112,26.0613],[91.111,26.0613],[91.1112,26.0632],[91.1113,26.0647],[91.1113,26.0649],[91.1055,26.074],[91.1047,26.0743],[91.0882,26.071],[91.0874,26.0527],[91.0746,26.0523],[91.0744,26.0527],[91.0641,26.062],[91.0637,26.0619],[91.0415,26.0549],[91.0411,26.0548],[91.0411,26.0562],[91.0411,26.0563],[91.0411,26.0567],[91.0411,26.0568],[91.0414,26.0581],[91.0415,26.0582],[91.0417,26.0587],[91.0417,26.0588],[91.0471,26.0797],[91.02,26.0763],[91.0009,26.0926],[91.0171,26.1093],[91.0122,26.1182],[91.0155,26.1259]]]},"properties":{"AC_NO":28,"AC_NAME":"BOKO-CHAYGAON (ST)","district":"KAMRUP RURAL"}},{"type":"Feature","geometry":{"type":"Polygon","coordinates":[[[90.6314,26.1339],[90.6107,26.1309],[90.6077,26.1321],[90.6041,26.1351],[90.6027,26.1369],[90.6014,26.1368],[90.598,26.1386],[90.5972,26.1395],[90.5961,26.1411],[90.5957,26.1426],[90.5953,26.1449],[90.5948,26.148],[90.5941,26.1499],[90.5934,26.1525],[90.5921,26.1539],[90.5895,26.1553],[90.5864,26.156],[90.5883,26.1603],[90.5872,26.1764],[90.5963,26.1826],[90.5938,26.1922],[90.5805,26.189],[90.5734,26.1806],[90.5715,26.1769],[90.5711,26.1743],[90.5713,26.173],[90.5717,26.1719],[90.5659,26.1617],[90.5589,26.1625],[90.5568,26.1603],[90.5558,26.1602],[90.5513,26.1565],[90.5499,26.1576],[90.5481,26.1597],[90.5434,26.1637],[90.5405,26.1667],[90.5394,26.1696],[90.5422,26.1715],[90.5449,26.1724],[90.543,26.1757],[90.5395,26.1809],[90.5438,26.1932],[90.5455,26.2053],[90.5388,26.2039],[90.5297,26.2014],[90.5211,26.1997],[90.5127,26.1966],[90.5093,26.1948],[90.5068,26.193],[90.497,26.1924],[90.4932,26.1859],[90.5056,26.174],[90.5065,26.1725],[90.5067,26.1722],[90.5067,26.171],[90.5068,26.1697],[90.5068,26.164],[90.5067,26.1612],[90.5067,26.1605],[90.5068,26.1588],[90.5093,26.1531],[90.5097,26.1477],[90.5086,26.144],[90.5062,26.1391],[90.5025,26.1344],[90.5097,26.116],[90.5115,26.1106],[90.5128,26.1059],[90.5133,26.102],[90.5118,26.0999],[90.5104,26.0967],[90.5079,26.0923],[90.5045,26.0831],[90.5017,26.0822],[90.4897,26.0792],[90.4873,26.078],[90.4851,26.0778],[90.4834,26.0825],[90.4831,26.084],[90.4785,26.0931],[90.4723,26.089],[90.4717,26.0886],[90.4659,26.0847],[90.4604,26.081],[90.4564,26.0782],[90.4528,26.0762],[90.4522,26.0735],[90.4536,26.0705],[90.455,26.068],[90.4526,26.0618],[90.4292,26.062],[90.4283,26.0625],[90.4268,26.064],[90.4255,26.066],[90.429,26.0689],[90.4229,26.0713],[90.4127,26.0701],[90.4083,26.0772],[90.4043,26.0744],[90.3986,26.0785],[90.3973,26.0793],[90.3986,26.0808],[90.4,26.0827],[90.4012,26.084],[90.3963,26.0868],[90.3949,26.0853],[90.3907,26.0852],[90.3885,26.0851],[90.3882,26.085],[90.386,26.0838],[90.384,26.0808],[90.3789,26.0767],[90.3784,26.0727],[90.3734,26.07],[90.3672,26.0673],[90.3654,26.0668],[90.3711,26.0655],[90.376,26.0649],[90.3752,26.0641],[90.3739,26.0628],[90.3713,26.0608],[90.3715,26.0521],[90.384,26.0524],[90.3918,26.0484],[90.3937,26.0499],[90.3967,26.0526],[90.3892,26.0621],[90.3878,26.0634],[90.3911,26.0651],[90.3959,26.067],[90.3991,26.0683],[90.4113,26.0603],[90.4179,26.0618],[90.4174,26.054],[90.4226,26.0527],[90.4248,26.0515],[90.4209,26.05],[90.4037,26.0392],[90.3997,26.0392],[90.3952,26.0403],[90.3932,26.0409],[90.3879,26.0369],[90.3853,26.0339],[90.3818,26.0312],[90.3881,26.023],[90.3726,26.0199],[90.3715,26.0208],[90.3704,26.0217],[90.3683,26.0231],[90.3597,26.0332],[90.3079,26.0349],[90.2985,26.0234],[90.2949,26.0218],[90.2925,26.0206],[90.2914,26.0201],[90.2869,26.0174],[90.2942,26.0117],[90.2991,26.0093],[90.2983,26.0087],[90.2966,26.0086],[90.2947,26.0077],[90.2923,26.0071],[90.2838,26.0075],[90.2818,26.0074],[90.2793,26.0069],[90.2697,26.0041],[90.2392,25.9993],[90.2378,25.9973],[90.2338,25.9952],[90.2262,25.9761],[90.2285,25.9734],[90.2318,25.9685],[90.2351,25.9593],[90.2457,25.9565],[90.2832,25.9628],[90.3278,25.9748],[90.3495,26.0034],[90.367,26.0103],[90.4003,26.0107],[90.4291,25.9888],[90.4559,26.0003],[90.4787,26.0136],[90.5015,26.001],[90.5174,25.9747],[90.5341,25.9598],[90.5361,25.9352],[90.5254,25.9327],[90.5176,25.9067],[90.5326,25.9068],[90.5557,25.9287],[90.5734,25.9376],[90.5722,25.9468],[90.5812,25.958],[90.6008,25.9513],[90.6264,25.9365],[90.6071,25.9187],[90.6133,25.8995],[90.6244,25.898],[90.6333,25.9207],[90.6719,25.9343],[90.6879,25.9489],[90.6903,25.9495],[90.6952,25.9501],[90.6978,25.9504],[90.6993,25.9519],[90.6996,25.958],[90.6992,25.9688],[90.6987,25.9709],[90.6982,25.9725],[90.6993,25.9728],[90.7015,25.9729],[90.7024,25.9744],[90.7038,25.9782],[90.7058,25.9815],[90.7069,25.9838],[90.7073,25.9854],[90.709,25.9883],[90.7096,25.9887],[90.7005,25.9947],[90.7008,26.0017],[90.7002,26.005],[90.6993,26.0077],[90.6994,26.0117],[90.698,26.0132],[90.6954,26.0135],[90.6927,26.0133],[90.689,26.0135],[90.689,26.0103],[90.6878,25.9996],[90.6874,25.9991],[90.6852,25.9987],[90.6708,25.9991],[90.6692,25.9993],[90.6683,25.9994],[90.6654,26],[90.6636,26.0008],[90.6619,26.0013],[90.6611,26.0096],[90.6639,26.0144],[90.6671,26.0198],[90.6685,26.0228],[90.655,26.0328],[90.6593,26.0432],[90.6578,26.0469],[90.6559,26.0525],[90.6497,26.053],[90.6406,26.0537],[90.6324,26.0544],[90.6234,26.0647],[90.6102,26.0679],[90.5741,26.0477],[90.5734,26.0488],[90.5729,26.0498],[90.5726,26.0514],[90.5714,26.0539],[90.5741,26.0554],[90.5769,26.0566],[90.5796,26.0583],[90.5858,26.0711],[90.5926,26.0749],[90.5944,26.0833],[90.5956,26.0848],[90.5971,26.0858],[90.6007,26.0866],[90.6058,26.0866],[90.6099,26.0849],[90.6156,26.0833],[90.6199,26.0822],[90.6267,26.0881],[90.632,26.0937],[90.6355,26.0975],[90.6391,26.0999],[90.6433,26.0988],[90.6516,26.0995],[90.6561,26.1041],[90.6561,26.1076],[90.6517,26.1103],[90.648,26.1119],[90.6469,26.1135],[90.6469,26.119],[90.6575,26.1212],[90.6645,26.1267],[90.6663,26.1269],[90.6682,26.1269],[90.67,26.1272],[90.6623,26.1397],[90.6314,26.1339]]]},"properties":{"AC_NO":13,"AC_NAME":"GOALPARA WEST (ST)","district":"GOALPARA"}},{"type":"Feature","geometry":{"type":"Polygon","coordinates":[[[90.5455,26.2053],[90.5438,26.1932],[90.5395,26.1809],[90.543,26.1757],[90.5449,26.1724],[90.5405,26.1667],[90.5434,26.1637],[90.5481,26.1597],[90.5499,26.1576],[90.5513,26.1565],[90.5659,26.1617],[90.5717,26.1719],[90.5713,26.173],[90.5711,26.1743],[90.5715,26.1769],[90.5734,26.1806],[90.5805,26.189],[90.5872,26.1764],[90.5883,26.1603],[90.5864,26.156],[90.5895,26.1553],[90.5921,26.1539],[90.5934,26.1525],[90.5941,26.1499],[90.5948,26.148],[90.5957,26.1426],[90.5961,26.1411],[90.5972,26.1395],[90.598,26.1386],[90.6041,26.1351],[90.6077,26.1321],[90.6107,26.1309],[90.6208,26.1306],[90.6623,26.1397],[90.67,26.1272],[90.6682,26.1269],[90.6663,26.1269],[90.6645,26.1267],[90.6575,26.1212],[90.6469,26.119],[90.6469,26.1135],[90.6479,26.112],[90.648,26.1119],[90.6561,26.1076],[90.6561,26.1041],[90.6545,26.1017],[90.6516,26.0995],[90.6433,26.0988],[90.6391,26.0999],[90.6358,26.0976],[90.6355,26.0975],[90.6199,26.0822],[90.6156,26.0833],[90.6099,26.0849],[90.6058,26.0866],[90.6007,26.0866],[90.5971,26.0858],[90.5956,26.0848],[90.5944,26.0833],[90.5926,26.0749],[90.5858,26.0711],[90.5796,26.0583],[90.5769,26.0566],[90.5741,26.0554],[90.5714,26.0539],[90.5726,26.0514],[90.5729,26.0498],[90.5734,26.0488],[90.5741,26.0477],[90.5979,26.0602],[90.6078,26.0573],[90.6102,26.0679],[90.6234,26.0647],[90.6324,26.0544],[90.6406,26.0537],[90.6497,26.053],[90.6559,26.0525],[90.6593,26.0432],[90.655,26.0328],[90.6665,26.0268],[90.6804,26.0402],[90.6807,26.027],[90.6685,26.0228],[90.6671,26.0198],[90.6639,26.0144],[90.6611,26.0096],[90.6655,26.0073],[90.6657,26.0042],[90.6632,26.0026],[90.6619,26.0013],[90.6636,26.0008],[90.6654,26],[90.6683,25.9994],[90.6692,25.9993],[90.6708,25.9991],[90.6852,25.9987],[90.6874,25.9991],[90.6878,25.9996],[90.689,26.0135],[90.6927,26.0133],[90.6954,26.0135],[90.698,26.0132],[90.6994,26.0117],[90.6993,26.0077],[90.7002,26.005],[90.7008,26.0017],[90.7124,25.9998],[90.7156,26.0154],[90.7033,26.0152],[90.699,26.0275],[90.7078,26.0317],[90.7184,26.0487],[90.7113,26.0637],[90.7169,26.0669],[90.7118,26.0771],[90.6743,26.0868],[90.6804,26.0983],[90.6839,26.1197],[90.6948,26.1264],[90.6957,26.1277],[90.713,26.1234],[90.7006,26.1104],[90.7012,26.1046],[90.7196,26.0939],[90.7287,26.093],[90.7413,26.0949],[90.7448,26.1087],[90.7857,26.0998],[90.797,26.1056],[90.8042,26.0962],[90.8092,26.0985],[90.8211,26.0981],[90.8334,26.0779],[90.8281,26.0702],[90.8266,26.0688],[90.8298,26.0549],[90.8431,26.0256],[90.8741,26.0304],[90.8814,26.0432],[90.899,26.0356],[90.9003,26.058],[90.8756,26.0498],[90.8715,26.0487],[90.8655,26.0686],[90.892,26.0664],[90.9055,26.0736],[90.9129,26.0603],[90.9359,26.0492],[90.9262,26.041],[90.9294,26.032],[90.9624,26.0264],[90.9713,26.0167],[90.9974,26.0195],[90.9976,26.0196],[91.0123,26.0249],[91.0137,26.0491],[91.0106,26.0543],[91.0101,26.0545],[90.9993,26.0537],[90.9987,26.0539],[90.9978,26.0547],[90.9855,26.0597],[90.9851,26.0596],[90.9846,26.0595],[90.9829,26.0587],[90.9826,26.0587],[90.9818,26.0587],[90.9817,26.0585],[90.9808,26.0582],[90.9804,26.0586],[90.9798,26.0606],[90.9737,26.0654],[90.9728,26.0659],[90.9657,26.0722],[90.9649,26.0724],[90.9635,26.073],[90.9631,26.0735],[90.9626,26.0739],[90.9623,26.074],[90.9618,26.0745],[90.9614,26.0749],[90.961,26.075],[90.9607,26.0752],[90.9601,26.0754],[90.9595,26.0754],[90.959,26.0756],[90.9586,26.0757],[90.9584,26.076],[90.9588,26.0763],[90.9586,26.0768],[90.9582,26.0772],[90.9586,26.0777],[90.96,26.0824],[90.9585,26.0825],[90.9504,26.082],[90.947,26.0893],[90.9394,26.0875],[90.9359,26.0926],[90.9322,26.0979],[90.9302,26.0962],[90.9269,26.0944],[90.9225,26.0931],[90.9182,26.0897],[90.9009,26.0922],[90.8727,26.0954],[90.8609,26.1112],[90.8483,26.1148],[90.8461,26.1135],[90.8447,26.1114],[90.8401,26.1089],[90.8354,26.1124],[90.8239,26.1186],[90.8199,26.1181],[90.8103,26.1213],[90.8067,26.1231],[90.8008,26.1255],[90.7927,26.1277],[90.7724,26.1329],[90.747,26.1361],[90.7414,26.1359],[90.7396,26.1361],[90.7358,26.1362],[90.7341,26.1363],[90.7333,26.1363],[90.7308,26.1339],[90.7213,26.1325],[90.72,26.132],[90.7185,26.1313],[90.7171,26.1306],[90.7154,26.13],[90.7144,26.1299],[90.7138,26.1301],[90.7136,26.1303],[90.7133,26.1313],[90.7119,26.1352],[90.7106,26.1387],[90.7084,26.1451],[90.7077,26.1462],[90.6938,26.1506],[90.6925,26.1536],[90.6911,26.1567],[90.6899,26.1595],[90.6886,26.1625],[90.6862,26.1679],[90.6784,26.1777],[90.6761,26.1897],[90.6725,26.1983],[90.6559,26.2111],[90.6288,26.2046],[90.6001,26.2152],[90.5773,26.2035],[90.5455,26.2053]]]},"properties":{"AC_NO":14,"AC_NAME":"GOALPARA EAST","district":"GOALPARA"}},{"type":"Feature","geometry":{"type":"Polygon","coordinates":[[[90.7008,26.0017],[90.7005,25.9947],[90.7096,25.9887],[90.709,25.9883],[90.7073,25.9854],[90.7069,25.9838],[90.7058,25.9815],[90.7038,25.9782],[90.7024,25.9744],[90.7015,25.9729],[90.6993,25.9728],[90.6982,25.9725],[90.6992,25.9688],[90.6996,25.958],[90.6993,25.9519],[90.6978,25.9504],[90.6994,25.9501],[90.7245,25.9468],[90.7452,25.9535],[90.7401,25.9391],[90.7638,25.9078],[90.778,25.9087],[90.7844,25.9252],[90.7963,25.9406],[90.809,25.9475],[90.8258,25.9488],[90.8363,25.9439],[90.8747,25.9426],[90.885,25.95],[90.8943,25.9313],[90.9155,25.9308],[90.9164,25.9435],[90.9338,25.9399],[90.9399,25.9474],[90.9594,25.9313],[90.9689,25.9038],[90.9659,25.8885],[90.9975,25.888],[91.0105,25.8843],[91.0305,25.8859],[91.0475,25.9415],[91.0684,25.9665],[91.0805,25.9725],[91.0905,26.0017],[91.0996,26.0069],[91.0882,26.0219],[91.0902,26.0306],[91.0905,26.0311],[91.0902,26.0315],[91.0895,26.0313],[91.0892,26.0313],[91.0886,26.0314],[91.0824,26.0309],[91.082,26.0311],[91.0818,26.0318],[91.0756,26.0389],[91.0749,26.0386],[91.0641,26.0463],[91.0467,26.0405],[91.0315,26.0469],[91.0312,26.0465],[91.0304,26.0449],[91.0286,26.0415],[91.028,26.0412],[91.0238,26.0422],[91.0232,26.0426],[91.0143,26.0487],[91.0137,26.0491],[91.0123,26.0249],[90.9976,26.0196],[90.9974,26.0195],[90.9713,26.0167],[90.9624,26.0264],[90.9294,26.032],[90.9262,26.041],[90.9359,26.0492],[90.9129,26.0603],[90.9055,26.0736],[90.892,26.0664],[90.8655,26.0686],[90.8715,26.0487],[90.8756,26.0498],[90.9003,26.058],[90.899,26.0356],[90.8814,26.0432],[90.8741,26.0304],[90.8431,26.0256],[90.8298,26.0549],[90.8266,26.0688],[90.8281,26.0702],[90.8334,26.0779],[90.8211,26.0981],[90.8092,26.0985],[90.8042,26.0962],[90.797,26.1056],[90.7857,26.0998],[90.7448,26.1087],[90.7413,26.0949],[90.7287,26.093],[90.7196,26.0939],[90.7012,26.1046],[90.7006,26.1104],[90.713,26.1234],[90.6957,26.1277],[90.6948,26.1264],[90.6839,26.1197],[90.6804,26.0983],[90.6743,26.0868],[90.7118,26.0771],[90.7169,26.0669],[90.7113,26.0637],[90.7184,26.0487],[90.7078,26.0317],[90.699,26.0275],[90.7033,26.0152],[90.7156,26.0154],[90.7124,25.9998],[90.7008,26.0017]]]},"properties":{"AC_NO":15,"AC_NAME":"DUDHNAI (ST)","district":"GOALPARA"}},{"type":"Feature","geometry":{"type":"Polygon","coordinates":[[[90.4932,26.1859],[90.4692,26.1682],[90.4671,26.1772],[90.4447,26.1657],[90.4382,26.174],[90.4545,26.1893],[90.4334,26.1971],[90.4071,26.1965],[90.3911,26.1915],[90.3771,26.1982],[90.3674,26.1945],[90.3596,26.1906],[90.3516,26.1902],[90.3221,26.1949],[90.2812,26.1879],[90.2683,26.1821],[90.2665,26.1832],[90.2647,26.1832],[90.261,26.1546],[90.2479,26.1404],[90.2291,26.134],[90.2251,26.1321],[90.225,26.132],[90.2216,26.1305],[90.2146,26.1273],[90.2084,26.1273],[90.2058,26.1274],[90.2007,26.1274],[90.1954,26.1273],[90.1915,26.1247],[90.1891,26.1217],[90.1883,26.1188],[90.1876,26.1139],[90.186,26.1107],[90.1809,26.1065],[90.177,26.1046],[90.1736,26.1031],[90.1728,26.1001],[90.1728,26.0974],[90.1734,26.0902],[90.1687,26.0775],[90.1789,26.0675],[90.1865,26.0378],[90.1963,26.0296],[90.1972,26.0259],[90.1969,26.0233],[90.1982,26.0058],[90.1963,26.0065],[90.1944,26.0145],[90.1778,26.0161],[90.1739,25.993],[90.1582,25.988],[90.1289,25.9673],[90.1207,25.9563],[90.1736,25.9581],[90.1809,25.9495],[90.2016,25.9603],[90.2114,25.953],[90.2351,25.9593],[90.2262,25.9761],[90.2301,25.983],[90.2338,25.9952],[90.2378,25.9973],[90.2392,25.9993],[90.2697,26.0041],[90.2793,26.0069],[90.2818,26.0074],[90.2838,26.0075],[90.2923,26.0071],[90.2947,26.0077],[90.2966,26.0086],[90.2983,26.0087],[90.2991,26.0093],[90.2942,26.0117],[90.2869,26.0174],[90.2914,26.0201],[90.2925,26.0206],[90.2949,26.0218],[90.2985,26.0234],[90.3079,26.0349],[90.3597,26.0332],[90.3683,26.0231],[90.3704,26.0217],[90.3715,26.0208],[90.3726,26.0199],[90.3881,26.023],[90.3818,26.0312],[90.3853,26.0339],[90.3879,26.0369],[90.3932,26.0409],[90.3952,26.0403],[90.3997,26.0392],[90.4037,26.0392],[90.4209,26.05],[90.4248,26.0515],[90.4226,26.0527],[90.4174,26.054],[90.4179,26.0618],[90.4113,26.0603],[90.4021,26.0653],[90.4011,26.0663],[90.3991,26.0683],[90.3959,26.067],[90.3911,26.0651],[90.3878,26.0634],[90.3892,26.0621],[90.3966,26.0526],[90.3937,26.0499],[90.3918,26.0484],[90.384,26.0524],[90.3715,26.0521],[90.3713,26.0608],[90.3739,26.0628],[90.3752,26.0641],[90.376,26.0649],[90.3711,26.0655],[90.3654,26.0668],[90.3672,26.0673],[90.3734,26.07],[90.3784,26.0727],[90.3789,26.0767],[90.384,26.0808],[90.386,26.0838],[90.3882,26.085],[90.3885,26.0851],[90.3907,26.0852],[90.3949,26.0853],[90.3963,26.0868],[90.3966,26.0866],[90.3982,26.0855],[90.3995,26.0845],[90.4011,26.084],[90.4012,26.084],[90.4,26.0827],[90.3986,26.0808],[90.3977,26.0798],[90.3973,26.0793],[90.4043,26.0744],[90.4083,26.0772],[90.4127,26.0701],[90.4229,26.0713],[90.429,26.0689],[90.4255,26.066],[90.4268,26.064],[90.4283,26.0625],[90.4292,26.062],[90.4526,26.0618],[90.455,26.068],[90.4536,26.0705],[90.4522,26.0735],[90.4528,26.0762],[90.4564,26.0782],[90.4604,26.081],[90.4659,26.0847],[90.4717,26.0886],[90.4723,26.089],[90.4785,26.0931],[90.4851,26.0778],[90.4873,26.078],[90.4897,26.0792],[90.5017,26.0822],[90.5045,26.0831],[90.5133,26.102],[90.5128,26.1059],[90.5115,26.1106],[90.5097,26.116],[90.5025,26.1344],[90.5062,26.1391],[90.5086,26.144],[90.5097,26.1477],[90.5093,26.1531],[90.5068,26.1588],[90.5067,26.1605],[90.5067,26.1612],[90.5068,26.164],[90.5068,26.1697],[90.5067,26.171],[90.5067,26.1722],[90.5065,26.1725],[90.5056,26.174],[90.4932,26.1859]]]},"properties":{"AC_NO":12,"AC_NAME":"JALESHWAR","district":"GOALPARA"}},{"type":"Feature","geometry":{"type":"Polygon","coordinates":[[[94.1119,26.6627],[94.0977,26.6535],[94.0909,26.6288],[94.0801,26.6134],[94.08,26.6035],[94.0698,26.5913],[94.0866,26.58],[94.0999,26.5763],[94.1146,26.5549],[94.1042,26.5058],[94.0973,26.4947],[94.0999,26.4726],[94.1145,26.4607],[94.1255,26.4405],[94.1138,26.4256],[94.1162,26.3966],[94.1255,26.3705],[94.1376,26.3488],[94.151,26.3479],[94.1631,26.3824],[94.128,26.4264],[94.1559,26.4374],[94.1557,26.4593],[94.1843,26.4573],[94.2026,26.4693],[94.2065,26.4857],[94.2365,26.5063],[94.2562,26.5414],[94.2848,26.5604],[94.2986,26.5688],[94.3198,26.5751],[94.3395,26.5975],[94.3249,26.612],[94.303,26.6115],[94.2978,26.6294],[94.3312,26.6557],[94.3172,26.6651],[94.3243,26.6745],[94.3185,26.6812],[94.3149,26.6825],[94.2858,26.7191],[94.2707,26.7106],[94.2603,26.7176],[94.2529,26.7353],[94.2378,26.7312],[94.2326,26.7308],[94.2169,26.7319],[94.2129,26.7315],[94.2098,26.7189],[94.2089,26.714],[94.2038,26.7019],[94.2063,26.7016],[94.2119,26.6996],[94.2162,26.7086],[94.2421,26.7128],[94.2436,26.6999],[94.2245,26.6899],[94.2284,26.6756],[94.2401,26.6695],[94.2406,26.6658],[94.2392,26.6626],[94.2015,26.6627],[94.1686,26.655],[94.1698,26.6539],[94.1707,26.6382],[94.1693,26.6366],[94.1567,26.6251],[94.1565,26.6277],[94.1556,26.6286],[94.1535,26.6317],[94.1516,26.6328],[94.1442,26.6343],[94.1455,26.6492],[94.1444,26.6509],[94.1466,26.6577],[94.1479,26.6614],[94.1218,26.6651],[94.1119,26.6627]]]},"properties":{"AC_NO":102,"AC_NAME":"TITABOR","district":"JORHAT"}},{"type":"Feature","geometry":{"type":"Polygon","coordinates":[[[94.4038,26.937],[94.3964,26.9528],[94.3826,26.9364],[94.3769,26.9223],[94.3411,26.8901],[94.32,26.8795],[94.3002,26.8775],[94.2712,26.8689],[94.2336,26.8653],[94.1779,26.8341],[94.1547,26.8333],[94.1067,26.849],[94.0908,26.8474],[94.0703,26.8299],[94.0532,26.8248],[94.0293,26.8314],[94.0079,26.8189],[93.9823,26.814],[93.9731,26.7967],[93.9864,26.7859],[93.9918,26.7698],[94.0005,26.7619],[94.0005,26.7491],[94.0372,26.774],[94.0389,26.7926],[94.0722,26.8102],[94.0848,26.7895],[94.0952,26.7819],[94.0802,26.7568],[94.0841,26.749],[94.0739,26.7374],[94.0655,26.7082],[94.0808,26.7045],[94.0736,26.6908],[94.0794,26.681],[94.1064,26.6901],[94.1154,26.6759],[94.1119,26.6627],[94.1218,26.6651],[94.1479,26.6614],[94.1466,26.6577],[94.1444,26.6509],[94.1455,26.6492],[94.1442,26.6343],[94.1516,26.6328],[94.1535,26.6317],[94.1556,26.6286],[94.1565,26.6277],[94.1567,26.6251],[94.1693,26.6366],[94.1707,26.6382],[94.1698,26.6539],[94.1686,26.655],[94.2015,26.6627],[94.2392,26.6626],[94.2406,26.6658],[94.2401,26.6695],[94.2284,26.6756],[94.2245,26.6899],[94.2436,26.6999],[94.2421,26.7128],[94.2162,26.7086],[94.2119,26.6996],[94.2063,26.7016],[94.2038,26.7019],[94.2004,26.7018],[94.1936,26.7011],[94.1869,26.7066],[94.1859,26.7059],[94.1815,26.7026],[94.1798,26.7003],[94.1587,26.7205],[94.1866,26.7346],[94.2019,26.7326],[94.2146,26.7492],[94.1911,26.7784],[94.2216,26.7868],[94.2263,26.7745],[94.2495,26.7784],[94.2503,26.7712],[94.2495,26.7648],[94.2503,26.7577],[94.2517,26.7561],[94.2523,26.7416],[94.2838,26.733],[94.2777,26.7652],[94.3419,26.788],[94.3449,26.7881],[94.375,26.8006],[94.3889,26.7855],[94.3746,26.7826],[94.3766,26.7635],[94.4103,26.7645],[94.426,26.7654],[94.4285,26.7664],[94.4238,26.7817],[94.431,26.7851],[94.4262,26.8012],[94.4162,26.7963],[94.4068,26.8086],[94.431,26.8154],[94.4204,26.8315],[94.3993,26.8096],[94.3844,26.8051],[94.3797,26.8128],[94.3624,26.813],[94.3565,26.8329],[94.3628,26.8349],[94.3667,26.8352],[94.3628,26.8469],[94.3678,26.8442],[94.3743,26.8407],[94.3785,26.8373],[94.3738,26.8508],[94.3691,26.8833],[94.4061,26.9124],[94.4038,26.937]]]},"properties":{"AC_NO":99,"AC_NAME":"TEOK","district":"JORHAT"}},{"type":"Feature","geometry":{"type":"Polygon","coordinates":[[[94.2848,26.5604],[94.2812,26.5489],[94.2831,26.5052],[94.2933,26.4715],[94.3157,26.4583],[94.3201,26.4733],[94.3392,26.4807],[94.3506,26.4912],[94.3546,26.5034],[94.3742,26.5076],[94.3758,26.5215],[94.3895,26.5272],[94.4034,26.5454],[94.4122,26.5826],[94.4018,26.5938],[94.4042,26.612],[94.4256,26.6174],[94.4499,26.6357],[94.4598,26.661],[94.4809,26.6675],[94.4926,26.6661],[94.5056,26.6792],[94.5177,26.6825],[94.52,26.6983],[94.5391,26.7064],[94.5622,26.7051],[94.5903,26.6969],[94.592,26.7251],[94.5715,26.7423],[94.5724,26.7525],[94.5515,26.7498],[94.5287,26.7581],[94.5117,26.7734],[94.5194,26.7906],[94.517,26.8106],[94.5172,26.8118],[94.4862,26.8334],[94.493,26.846],[94.4885,26.8548],[94.4966,26.8673],[94.4933,26.8793],[94.4743,26.8921],[94.482,26.9049],[94.4777,26.9285],[94.4644,26.9412],[94.4361,26.936],[94.417,26.943],[94.4038,26.937],[94.4061,26.9124],[94.3691,26.8833],[94.3738,26.8508],[94.3785,26.8373],[94.3743,26.8407],[94.3678,26.8442],[94.3628,26.8469],[94.3667,26.8352],[94.3628,26.8349],[94.3565,26.8329],[94.3624,26.813],[94.3797,26.8128],[94.3844,26.8051],[94.3993,26.8096],[94.4204,26.8315],[94.431,26.8154],[94.4068,26.8086],[94.4162,26.7963],[94.4262,26.8012],[94.431,26.7851],[94.4238,26.7817],[94.4285,26.7664],[94.426,26.7654],[94.4103,26.7645],[94.4031,26.75],[94.3887,26.753],[94.3982,26.7266],[94.3749,26.7141],[94.3819,26.6744],[94.3684,26.6652],[94.3413,26.6576],[94.3243,26.6745],[94.3172,26.6651],[94.3312,26.6557],[94.2978,26.6294],[94.303,26.6115],[94.3249,26.612],[94.3395,26.5975],[94.3198,26.5751],[94.2986,26.5688],[94.2848,26.5604]]]},"properties":{"AC_NO":101,"AC_NAME":"MARIANI","district":"JORHAT"}},{"type":"Feature","geometry":{"type":"Polygon","coordinates":[[[94.4103,26.7645],[94.3766,26.7635],[94.3746,26.7826],[94.3889,26.7855],[94.375,26.8006],[94.3449,26.7881],[94.3419,26.788],[94.2777,26.7652],[94.2838,26.733],[94.2523,26.7416],[94.2517,26.7561],[94.2503,26.7577],[94.2495,26.7648],[94.2503,26.7712],[94.2495,26.7784],[94.2263,26.7745],[94.2216,26.7868],[94.1911,26.7784],[94.2146,26.7492],[94.2019,26.7326],[94.1866,26.7346],[94.1587,26.7205],[94.1798,26.7003],[94.1815,26.7026],[94.1859,26.7059],[94.1869,26.7066],[94.1936,26.7011],[94.2004,26.7018],[94.2038,26.7019],[94.2089,26.714],[94.2098,26.7189],[94.2129,26.7315],[94.2169,26.7319],[94.2326,26.7308],[94.2378,26.7312],[94.2529,26.7353],[94.2603,26.7176],[94.2707,26.7106],[94.2858,26.7191],[94.3149,26.6825],[94.3185,26.6812],[94.3243,26.6745],[94.3413,26.6576],[94.3684,26.6652],[94.3819,26.6744],[94.3749,26.7141],[94.3982,26.7266],[94.3887,26.753],[94.4031,26.75],[94.4103,26.7645]]]},"properties":{"AC_NO":100,"AC_NAME":"JORHAT","district":"JORHAT"}},{"type":"Feature","geometry":{"type":"Polygon","coordinates":[[[92.5434,24.2045],[92.5501,24.2233],[92.5503,24.2434],[92.5694,24.2521],[92.6067,24.2499],[92.6141,24.2563],[92.6162,24.2894],[92.6226,24.3317],[92.6492,24.3287],[92.664,24.3464],[92.6897,24.3538],[92.7028,24.3748],[92.7114,24.4074],[92.7405,24.4687],[92.7562,24.51],[92.7635,24.5213],[92.7572,24.523],[92.7797,24.5656],[92.7643,24.567],[92.7589,24.5776],[92.7331,24.5828],[92.7156,24.5679],[92.6893,24.5753],[92.6696,24.5882],[92.6682,24.6098],[92.689,24.6125],[92.6891,24.6233],[92.6655,24.6276],[92.6651,24.6735],[92.6503,24.6845],[92.6571,24.7005],[92.6558,24.7535],[92.661,24.7587],[92.6676,24.7893],[92.68,24.8012],[92.6838,24.8143],[92.6663,24.8178],[92.6634,24.8387],[92.6949,24.8392],[92.6848,24.848],[92.6735,24.8428],[92.6534,24.8486],[92.6361,24.8383],[92.6346,24.8596],[92.6217,24.8582],[92.6026,24.8411],[92.5917,24.8223],[92.6052,24.8225],[92.6172,24.8217],[92.6307,24.8231],[92.6437,24.8082],[92.6453,24.7963],[92.6593,24.7916],[92.6469,24.7685],[92.6336,24.7682],[92.6265,24.7577],[92.6438,24.7552],[92.6487,24.7401],[92.6441,24.7297],[92.6412,24.6975],[92.6478,24.6795],[92.6436,24.6534],[92.6471,24.6452],[92.632,24.6286],[92.6122,24.6337],[92.6199,24.6447],[92.6068,24.6672],[92.5962,24.6721],[92.5907,24.6593],[92.5749,24.666],[92.5817,24.6788],[92.5743,24.6881],[92.5509,24.6858],[92.5615,24.6641],[92.5557,24.6527],[92.5943,24.6481],[92.5956,24.6319],[92.6096,24.631],[92.6258,24.6096],[92.6214,24.5971],[92.6058,24.6082],[92.5847,24.6042],[92.5648,24.6113],[92.5549,24.6071],[92.558,24.5804],[92.5519,24.5653],[92.5658,24.5483],[92.5626,24.5346],[92.5853,24.5349],[92.5643,24.5613],[92.5699,24.5869],[92.5814,24.5823],[92.6039,24.5851],[92.5966,24.5735],[92.5903,24.5501],[92.6111,24.535],[92.6189,24.5501],[92.6371,24.551],[92.6264,24.5337],[92.6233,24.516],[92.6096,24.4918],[92.5993,24.4824],[92.5963,24.4706],[92.5804,24.46],[92.5749,24.4409],[92.5953,24.4188],[92.5614,24.4161],[92.5512,24.4207],[92.5529,24.4385],[92.5649,24.4435],[92.5625,24.4534],[92.5759,24.4721],[92.5515,24.4824],[92.542,24.4959],[92.5395,24.4649],[92.5212,24.4662],[92.5221,24.4243],[92.5179,24.404],[92.5432,24.3927],[92.5421,24.3761],[92.5543,24.354],[92.5341,24.3586],[92.5291,24.3315],[92.5084,24.3193],[92.5226,24.3114],[92.5488,24.3513],[92.5609,24.3483],[92.5823,24.3518],[92.5821,24.3417],[92.605,24.3212],[92.6025,24.3074],[92.5862,24.2875],[92.5764,24.2657],[92.5455,24.2553],[92.5326,24.2161],[92.505,24.2235],[92.4995,24.235],[92.515,24.2459],[92.5105,24.273],[92.4923,24.2739],[92.4776,24.2641],[92.4835,24.2308],[92.4922,24.2119],[92.5001,24.2073],[92.5434,24.2045]]]},"properties":{"AC_NO":121,"AC_NAME":"HAILAKANDI","district":"HAILAKANDI"}},{"type":"Feature","geometry":{"type":"Polygon","coordinates":[[[92.5917,24.8223],[92.5904,24.8427],[92.5823,24.8446],[92.5466,24.8098],[92.5414,24.7857],[92.5452,24.7656],[92.5251,24.7511],[92.5223,24.7295],[92.5051,24.7062],[92.4934,24.6745],[92.5061,24.6644],[92.504,24.6308],[92.5079,24.6196],[92.5046,24.5895],[92.5172,24.5744],[92.5168,24.5599],[92.5061,24.5356],[92.5101,24.4839],[92.5074,24.4734],[92.506,24.4327],[92.4922,24.3719],[92.4776,24.3267],[92.4482,24.2859],[92.4338,24.2547],[92.4225,24.2549],[92.4187,24.1936],[92.4333,24.1842],[92.4369,24.1529],[92.4658,24.1366],[92.4808,24.1505],[92.4836,24.163],[92.4975,24.1597],[92.5247,24.1714],[92.5434,24.2045],[92.5001,24.2073],[92.4922,24.2119],[92.4835,24.2308],[92.4776,24.2641],[92.4923,24.2739],[92.5105,24.273],[92.515,24.2459],[92.4995,24.235],[92.505,24.2235],[92.5326,24.2161],[92.5455,24.2553],[92.5764,24.2657],[92.5862,24.2875],[92.6025,24.3074],[92.605,24.3212],[92.5821,24.3417],[92.5823,24.3518],[92.5609,24.3483],[92.5488,24.3513],[92.5226,24.3114],[92.5084,24.3193],[92.5291,24.3315],[92.5341,24.3586],[92.5543,24.354],[92.5421,24.3761],[92.5432,24.3927],[92.5179,24.404],[92.5221,24.4243],[92.5212,24.4662],[92.5395,24.4649],[92.542,24.4959],[92.5515,24.4824],[92.5759,24.4721],[92.5625,24.4534],[92.5649,24.4435],[92.5529,24.4385],[92.5512,24.4207],[92.5614,24.4161],[92.5953,24.4188],[92.5749,24.4409],[92.5804,24.46],[92.5963,24.4706],[92.5993,24.4824],[92.6096,24.4918],[92.6233,24.516],[92.6264,24.5337],[92.6371,24.551],[92.6189,24.5501],[92.6111,24.535],[92.5903,24.5501],[92.5966,24.5735],[92.6039,24.5851],[92.5814,24.5823],[92.5699,24.5869],[92.5643,24.5613],[92.5853,24.5349],[92.5626,24.5346],[92.5658,24.5483],[92.5519,24.5653],[92.558,24.5804],[92.5549,24.6071],[92.5648,24.6113],[92.5847,24.6042],[92.6058,24.6082],[92.6214,24.5971],[92.6258,24.6096],[92.6096,24.631],[92.5956,24.6319],[92.5943,24.6481],[92.5557,24.6527],[92.5615,24.6641],[92.5509,24.6858],[92.5743,24.6881],[92.5817,24.6788],[92.5749,24.666],[92.5907,24.6593],[92.5962,24.6721],[92.6068,24.6672],[92.6199,24.6447],[92.6122,24.6337],[92.632,24.6286],[92.6471,24.6452],[92.6436,24.6534],[92.6478,24.6795],[92.6412,24.6975],[92.6441,24.7297],[92.6487,24.7401],[92.6438,24.7552],[92.6265,24.7577],[92.6336,24.7682],[92.6469,24.7685],[92.6593,24.7916],[92.6453,24.7963],[92.6437,24.8082],[92.6307,24.8231],[92.6172,24.8217],[92.6052,24.8225],[92.5917,24.8223]]]},"properties":{"AC_NO":122,"AC_NAME":"ALGAPUR-KATLICHERRA","district":"HAILAKANDI"}},{"type":"Feature","geometry":{"type":"Polygon","coordinates":[[[92.6447,26.9868],[92.589,26.9617],[92.5541,26.9576],[92.5025,26.9635],[92.4473,26.9589],[92.4257,26.9412],[92.4119,26.9429],[92.3982,26.9248],[92.3648,26.9321],[92.3496,26.9118],[92.3426,26.8826],[92.3429,26.8521],[92.3329,26.842],[92.3346,26.8083],[92.3389,26.7862],[92.3338,26.7613],[92.328,26.7565],[92.3368,26.7316],[92.3352,26.6743],[92.3314,26.6628],[92.3488,26.6642],[92.3507,26.6986],[92.364,26.6982],[92.3665,26.675],[92.3629,26.6602],[92.3702,26.6478],[92.3883,26.6487],[92.4016,26.6351],[92.3953,26.6271],[92.3757,26.6294],[92.3758,26.6137],[92.3574,26.6119],[92.3631,26.5836],[92.3624,26.5828],[92.3605,26.5824],[92.3838,26.5764],[92.3989,26.5765],[92.4091,26.5956],[92.44,26.6146],[92.4628,26.6169],[92.4697,26.6032],[92.4591,26.5927],[92.4631,26.581],[92.4796,26.5836],[92.4948,26.5928],[92.5013,26.6028],[92.5035,26.6057],[92.518,26.6173],[92.5582,26.6126],[92.5455,26.6235],[92.5507,26.6348],[92.5251,26.6381],[92.501,26.6331],[92.492,26.6409],[92.498,26.6555],[92.4949,26.6806],[92.5139,26.6793],[92.517,26.6799],[92.5156,26.6817],[92.5256,26.6921],[92.5523,26.6807],[92.5699,26.6946],[92.5693,26.7058],[92.5393,26.7029],[92.5429,26.7153],[92.53,26.7164],[92.5277,26.7347],[92.5121,26.7347],[92.5098,26.7437],[92.5195,26.778],[92.5118,26.7872],[92.5251,26.8014],[92.5047,26.8124],[92.4891,26.8086],[92.484,26.8054],[92.4565,26.7983],[92.4489,26.8181],[92.4852,26.839],[92.5026,26.8311],[92.52,26.8285],[92.5553,26.8332],[92.5707,26.8683],[92.5722,26.8876],[92.6268,26.8892],[92.6639,26.8825],[92.6873,26.88],[92.6905,26.8901],[92.7282,26.8859],[92.7611,26.8847],[92.7597,26.8941],[92.7803,26.9039],[92.7843,26.9219],[92.8047,26.9263],[92.806,26.9154],[92.8245,26.9151],[92.8145,26.9329],[92.8201,26.9505],[92.8145,26.9747],[92.8073,26.9864],[92.7961,26.9913],[92.7715,26.992],[92.7079,26.9897],[92.6842,26.9779],[92.679,26.9646],[92.6364,26.9715],[92.6447,26.9868]]]},"properties":{"AC_NO":65,"AC_NAME":"DHEKIAJULI","district":"SONITPUR"}},{"type":"Feature","geometry":{"type":"Polygon","coordinates":[[[92.9784,26.6239],[92.9967,26.6109],[92.9961,26.6042],[93.0138,26.5977],[93.0554,26.595],[93.0679,26.5981],[93.095,26.5777],[93.119,26.5802],[93.1493,26.5938],[93.1639,26.6089],[93.1562,26.6277],[93.1481,26.632],[93.1364,26.6661],[93.1254,26.668],[93.1263,26.6854],[93.1035,26.6802],[93.0956,26.6623],[93.083,26.6638],[93.076,26.676],[93.0565,26.6753],[93.0246,26.6693],[93.0213,26.68],[93.0334,26.698],[93.0352,26.7087],[93.0557,26.7039],[93.0624,26.7139],[93.0641,26.7176],[93.0964,26.7195],[93.11,26.7446],[93.0716,26.7404],[93.0658,26.7393],[93.0588,26.7533],[93.0605,26.755],[93.0707,26.7643],[93.0602,26.7777],[93.0544,26.7826],[93.0568,26.8012],[93.0599,26.8013],[93.0624,26.8011],[93.0761,26.8115],[93.0798,26.8398],[93.0621,26.8463],[93.0524,26.8647],[93.0313,26.8744],[93.0372,26.9021],[93.0484,26.9192],[93.0213,26.9137],[92.9841,26.9349],[92.917,26.9631],[92.9183,26.9825],[92.8889,26.9988],[92.8429,27.0089],[92.8015,27.0248],[92.7673,27.0324],[92.7124,27.0268],[92.6609,27.0381],[92.6456,27.0139],[92.6447,26.9868],[92.6364,26.9715],[92.679,26.9646],[92.6842,26.9779],[92.7079,26.9897],[92.7715,26.992],[92.7961,26.9913],[92.8073,26.9864],[92.8145,26.9747],[92.8201,26.9505],[92.8145,26.9329],[92.8245,26.9151],[92.806,26.9154],[92.8047,26.9263],[92.7843,26.9219],[92.7803,26.9039],[92.7597,26.8941],[92.7611,26.8847],[92.7819,26.8883],[92.7919,26.8682],[92.8115,26.8622],[92.822,26.8443],[92.8207,26.8371],[92.8363,26.8308],[92.8517,26.8359],[92.865,26.8534],[92.8597,26.8605],[92.8704,26.8769],[92.8856,26.8774],[92.8798,26.8612],[92.8858,26.8478],[92.9134,26.8494],[92.919,26.8384],[92.9212,26.8322],[92.9236,26.8198],[92.9278,26.7989],[92.9274,26.7737],[92.9308,26.7338],[92.9247,26.725],[92.9128,26.7201],[92.9054,26.7058],[92.8858,26.696],[92.9009,26.6649],[92.8958,26.6517],[92.8763,26.6326],[92.861,26.6293],[92.8649,26.6149],[92.8763,26.6092],[92.892,26.6215],[92.9163,26.6268],[92.9157,26.65],[92.9395,26.632],[92.9719,26.628],[92.9784,26.6239]]]},"properties":{"AC_NO":69,"AC_NAME":"NADUAR","district":"BISWANATH"}},{"type":"Feature","geometry":{"type":"Polygon","coordinates":[[[93.2272,26.6615],[93.2097,26.6709],[93.2196,26.6925],[93.236,26.7063],[93.2401,26.7185],[93.2307,26.7235],[93.229,26.7317],[93.2311,26.7396],[93.2295,26.7472],[93.2299,26.7488],[93.2276,26.7616],[93.276,26.7742],[93.2804,26.7951],[93.271,26.8169],[93.2589,26.8167],[93.2589,26.8415],[93.2551,26.8511],[93.2301,26.843],[93.2283,26.8599],[93.205,26.8968],[93.1863,26.919],[93.1802,26.9377],[93.1068,26.9258],[93.0881,26.9146],[93.0629,26.9224],[93.0484,26.9192],[93.0372,26.9021],[93.0313,26.8744],[93.0524,26.8647],[93.0621,26.8463],[93.0798,26.8398],[93.0761,26.8115],[93.0624,26.8011],[93.0599,26.8013],[93.0568,26.8012],[93.0544,26.7826],[93.0602,26.7777],[93.0707,26.7643],[93.0605,26.755],[93.0588,26.7533],[93.0658,26.7393],[93.0716,26.7404],[93.11,26.7446],[93.0964,26.7195],[93.0641,26.7176],[93.0624,26.7139],[93.0557,26.7039],[93.0352,26.7087],[93.0334,26.698],[93.0213,26.68],[93.0246,26.6693],[93.0565,26.6753],[93.076,26.676],[93.083,26.6638],[93.0956,26.6623],[93.1035,26.6802],[93.1263,26.6854],[93.1254,26.668],[93.1364,26.6661],[93.1481,26.632],[93.1562,26.6277],[93.1639,26.6089],[93.1675,26.612],[93.2203,26.6316],[93.2272,26.6615]]]},"properties":{"AC_NO":70,"AC_NAME":"BISWANATH","district":"BISWANATH"}},{"type":"Feature","geometry":{"type":"Polygon","coordinates":[[[93.2272,26.6615],[93.2417,26.6839],[93.2615,26.6832],[93.2839,26.6888],[93.2907,26.6975],[93.3038,26.7004],[93.3309,26.7088],[93.342,26.7281],[93.3721,26.7459],[93.3963,26.7507],[93.4389,26.7483],[93.4345,26.7594],[93.4392,26.7833],[93.4296,26.8063],[93.4327,26.8185],[93.4421,26.826],[93.462,26.8304],[93.4669,26.8387],[93.4653,26.8394],[93.465,26.8446],[93.4632,26.8436],[93.4618,26.8429],[93.4597,26.8422],[93.4526,26.8549],[93.4519,26.8582],[93.4762,26.8497],[93.5002,26.8515],[93.5114,26.9021],[93.5208,26.9037],[93.5235,26.8789],[93.5384,26.8804],[93.5534,26.873],[93.551,26.8675],[93.5737,26.8661],[93.5817,26.8705],[93.5854,26.8727],[93.5958,26.8785],[93.5925,26.9255],[93.5871,26.9302],[93.5865,26.9507],[93.5595,26.9529],[93.5246,26.9487],[93.489,26.9364],[93.4858,26.9425],[93.4624,26.9381],[93.448,26.951],[93.3794,26.9594],[93.324,26.9602],[93.2615,26.9537],[93.2028,26.9438],[93.1802,26.9377],[93.1863,26.919],[93.205,26.8968],[93.2283,26.8599],[93.2301,26.843],[93.2551,26.8511],[93.2589,26.8415],[93.2589,26.8167],[93.271,26.8169],[93.2804,26.7951],[93.276,26.7742],[93.2276,26.7616],[93.2299,26.7488],[93.2295,26.7472],[93.2311,26.7396],[93.229,26.7317],[93.2307,26.7235],[93.2401,26.7185],[93.236,26.7063],[93.2196,26.6925],[93.2097,26.6709],[93.2272,26.6615]]]},"properties":{"AC_NO":71,"AC_NAME":"BEHALI (SC)","district":"BISWANATH"}},{"type":"Feature","geometry":{"type":"Polygon","coordinates":[[[93.4389,26.7483],[93.4734,26.7569],[93.5041,26.7571],[93.5568,26.7368],[93.5616,26.7241],[93.5814,26.7185],[93.6509,26.7062],[93.6705,26.7121],[93.6492,26.7576],[93.6487,26.7881],[93.6699,26.8009],[93.689,26.7975],[93.7142,26.8161],[93.7323,26.8111],[93.7446,26.8016],[93.7537,26.807],[93.7545,26.8273],[93.7609,26.8357],[93.7895,26.861],[93.7759,26.8882],[93.7395,26.8986],[93.7489,26.9138],[93.7438,26.9585],[93.7375,26.9665],[93.7007,26.9894],[93.6976,26.9944],[93.6755,26.9748],[93.6573,26.9665],[93.6273,26.9633],[93.5865,26.9507],[93.5871,26.9302],[93.5925,26.9255],[93.5958,26.8785],[93.5854,26.8727],[93.5817,26.8705],[93.5737,26.8661],[93.551,26.8675],[93.5534,26.873],[93.5384,26.8804],[93.5235,26.8789],[93.5208,26.9037],[93.5114,26.9021],[93.5002,26.8515],[93.4762,26.8497],[93.4519,26.8582],[93.4526,26.8549],[93.4597,26.8422],[93.4618,26.8429],[93.4632,26.8436],[93.465,26.8446],[93.4653,26.8394],[93.4669,26.8387],[93.462,26.8304],[93.4421,26.826],[93.4327,26.8185],[93.4296,26.8063],[93.4392,26.7833],[93.4345,26.7594],[93.4389,26.7483]]]},"properties":{"AC_NO":72,"AC_NAME":"GOHPUR","district":"BISWANATH"}},{"type":"Feature","geometry":{"type":"Polygon","coordinates":[[[92.7728,26.5558],[92.7946,26.557],[92.8424,26.5845],[92.8691,26.5816],[92.8938,26.5958],[92.9199,26.5967],[92.9404,26.6185],[92.9794,26.6179],[92.9967,26.6109],[92.9784,26.6239],[92.9719,26.628],[92.9395,26.632],[92.9157,26.65],[92.9163,26.6268],[92.892,26.6215],[92.8763,26.6092],[92.8649,26.6149],[92.861,26.6293],[92.8763,26.6326],[92.8958,26.6517],[92.9009,26.6649],[92.8858,26.696],[92.8806,26.7051],[92.8778,26.7079],[92.8684,26.7192],[92.8498,26.7165],[92.8344,26.693],[92.8328,26.6937],[92.8339,26.7042],[92.8375,26.7066],[92.843,26.7154],[92.831,26.7134],[92.8194,26.713],[92.8125,26.723],[92.7993,26.725],[92.7657,26.7103],[92.7615,26.6897],[92.7524,26.6776],[92.7513,26.6731],[92.7611,26.6664],[92.7475,26.6411],[92.77,26.631],[92.7694,26.61],[92.7756,26.5927],[92.7723,26.5792],[92.7728,26.5558]]]},"properties":{"AC_NO":67,"AC_NAME":"TEZPUR","district":"SONITPUR"}},{"type":"Feature","geometry":{"type":"Polygon","coordinates":[[[92.7728,26.5558],[92.7723,26.5792],[92.7756,26.5927],[92.7694,26.61],[92.77,26.631],[92.7475,26.6411],[92.7611,26.6664],[92.7513,26.6731],[92.7524,26.6776],[92.7615,26.6897],[92.7613,26.6968],[92.7609,26.7007],[92.7618,26.7045],[92.7625,26.7085],[92.7494,26.7207],[92.7522,26.728],[92.7533,26.7314],[92.7536,26.7351],[92.7544,26.7406],[92.7553,26.7447],[92.7569,26.7508],[92.7448,26.7563],[92.7481,26.7676],[92.733,26.7808],[92.7304,26.7631],[92.7304,26.7595],[92.719,26.7483],[92.7053,26.7593],[92.7036,26.7578],[92.6986,26.7545],[92.6961,26.7535],[92.6925,26.7531],[92.6886,26.753],[92.6849,26.7532],[92.6759,26.7522],[92.675,26.7519],[92.6587,26.7605],[92.6558,26.7624],[92.6525,26.7789],[92.6531,26.7866],[92.6534,26.7975],[92.6531,26.8021],[92.65,26.8104],[92.6561,26.835],[92.6553,26.8386],[92.6458,26.854],[92.6431,26.8607],[92.6433,26.8629],[92.6546,26.8616],[92.6548,26.8616],[92.6552,26.8618],[92.6553,26.8617],[92.6787,26.8527],[92.6764,26.8701],[92.6636,26.8708],[92.6639,26.8825],[92.6268,26.8892],[92.5722,26.8876],[92.5707,26.8683],[92.5553,26.8332],[92.52,26.8285],[92.5026,26.8311],[92.4852,26.839],[92.4489,26.8181],[92.4565,26.7983],[92.484,26.8054],[92.4891,26.8086],[92.5047,26.8124],[92.5251,26.8014],[92.5118,26.7872],[92.5195,26.778],[92.5098,26.7437],[92.5121,26.7347],[92.5277,26.7347],[92.53,26.7164],[92.5429,26.7153],[92.5393,26.7029],[92.5693,26.7058],[92.5699,26.6946],[92.5523,26.6807],[92.5256,26.6921],[92.5156,26.6817],[92.517,26.6799],[92.5139,26.6793],[92.4949,26.6806],[92.498,26.6555],[92.492,26.6409],[92.501,26.6331],[92.5251,26.6381],[92.5507,26.6348],[92.5455,26.6235],[92.5582,26.6126],[92.518,26.6173],[92.5035,26.6057],[92.5013,26.6028],[92.4948,26.5928],[92.4796,26.5836],[92.4631,26.581],[92.4591,26.5927],[92.4697,26.6032],[92.4628,26.6169],[92.44,26.6146],[92.4091,26.5956],[92.3989,26.5765],[92.3838,26.5764],[92.3605,26.5824],[92.3695,26.5494],[92.367,26.532],[92.3522,26.5305],[92.3317,26.5152],[92.3441,26.5047],[92.3608,26.5055],[92.3829,26.5165],[92.3927,26.5129],[92.4174,26.5167],[92.419,26.5171],[92.4421,26.5197],[92.452,26.5151],[92.4581,26.4995],[92.4779,26.4958],[92.4928,26.502],[92.5226,26.5081],[92.5636,26.5062],[92.5648,26.5055],[92.5758,26.4997],[92.5888,26.506],[92.6316,26.5179],[92.6514,26.5174],[92.6623,26.5222],[92.6768,26.5116],[92.6896,26.5104],[92.7051,26.529],[92.7222,26.5363],[92.7288,26.5178],[92.7473,26.5108],[92.7645,26.5326],[92.7675,26.5484],[92.7728,26.5558]]]},"properties":{"AC_NO":66,"AC_NAME":"BARCHALLA","district":"SONITPUR"}},{"type":"Feature","geometry":{"type":"Polygon","coordinates":[[[92.9308,26.7338],[92.9274,26.7737],[92.9278,26.7989],[92.9236,26.8198],[92.9212,26.8322],[92.919,26.8384],[92.9134,26.8494],[92.8858,26.8478],[92.8798,26.8612],[92.8856,26.8774],[92.8704,26.8769],[92.8597,26.8605],[92.865,26.8534],[92.8517,26.8359],[92.8363,26.8308],[92.8207,26.8371],[92.822,26.8443],[92.8115,26.8622],[92.7919,26.8682],[92.7819,26.8883],[92.7611,26.8847],[92.7282,26.8859],[92.6905,26.8901],[92.6873,26.88],[92.6639,26.8825],[92.6636,26.8708],[92.6764,26.8701],[92.6787,26.8527],[92.6553,26.8617],[92.6552,26.8618],[92.6548,26.8616],[92.6546,26.8616],[92.6433,26.8629],[92.6431,26.8607],[92.6458,26.854],[92.6553,26.8386],[92.6561,26.835],[92.65,26.8104],[92.6531,26.8021],[92.6534,26.7975],[92.6531,26.7866],[92.6525,26.7789],[92.6558,26.7624],[92.6587,26.7605],[92.675,26.7519],[92.6759,26.7522],[92.6849,26.7532],[92.6886,26.753],[92.6925,26.7531],[92.6961,26.7535],[92.6986,26.7545],[92.7036,26.7578],[92.7053,26.7593],[92.719,26.7483],[92.7304,26.7595],[92.7304,26.7631],[92.733,26.7808],[92.7481,26.7676],[92.7448,26.7563],[92.7569,26.7508],[92.7553,26.7447],[92.7544,26.7406],[92.7536,26.7351],[92.7533,26.7314],[92.7522,26.728],[92.7494,26.7207],[92.7625,26.7085],[92.7618,26.7045],[92.7609,26.7007],[92.7613,26.6968],[92.7615,26.6897],[92.7657,26.7103],[92.7993,26.725],[92.8125,26.723],[92.8194,26.713],[92.831,26.7134],[92.843,26.7154],[92.8375,26.7066],[92.8339,26.7042],[92.8328,26.6937],[92.8344,26.693],[92.8498,26.7165],[92.8684,26.7192],[92.8778,26.7079],[92.8806,26.7051],[92.8858,26.696],[92.9054,26.7058],[92.9128,26.7201],[92.9247,26.725],[92.9308,26.7338]]]},"properties":{"AC_NO":68,"AC_NAME":"RANGAPARA","district":"SONITPUR"}},{"type":"Feature","geometry":{"type":"Polygon","coordinates":[[[92.3755,24.7693],[92.3968,24.7638],[92.3993,24.7975],[92.4098,24.8047],[92.4195,24.8014],[92.4288,24.7889],[92.4265,24.7775],[92.4401,24.7647],[92.4412,24.7509],[92.4578,24.7431],[92.4408,24.7299],[92.4143,24.7281],[92.4019,24.7396],[92.3943,24.7276],[92.4089,24.7231],[92.4,24.7104],[92.3954,24.7013],[92.3957,24.7013],[92.4027,24.7007],[92.4073,24.6893],[92.4186,24.6887],[92.4234,24.697],[92.435,24.7208],[92.4455,24.7157],[92.4607,24.7298],[92.4652,24.7349],[92.4674,24.7553],[92.4674,24.7631],[92.4821,24.7765],[92.4752,24.7911],[92.4781,24.8061],[92.4722,24.8183],[92.4591,24.8217],[92.45,24.8125],[92.4431,24.8157],[92.4345,24.82],[92.4314,24.8186],[92.43,24.8241],[92.4404,24.8328],[92.4536,24.8335],[92.4659,24.8275],[92.5075,24.8237],[92.5059,24.8018],[92.4976,24.7879],[92.5317,24.7704],[92.5414,24.7857],[92.5466,24.8098],[92.5823,24.8446],[92.5677,24.843],[92.5486,24.8614],[92.5573,24.8674],[92.5544,24.8831],[92.5263,24.8927],[92.4991,24.8948],[92.5022,24.9309],[92.4838,24.9301],[92.4937,24.9171],[92.4967,24.9022],[92.4878,24.8714],[92.4758,24.8675],[92.462,24.8733],[92.4428,24.8712],[92.4406,24.8589],[92.4243,24.8531],[92.4078,24.8593],[92.4027,24.8492],[92.3869,24.8514],[92.3744,24.8742],[92.3636,24.8721],[92.3503,24.8893],[92.3394,24.8783],[92.3279,24.8952],[92.3184,24.8845],[92.2979,24.8913],[92.298,24.8879],[92.2967,24.8794],[92.3096,24.8599],[92.3022,24.848],[92.2874,24.8421],[92.2805,24.8283],[92.2887,24.8143],[92.3113,24.8039],[92.3439,24.8077],[92.3358,24.8183],[92.3377,24.8312],[92.3535,24.8303],[92.3609,24.8439],[92.3726,24.8485],[92.3955,24.8424],[92.3848,24.8306],[92.3822,24.8297],[92.3633,24.8247],[92.3543,24.8161],[92.3564,24.8045],[92.3571,24.8034],[92.3577,24.8027],[92.3638,24.7876],[92.3773,24.7768],[92.3715,24.7762],[92.3713,24.7753],[92.3766,24.7741],[92.3755,24.7693]]]},"properties":{"AC_NO":123,"AC_NAME":"KARIMGANJ NORTH","district":"KARIMGANJ"}},{"type":"Feature","geometry":{"type":"Polygon","coordinates":[[[92.3272,24.2532],[92.4225,24.2549],[92.4338,24.2547],[92.4482,24.2859],[92.4776,24.3267],[92.4922,24.3719],[92.506,24.4327],[92.5074,24.4734],[92.5101,24.4839],[92.5061,24.5356],[92.5168,24.5599],[92.5172,24.5744],[92.5046,24.5895],[92.5079,24.6196],[92.504,24.6308],[92.5061,24.6644],[92.4934,24.6745],[92.5051,24.7062],[92.5223,24.7295],[92.5251,24.7511],[92.5452,24.7656],[92.5414,24.7857],[92.5317,24.7704],[92.4976,24.7879],[92.5059,24.8018],[92.5075,24.8237],[92.4659,24.8275],[92.4536,24.8335],[92.4404,24.8328],[92.43,24.8241],[92.4314,24.8186],[92.4345,24.82],[92.4431,24.8157],[92.45,24.8125],[92.4591,24.8217],[92.4722,24.8183],[92.4781,24.8061],[92.4752,24.7911],[92.4821,24.7765],[92.4674,24.7631],[92.4674,24.7553],[92.4938,24.7486],[92.481,24.7261],[92.4886,24.7251],[92.4952,24.7216],[92.4958,24.7209],[92.4845,24.7156],[92.4834,24.6884],[92.4698,24.6908],[92.4582,24.7003],[92.4401,24.7073],[92.4255,24.6776],[92.4169,24.6606],[92.4052,24.625],[92.4273,24.6208],[92.4261,24.6111],[92.4239,24.6097],[92.4161,24.6088],[92.4155,24.6089],[92.4048,24.6009],[92.4059,24.5607],[92.4022,24.5494],[92.3881,24.5425],[92.3812,24.5222],[92.371,24.5242],[92.3665,24.5091],[92.3513,24.4007],[92.3338,24.2974],[92.3272,24.2532]]]},"properties":{"AC_NO":126,"AC_NAME":"RAM KRISHANA NAGAR (SC)","district":"KARIMGANJ"}},{"type":"Feature","geometry":{"type":"Polygon","coordinates":[[[92.242,24.615],[92.2338,24.5848],[92.2311,24.5313],[92.2126,24.5038],[92.2293,24.4999],[92.2336,24.4843],[92.2302,24.4616],[92.2386,24.4479],[92.2592,24.4395],[92.2546,24.4203],[92.2624,24.4023],[92.2738,24.3892],[92.2682,24.3683],[92.2563,24.3455],[92.2132,24.2503],[92.3272,24.2532],[92.3338,24.2974],[92.3513,24.4007],[92.3665,24.5091],[92.371,24.5242],[92.3812,24.5222],[92.3881,24.5425],[92.4022,24.5494],[92.4059,24.5607],[92.4048,24.6009],[92.4155,24.6089],[92.4161,24.6088],[92.4239,24.6097],[92.4261,24.6111],[92.4273,24.6208],[92.4052,24.625],[92.4169,24.6606],[92.4255,24.6776],[92.4217,24.6772],[92.419,24.6775],[92.4157,24.6693],[92.4155,24.6693],[92.4107,24.6712],[92.4085,24.6718],[92.3962,24.6574],[92.3971,24.6489],[92.388,24.6298],[92.3794,24.6331],[92.3743,24.6477],[92.3601,24.6235],[92.3567,24.6608],[92.3465,24.6576],[92.3321,24.6414],[92.3397,24.621],[92.3115,24.6246],[92.2976,24.6059],[92.2977,24.6069],[92.2933,24.612],[92.2919,24.6129],[92.2906,24.6133],[92.2898,24.6137],[92.2899,24.6139],[92.2899,24.6149],[92.2898,24.6166],[92.2899,24.6176],[92.29,24.6185],[92.2939,24.6183],[92.294,24.6185],[92.2956,24.6361],[92.2948,24.6361],[92.2893,24.6376],[92.2885,24.638],[92.2912,24.6593],[92.2848,24.6622],[92.2667,24.6409],[92.2593,24.6117],[92.242,24.615]]]},"properties":{"AC_NO":125,"AC_NAME":"PATHARKANDI","district":"KARIMGANJ"}},{"type":"Feature","geometry":{"type":"Polygon","coordinates":[[[92.3279,24.8952],[92.3066,24.9024],[92.2995,24.9157],[92.2822,24.9062],[92.2479,24.9089],[92.2376,24.8992],[92.247,24.8851],[92.2476,24.8721],[92.2378,24.8631],[92.2379,24.8495],[92.253,24.8323],[92.2683,24.8299],[92.2763,24.8156],[92.2735,24.7994],[92.2885,24.7883],[92.2829,24.7709],[92.2899,24.7608],[92.2801,24.7482],[92.2949,24.7332],[92.2544,24.6781],[92.242,24.615],[92.2593,24.6117],[92.2667,24.6409],[92.2848,24.6622],[92.2912,24.6593],[92.2885,24.638],[92.2893,24.6376],[92.2948,24.6361],[92.2956,24.6361],[92.294,24.6185],[92.2939,24.6183],[92.29,24.6185],[92.2899,24.6176],[92.2898,24.6166],[92.2899,24.6149],[92.2899,24.6139],[92.2898,24.6137],[92.2906,24.6133],[92.2919,24.6129],[92.2933,24.612],[92.2977,24.6069],[92.2976,24.6059],[92.3115,24.6246],[92.3397,24.621],[92.3321,24.6414],[92.3465,24.6576],[92.3567,24.6608],[92.3601,24.6235],[92.3743,24.6477],[92.3794,24.6331],[92.388,24.6298],[92.3971,24.6489],[92.3962,24.6574],[92.4085,24.6718],[92.4107,24.6712],[92.4155,24.6693],[92.4157,24.6693],[92.419,24.6775],[92.4217,24.6772],[92.4255,24.6776],[92.4401,24.7073],[92.4582,24.7003],[92.4698,24.6908],[92.4834,24.6884],[92.4845,24.7156],[92.4958,24.7209],[92.4952,24.7216],[92.4886,24.7251],[92.481,24.7261],[92.4938,24.7486],[92.4674,24.7553],[92.4652,24.7349],[92.4607,24.7298],[92.4455,24.7157],[92.435,24.7208],[92.4234,24.697],[92.4186,24.6887],[92.4073,24.6893],[92.4067,24.6917],[92.4027,24.7007],[92.3957,24.7013],[92.3954,24.7013],[92.4,24.7104],[92.4089,24.7231],[92.3943,24.7276],[92.4019,24.7396],[92.4143,24.7281],[92.4408,24.7299],[92.4578,24.7431],[92.4412,24.7509],[92.4401,24.7647],[92.4265,24.7775],[92.4288,24.7889],[92.4195,24.8014],[92.4098,24.8047],[92.3993,24.7975],[92.3968,24.7638],[92.3755,24.7693],[92.3773,24.7768],[92.3766,24.7741],[92.3713,24.7753],[92.3715,24.7762],[92.3773,24.7768],[92.3638,24.7876],[92.3577,24.8027],[92.3571,24.8034],[92.3564,24.8045],[92.3543,24.8161],[92.3633,24.8247],[92.3822,24.8297],[92.3848,24.8306],[92.3955,24.8424],[92.3726,24.8485],[92.3609,24.8439],[92.3535,24.8303],[92.3377,24.8312],[92.3358,24.8183],[92.3439,24.8077],[92.3113,24.8039],[92.2887,24.8143],[92.2805,24.8283],[92.2874,24.8421],[92.3022,24.848],[92.3096,24.8599],[92.2967,24.8794],[92.298,24.8879],[92.2979,24.8913],[92.3184,24.8845],[92.3279,24.8952]]]},"properties":{"AC_NO":124,"AC_NAME":"KARIMGANJ SOUTH","district":"KARIMGANJ"}},{"type":"Feature","geometry":{"type":"Polygon","coordinates":[[[91.1248,26.8159],[91.0976,26.8221],[91.054,26.7808],[90.9913,26.7908],[90.9571,26.7817],[90.9411,26.776],[90.9364,26.7544],[90.9143,26.7274],[90.9163,26.7115],[90.8951,26.6639],[90.9025,26.6575],[90.901,26.6349],[90.8945,26.6269],[90.8964,26.5975],[90.8843,26.5939],[90.8713,26.574],[90.8783,26.5568],[90.8912,26.5521],[90.9031,26.5733],[90.9117,26.5786],[90.9257,26.5756],[90.9203,26.5626],[90.9328,26.5551],[90.936,26.5456],[90.919,26.5436],[90.9151,26.5227],[90.9303,26.5157],[90.9566,26.5115],[90.9503,26.5323],[90.955,26.5549],[90.9629,26.5579],[90.9675,26.5755],[90.9851,26.5755],[90.9857,26.5544],[90.9767,26.5398],[90.9773,26.5012],[90.968,26.4912],[90.9515,26.4854],[90.9507,26.4728],[90.9621,26.4578],[90.9622,26.4397],[90.9781,26.4283],[90.984,26.4162],[91.0036,26.422],[91.0102,26.4356],[91.0049,26.4589],[90.9965,26.4752],[91.0002,26.4896],[90.9843,26.4902],[90.9942,26.5048],[91.0018,26.5309],[91.052,26.5294],[91.059,26.5161],[91.0719,26.5162],[91.0733,26.5335],[91.0815,26.5335],[91.0826,26.5578],[91.1098,26.5612],[91.1217,26.5827],[91.1179,26.5921],[91.1395,26.5994],[91.1405,26.6116],[91.1248,26.6116],[91.1172,26.6197],[91.1127,26.6515],[91.1273,26.6588],[91.1394,26.6506],[91.1454,26.6628],[91.1566,26.6532],[91.1503,26.642],[91.1684,26.6276],[91.1864,26.6213],[91.181,26.6077],[91.1985,26.6039],[91.1977,26.623],[91.2302,26.6147],[91.2371,26.595],[91.2515,26.6005],[91.2641,26.6137],[91.2803,26.6182],[91.2882,26.6351],[91.2878,26.6586],[91.2301,26.674],[91.2151,26.6742],[91.2113,26.6888],[91.2154,26.7043],[91.1973,26.7083],[91.1923,26.687],[91.1802,26.6828],[91.1782,26.7205],[91.1619,26.7238],[91.1647,26.752],[91.1431,26.7323],[91.1278,26.7306],[91.1233,26.7412],[91.1455,26.7585],[91.1443,26.7768],[91.1293,26.787],[91.1248,26.8159]]]},"properties":{"AC_NO":41,"AC_NAME":"MANAS","district":"BAKSA"}},{"type":"Feature","geometry":{"type":"Polygon","coordinates":[[[91.4343,26.5634],[91.4384,26.5777],[91.4311,26.5828],[91.4265,26.6012],[91.4094,26.6114],[91.4136,26.6269],[91.4041,26.6383],[91.4036,26.6553],[91.3974,26.6611],[91.3887,26.6949],[91.3782,26.6928],[91.3676,26.7001],[91.3678,26.7186],[91.3596,26.7277],[91.3774,26.7337],[91.3862,26.7452],[91.4124,26.7616],[91.4147,26.7695],[91.4311,26.776],[91.4274,26.7942],[91.401,26.83],[91.3761,26.7954],[91.3372,26.7806],[91.2976,26.7869],[91.2774,26.8003],[91.2367,26.812],[91.1925,26.8134],[91.1462,26.8111],[91.1248,26.8159],[91.1293,26.787],[91.1443,26.7768],[91.1455,26.7585],[91.1233,26.7412],[91.1278,26.7306],[91.1431,26.7323],[91.1647,26.752],[91.1619,26.7238],[91.1782,26.7205],[91.1802,26.6828],[91.1923,26.687],[91.1973,26.7083],[91.2154,26.7043],[91.2113,26.6888],[91.2151,26.6742],[91.2301,26.674],[91.2878,26.6586],[91.2882,26.6351],[91.2803,26.6182],[91.2641,26.6137],[91.2515,26.6005],[91.2371,26.595],[91.2365,26.5808],[91.252,26.5859],[91.269,26.5843],[91.2638,26.5673],[91.2834,26.5648],[91.2827,26.5634],[91.2811,26.5594],[91.2804,26.5585],[91.2758,26.5568],[91.2758,26.5558],[91.2742,26.5542],[91.2739,26.5537],[91.2731,26.5521],[91.2708,26.5483],[91.2693,26.5476],[91.2657,26.5483],[91.2657,26.5482],[91.2652,26.5446],[91.2611,26.5444],[91.2605,26.5431],[91.2604,26.5431],[91.255,26.5416],[91.2549,26.5416],[91.2543,26.5403],[91.2542,26.5402],[91.2532,26.5399],[91.2529,26.5388],[91.2519,26.5381],[91.2478,26.5276],[91.2463,26.5266],[91.2495,26.5233],[91.2629,26.5216],[91.2667,26.535],[91.2758,26.5413],[91.2969,26.5455],[91.3104,26.5293],[91.3114,26.5169],[91.2893,26.5154],[91.2919,26.5031],[91.3018,26.5],[91.3421,26.5003],[91.3553,26.5108],[91.3526,26.524],[91.3867,26.5265],[91.4125,26.5325],[91.4143,26.5327],[91.4587,26.5423],[91.4556,26.5487],[91.4308,26.5491],[91.4343,26.5634]]]},"properties":{"AC_NO":42,"AC_NAME":"BAKSA (ST)","district":"BAKSA"}},{"type":"Feature","geometry":{"type":"Polygon","coordinates":[[[91.6191,26.5111],[91.6229,26.5107],[91.6301,26.5169],[91.6369,26.5298],[91.6333,26.5381],[91.6382,26.554],[91.6358,26.5663],[91.6627,26.5651],[91.6664,26.5791],[91.6473,26.6046],[91.6532,26.6101],[91.6443,26.6347],[91.6127,26.6374],[91.6055,26.6571],[91.6025,26.6878],[91.5847,26.6931],[91.5913,26.7058],[91.5811,26.7156],[91.5584,26.7239],[91.5561,26.7436],[91.5397,26.7425],[91.5331,26.7969],[91.4951,26.7912],[91.4642,26.8024],[91.4457,26.8127],[91.408,26.84],[91.401,26.83],[91.4274,26.7942],[91.4311,26.776],[91.4147,26.7695],[91.4124,26.7616],[91.3862,26.7452],[91.3774,26.7337],[91.3596,26.7277],[91.3678,26.7186],[91.3676,26.7001],[91.3782,26.6928],[91.3887,26.6949],[91.3974,26.6611],[91.4036,26.6553],[91.4041,26.6383],[91.4136,26.6269],[91.4094,26.6114],[91.4265,26.6012],[91.4311,26.5828],[91.4384,26.5777],[91.4343,26.5634],[91.4676,26.5626],[91.4739,26.5712],[91.4912,26.5611],[91.4943,26.5338],[91.5098,26.533],[91.5295,26.5528],[91.5405,26.5479],[91.5352,26.53],[91.543,26.5117],[91.5569,26.5101],[91.5561,26.5255],[91.5732,26.5263],[91.5805,26.5309],[91.5886,26.5267],[91.5881,26.5182],[91.5884,26.5166],[91.5895,26.5145],[91.5925,26.515],[91.599,26.5167],[91.599,26.5149],[91.5987,26.5131],[91.6036,26.5124],[91.6195,26.5127],[91.6195,26.5122],[91.6191,26.5111]]]},"properties":{"AC_NO":43,"AC_NAME":"TAMULPUR (ST)","district":"BAKSA"}},{"type":"Feature","geometry":{"type":"Polygon","coordinates":[[[91.6191,26.5111],[91.6179,26.5098],[91.6187,26.5086],[91.6181,26.5067],[91.618,26.5059],[91.6147,26.5035],[91.6153,26.5009],[91.6149,26.4993],[91.6136,26.497],[91.6129,26.4961],[91.6117,26.4949],[91.6141,26.4944],[91.6174,26.4948],[91.6186,26.4939],[91.6182,26.4926],[91.6147,26.4891],[91.6145,26.4876],[91.6157,26.486],[91.6166,26.4867],[91.6163,26.4876],[91.6162,26.4889],[91.6173,26.4892],[91.6191,26.4884],[91.6203,26.4887],[91.6216,26.4904],[91.6227,26.4917],[91.6237,26.4925],[91.6264,26.4939],[91.6279,26.4938],[91.6283,26.4922],[91.6275,26.4906],[91.6238,26.4871],[91.6288,26.4874],[91.6267,26.4838],[91.6228,26.4844],[91.6205,26.4802],[91.6205,26.4786],[91.6208,26.4777],[91.6211,26.4766],[91.6217,26.476],[91.6238,26.4759],[91.6254,26.4801],[91.6281,26.4808],[91.6282,26.4793],[91.6266,26.4764],[91.626,26.4754],[91.6257,26.4735],[91.626,26.4724],[91.6266,26.4711],[91.6257,26.4704],[91.6239,26.4715],[91.6211,26.4694],[91.624,26.4592],[91.6241,26.4578],[91.6242,26.4568],[91.6265,26.4562],[91.6274,26.4585],[91.6284,26.4609],[91.6295,26.4605],[91.6299,26.4595],[91.6288,26.4559],[91.6316,26.4524],[91.632,26.4511],[91.631,26.45],[91.6264,26.4497],[91.6247,26.449],[91.625,26.4472],[91.63,26.4463],[91.6316,26.4482],[91.6327,26.4491],[91.6337,26.4496],[91.6357,26.4498],[91.6414,26.4499],[91.6538,26.4493],[91.6557,26.4495],[91.6572,26.4494],[91.6623,26.4492],[91.6706,26.4486],[91.6734,26.4485],[91.6763,26.4484],[91.6761,26.4497],[91.6759,26.4506],[91.6757,26.4512],[91.6756,26.4526],[91.6759,26.4545],[91.6856,26.455],[91.6874,26.4599],[91.6889,26.4638],[91.7098,26.4733],[91.7097,26.477],[91.716,26.4769],[91.72,26.4769],[91.7192,26.4781],[91.7179,26.4794],[91.7169,26.4805],[91.7166,26.4841],[91.718,26.486],[91.7192,26.4882],[91.7193,26.4903],[91.7186,26.4918],[91.7202,26.4935],[91.7242,26.4952],[91.7262,26.4959],[91.7258,26.4994],[91.7247,26.503],[91.7376,26.5018],[91.7369,26.5006],[91.7362,26.4996],[91.7343,26.4979],[91.7343,26.4964],[91.7403,26.496],[91.7423,26.4962],[91.7449,26.4966],[91.7489,26.4965],[91.7529,26.4953],[91.7541,26.4944],[91.7531,26.4921],[91.752,26.4895],[91.7512,26.4881],[91.7524,26.4869],[91.7514,26.4853],[91.7521,26.4816],[91.7604,26.4824],[91.7628,26.48],[91.7793,26.4811],[91.7792,26.4802],[91.7789,26.4791],[91.7877,26.4753],[91.799,26.4772],[91.8017,26.4891],[91.7811,26.4956],[91.7804,26.5118],[91.7834,26.5297],[91.7791,26.5503],[91.7504,26.5789],[91.7447,26.5901],[91.7394,26.6175],[91.7501,26.6358],[91.7468,26.6496],[91.7342,26.6554],[91.7409,26.6751],[91.7454,26.687],[91.7333,26.7146],[91.7352,26.7257],[91.716,26.7584],[91.7131,26.785],[91.7048,26.8114],[91.69,26.8068],[91.6259,26.821],[91.5929,26.8052],[91.5331,26.7969],[91.5397,26.7425],[91.5561,26.7436],[91.5584,26.7239],[91.5811,26.7156],[91.5913,26.7058],[91.5847,26.6931],[91.6025,26.6878],[91.6055,26.6571],[91.6127,26.6374],[91.6443,26.6347],[91.6532,26.6101],[91.6473,26.6046],[91.6664,26.5791],[91.6627,26.5651],[91.6358,26.5663],[91.6382,26.554],[91.6333,26.5381],[91.6369,26.5298],[91.6301,26.5169],[91.6229,26.5107],[91.6191,26.5111]]]},"properties":{"AC_NO":44,"AC_NAME":"GORESWAR","district":"TAMULPUR"}},{"type":"Feature","geometry":{"type":"Polygon","coordinates":[[[95.7722,27.6635],[95.7831,27.6869],[95.7681,27.6871],[95.7677,27.7027],[95.754,27.726],[95.7661,27.7269],[95.7804,27.7372],[95.7758,27.7539],[95.8002,27.774],[95.8165,27.8029],[95.8264,27.809],[95.8554,27.8145],[95.8835,27.8464],[95.8883,27.8568],[95.9042,27.8621],[95.9205,27.8886],[95.9484,27.9247],[95.9489,27.9384],[95.9702,27.9631],[95.8237,27.9717],[95.8175,27.9713],[95.6318,27.9769],[95.5908,27.9444],[95.5741,27.9397],[95.5636,27.9199],[95.5425,27.9083],[95.5221,27.8832],[95.5146,27.8798],[95.5152,27.8595],[95.4932,27.8583],[95.4825,27.8359],[95.4514,27.8049],[95.4361,27.8006],[95.4049,27.7696],[95.3957,27.7507],[95.3981,27.7365],[95.3792,27.7219],[95.4186,27.7132],[95.4353,27.7171],[95.4455,27.736],[95.4525,27.7358],[95.4553,27.7357],[95.4595,27.7281],[95.4644,27.7197],[95.4681,27.7242],[95.4983,27.7228],[95.503,27.7093],[95.4891,27.7051],[95.4813,27.6776],[95.4996,27.6662],[95.5063,27.6739],[95.532,27.6607],[95.5268,27.6536],[95.5388,27.6325],[95.5589,27.6315],[95.5741,27.6352],[95.582,27.6571],[95.5831,27.6755],[95.5979,27.6725],[95.6022,27.6826],[95.6029,27.686],[95.606,27.6914],[95.6089,27.6907],[95.6101,27.6896],[95.6148,27.6826],[95.6231,27.68],[95.6347,27.6755],[95.6393,27.6721],[95.6432,27.6662],[95.6596,27.6527],[95.665,27.6281],[95.6979,27.6294],[95.7076,27.6361],[95.7442,27.6506],[95.7584,27.644],[95.7722,27.6635]]]},"properties":{"AC_NO":81,"AC_NAME":"SADIYA","district":"TINSUKIA"}},{"type":"Feature","geometry":{"type":"Polygon","coordinates":[[[95.4602,27.2695],[95.44,27.2564],[95.4397,27.255],[95.4533,27.2477],[95.4695,27.255],[95.4808,27.2533],[95.484,27.2414],[95.5037,27.2488],[95.5338,27.2645],[95.5484,27.2572],[95.5728,27.2867],[95.57,27.2929],[95.5874,27.3115],[95.5872,27.3247],[95.6127,27.3427],[95.6237,27.3418],[95.6352,27.3262],[95.6442,27.3278],[95.6698,27.3322],[95.6833,27.3336],[95.6868,27.3307],[95.6924,27.3328],[95.7061,27.3416],[95.7146,27.3653],[95.7474,27.3757],[95.7477,27.3652],[95.7607,27.362],[95.768,27.3886],[95.7855,27.4093],[95.7957,27.3847],[95.8191,27.3916],[95.8288,27.407],[95.8055,27.4259],[95.7895,27.4294],[95.7651,27.4229],[95.7558,27.4316],[95.7671,27.4384],[95.771,27.4414],[95.7705,27.4442],[95.7699,27.4455],[95.7694,27.448],[95.765,27.4512],[95.7639,27.4524],[95.7644,27.4532],[95.7649,27.4538],[95.765,27.456],[95.7655,27.4569],[95.7664,27.4568],[95.7665,27.4559],[95.7693,27.4531],[95.7697,27.4525],[95.7729,27.4522],[95.7737,27.452],[95.7863,27.4558],[95.7877,27.4609],[95.7856,27.462],[95.7841,27.4639],[95.7811,27.4668],[95.783,27.4717],[95.7836,27.4735],[95.7886,27.4786],[95.7927,27.479],[95.7993,27.4786],[95.8009,27.4793],[95.8031,27.4806],[95.8079,27.4802],[95.8065,27.4863],[95.8028,27.4998],[95.7966,27.5074],[95.8002,27.5224],[95.8187,27.5264],[95.8351,27.5126],[95.8544,27.5023],[95.8558,27.5206],[95.8387,27.5242],[95.8286,27.5401],[95.8361,27.5595],[95.8117,27.582],[95.8181,27.5966],[95.8054,27.6012],[95.7924,27.5982],[95.7901,27.645],[95.7742,27.6511],[95.7722,27.6635],[95.7584,27.644],[95.7442,27.6506],[95.7076,27.6361],[95.7036,27.6269],[95.7039,27.6045],[95.725,27.5891],[95.7398,27.589],[95.7524,27.6019],[95.7629,27.5978],[95.7628,27.5749],[95.7493,27.5684],[95.7339,27.5689],[95.7208,27.5575],[95.6965,27.5237],[95.7015,27.5126],[95.6727,27.5155],[95.6746,27.4791],[95.6621,27.4815],[95.6468,27.4746],[95.6229,27.4794],[95.622,27.4807],[95.6028,27.4926],[95.5812,27.4931],[95.5794,27.4932],[95.5781,27.4944],[95.577,27.4987],[95.5762,27.5033],[95.5747,27.5049],[95.5388,27.5092],[95.5495,27.5222],[95.5434,27.5285],[95.5347,27.5308],[95.5266,27.5319],[95.5196,27.5445],[95.5175,27.5432],[95.5107,27.5355],[95.4938,27.5334],[95.4873,27.5284],[95.4897,27.521],[95.4951,27.5196],[95.5007,27.5124],[95.4986,27.5098],[95.4999,27.5035],[95.5021,27.4993],[95.5062,27.4919],[95.5137,27.485],[95.5035,27.4753],[95.4994,27.4623],[95.5102,27.4424],[95.5116,27.4422],[95.524,27.4411],[95.5377,27.4383],[95.5401,27.4385],[95.5522,27.4392],[95.5773,27.4368],[95.5825,27.4331],[95.5845,27.4293],[95.5862,27.4166],[95.5932,27.39],[95.5941,27.3771],[95.5625,27.3592],[95.512,27.3493],[95.5083,27.3441],[95.5099,27.339],[95.5234,27.3337],[95.518,27.324],[95.5152,27.317],[95.5016,27.3096],[95.4915,27.2961],[95.4847,27.2922],[95.4829,27.284],[95.4822,27.2821],[95.4781,27.2807],[95.4764,27.278],[95.4638,27.2691],[95.4602,27.2695]]]},"properties":{"AC_NO":84,"AC_NAME":"DIGBOI","district":"TINSUKIA"}},{"type":"Feature","geometry":{"type":"Polygon","coordinates":[[[95.5484,27.2572],[95.5509,27.2507],[95.575,27.2434],[95.5743,27.2349],[95.5874,27.2232],[95.6037,27.2245],[95.6189,27.2327],[95.6315,27.2298],[95.6922,27.2535],[95.7014,27.2488],[95.7201,27.2497],[95.7277,27.2573],[95.7567,27.2689],[95.7774,27.2709],[95.7944,27.2819],[95.8081,27.2751],[95.8516,27.287],[95.8549,27.2734],[95.8692,27.2603],[95.894,27.2572],[95.907,27.2892],[95.93,27.3005],[95.9583,27.3104],[95.972,27.3277],[95.9721,27.3371],[95.9996,27.3558],[96.0167,27.3623],[96.0037,27.3734],[95.9963,27.3949],[95.9739,27.422],[95.9412,27.4376],[95.9204,27.4249],[95.9095,27.4357],[95.8999,27.4223],[95.8842,27.4138],[95.8845,27.434],[95.8565,27.4194],[95.8421,27.4271],[95.8567,27.447],[95.8532,27.4572],[95.8705,27.4669],[95.8728,27.491],[95.8791,27.497],[95.8757,27.5467],[95.8615,27.5437],[95.8418,27.5616],[95.8361,27.5595],[95.8286,27.5401],[95.8387,27.5242],[95.8558,27.5206],[95.8544,27.5023],[95.8351,27.5126],[95.8187,27.5264],[95.8002,27.5224],[95.7966,27.5074],[95.8028,27.4998],[95.8065,27.4863],[95.8079,27.4802],[95.8031,27.4806],[95.8009,27.4793],[95.7993,27.4786],[95.7927,27.479],[95.7886,27.4786],[95.7836,27.4735],[95.783,27.4717],[95.7811,27.4668],[95.7841,27.4639],[95.7856,27.462],[95.7877,27.4609],[95.7863,27.4558],[95.7737,27.452],[95.7729,27.4522],[95.7697,27.4525],[95.7693,27.4531],[95.7665,27.4559],[95.7664,27.4568],[95.7655,27.4569],[95.765,27.456],[95.7639,27.4524],[95.765,27.4512],[95.7694,27.448],[95.7699,27.4455],[95.7705,27.4442],[95.771,27.4414],[95.7671,27.4384],[95.7558,27.4316],[95.7651,27.4229],[95.7895,27.4294],[95.8055,27.4259],[95.8288,27.407],[95.8191,27.3916],[95.7957,27.3847],[95.7855,27.4093],[95.768,27.3886],[95.7607,27.362],[95.7477,27.3652],[95.7474,27.3757],[95.7146,27.3653],[95.7061,27.3416],[95.6924,27.3328],[95.6868,27.3307],[95.6833,27.3336],[95.6698,27.3322],[95.6442,27.3278],[95.6352,27.3262],[95.6237,27.3418],[95.6127,27.3427],[95.5872,27.3247],[95.5874,27.3115],[95.57,27.2929],[95.5728,27.2867],[95.5484,27.2572]]]},"properties":{"AC_NO":83,"AC_NAME":"MARGHERITA","district":"TINSUKIA"}},{"type":"Feature","geometry":{"type":"Polygon","coordinates":[[[95.2195,27.4455],[95.2476,27.4476],[95.2621,27.4447],[95.2743,27.4443],[95.2862,27.4475],[95.2905,27.4511],[95.3288,27.4576],[95.3222,27.4876],[95.3368,27.4963],[95.3432,27.5093],[95.3307,27.5222],[95.3285,27.5254],[95.3285,27.5309],[95.3285,27.5311],[95.3365,27.5322],[95.34,27.5328],[95.3398,27.5317],[95.3467,27.5301],[95.3525,27.5295],[95.3594,27.5293],[95.3707,27.5281],[95.3733,27.5303],[95.3783,27.5315],[95.3886,27.5289],[95.3943,27.5045],[95.4194,27.4945],[95.4206,27.495],[95.4316,27.4947],[95.4345,27.4942],[95.4326,27.4754],[95.4161,27.4664],[95.4207,27.4627],[95.425,27.462],[95.4261,27.4511],[95.4252,27.4273],[95.4387,27.4337],[95.46,27.4341],[95.4602,27.4355],[95.4603,27.4388],[95.4578,27.441],[95.4576,27.4425],[95.4615,27.4571],[95.4701,27.4671],[95.4742,27.4696],[95.4701,27.4728],[95.4524,27.4856],[95.458,27.4852],[95.4652,27.4834],[95.4764,27.4792],[95.477,27.479],[95.4847,27.4803],[95.4885,27.471],[95.4884,27.4673],[95.4762,27.4502],[95.4694,27.4529],[95.4662,27.4443],[95.4639,27.4319],[95.4663,27.4299],[95.4688,27.4283],[95.4748,27.4279],[95.4794,27.4259],[95.4802,27.425],[95.4805,27.4175],[95.4744,27.4123],[95.4653,27.4104],[95.4496,27.411],[95.4489,27.4159],[95.445,27.4168],[95.4432,27.4202],[95.4422,27.4211],[95.4396,27.4206],[95.4361,27.4186],[95.434,27.4182],[95.4301,27.416],[95.4258,27.4162],[95.4226,27.4202],[95.4188,27.4199],[95.4151,27.4187],[95.4122,27.4194],[95.4048,27.4095],[95.3997,27.3952],[95.4157,27.3986],[95.4184,27.3808],[95.4423,27.3641],[95.4536,27.3748],[95.467,27.3643],[95.469,27.3486],[95.4583,27.346],[95.458,27.3309],[95.4685,27.3166],[95.4462,27.2946],[95.4602,27.2695],[95.4638,27.2691],[95.4764,27.278],[95.4781,27.2807],[95.4822,27.2821],[95.4829,27.284],[95.4847,27.2922],[95.4915,27.2961],[95.5016,27.3096],[95.5152,27.317],[95.518,27.324],[95.5234,27.3337],[95.5099,27.339],[95.5083,27.3441],[95.512,27.3493],[95.5625,27.3592],[95.5941,27.3771],[95.5932,27.39],[95.5862,27.4166],[95.5845,27.4293],[95.5825,27.4331],[95.5773,27.4368],[95.5522,27.4392],[95.5401,27.4385],[95.5377,27.4383],[95.524,27.4411],[95.5116,27.4422],[95.5102,27.4424],[95.4994,27.4623],[95.5035,27.4753],[95.5137,27.485],[95.5062,27.4919],[95.5021,27.4993],[95.4999,27.5035],[95.4986,27.5098],[95.5007,27.5124],[95.4951,27.5196],[95.4897,27.521],[95.4873,27.5284],[95.4938,27.5334],[95.5037,27.5355],[95.4935,27.5658],[95.4836,27.5584],[95.4597,27.57],[95.4447,27.5668],[95.419,27.5785],[95.4178,27.5785],[95.4049,27.5769],[95.3938,27.5781],[95.3902,27.5782],[95.3855,27.5792],[95.3744,27.5823],[95.3696,27.5832],[95.3637,27.5898],[95.3851,27.5971],[95.4246,27.5835],[95.4284,27.5873],[95.4177,27.5951],[95.4036,27.6095],[95.4253,27.6269],[95.4378,27.6424],[95.4397,27.6433],[95.4323,27.6324],[95.4351,27.6208],[95.4335,27.6123],[95.4343,27.5935],[95.4456,27.5934],[95.4572,27.6028],[95.4785,27.61],[95.4716,27.6238],[95.4827,27.63],[95.4891,27.6558],[95.4996,27.6662],[95.4813,27.6776],[95.4891,27.7051],[95.503,27.7093],[95.4983,27.7228],[95.4681,27.7242],[95.4644,27.7197],[95.4595,27.7281],[95.4553,27.7357],[95.4525,27.7358],[95.4455,27.736],[95.4353,27.7171],[95.4186,27.7132],[95.3792,27.7219],[95.3589,27.7063],[95.3375,27.6999],[95.2916,27.698],[95.2745,27.6903],[95.2704,27.6827],[95.2891,27.6636],[95.3182,27.5869],[95.2991,27.583],[95.2846,27.5676],[95.2729,27.5693],[95.2824,27.5479],[95.2652,27.5441],[95.2658,27.5163],[95.2768,27.5136],[95.28,27.4927],[95.2446,27.498],[95.2288,27.4976],[95.2253,27.4718],[95.2171,27.4593],[95.2195,27.4455]]]},"properties":{"AC_NO":86,"AC_NAME":"TINSUKIA","district":"TINSUKIA"}},{"type":"Feature","geometry":{"type":"Polygon","coordinates":[[[95.2195,27.4455],[95.2293,27.4371],[95.2512,27.4344],[95.2436,27.4153],[95.2488,27.4042],[95.2892,27.4107],[95.3116,27.3951],[95.334,27.3902],[95.3482,27.3938],[95.357,27.3836],[95.3997,27.3952],[95.4048,27.4095],[95.4122,27.4194],[95.4151,27.4187],[95.4188,27.4199],[95.4226,27.4202],[95.4258,27.4162],[95.4301,27.416],[95.434,27.4182],[95.4361,27.4186],[95.4396,27.4206],[95.4422,27.4211],[95.4432,27.4202],[95.445,27.4168],[95.4489,27.4159],[95.4496,27.411],[95.4653,27.4104],[95.4744,27.4123],[95.4805,27.4175],[95.4802,27.425],[95.4794,27.4259],[95.4748,27.4279],[95.4688,27.4283],[95.4663,27.4299],[95.4639,27.4319],[95.4662,27.4443],[95.4694,27.4529],[95.4762,27.4502],[95.4884,27.4673],[95.4885,27.471],[95.4847,27.4803],[95.477,27.479],[95.4764,27.4792],[95.4652,27.4834],[95.458,27.4852],[95.4524,27.4856],[95.4701,27.4728],[95.4742,27.4696],[95.4701,27.4671],[95.4615,27.4571],[95.4576,27.4425],[95.4578,27.441],[95.4603,27.4388],[95.4602,27.4355],[95.46,27.4341],[95.4387,27.4337],[95.4252,27.4273],[95.4261,27.4511],[95.425,27.462],[95.4207,27.4627],[95.4161,27.4664],[95.4326,27.4754],[95.4345,27.4942],[95.4316,27.4947],[95.4206,27.495],[95.4194,27.4945],[95.3943,27.5045],[95.3886,27.5289],[95.3783,27.5315],[95.3733,27.5303],[95.3707,27.5281],[95.3594,27.5293],[95.3525,27.5295],[95.3467,27.5301],[95.3398,27.5317],[95.34,27.5328],[95.3365,27.5322],[95.3285,27.5311],[95.3285,27.5309],[95.3285,27.5254],[95.3307,27.5222],[95.3432,27.5093],[95.3368,27.4963],[95.3222,27.4876],[95.3288,27.4576],[95.2905,27.4511],[95.2862,27.4475],[95.2743,27.4443],[95.2621,27.4447],[95.2476,27.4476],[95.2195,27.4455]]]},"properties":{"AC_NO":85,"AC_NAME":"MAKUM","district":"TINSUKIA"}},{"type":"Feature","geometry":{"type":"Polygon","coordinates":[[[95.6229,27.4794],[95.6468,27.4746],[95.6621,27.4815],[95.6746,27.4791],[95.6727,27.5155],[95.7015,27.5126],[95.6965,27.5237],[95.7208,27.5575],[95.7339,27.5689],[95.7493,27.5684],[95.7628,27.5749],[95.7629,27.5978],[95.7524,27.6019],[95.7398,27.589],[95.725,27.5891],[95.7039,27.6045],[95.7036,27.6269],[95.7076,27.6361],[95.6979,27.6294],[95.665,27.6281],[95.6596,27.6527],[95.6432,27.6662],[95.6393,27.6721],[95.6347,27.6755],[95.6231,27.68],[95.6148,27.6826],[95.6101,27.6896],[95.6089,27.6907],[95.606,27.6914],[95.6029,27.686],[95.6022,27.6826],[95.5979,27.6725],[95.5831,27.6755],[95.582,27.6571],[95.5741,27.6352],[95.5589,27.6315],[95.5388,27.6325],[95.5268,27.6536],[95.532,27.6607],[95.5063,27.6739],[95.4996,27.6662],[95.4891,27.6558],[95.4827,27.63],[95.4716,27.6238],[95.4785,27.61],[95.4572,27.6028],[95.4456,27.5934],[95.4343,27.5935],[95.4335,27.6123],[95.4351,27.6208],[95.4323,27.6324],[95.4397,27.6433],[95.4378,27.6424],[95.4253,27.6269],[95.4036,27.6095],[95.4177,27.5951],[95.4284,27.5873],[95.4246,27.5835],[95.3851,27.5971],[95.3637,27.5898],[95.3696,27.5832],[95.3744,27.5823],[95.3855,27.5792],[95.3902,27.5782],[95.3938,27.5781],[95.4049,27.5769],[95.4178,27.5785],[95.419,27.5785],[95.4447,27.5668],[95.4597,27.57],[95.4836,27.5584],[95.4935,27.5658],[95.5037,27.5355],[95.5107,27.5355],[95.5175,27.5432],[95.5196,27.5445],[95.5266,27.5319],[95.5347,27.5308],[95.5434,27.5285],[95.5495,27.5222],[95.5388,27.5092],[95.5747,27.5049],[95.5762,27.5033],[95.577,27.4987],[95.5781,27.4944],[95.5794,27.4932],[95.5812,27.4931],[95.6028,27.4926],[95.622,27.4807],[95.6229,27.4794]]]},"properties":{"AC_NO":82,"AC_NAME":"DOOMDOOMA","district":"TINSUKIA"}},{"type":"Feature","geometry":{"type":"Polygon","coordinates":[[[91.0165,26.1258],[91.0297,26.1192],[91.0486,26.1307],[91.0631,26.1454],[91.0663,26.1499],[91.0669,26.151],[91.0691,26.1544],[91.078,26.1603],[91.0812,26.1617],[91.09,26.1644],[91.0985,26.1653],[91.1015,26.1649],[91.1028,26.1643],[91.1042,26.1635],[91.1065,26.1617],[91.1082,26.1601],[91.1106,26.158],[91.1122,26.1579],[91.1135,26.1573],[91.1142,26.1561],[91.1164,26.1546],[91.1169,26.1547],[91.1253,26.1572],[91.1326,26.159],[91.136,26.1595],[91.1456,26.16],[91.1782,26.175],[91.2278,26.1819],[91.2296,26.1822],[91.2304,26.1821],[91.2313,26.1818],[91.2349,26.1802],[91.2359,26.18],[91.2368,26.1801],[91.2373,26.1803],[91.2394,26.186],[91.2392,26.193],[91.2448,26.1979],[91.2483,26.1996],[91.2478,26.2018],[91.2406,26.204],[91.2362,26.2112],[91.2321,26.2141],[91.2287,26.2159],[91.2277,26.2161],[91.2216,26.2166],[91.2187,26.2172],[91.2178,26.2176],[91.2166,26.2185],[91.2157,26.2197],[91.2153,26.2206],[91.2152,26.2213],[91.2152,26.2217],[91.2155,26.2222],[91.2197,26.2266],[91.2156,26.2392],[91.2175,26.2409],[91.2201,26.2435],[91.2207,26.2447],[91.2209,26.2449],[91.2219,26.2449],[91.228,26.2439],[91.2289,26.2438],[91.2292,26.2439],[91.2371,26.25],[91.2408,26.2603],[91.2408,26.2611],[91.2404,26.2617],[91.2396,26.2621],[91.2391,26.2626],[91.2379,26.2632],[91.2318,26.264],[91.2256,26.2636],[91.2185,26.2602],[91.2182,26.2633],[91.2184,26.2639],[91.2189,26.2642],[91.2203,26.2641],[91.221,26.2641],[91.2211,26.2644],[91.2204,26.2653],[91.2168,26.2632],[91.2115,26.2616],[91.2014,26.2807],[91.2027,26.3004],[91.1943,26.2998],[91.1867,26.3019],[91.1819,26.2949],[91.1847,26.291],[91.1861,26.2855],[91.1858,26.2842],[91.185,26.2802],[91.1749,26.2697],[91.1649,26.2687],[91.1583,26.2687],[91.1586,26.2773],[91.162,26.2835],[91.1568,26.2817],[91.1432,26.2832],[91.1405,26.2847],[91.1483,26.2919],[91.1476,26.2932],[91.1518,26.2949],[91.1551,26.2981],[91.163,26.2918],[91.1703,26.2971],[91.1689,26.3017],[91.1777,26.3022],[91.1806,26.3039],[91.1814,26.3047],[91.1766,26.3072],[91.1613,26.3082],[91.136,26.3052],[91.1298,26.3021],[91.1252,26.2985],[91.1256,26.2949],[91.1287,26.2909],[91.129,26.2896],[91.1295,26.2878],[91.1298,26.2797],[91.129,26.2737],[91.1284,26.2696],[91.1264,26.2649],[91.1268,26.2509],[91.1357,26.249],[91.1296,26.2445],[91.1261,26.24],[91.1224,26.2396],[91.1074,26.2255],[91.0869,26.2258],[91.0849,26.2284],[91.0849,26.235],[91.107,26.2362],[91.1087,26.2401],[91.1027,26.2458],[91.0812,26.2404],[91.0698,26.2459],[91.0687,26.238],[91.0633,26.2361],[91.066,26.2278],[91.057,26.2268],[91.0527,26.227],[91.0353,26.2217],[91.0309,26.2243],[91.0362,26.2279],[91.0345,26.231],[91.035,26.237],[91.0436,26.2369],[91.0442,26.2382],[91.0451,26.2456],[91.0501,26.2596],[91.0512,26.2758],[91.0383,26.2731],[91.0365,26.2678],[91.0316,26.2674],[91.0278,26.2693],[91.0138,26.2791],[91.0104,26.273],[91.0046,26.2731],[90.9955,26.2732],[90.9989,26.2808],[90.9938,26.2845],[90.9712,26.2781],[90.9649,26.2735],[90.9592,26.2658],[90.9584,26.2589],[90.9414,26.2429],[90.9415,26.2302],[90.9365,26.2237],[90.9255,26.2203],[90.9239,26.2124],[90.9071,26.2101],[90.9026,26.2116],[90.8972,26.2052],[90.8871,26.1998],[90.8754,26.1987],[90.8662,26.2006],[90.8645,26.1911],[90.8492,26.1908],[90.8418,26.1907],[90.8078,26.1965],[90.7934,26.1968],[90.7856,26.1951],[90.7926,26.179],[90.7995,26.1593],[90.7832,26.1669],[90.7639,26.1644],[90.7563,26.1663],[90.7487,26.1698],[90.7413,26.1792],[90.7379,26.1885],[90.7354,26.1888],[90.7057,26.1811],[90.6993,26.1815],[90.6843,26.1822],[90.6862,26.1679],[90.6886,26.1625],[90.6899,26.1595],[90.6911,26.1567],[90.6925,26.1536],[90.6938,26.1506],[90.7077,26.1462],[90.7136,26.1303],[90.7138,26.1301],[90.7144,26.1299],[90.7154,26.13],[90.7171,26.1306],[90.7185,26.1313],[90.72,26.132],[90.7213,26.1325],[90.7308,26.1339],[90.7314,26.1344],[90.7333,26.1363],[90.7341,26.1363],[90.7358,26.1362],[90.7396,26.1361],[90.7414,26.1359],[90.747,26.1361],[90.7724,26.1329],[90.7927,26.1277],[90.8008,26.1255],[90.8067,26.1231],[90.8103,26.1213],[90.8199,26.1181],[90.8239,26.1186],[90.8401,26.1089],[90.8447,26.1114],[90.8461,26.1135],[90.8483,26.1148],[90.8609,26.1112],[90.8727,26.0954],[90.9009,26.0922],[90.9182,26.0897],[90.9225,26.0931],[90.9322,26.0979],[90.9359,26.0926],[90.9412,26.0936],[90.9437,26.0938],[90.9451,26.0938],[90.9503,26.0954],[90.9531,26.0959],[90.9663,26.1032],[90.9827,26.112],[90.985,26.1135],[90.9879,26.1158],[90.9895,26.117],[90.9908,26.1182],[90.9923,26.119],[90.9943,26.1194],[91,26.1195],[91.0015,26.1192],[91.0034,26.1182],[91.006,26.1161],[91.0075,26.1152],[91.0082,26.1151],[91.0087,26.1152],[91.0096,26.116],[91.0093,26.1173],[91.0076,26.1198],[91.0062,26.1281],[91.0092,26.1273],[91.0142,26.1266],[91.0165,26.1258]]]},"properties":{"AC_NO":23,"AC_NAME":"CHENGA","district":"BARPETA"}},{"type":"Feature","geometry":{"type":"Polygon","coordinates":[[[90.6761,26.1897],[90.6843,26.1822],[90.6993,26.1815],[90.7057,26.1811],[90.7354,26.1888],[90.7379,26.1885],[90.7413,26.1792],[90.7487,26.1698],[90.7563,26.1663],[90.7639,26.1644],[90.7832,26.1669],[90.7995,26.1593],[90.7926,26.179],[90.7856,26.1951],[90.7934,26.1968],[90.8078,26.1965],[90.8418,26.1907],[90.8492,26.1908],[90.8645,26.1911],[90.8662,26.2006],[90.8684,26.1996],[90.8754,26.1987],[90.8871,26.1998],[90.9071,26.2101],[90.9239,26.2124],[90.9255,26.2203],[90.9365,26.2237],[90.9415,26.2302],[90.9414,26.2429],[90.9526,26.2562],[90.9629,26.2855],[90.9509,26.28],[90.9446,26.2759],[90.9446,26.2851],[90.9446,26.2872],[90.9558,26.2927],[90.9706,26.3099],[90.9723,26.3288],[90.9527,26.3358],[90.9526,26.3435],[90.8933,26.3468],[90.8794,26.3326],[90.8778,26.3547],[90.8705,26.3542],[90.8693,26.3836],[90.8653,26.3995],[90.8448,26.4022],[90.8467,26.3922],[90.8605,26.3783],[90.8597,26.3622],[90.8398,26.358],[90.8181,26.3669],[90.8036,26.3475],[90.7907,26.3239],[90.8006,26.3209],[90.8032,26.3056],[90.7835,26.3023],[90.774,26.2877],[90.7599,26.2981],[90.7514,26.2935],[90.7479,26.2801],[90.7376,26.2747],[90.7251,26.2565],[90.7176,26.2639],[90.7028,26.2561],[90.6838,26.2579],[90.6616,26.2486],[90.6528,26.2381],[90.6624,26.2242],[90.6725,26.1983],[90.6761,26.1897]]]},"properties":{"AC_NO":22,"AC_NAME":"MANDIA","district":"BARPETA"}},{"type":"Feature","geometry":{"type":"Polygon","coordinates":[[[90.8616,26.4311],[90.8532,26.4191],[90.8513,26.4146],[90.8448,26.4022],[90.8653,26.3995],[90.8693,26.3836],[90.8705,26.3542],[90.8778,26.3547],[90.8794,26.3326],[90.8933,26.3468],[90.9526,26.3435],[90.9527,26.3358],[90.9723,26.3288],[90.9836,26.3516],[90.9944,26.3539],[90.9916,26.3327],[91.0132,26.3401],[91.0198,26.3073],[91.0311,26.293],[91.0299,26.2825],[91.0582,26.2854],[91.0606,26.2911],[91.0845,26.2925],[91.0993,26.3095],[91.1082,26.3307],[91.1159,26.3187],[91.1303,26.3179],[91.1338,26.3288],[91.1344,26.3337],[91.1253,26.3344],[91.1216,26.3353],[91.1235,26.3413],[91.1148,26.3441],[91.1108,26.347],[91.1089,26.3483],[91.1114,26.3581],[91.1299,26.3561],[91.1363,26.3578],[91.1404,26.3603],[91.1453,26.3643],[91.1462,26.3776],[91.135,26.3785],[91.129,26.3656],[91.1217,26.3647],[91.1217,26.3798],[91.113,26.381],[91.1128,26.3824],[91.1119,26.3865],[91.1138,26.3901],[91.1282,26.3987],[91.1356,26.393],[91.1397,26.3963],[91.1425,26.4018],[91.1391,26.402],[91.1173,26.4095],[91.1177,26.4185],[91.0952,26.4336],[91.0783,26.4235],[91.0695,26.4255],[91.0678,26.4246],[91.0641,26.4226],[91.0591,26.4163],[91.0578,26.3986],[91.0624,26.3844],[91.0515,26.3797],[91.0442,26.3815],[91.027,26.3833],[91.0237,26.3833],[91.0199,26.3839],[91.0206,26.3848],[91.0206,26.3893],[91.0194,26.3939],[91.0268,26.4049],[91.0201,26.4411],[91.0306,26.4446],[91.0299,26.464],[91.0177,26.4741],[91.0062,26.4731],[90.9965,26.4752],[91.0049,26.4589],[91.0102,26.4356],[91.0036,26.422],[90.984,26.4162],[90.9834,26.4046],[90.9893,26.4067],[90.9645,26.3915],[90.952,26.4023],[90.9692,26.4074],[90.9504,26.4216],[90.9449,26.4411],[90.9479,26.4405],[90.948,26.4405],[90.9498,26.4407],[90.9401,26.4495],[90.9264,26.4487],[90.9099,26.4632],[90.9039,26.4604],[90.8789,26.4621],[90.877,26.4522],[90.8618,26.452],[90.8621,26.4405],[90.8714,26.4408],[90.8693,26.4288],[90.8616,26.4311]]]},"properties":{"AC_NO":25,"AC_NAME":"PAKABETBARI","district":"BARPETA"}},{"type":"Feature","geometry":{"type":"MultiPolygon","coordinates":[[[[90.984,26.4162],[90.9781,26.4283],[90.9622,26.4397],[90.9621,26.4578],[90.9507,26.4728],[90.9515,26.4854],[90.968,26.4912],[90.9773,26.5012],[90.9767,26.5398],[90.9857,26.5544],[90.9851,26.5755],[90.9675,26.5755],[90.9629,26.5579],[90.955,26.5549],[90.9503,26.5323],[90.9566,26.5115],[90.9303,26.5157],[90.9151,26.5227],[90.919,26.5436],[90.936,26.5456],[90.9328,26.5551],[90.9203,26.5626],[90.9257,26.5756],[90.9117,26.5786],[90.9031,26.5733],[90.8912,26.5521],[90.8783,26.5568],[90.8713,26.574],[90.859,26.5624],[90.8281,26.5558],[90.8322,26.5385],[90.8517,26.527],[90.8513,26.5148],[90.837,26.4854],[90.8205,26.4911],[90.8095,26.5007],[90.8021,26.4831],[90.8156,26.4753],[90.8164,26.4651],[90.8272,26.4483],[90.8164,26.438],[90.7969,26.4443],[90.7873,26.4399],[90.7939,26.4281],[90.8319,26.4327],[90.8451,26.444],[90.8616,26.4311],[90.8693,26.4288],[90.8714,26.4408],[90.8621,26.4405],[90.8618,26.452],[90.877,26.4522],[90.8789,26.4621],[90.9039,26.4604],[90.9099,26.4632],[90.9264,26.4487],[90.9401,26.4495],[90.9498,26.4407],[90.948,26.4405],[90.9479,26.4405],[90.9449,26.4411],[90.9504,26.4216],[90.9692,26.4074],[90.952,26.4023],[90.9645,26.3915],[90.9893,26.4067],[90.9834,26.4046],[90.984,26.4162]]],[[[90.9965,26.4752],[91.0062,26.4731],[91.0177,26.4741],[91.0299,26.464],[91.0306,26.4446],[91.0201,26.4411],[91.0268,26.4049],[91.0194,26.3939],[91.0206,26.3848],[91.0199,26.3839],[91.0237,26.3833],[91.027,26.3833],[91.0442,26.3815],[91.0515,26.3797],[91.0624,26.3844],[91.0578,26.3986],[91.0591,26.4163],[91.0733,26.4401],[91.0685,26.4751],[91.0832,26.4771],[91.0868,26.4828],[91.0849,26.4847],[91.085,26.4883],[91.0783,26.4894],[91.0726,26.49],[91.0783,26.5091],[91.09,26.521],[91.0985,26.5268],[91.1,26.5286],[91.1041,26.5248],[91.1014,26.5122],[91.0994,26.5059],[91.1038,26.5054],[91.1096,26.5056],[91.1183,26.5137],[91.1317,26.5186],[91.1305,26.5162],[91.1303,26.5091],[91.1292,26.5037],[91.1285,26.4973],[91.1367,26.4972],[91.1398,26.4972],[91.1419,26.4963],[91.1514,26.5125],[91.1428,26.5322],[91.1418,26.5417],[91.1389,26.5414],[91.1277,26.538],[91.1257,26.5389],[91.1282,26.5449],[91.129,26.5509],[91.1098,26.5612],[91.0826,26.5578],[91.0815,26.5335],[91.0733,26.5335],[91.0719,26.5162],[91.059,26.5161],[91.052,26.5294],[91.0018,26.5309],[90.9942,26.5048],[90.9843,26.4902],[91.0002,26.4896],[90.9965,26.4752]]]]},"properties":{"AC_NO":21,"AC_NAME":"BHOWANIPUR-SORBHOG","district":"BARPETA"}},{"type":"Feature","geometry":{"type":"Polygon","coordinates":[[[91.2363,26.4155],[91.2344,26.4244],[91.2335,26.4245],[91.2302,26.4362],[91.2378,26.4574],[91.2507,26.4661],[91.2655,26.4906],[91.2604,26.5054],[91.248,26.5105],[91.2495,26.5233],[91.2463,26.5266],[91.2478,26.5276],[91.2519,26.5381],[91.2529,26.5388],[91.2532,26.5399],[91.2542,26.5402],[91.2543,26.5403],[91.2549,26.5416],[91.255,26.5416],[91.2604,26.5431],[91.2605,26.5431],[91.2611,26.5444],[91.2652,26.5446],[91.2657,26.5482],[91.2657,26.5483],[91.2693,26.5476],[91.2708,26.5483],[91.2731,26.5521],[91.2739,26.5537],[91.2742,26.5542],[91.2758,26.5558],[91.2758,26.5568],[91.2804,26.5585],[91.2811,26.5594],[91.2827,26.5634],[91.2834,26.5648],[91.2638,26.5673],[91.269,26.5843],[91.252,26.5859],[91.2365,26.5808],[91.2371,26.595],[91.2302,26.6147],[91.1977,26.623],[91.1985,26.6039],[91.181,26.6077],[91.1864,26.6213],[91.1684,26.6276],[91.1503,26.642],[91.1566,26.6532],[91.1454,26.6628],[91.1394,26.6506],[91.1273,26.6588],[91.1127,26.6515],[91.1172,26.6197],[91.1248,26.6116],[91.1405,26.6116],[91.1395,26.5994],[91.1179,26.5921],[91.1217,26.5827],[91.1098,26.5612],[91.1181,26.5535],[91.1247,26.5517],[91.129,26.5509],[91.1282,26.5448],[91.1257,26.5389],[91.1277,26.538],[91.1389,26.5414],[91.1418,26.5417],[91.1514,26.5125],[91.1419,26.4963],[91.1285,26.4973],[91.1292,26.5037],[91.1303,26.5091],[91.1305,26.5162],[91.1317,26.5186],[91.1183,26.5137],[91.1096,26.5056],[91.1038,26.5054],[91.0994,26.5059],[91.1014,26.5122],[91.1041,26.5248],[91.1,26.5286],[91.0985,26.5268],[91.09,26.521],[91.0783,26.5091],[91.0726,26.49],[91.0783,26.4894],[91.085,26.4883],[91.0868,26.4828],[91.0832,26.4771],[91.0685,26.4751],[91.0733,26.4401],[91.0661,26.4276],[91.0667,26.4265],[91.0678,26.4246],[91.0695,26.4255],[91.0783,26.4235],[91.0952,26.4336],[91.1177,26.4185],[91.1173,26.4095],[91.1391,26.402],[91.1425,26.4018],[91.1397,26.3963],[91.1356,26.393],[91.1282,26.3987],[91.1138,26.3901],[91.1119,26.3865],[91.113,26.381],[91.1217,26.3798],[91.1217,26.3647],[91.129,26.3656],[91.1336,26.3744],[91.136,26.3814],[91.153,26.3803],[91.1502,26.4055],[91.1602,26.4188],[91.1483,26.4237],[91.1503,26.4357],[91.1514,26.4359],[91.1619,26.438],[91.1697,26.4325],[91.1728,26.4249],[91.1734,26.4119],[91.1828,26.3991],[91.1961,26.4023],[91.2148,26.4064],[91.2363,26.4155]]]},"properties":{"AC_NO":26,"AC_NAME":"BAJALI","district":"BAJALI"}},{"type":"Feature","geometry":{"type":"Polygon","coordinates":[[[90.9526,26.2562],[90.9592,26.2658],[90.9649,26.2735],[90.9712,26.2781],[90.9938,26.2845],[90.9989,26.2808],[90.9955,26.2732],[91.0046,26.2731],[91.0104,26.273],[91.0138,26.2791],[91.0278,26.2693],[91.0316,26.2674],[91.0365,26.2678],[91.0383,26.2731],[91.0512,26.2758],[91.0501,26.2596],[91.0478,26.2532],[91.0419,26.2508],[91.0451,26.2456],[91.0442,26.2382],[91.0436,26.2369],[91.035,26.237],[91.0345,26.231],[91.0362,26.2279],[91.0309,26.2243],[91.0353,26.2217],[91.0527,26.227],[91.057,26.2268],[91.066,26.2278],[91.0633,26.2361],[91.0687,26.238],[91.0698,26.2459],[91.0812,26.2404],[91.1027,26.2458],[91.1087,26.2401],[91.107,26.2362],[91.0849,26.235],[91.0849,26.2284],[91.0869,26.2258],[91.1074,26.2255],[91.1224,26.2396],[91.1261,26.24],[91.1357,26.249],[91.1268,26.2509],[91.1264,26.2649],[91.1284,26.2696],[91.129,26.2737],[91.1298,26.2797],[91.131,26.2796],[91.1248,26.2805],[91.1295,26.2878],[91.129,26.2896],[91.1287,26.2909],[91.1256,26.2949],[91.1252,26.2985],[91.1298,26.3021],[91.136,26.3052],[91.1613,26.3082],[91.1766,26.3072],[91.1776,26.3067],[91.1814,26.3047],[91.1806,26.3039],[91.1777,26.3022],[91.163,26.2918],[91.1609,26.2923],[91.1551,26.2981],[91.1518,26.2949],[91.1476,26.2932],[91.1483,26.2919],[91.1405,26.2847],[91.1432,26.2832],[91.1568,26.2817],[91.162,26.2835],[91.1586,26.2773],[91.1586,26.2714],[91.1583,26.2687],[91.1649,26.2687],[91.1749,26.2697],[91.185,26.2802],[91.1861,26.2855],[91.1847,26.291],[91.1819,26.2949],[91.1867,26.3019],[91.1943,26.2998],[91.2027,26.3004],[91.2014,26.2807],[91.2115,26.2616],[91.2168,26.2632],[91.2204,26.2653],[91.2269,26.2825],[91.2379,26.2791],[91.2603,26.2888],[91.2586,26.3023],[91.2699,26.3293],[91.245,26.3449],[91.232,26.3426],[91.2295,26.3597],[91.2589,26.3571],[91.2354,26.3799],[91.2363,26.4155],[91.2148,26.4064],[91.1961,26.4023],[91.1828,26.3991],[91.1734,26.4119],[91.1728,26.4249],[91.1697,26.4325],[91.1619,26.438],[91.1514,26.4359],[91.1503,26.4357],[91.1483,26.4237],[91.1602,26.4188],[91.1502,26.4055],[91.153,26.3803],[91.136,26.3814],[91.1357,26.3804],[91.1355,26.38],[91.135,26.3785],[91.1462,26.3776],[91.1444,26.3678],[91.1431,26.3665],[91.1436,26.3648],[91.1445,26.3645],[91.1453,26.3643],[91.1404,26.3603],[91.1363,26.3578],[91.1299,26.3561],[91.1114,26.3581],[91.1136,26.3522],[91.1113,26.3511],[91.11,26.3498],[91.1094,26.3489],[91.1089,26.3483],[91.1148,26.3441],[91.1235,26.3413],[91.1216,26.3353],[91.1253,26.3344],[91.1344,26.3337],[91.1338,26.3288],[91.1303,26.3179],[91.1159,26.3187],[91.1082,26.3307],[91.0993,26.3095],[91.0845,26.2925],[91.0606,26.2911],[91.0582,26.2854],[91.0299,26.2825],[91.0311,26.293],[91.0198,26.3073],[91.0132,26.3401],[90.9916,26.3327],[90.9944,26.3539],[90.9836,26.3516],[90.9723,26.3288],[90.9706,26.3099],[90.9558,26.2927],[90.9446,26.2872],[90.9446,26.2851],[90.9446,26.2759],[90.9509,26.28],[90.9629,26.2855],[90.9526,26.2562]]]},"properties":{"AC_NO":24,"AC_NAME":"BARPETA (SC)","district":"BARPETA"}}]}