{"type":"FeatureCollection", "features": [
{"type":"Feature","geometry":{"type":"Polygon","coordinates":[[[89.8379,25.7907],[89.8349,25.79],[89.8325,25.7895],[89.8333,25.7889],[89.8337,25.7885],[89.8339,25.7884],[89.8412,25.7596],[89.8271,25.7405],[89.8332,25.7181],[89.8493,25.7151],[89.8466,25.6957],[89.8709,25.6626],[89.8812,25.6293],[89.8758,25.5809],[89.8672,25.5619],[89.866,25.5461],[89.8513,25.5389],[89.8602,25.5174],[89.85,25.4939],[89.8525,25.4667],[89.868,25.4732],[89.8771,25.4931],[89.8779,25.5201],[89.8683,25.5303],[89.8765,25.5369],[89.8776,25.5498],[89.9122,25.5632],[89.9372,25.5646],[89.9604,25.5745],[89.9727,25.5739],[89.9785,25.587],[89.9885,25.5913],[90.0029,25.5858],[90.0202,25.6051],[90.0053,25.6242],[89.9827,25.6279],[89.9794,25.6385],[89.9531,25.6537],[89.9467,25.6619],[89.9443,25.6793],[89.9357,25.69],[89.9235,25.6945],[89.8956,25.7316],[89.8996,25.7472],[89.9231,25.7385],[89.9368,25.7448],[89.9351,25.753],[89.9531,25.7648],[89.9595,25.7828],[89.9579,25.7999],[89.951,25.817],[89.9972,25.837],[89.9972,25.8443],[90.0163,25.8522],[90.0236,25.867],[90.0056,25.8791],[90.0244,25.8959],[90.0311,25.8951],[90.0209,25.907],[90.0119,25.9362],[89.9933,25.9412],[89.9867,25.9296],[89.9868,25.9287],[89.9883,25.9258],[89.9918,25.9197],[89.9874,25.8985],[89.9751,25.8924],[89.9708,25.8898],[89.9663,25.8871],[89.9534,25.8635],[89.963,25.8438],[89.9546,25.838],[89.9532,25.834],[89.9519,25.8281],[89.9408,25.8179],[89.9328,25.8171],[89.927,25.8175],[89.9115,25.8072],[89.9018,25.8044],[89.9017,25.8019],[89.9018,25.8004],[89.8829,25.7847],[89.8792,25.7849],[89.8738,25.7857],[89.8685,25.7861],[89.8657,25.7873],[89.8634,25.7889],[89.8623,25.7891],[89.8613,25.7882],[89.8591,25.7879],[89.8452,25.7919],[89.8379,25.7907]]]},"properties":{"district":"SOUTH SALMARA MANCACHAR"}},
{"type":"Feature","geometry":{"type":"Polygon","coordinates":[[[91.5408,26.4015],[91.5413,26.4025],[91.5418,26.4035],[91.5412,26.4045],[91.5413,26.4049],[91.5423,26.407],[91.5423,26.408],[91.5434,26.4092],[91.5534,26.4194],[91.5582,26.4231],[91.558,26.4241],[91.5581,26.4244],[91.5581,26.4245],[91.5581,26.4246],[91.5582,26.4254],[91.5601,26.4291],[91.5605,26.4291],[91.5615,26.4291],[91.5625,26.4295],[91.5627,26.4296],[91.5628,26.4295],[91.564,26.4298],[91.564,26.4307],[91.5639,26.4317],[91.564,26.4318],[91.5639,26.4319],[91.564,26.4321],[91.5641,26.4324],[91.5642,26.4327],[91.564,26.4328],[91.5636,26.4327],[91.5633,26.4326],[91.5631,26.4328],[91.5631,26.433],[91.5635,26.4332],[91.5641,26.4336],[91.5623,26.4341],[91.5621,26.4346],[91.5627,26.4371],[91.5624,26.4382],[91.5623,26.4383],[91.5622,26.4383],[91.5621,26.4382],[91.5619,26.4379],[91.5617,26.4377],[91.5615,26.4377],[91.5613,26.4378],[91.5611,26.4381],[91.5612,26.4386],[91.5607,26.4415],[91.5606,26.4424],[91.5606,26.4436],[91.5593,26.4448],[91.5578,26.4452],[91.5566,26.4463],[91.5534,26.4504],[91.5532,26.4513],[91.5528,26.4527],[91.5529,26.4542],[91.552,26.4558],[91.5495,26.4709],[91.5504,26.4738],[91.5512,26.4757],[91.556,26.4815],[91.5619,26.4836],[91.5593,26.4908],[91.5569,26.5101],[91.543,26.5117],[91.5352,26.53],[91.5405,26.5479],[91.5295,26.5528],[91.5098,26.533],[91.4943,26.5338],[91.4912,26.5611],[91.4739,26.5712],[91.4676,26.5626],[91.4343,26.5634],[91.4308,26.5491],[91.4556,26.5487],[91.4587,26.5423],[91.4143,26.5327],[91.4136,26.5326],[91.4125,26.5325],[91.3867,26.5265],[91.3526,26.524],[91.3553,26.5108],[91.3421,26.5003],[91.3018,26.5],[91.2919,26.5031],[91.2893,26.5154],[91.3114,26.5169],[91.3104,26.5293],[91.2969,26.5455],[91.2758,26.5413],[91.2667,26.535],[91.2629,26.5216],[91.2495,26.5233],[91.248,26.5105],[91.2604,26.5054],[91.2655,26.4906],[91.2507,26.4661],[91.2378,26.4574],[91.2302,26.4362],[91.2335,26.4245],[91.2366,26.427],[91.2344,26.4244],[91.2363,26.4155],[91.2354,26.3799],[91.2589,26.3571],[91.2295,26.3597],[91.232,26.3426],[91.245,26.3449],[91.2699,26.3293],[91.2586,26.3023],[91.2603,26.2888],[91.2379,26.2791],[91.2269,26.2825],[91.2204,26.2653],[91.2211,26.2644],[91.221,26.2641],[91.2203,26.2641],[91.2189,26.2642],[91.2184,26.2639],[91.2182,26.2633],[91.2185,26.2602],[91.2256,26.2636],[91.2318,26.264],[91.2379,26.2632],[91.2391,26.2626],[91.2396,26.2621],[91.2404,26.2617],[91.2408,26.2611],[91.2408,26.2603],[91.2371,26.25],[91.2292,26.2439],[91.2289,26.2438],[91.228,26.2439],[91.2219,26.2449],[91.2209,26.2449],[91.2207,26.2447],[91.2201,26.2435],[91.2175,26.2409],[91.2156,26.2392],[91.2197,26.2266],[91.2155,26.2222],[91.2152,26.2213],[91.2153,26.2206],[91.2157,26.2197],[91.2166,26.2185],[91.2178,26.2176],[91.2187,26.2172],[91.2216,26.2166],[91.2277,26.2161],[91.2287,26.2159],[91.2321,26.2141],[91.2362,26.2112],[91.2406,26.204],[91.2478,26.2018],[91.2483,26.1996],[91.2448,26.1979],[91.2392,26.193],[91.2394,26.186],[91.2379,26.182],[91.2379,26.1819],[91.2373,26.1803],[91.2368,26.1801],[91.2359,26.18],[91.2349,26.1802],[91.2313,26.1818],[91.2304,26.1821],[91.2296,26.1822],[91.2278,26.1819],[91.2221,26.1794],[91.2556,26.1631],[91.2946,26.1572],[91.3232,26.1604],[91.3342,26.1678],[91.3536,26.1673],[91.3669,26.1603],[91.3877,26.1407],[91.4143,26.1361],[91.4204,26.1746],[91.4111,26.2011],[91.4198,26.2059],[91.4221,26.2318],[91.4222,26.2325],[91.4222,26.2327],[91.4209,26.2351],[91.4207,26.2354],[91.4314,26.2396],[91.4315,26.2401],[91.4259,26.2443],[91.4255,26.2445],[91.4166,26.2457],[91.4153,26.248],[91.4124,26.265],[91.422,26.2686],[91.4375,26.2605],[91.4448,26.2654],[91.4448,26.266],[91.4461,26.2672],[91.4461,26.2677],[91.4466,26.2697],[91.447,26.2697],[91.4514,26.2696],[91.4514,26.27],[91.4484,26.2908],[91.4549,26.3204],[91.4659,26.3168],[91.4812,26.3211],[91.4816,26.3213],[91.4818,26.3215],[91.4818,26.3221],[91.4818,26.3224],[91.4817,26.3231],[91.4815,26.3236],[91.4798,26.3272],[91.4898,26.3315],[91.5206,26.3334],[91.5216,26.3348],[91.5216,26.3355],[91.5216,26.336],[91.5216,26.3364],[91.5221,26.3365],[91.5241,26.3364],[91.5246,26.3375],[91.524,26.3388],[91.5238,26.3398],[91.5234,26.34],[91.5214,26.34],[91.5213,26.3401],[91.5207,26.3403],[91.5205,26.3408],[91.5205,26.3412],[91.5204,26.3413],[91.5208,26.3417],[91.5209,26.3418],[91.5211,26.3421],[91.5216,26.3426],[91.5222,26.343],[91.5224,26.3431],[91.5227,26.3433],[91.5235,26.3438],[91.5245,26.3447],[91.524,26.3456],[91.5212,26.3461],[91.524,26.3553],[91.5253,26.3716],[91.526,26.372],[91.5261,26.3721],[91.5282,26.3731],[91.5294,26.3741],[91.5311,26.3741],[91.5327,26.3753],[91.5351,26.3755],[91.5363,26.3764],[91.5357,26.3775],[91.5343,26.3789],[91.5341,26.3791],[91.5341,26.3792],[91.534,26.3793],[91.5336,26.38],[91.5294,26.3832],[91.5298,26.3894],[91.5286,26.3901],[91.5287,26.3913],[91.5286,26.3922],[91.5287,26.3923],[91.5286,26.3927],[91.5315,26.3941],[91.5325,26.395],[91.5335,26.3971],[91.5354,26.3979],[91.5351,26.3984],[91.5349,26.3984],[91.5347,26.3984],[91.5346,26.3985],[91.5346,26.3986],[91.5348,26.3989],[91.5408,26.4015]],[[91.2909,26.3824],[91.2916,26.3813],[91.2925,26.3798],[91.2909,26.3824]],[[91.3559,26.3342],[91.3423,26.3302],[91.3463,26.3326],[91.3559,26.3342]],[[91.3414,26.3196],[91.3368,26.3152],[91.3333,26.3141],[91.3311,26.3132],[91.3414,26.3196]],[[91.4201,26.305],[91.4225,26.3119],[91.4222,26.311],[91.4217,26.3094],[91.4201,26.305]],[[91.426,26.3142],[91.4239,26.3188],[91.4219,26.3233],[91.4187,26.3374],[91.426,26.3142]],[[91.4655,26.4016],[91.4599,26.4053],[91.4448,26.4182],[91.4655,26.4016]],[[91.4436,26.4222],[91.4459,26.4333],[91.4461,26.4324],[91.446,26.4295],[91.4436,26.4222]]]},"properties":{"district":"NALBARI"}},
{"type":"Feature","geometry":{"type":"Polygon","coordinates":[[[95.0233,26.9278],[95.0353,26.9363],[95.0808,26.9503],[95.1041,26.9638],[95.1082,26.9772],[95.15,26.9995],[95.1915,27.0342],[95.2096,27.0297],[95.2307,27.0391],[95.2465,27.024],[95.2608,27.0361],[95.2754,27.042],[95.2779,27.0551],[95.3167,27.0831],[95.3546,27.1042],[95.3685,27.1073],[95.3618,27.1284],[95.3672,27.1374],[95.359,27.1547],[95.3592,27.1651],[95.3341,27.1869],[95.3136,27.1839],[95.3036,27.1946],[95.2901,27.1957],[95.2794,27.1896],[95.2551,27.193],[95.2413,27.1848],[95.2252,27.1676],[95.1988,27.1589],[95.185,27.1629],[95.1846,27.1632],[95.1791,27.1504],[95.1688,27.1425],[95.1638,27.1295],[95.1305,27.1391],[95.115,27.1273],[95.0997,27.1331],[95.0613,27.1369],[95.0493,27.1552],[95.0324,27.1474],[95.0164,27.1499],[95,27.1469],[94.9773,27.149],[94.9844,27.1686],[94.9735,27.2012],[94.9678,27.2271],[94.9538,27.2177],[94.8914,27.1623],[94.8747,27.1437],[94.873,27.1417],[94.8372,27.0982],[94.8369,27.0921],[94.8248,27.0571],[94.8297,27.0164],[94.8548,27.0296],[94.8792,27.0343],[94.8843,27.0442],[94.9026,27.0347],[94.851,27.012],[94.8247,26.9915],[94.8162,26.9711],[94.7922,26.9337],[94.7887,26.9245],[94.8308,26.9281],[94.8467,26.9314],[94.8586,26.943],[94.8877,26.9586],[94.9297,26.988],[94.9371,26.9884],[94.9414,26.9587],[94.9237,26.9467],[94.9307,26.9328],[94.9552,26.9403],[94.9681,26.9229],[94.982,26.9135],[94.9912,26.921],[95.0173,26.9216],[95.0233,26.9278]]]},"properties":{"district":"CHARAIDEO"}},
{"type":"Feature","geometry":{"type":"Polygon","coordinates":[[[94.8369,27.0921],[94.8234,27.0994],[94.8081,27.0973],[94.8173,27.1142],[94.7997,27.1168],[94.7664,27.1293],[94.7534,27.1406],[94.7677,27.159],[94.7793,27.1904],[94.7755,27.213],[94.7661,27.2205],[94.774,27.236],[94.7692,27.2441],[94.7404,27.2485],[94.7499,27.2683],[94.7382,27.2752],[94.7272,27.2726],[94.7165,27.2596],[94.6933,27.2719],[94.6882,27.2562],[94.6769,27.2427],[94.642,27.2467],[94.6299,27.2237],[94.6164,27.1877],[94.6148,27.1766],[94.593,27.1456],[94.5823,27.1366],[94.5651,27.1075],[94.5538,27.0977],[94.5476,27.0817],[94.5452,27.0783],[94.5442,27.0769],[94.5328,27.0696],[94.5088,27.0448],[94.4752,27.031],[94.4662,27.0187],[94.4601,26.9953],[94.429,26.979],[94.3986,26.9598],[94.3964,26.9528],[94.4038,26.937],[94.417,26.943],[94.4361,26.936],[94.4644,26.9412],[94.4777,26.9285],[94.482,26.9049],[94.4743,26.8921],[94.4933,26.8793],[94.4966,26.8673],[94.4885,26.8548],[94.493,26.846],[94.4862,26.8334],[94.5172,26.8118],[94.5171,26.8112],[94.517,26.8106],[94.5194,26.7906],[94.5117,26.7734],[94.5287,26.7581],[94.5515,26.7498],[94.5724,26.7525],[94.5715,26.7423],[94.592,26.7251],[94.5972,26.7349],[94.6202,26.7236],[94.6245,26.7156],[94.6529,26.719],[94.7023,26.7423],[94.7482,26.7729],[94.7582,26.7662],[94.768,26.787],[94.7997,26.8],[94.8175,26.8479],[94.844,26.8695],[94.8577,26.8887],[94.8659,26.909],[94.8905,26.9298],[94.9138,26.9368],[94.9237,26.9467],[94.9414,26.9587],[94.9371,26.9884],[94.9297,26.988],[94.8877,26.9586],[94.8586,26.943],[94.8467,26.9314],[94.8308,26.9281],[94.7887,26.9245],[94.7922,26.9337],[94.8162,26.9711],[94.8247,26.9915],[94.851,27.012],[94.9026,27.0347],[94.8843,27.0442],[94.8792,27.0343],[94.8548,27.0296],[94.8297,27.0164],[94.8248,27.0571],[94.8369,27.0921]]]},"properties":{"district":"SIBSAGAR"}},
{"type":"Feature","geometry":{"type":"Polygon","coordinates":[[[92.8348,25.7459],[92.8425,25.7509],[92.8836,25.7565],[92.9216,25.7717],[92.9269,25.7766],[92.9326,25.7992],[92.9559,25.8086],[92.9585,25.7993],[92.9809,25.7905],[92.9872,25.8028],[92.981,25.8087],[92.9886,25.8211],[93.0067,25.8248],[92.9982,25.8068],[93.0032,25.7865],[93.0351,25.7954],[93.0637,25.7768],[93.0257,25.8162],[93.0132,25.8397],[92.9984,25.8501],[92.9823,25.8755],[92.8892,25.8651],[92.8681,25.8684],[92.8489,25.8998],[92.8524,25.9254],[92.8304,25.9147],[92.815,25.9243],[92.8044,25.9179],[92.7901,25.9374],[92.7955,25.9442],[92.7938,25.9644],[92.7778,25.9487],[92.7636,25.9594],[92.7695,25.9758],[92.763,25.9851],[92.7767,25.9938],[92.7726,26.0176],[92.7533,26.0387],[92.7534,26.0568],[92.7431,26.0615],[92.7174,26.0583],[92.7091,26.0459],[92.7164,26.0301],[92.7124,26.0198],[92.6837,26.0277],[92.6565,26.0206],[92.6537,25.9995],[92.6438,25.9999],[92.6323,25.9892],[92.6108,25.9776],[92.5954,25.9776],[92.5907,25.9684],[92.5905,25.968],[92.5899,25.9667],[92.5656,25.9617],[92.546,25.9716],[92.5673,26.0043],[92.571,26.0144],[92.5938,26.0215],[92.5797,26.0355],[92.5838,26.0518],[92.5952,26.0696],[92.596,26.0709],[92.5947,26.0818],[92.5755,26.0937],[92.5772,26.1055],[92.5692,26.1167],[92.5524,26.1128],[92.5327,26.0967],[92.5189,26.1045],[92.5177,26.1164],[92.5266,26.1406],[92.5199,26.1514],[92.5094,26.1416],[92.5013,26.1489],[92.4866,26.1494],[92.4793,26.1298],[92.4671,26.1175],[92.4539,26.1156],[92.4494,26.1001],[92.4271,26.099],[92.4222,26.1097],[92.3955,26.1137],[92.3795,26.0913],[92.3675,26.0821],[92.3596,26.0872],[92.3299,26.0768],[92.3237,26.0862],[92.3028,26.0853],[92.2779,26.0678],[92.2749,26.0659],[92.2639,26.0575],[92.2699,26.0476],[92.2627,26.0328],[92.2277,26.0087],[92.2051,26.001],[92.175,25.9744],[92.1641,25.9704],[92.1638,25.9588],[92.1523,25.9444],[92.16,25.9352],[92.1567,25.9148],[92.1755,25.9075],[92.186,25.9168],[92.2012,25.9084],[92.223,25.9107],[92.2203,25.9001],[92.1989,25.8891],[92.1772,25.8729],[92.1774,25.8516],[92.151,25.8159],[92.1477,25.7731],[92.1555,25.7512],[92.1627,25.744],[92.1544,25.7251],[92.1443,25.7177],[92.1547,25.7063],[92.1638,25.6671],[92.1882,25.6845],[92.1961,25.6863],[92.225,25.7162],[92.2344,25.7077],[92.2469,25.7132],[92.2643,25.7092],[92.2816,25.7168],[92.2929,25.7166],[92.3118,25.7279],[92.3178,25.7224],[92.3443,25.7286],[92.3547,25.7397],[92.3642,25.7375],[92.373,25.7503],[92.3976,25.7406],[92.4146,25.7406],[92.4303,25.7324],[92.4441,25.72],[92.4378,25.7059],[92.4403,25.6923],[92.4703,25.6753],[92.4972,25.6242],[92.5056,25.6165],[92.5526,25.615],[92.5556,25.6104],[92.5566,25.5715],[92.585,25.5506],[92.6024,25.5624],[92.6227,25.5659],[92.6416,25.5887],[92.6533,25.5908],[92.6614,25.5725],[92.6788,25.5831],[92.6956,25.599],[92.714,25.5977],[92.7226,25.589],[92.75,25.6012],[92.7585,25.6256],[92.7826,25.646],[92.7891,25.6613],[92.7753,25.6712],[92.7771,25.679],[92.7981,25.6894],[92.8134,25.7019],[92.8206,25.7158],[92.8205,25.74],[92.8348,25.7459]]]},"properties":{"district":"WEST KARBI ANGLONG"}},
{"type":"Feature","geometry":{"type":"Polygon","coordinates":[[[92.5905,25.968],[92.5907,25.9684],[92.5954,25.9776],[92.6108,25.9776],[92.6323,25.9892],[92.6438,25.9999],[92.6537,25.9995],[92.6565,26.0206],[92.6837,26.0277],[92.7124,26.0198],[92.7164,26.0301],[92.7091,26.0459],[92.7174,26.0583],[92.7431,26.0615],[92.7534,26.0568],[92.7533,26.0387],[92.7726,26.0176],[92.7767,25.9938],[92.763,25.9851],[92.7695,25.9758],[92.7636,25.9594],[92.7778,25.9487],[92.7938,25.9644],[92.7955,25.9442],[92.7901,25.9374],[92.8044,25.9179],[92.815,25.9243],[92.8304,25.9147],[92.8524,25.9254],[92.8489,25.8998],[92.8681,25.8684],[92.8892,25.8651],[92.9823,25.8755],[92.9984,25.8501],[93.0132,25.8397],[93.0257,25.8162],[93.0637,25.7768],[93.0681,25.7674],[93.0954,25.77],[93.1178,25.7613],[93.1257,25.7491],[93.1374,25.7449],[93.1485,25.7315],[93.1426,25.7186],[93.159,25.7235],[93.1705,25.7184],[93.1824,25.729],[93.2265,25.7268],[93.231,25.7592],[93.2438,25.7765],[93.2479,25.7977],[93.245,25.8246],[93.238,25.8411],[93.2392,25.8511],[93.2219,25.8601],[93.1969,25.8981],[93.1837,25.9027],[93.1834,25.9142],[93.1731,25.9531],[93.1586,25.9617],[93.1533,25.995],[93.1272,26.0311],[93.1263,26.0312],[93.109,26.0369],[93.0934,26.0331],[93.0987,26.0499],[93.0998,26.053],[93.1008,26.0556],[93.1021,26.0746],[93.0405,26.087],[93.0351,26.1018],[93.0218,26.113],[93.0126,26.1126],[92.9916,26.1241],[92.9663,26.1292],[92.9539,26.1406],[92.935,26.1366],[92.9314,26.1514],[92.9308,26.1516],[92.9101,26.1475],[92.8862,26.1526],[92.8748,26.1503],[92.8745,26.1303],[92.8589,26.1298],[92.8618,26.1468],[92.8073,26.1458],[92.8058,26.1267],[92.7915,26.1133],[92.7804,26.1138],[92.7771,26.0949],[92.7771,26.0948],[92.7701,26.083],[92.7827,26.0724],[92.7853,26.0718],[92.7946,26.0683],[92.796,26.0621],[92.7904,26.0498],[92.7685,26.0726],[92.7566,26.0936],[92.749,26.0905],[92.7283,26.0946],[92.7159,26.0793],[92.6946,26.0877],[92.6566,26.0773],[92.6445,26.0569],[92.6273,26.0752],[92.5977,26.0674],[92.5952,26.0696],[92.5838,26.0518],[92.5797,26.0355],[92.5938,26.0215],[92.571,26.0144],[92.5673,26.0043],[92.546,25.9716],[92.5656,25.9617],[92.5899,25.9667],[92.5905,25.968]],[[93.0268,26.0209],[93.0317,26.02],[93.0292,26.0204],[93.0268,26.0209]]]},"properties":{"district":"HOJAI"}},
{"type":"Feature","geometry":{"type":"Polygon","coordinates":[[[92.5646,26.4984],[92.5636,26.5062],[92.5226,26.5081],[92.4928,26.502],[92.4779,26.4958],[92.4581,26.4995],[92.452,26.5151],[92.4421,26.5197],[92.419,26.5171],[92.4189,26.517],[92.4193,26.5146],[92.4196,26.5119],[92.4194,26.509],[92.4177,26.5005],[92.3874,26.4859],[92.3953,26.4748],[92.4106,26.4755],[92.4029,26.4593],[92.4276,26.4554],[92.4253,26.4406],[92.4107,26.4216],[92.4181,26.4128],[92.4323,26.4129],[92.4334,26.3902],[92.4413,26.3891],[92.4405,26.3702],[92.4706,26.3741],[92.4882,26.3676],[92.5069,26.3719],[92.5081,26.3736],[92.5514,26.3821],[92.5639,26.3642],[92.568,26.3374],[92.5589,26.3184],[92.5594,26.3168],[92.5574,26.3155],[92.5517,26.3076],[92.5187,26.2803],[92.5014,26.2724],[92.4851,26.2747],[92.4189,26.2694],[92.4106,26.2466],[92.4256,26.2308],[92.4292,26.2177],[92.4304,26.1898],[92.4221,26.1748],[92.4176,26.1537],[92.4024,26.1424],[92.408,26.1261],[92.3955,26.1137],[92.4222,26.1097],[92.4271,26.099],[92.4494,26.1001],[92.4539,26.1156],[92.4671,26.1175],[92.4793,26.1298],[92.4866,26.1494],[92.5013,26.1489],[92.5094,26.1416],[92.5199,26.1514],[92.5266,26.1406],[92.5177,26.1164],[92.5189,26.1045],[92.5327,26.0967],[92.5524,26.1128],[92.5692,26.1167],[92.5772,26.1055],[92.5755,26.0937],[92.5947,26.0818],[92.596,26.0709],[92.5977,26.0674],[92.6273,26.0752],[92.6445,26.0569],[92.6566,26.0773],[92.6946,26.0877],[92.7159,26.0793],[92.7283,26.0946],[92.749,26.0905],[92.7566,26.0936],[92.7685,26.0726],[92.7904,26.0498],[92.796,26.0621],[92.7946,26.0683],[92.7853,26.0718],[92.7827,26.0724],[92.7701,26.083],[92.7771,26.0948],[92.7771,26.0949],[92.7804,26.1138],[92.7915,26.1133],[92.8058,26.1267],[92.8073,26.1458],[92.8618,26.1468],[92.8589,26.1298],[92.8745,26.1303],[92.8748,26.1503],[92.8862,26.1526],[92.9101,26.1475],[92.9308,26.1516],[92.9316,26.1515],[92.9424,26.1538],[92.9558,26.1739],[92.952,26.1907],[92.9394,26.2026],[92.9074,26.2021],[92.8821,26.2079],[92.8592,26.2017],[92.8445,26.2046],[92.7941,26.2048],[92.7936,26.2195],[92.8148,26.2141],[92.827,26.2251],[92.8154,26.2325],[92.8127,26.2438],[92.8188,26.27],[92.8304,26.2742],[92.8399,26.2878],[92.8436,26.3047],[92.8797,26.2837],[92.8933,26.29],[92.8939,26.3032],[92.9112,26.3168],[92.9214,26.3132],[92.9388,26.3241],[92.946,26.3337],[92.941,26.3518],[92.9326,26.3508],[92.9134,26.3619],[92.921,26.3683],[92.9024,26.3848],[92.8981,26.3816],[92.9061,26.396],[92.9136,26.3924],[92.9294,26.3984],[92.9279,26.4016],[92.9305,26.3991],[92.9518,26.405],[93.0041,26.4247],[93.018,26.4203],[93.0482,26.4345],[93.0544,26.4192],[93.0763,26.4207],[93.0866,26.4383],[93.1236,26.4614],[93.1271,26.4862],[93.1123,26.4837],[93.0903,26.4687],[93.0732,26.4727],[93.066,26.4826],[93.0704,26.4914],[93.0381,26.487],[93.0136,26.4773],[93.0066,26.4918],[93.016,26.5109],[93.0318,26.5154],[93.0463,26.5269],[93.0431,26.5352],[93.0599,26.5447],[93.0891,26.5447],[93.1095,26.5306],[93.118,26.5317],[93.1471,26.5559],[93.1518,26.547],[93.1826,26.5652],[93.1913,26.5671],[93.211,26.5599],[93.2004,26.5438],[93.1998,26.5332],[93.2134,26.5299],[93.2226,26.5365],[93.2439,26.5328],[93.2459,26.5237],[93.2634,26.5211],[93.2627,26.5379],[93.235,26.5542],[93.2432,26.5628],[93.2699,26.573],[93.2816,26.5691],[93.2976,26.5765],[93.2915,26.5902],[93.2967,26.6031],[93.29,26.6315],[93.3107,26.6408],[93.3178,26.6557],[93.3066,26.6685],[93.315,26.6865],[93.3038,26.7004],[93.2907,26.6975],[93.2839,26.6888],[93.2615,26.6832],[93.2417,26.6839],[93.2272,26.6615],[93.2203,26.6316],[93.1675,26.612],[93.1639,26.6089],[93.1493,26.5938],[93.119,26.5802],[93.095,26.5777],[93.0679,26.5981],[93.0554,26.595],[93.0138,26.5977],[92.9961,26.6042],[92.9967,26.6109],[92.9794,26.6179],[92.9404,26.6185],[92.9199,26.5967],[92.8938,26.5958],[92.8691,26.5816],[92.8424,26.5845],[92.7946,26.557],[92.7728,26.5558],[92.7675,26.5484],[92.7645,26.5326],[92.7473,26.5108],[92.7288,26.5178],[92.7222,26.5363],[92.7051,26.529],[92.6896,26.5104],[92.6768,26.5116],[92.6623,26.5222],[92.6514,26.5174],[92.6316,26.5179],[92.5888,26.506],[92.5758,26.4997],[92.5648,26.5055],[92.5646,26.4984]],[[92.6976,26.2232],[92.6901,26.2295],[92.6857,26.2474],[92.6902,26.2295],[92.6976,26.2232]]]},"properties":{"district":"NAGAON"}},
{"type":"Feature","geometry":{"type":"Polygon","coordinates":[[[94.593,27.1456],[94.5674,27.1791],[94.5469,27.1737],[94.5277,27.1637],[94.5295,27.1442],[94.5119,27.1429],[94.5084,27.1228],[94.4938,27.123],[94.4801,27.1389],[94.4693,27.1307],[94.4721,27.12],[94.4631,27.1123],[94.4524,27.1201],[94.4318,27.1254],[94.4244,27.1175],[94.4252,27.1037],[94.4156,27.0926],[94.3813,27.1037],[94.3594,27.0947],[94.3393,27.082],[94.3183,27.0937],[94.3135,27.0692],[94.3023,27.0749],[94.2994,27.0854],[94.2818,27.0996],[94.27,27.0968],[94.2629,27.087],[94.2518,27.0884],[94.2502,27.0843],[94.231,27.0798],[94.2181,27.0636],[94.2206,27.0427],[94.2076,27.0298],[94.1885,27.0334],[94.1836,27.0418],[94.1938,27.0587],[94.1719,27.0641],[94.1562,27.0566],[94.1457,27.0608],[94.122,27.0294],[94.1111,27.0225],[94.0907,27.0197],[94.0668,27.0235],[94.0592,27.0096],[94.0646,26.9931],[94.0378,26.9876],[94.0287,26.9775],[94.0113,26.9464],[94.0007,26.9439],[93.9942,26.9476],[93.9778,26.9398],[93.9655,26.9256],[93.945,26.9353],[93.926,26.9302],[93.9017,26.9084],[93.9042,26.8986],[93.8903,26.8865],[93.8963,26.8716],[93.8824,26.8584],[93.861,26.8568],[93.8299,26.8376],[93.8238,26.8252],[93.8032,26.8214],[93.7803,26.8368],[93.7609,26.8357],[93.7545,26.8273],[93.7537,26.807],[93.7552,26.7968],[93.7842,26.801],[93.8175,26.7955],[93.842,26.798],[93.8579,26.7923],[93.8564,26.7779],[93.8867,26.7739],[93.9136,26.7809],[93.9311,26.78],[93.9371,26.7818],[93.942,26.7832],[93.9512,26.7856],[93.9662,26.8078],[93.9823,26.814],[94.0079,26.8189],[94.0293,26.8314],[94.0532,26.8248],[94.0703,26.8299],[94.0908,26.8474],[94.1067,26.849],[94.1547,26.8333],[94.1779,26.8341],[94.2336,26.8653],[94.2712,26.8689],[94.3002,26.8775],[94.32,26.8795],[94.3411,26.8901],[94.3769,26.9223],[94.3826,26.9364],[94.3964,26.9528],[94.3986,26.9598],[94.429,26.979],[94.4601,26.9953],[94.4662,27.0187],[94.4752,27.031],[94.5088,27.0448],[94.5328,27.0696],[94.5442,27.0769],[94.5476,27.0817],[94.5538,27.0977],[94.5651,27.1075],[94.5823,27.1366],[94.593,27.1456]]]},"properties":{"district":"MAJULI"}},
{"type":"Feature","geometry":{"type":"Polygon","coordinates":[[[93.8291,27.067],[93.7954,27.0571],[93.7893,27.0508],[93.7682,27.0516],[93.7675,27.0404],[93.7339,27.0264],[93.7149,27.0144],[93.6976,26.9944],[93.7007,26.9894],[93.7375,26.9665],[93.7438,26.9585],[93.7489,26.9138],[93.7395,26.8986],[93.7759,26.8882],[93.7895,26.861],[93.7609,26.8357],[93.7803,26.8368],[93.8032,26.8214],[93.8238,26.8252],[93.8299,26.8376],[93.861,26.8568],[93.8824,26.8584],[93.8963,26.8716],[93.8903,26.8865],[93.9042,26.8986],[93.9017,26.9084],[93.926,26.9302],[93.945,26.9353],[93.9655,26.9256],[93.9778,26.9398],[93.9942,26.9476],[93.9989,26.9484],[94.0007,26.9439],[94.0113,26.9464],[94.0287,26.9775],[94.0378,26.9876],[94.0646,26.9931],[94.0592,27.0096],[94.0668,27.0235],[94.0907,27.0197],[94.1111,27.0225],[94.122,27.0294],[94.1457,27.0608],[94.1562,27.0566],[94.1719,27.0641],[94.1938,27.0587],[94.1836,27.0418],[94.1885,27.0334],[94.2076,27.0298],[94.2206,27.0427],[94.2181,27.0636],[94.231,27.0798],[94.2502,27.0843],[94.2478,27.0866],[94.2518,27.0884],[94.2629,27.087],[94.27,27.0968],[94.2818,27.0996],[94.2994,27.0854],[94.3023,27.0749],[94.3135,27.0692],[94.3183,27.0937],[94.3393,27.082],[94.3594,27.0947],[94.3813,27.1037],[94.4156,27.0926],[94.4252,27.1037],[94.4244,27.1175],[94.4318,27.1254],[94.4524,27.1201],[94.4631,27.1123],[94.4721,27.12],[94.4693,27.1307],[94.4801,27.1389],[94.4938,27.123],[94.5084,27.1228],[94.5119,27.1429],[94.5295,27.1442],[94.5277,27.1637],[94.5469,27.1737],[94.5674,27.1791],[94.5799,27.2024],[94.577,27.215],[94.5865,27.2417],[94.5868,27.2679],[94.5764,27.2731],[94.5406,27.2794],[94.5342,27.2971],[94.5484,27.3248],[94.5077,27.3444],[94.5058,27.3358],[94.4737,27.3279],[94.4604,27.3323],[94.446,27.3187],[94.4282,27.3243],[94.4176,27.3358],[94.3917,27.3473],[94.3825,27.3461],[94.375,27.341],[94.3559,27.3414],[94.3394,27.3369],[94.3259,27.318],[94.3051,27.3202],[94.2995,27.3322],[94.3019,27.3432],[94.2922,27.3565],[94.274,27.3633],[94.2502,27.3852],[94.2472,27.3952],[94.2637,27.4003],[94.2833,27.3851],[94.2949,27.3849],[94.3053,27.3971],[94.308,27.4127],[94.3059,27.4383],[94.2781,27.4657],[94.2789,27.4828],[94.2785,27.4839],[94.279,27.4852],[94.2789,27.4953],[94.2681,27.521],[94.2207,27.5055],[94.2099,27.4932],[94.2005,27.4951],[94.1644,27.477],[94.1593,27.4618],[94.1177,27.4299],[94.1048,27.4142],[94.0894,27.4072],[94.0752,27.389],[94.068,27.3718],[94.0404,27.3517],[94.0215,27.345],[93.9997,27.3323],[93.992,27.3291],[93.9551,27.2935],[93.9262,27.2627],[93.8993,27.2393],[93.8661,27.2001],[93.8371,27.1718],[93.8252,27.1687],[93.8052,27.1483],[93.8031,27.133],[93.8128,27.1295],[93.8265,27.1122],[93.8269,27.0964],[93.8346,27.0856],[93.8291,27.067]],[[93.9745,27.0785],[93.9759,27.0761],[93.9737,27.0774],[93.9745,27.0785]],[[94.2656,27.1363],[94.2713,27.1503],[94.2722,27.1907],[94.2714,27.1503],[94.2656,27.1363]]]},"properties":{"district":"LAKHIMPUR"}},
{"type":"Feature","geometry":{"type":"Polygon","coordinates":[[[90.3419,26.6762],[90.3575,26.6593],[90.3677,26.6895],[90.3763,26.7019],[90.377,26.7176],[90.3689,26.7331],[90.3638,26.7589],[90.3539,26.7763],[90.3521,26.7924],[90.3451,26.8057],[90.3363,26.8451],[90.3363,26.869],[90.2998,26.8484],[90.2498,26.8593],[90.2307,26.8588],[90.2011,26.8354],[90.1876,26.8071],[90.1946,26.7737],[90.1399,26.7538],[90.0491,26.7304],[90.0081,26.7322],[89.9665,26.7232],[89.8973,26.7241],[89.8627,26.7369],[89.8638,26.6993],[89.8747,26.6822],[89.8704,26.6553],[89.8769,26.6485],[89.8582,26.6233],[89.8631,26.6163],[89.879,26.6134],[89.874,26.5904],[89.866,26.5768],[89.869,26.5539],[89.8659,26.5351],[89.8559,26.5146],[89.8587,26.4996],[89.8541,26.4881],[89.8721,26.452],[89.8642,26.4467],[89.8497,26.4204],[89.8352,26.412],[89.8322,26.3918],[89.8566,26.397],[89.8589,26.384],[89.843,26.3778],[89.851,26.3678],[89.8756,26.3628],[89.8716,26.348],[89.9026,26.3387],[89.9022,26.3253],[89.9021,26.3253],[89.8819,26.3081],[89.8846,26.2994],[89.8685,26.2717],[89.8662,26.2584],[89.8742,26.2473],[89.8699,26.2316],[89.8599,26.2199],[89.8721,26.2056],[89.8603,26.1914],[89.872,26.1738],[89.8681,26.1518],[89.8836,26.1352],[89.9085,26.1325],[89.9161,26.1163],[89.9309,26.1152],[89.948,26.1285],[89.9726,26.1276],[89.9799,26.135],[90,26.1261],[90.025,26.1267],[90.0374,26.148],[90.0555,26.1563],[90.0668,26.1725],[90.0872,26.1862],[90.1292,26.1972],[90.1363,26.2155],[90.1308,26.2342],[90.1218,26.2363],[90.1203,26.2504],[90.1039,26.2511],[90.1034,26.2678],[90.1197,26.2598],[90.1399,26.2746],[90.1429,26.2904],[90.1307,26.2933],[90.1198,26.3081],[90.1025,26.3166],[90.1001,26.3421],[90.1213,26.3508],[90.1346,26.3483],[90.1486,26.3526],[90.1717,26.3419],[90.1912,26.3527],[90.1931,26.3543],[90.1946,26.3555],[90.2056,26.3611],[90.2089,26.3763],[90.2267,26.3851],[90.2342,26.3655],[90.225,26.3437],[90.2336,26.3269],[90.25,26.3246],[90.2804,26.2974],[90.2719,26.272],[90.2586,26.2729],[90.2515,26.2644],[90.2736,26.2606],[90.288,26.2521],[90.2873,26.2374],[90.3065,26.2458],[90.3034,26.2575],[90.3181,26.2678],[90.3452,26.272],[90.3504,26.285],[90.3628,26.2731],[90.3812,26.2686],[90.3747,26.2909],[90.3838,26.3116],[90.4041,26.316],[90.4042,26.3331],[90.396,26.3475],[90.402,26.3639],[90.4245,26.3637],[90.4335,26.3755],[90.4257,26.396],[90.4052,26.4131],[90.4122,26.425],[90.4039,26.4421],[90.4018,26.4544],[90.4009,26.4604],[90.4032,26.4641],[90.4023,26.4759],[90.3892,26.4771],[90.3898,26.492],[90.3978,26.5118],[90.3808,26.5344],[90.3626,26.5526],[90.3608,26.5679],[90.3661,26.5801],[90.3539,26.6098],[90.3572,26.6313],[90.3469,26.6414],[90.3568,26.6573],[90.3419,26.6762]]]},"properties":{"district":"KOKRAJHAR"}},
{"type":"Feature","geometry":{"type":"Polygon","coordinates":[[[92.6614,25.5725],[92.6474,25.5576],[92.6428,25.535],[92.6184,25.5152],[92.609,25.512],[92.5736,25.4906],[92.5643,25.4738],[92.6004,25.4649],[92.5978,25.4502],[92.6089,25.4136],[92.6185,25.4231],[92.6522,25.4294],[92.6526,25.4174],[92.6675,25.415],[92.6881,25.4022],[92.7005,25.385],[92.7098,25.3847],[92.7172,25.3731],[92.731,25.3801],[92.734,25.3677],[92.7464,25.3585],[92.7494,25.3454],[92.7624,25.3334],[92.7821,25.3329],[92.7868,25.314],[92.7815,25.3078],[92.7918,25.2844],[92.7877,25.2745],[92.7683,25.2668],[92.7777,25.2583],[92.7618,25.2467],[92.7716,25.2301],[92.782,25.2303],[92.8015,25.2204],[92.7749,25.1998],[92.7428,25.2068],[92.7372,25.2007],[92.7161,25.1959],[92.6938,25.1794],[92.6772,25.1827],[92.6584,25.1721],[92.6533,25.1531],[92.6374,25.1467],[92.6279,25.1375],[92.6225,25.116],[92.588,25.1289],[92.5681,25.1284],[92.5248,25.1353],[92.523,25.1261],[92.5394,25.0989],[92.5455,25.1038],[92.5636,25.1012],[92.6026,25.1105],[92.6151,25.1026],[92.6487,25.1176],[92.6651,25.1091],[92.6839,25.1146],[92.7012,25.1113],[92.7239,25.1183],[92.7349,25.1263],[92.733,25.1395],[92.7528,25.139],[92.7672,25.1142],[92.7648,25.1032],[92.7803,25.0868],[92.7961,25.0881],[92.8285,25.0708],[92.8272,25.0585],[92.8358,25.0527],[92.8528,25.0637],[92.8641,25.0651],[92.8656,25.0659],[92.866,25.0661],[92.8822,25.0683],[92.8975,25.0793],[92.9322,25.0784],[92.9517,25.0705],[92.9591,25.0901],[92.9775,25.0857],[92.9842,25.0938],[93.0169,25.0978],[93.0369,25.1048],[93.0471,25.0993],[93.0377,25.0822],[93.0217,25.076],[93.0143,25.0619],[93.0365,25.037],[93.0502,25.0341],[93.0592,25.0228],[93.0551,25.0105],[93.0634,25.0022],[93.068,25.0007],[93.1798,25.0007],[93.2042,24.9816],[93.2139,24.9881],[93.2318,24.9835],[93.2336,24.9756],[93.2494,24.9729],[93.2514,24.9862],[93.2417,25.0041],[93.2661,25.0442],[93.283,25.0453],[93.3054,25.0584],[93.3028,25.0645],[93.3149,25.0848],[93.3324,25.0939],[93.3373,25.1126],[93.3449,25.1233],[93.3473,25.1385],[93.344,25.1591],[93.354,25.1875],[93.3813,25.2225],[93.3864,25.2429],[93.4019,25.2613],[93.4151,25.264],[93.4206,25.2778],[93.4704,25.3052],[93.4532,25.322],[93.4565,25.3356],[93.4485,25.3404],[93.4515,25.3541],[93.4637,25.3598],[93.4725,25.3745],[93.4729,25.3862],[93.4617,25.3981],[93.4611,25.4219],[93.4554,25.4346],[93.4363,25.4483],[93.4155,25.4452],[93.3844,25.4696],[93.384,25.4889],[93.369,25.4983],[93.3578,25.5132],[93.3529,25.5282],[93.3347,25.5356],[93.3302,25.5425],[93.3179,25.5324],[93.3015,25.5304],[93.2943,25.5443],[93.2691,25.5319],[93.2601,25.5484],[93.2076,25.5442],[93.1984,25.5646],[93.1926,25.5654],[93.177,25.5933],[93.177,25.6127],[93.1899,25.6242],[93.1785,25.6396],[93.1681,25.6627],[93.1366,25.6694],[93.1316,25.6866],[93.1342,25.7053],[93.1426,25.7186],[93.1485,25.7315],[93.1374,25.7449],[93.1257,25.7491],[93.1178,25.7613],[93.0954,25.77],[93.0681,25.7674],[93.0637,25.7768],[93.0351,25.7954],[93.0032,25.7865],[92.9982,25.8068],[93.0067,25.8248],[92.9886,25.8211],[92.981,25.8087],[92.9872,25.8028],[92.9809,25.7905],[92.9585,25.7993],[92.9559,25.8086],[92.9326,25.7992],[92.9269,25.7766],[92.9216,25.7717],[92.8836,25.7565],[92.8425,25.7509],[92.8348,25.7459],[92.8205,25.74],[92.8206,25.7158],[92.8134,25.7019],[92.7981,25.6894],[92.7771,25.679],[92.7753,25.6712],[92.7891,25.6613],[92.7826,25.646],[92.7585,25.6256],[92.75,25.6012],[92.7226,25.589],[92.714,25.5977],[92.6956,25.599],[92.6788,25.5831],[92.6614,25.5725]]]},"properties":{"district":"DIMA HASAO"}},
{"type":"Feature","geometry":{"type":"Polygon","coordinates":[[[91.8445,26.1097],[91.8784,26.0983],[91.8763,26.0761],[91.8702,26.0535],[91.8744,26.0368],[91.8889,26.0278],[91.9146,26.0206],[91.9097,26.0128],[91.919,25.9972],[91.9336,26.0105],[91.9735,26.0226],[91.9885,26.0376],[92.0036,26.0357],[92.0343,26.039],[92.048,26.0329],[92.0637,26.0342],[92.0918,26.048],[92.1078,26.0508],[92.1319,26.0444],[92.1526,26.0673],[92.1757,26.078],[92.1688,26.0898],[92.171,26.0995],[92.1619,26.1445],[92.1669,26.1629],[92.1501,26.1613],[92.1331,26.1713],[92.1296,26.1805],[92.1046,26.172],[92.0804,26.1786],[92.0742,26.1965],[92.0269,26.2087],[92.0194,26.2005],[92.0019,26.2039],[91.9575,26.2335],[91.9527,26.2556],[91.9332,26.243],[91.9239,26.2478],[91.8786,26.2165],[91.8696,26.221],[91.8412,26.2156],[91.8188,26.2074],[91.807,26.2079],[91.7708,26.1984],[91.7633,26.2024],[91.7557,26.2059],[91.7533,26.2037],[91.7545,26.2064],[91.7441,26.2145],[91.7251,26.2089],[91.7213,26.2099],[91.716,26.2104],[91.7141,26.2112],[91.6921,26.211],[91.6824,26.18],[91.6564,26.1817],[91.6489,26.1656],[91.6214,26.1613],[91.6042,26.1547],[91.5646,26.1493],[91.5617,26.1415],[91.564,26.1043],[91.5863,26.0923],[91.5679,26.0601],[91.5982,26.0609],[91.6001,26.0756],[91.6269,26.0721],[91.6872,26.0461],[91.7227,26.0346],[91.732,26.0601],[91.7509,26.0662],[91.7785,26.0899],[91.7913,26.0853],[91.8212,26.1176],[91.8307,26.1186],[91.8445,26.1097]]]},"properties":{"district":"KAMRUP METRO"}},
{"type":"Feature","geometry":{"type":"Polygon","coordinates":[[[93.2976,26.5765],[93.3203,26.5846],[93.3371,26.5803],[93.4031,26.5801],[93.4086,26.5706],[93.453,26.5808],[93.4569,26.5687],[93.4733,26.5813],[93.4702,26.5912],[93.4779,26.6032],[93.504,26.6063],[93.5092,26.5939],[93.5237,26.5937],[93.5522,26.6067],[93.5529,26.6126],[93.5813,26.6058],[93.5833,26.5797],[93.5942,26.571],[93.6098,26.5778],[93.6212,26.5761],[93.6219,26.5898],[93.6359,26.5975],[93.6686,26.6048],[93.7004,26.6075],[93.7205,26.6013],[93.7422,26.5843],[93.752,26.5854],[93.7522,26.5854],[93.7522,26.5852],[93.7355,26.5552],[93.7359,26.5336],[93.755,26.5295],[93.7576,26.5138],[93.7781,26.4819],[93.7769,26.4666],[93.7944,26.4403],[93.7939,26.4286],[93.7812,26.425],[93.7831,26.4109],[93.7948,26.4038],[93.7764,26.3857],[93.788,26.377],[93.8049,26.3949],[93.8166,26.3987],[93.829,26.4159],[93.8587,26.3986],[93.8653,26.3892],[93.8817,26.3895],[93.8816,26.3887],[93.881,26.3885],[93.8903,26.3694],[93.8831,26.3621],[93.8895,26.3474],[93.8851,26.3026],[93.8722,26.3012],[93.8765,26.288],[93.8653,26.2582],[93.857,26.2214],[93.8338,26.2072],[93.8333,26.1808],[93.8219,26.173],[93.8302,26.1497],[93.8184,26.1337],[93.817,26.1207],[93.804,26.0924],[93.8066,26.0747],[93.7905,26.0528],[93.7939,26.0409],[93.7871,26.0312],[93.7859,26.0144],[93.7954,25.9884],[93.7784,25.978],[93.7766,25.9689],[93.7754,25.9611],[93.7873,25.9468],[93.7916,25.916],[93.796,25.9036],[93.7844,25.8849],[93.7843,25.8586],[93.7775,25.8487],[93.79,25.8114],[93.7954,25.8091],[93.8163,25.8228],[93.8252,25.8446],[93.8451,25.8585],[93.8701,25.8496],[93.876,25.8427],[93.896,25.8581],[93.9019,25.871],[93.9159,25.8839],[93.9339,25.8854],[93.9379,25.8965],[93.9666,25.9061],[93.9786,25.9169],[93.9699,25.937],[93.9686,25.9574],[93.9541,25.9695],[93.9591,25.9945],[93.9529,26.0032],[93.9594,26.0124],[93.9624,26.0367],[93.9849,26.0653],[93.9817,26.0824],[93.9971,26.1071],[93.9889,26.1335],[94.0038,26.1431],[94.0023,26.1793],[94.0153,26.1842],[94.0318,26.1976],[94.0364,26.2262],[94.0474,26.2492],[94.0686,26.258],[94.0745,26.2646],[94.0746,26.2838],[94.0977,26.3022],[94.0996,26.3141],[94.112,26.3182],[94.1196,26.329],[94.1715,26.3382],[94.1778,26.3463],[94.1601,26.3545],[94.171,26.363],[94.1775,26.3822],[94.1718,26.416],[94.174,26.4325],[94.1843,26.4573],[94.1557,26.4593],[94.1559,26.4374],[94.128,26.4264],[94.1631,26.3824],[94.151,26.3479],[94.1376,26.3488],[94.1255,26.3705],[94.1162,26.3966],[94.1138,26.4256],[94.1255,26.4405],[94.1145,26.4607],[94.0999,26.4726],[94.0973,26.4947],[94.1042,26.5058],[94.1146,26.5549],[94.0999,26.5763],[94.0866,26.58],[94.0698,26.5913],[94.08,26.6035],[94.0801,26.6134],[94.0909,26.6288],[94.0977,26.6535],[94.1119,26.6627],[94.1154,26.6759],[94.1064,26.6901],[94.0794,26.681],[94.0736,26.6908],[94.0808,26.7045],[94.0655,26.7082],[94.0739,26.7374],[94.0841,26.749],[94.0802,26.7568],[94.0952,26.7819],[94.0848,26.7895],[94.0722,26.8102],[94.0389,26.7926],[94.0372,26.774],[94.0005,26.7491],[94.0005,26.7619],[93.9918,26.7698],[93.9864,26.7859],[93.9731,26.7967],[93.9823,26.814],[93.9662,26.8078],[93.9512,26.7856],[93.942,26.7832],[93.9371,26.7818],[93.9311,26.78],[93.9136,26.7809],[93.8867,26.7739],[93.8564,26.7779],[93.8579,26.7923],[93.842,26.798],[93.8175,26.7955],[93.7842,26.801],[93.7552,26.7968],[93.7537,26.807],[93.7446,26.8016],[93.7323,26.8111],[93.7142,26.8161],[93.689,26.7975],[93.6699,26.8009],[93.6487,26.7881],[93.6492,26.7576],[93.6705,26.7121],[93.6509,26.7062],[93.5814,26.7185],[93.5616,26.7241],[93.5568,26.7368],[93.5041,26.7571],[93.4734,26.7569],[93.4389,26.7483],[93.3963,26.7507],[93.3721,26.7459],[93.342,26.7281],[93.3309,26.7088],[93.3038,26.7004],[93.315,26.6865],[93.3066,26.6685],[93.3178,26.6557],[93.3107,26.6408],[93.29,26.6315],[93.2967,26.6031],[93.2915,26.5902],[93.2976,26.5765]],[[93.9055,26.6858],[93.906,26.6867],[93.9068,26.6851],[93.9055,26.6858]]]},"properties":{"district":"GOLAGHAT"}},
{"type":"Feature","geometry":{"type":"Polygon","coordinates":[[[95.2436,27.4153],[95.2512,27.4344],[95.2293,27.4371],[95.2195,27.4455],[95.2171,27.4593],[95.2253,27.4718],[95.2288,27.4976],[95.2446,27.498],[95.28,27.4927],[95.2768,27.5136],[95.2658,27.5163],[95.2652,27.5441],[95.2824,27.5479],[95.2729,27.5693],[95.2846,27.5676],[95.2991,27.583],[95.3182,27.5869],[95.2891,27.6636],[95.2704,27.6827],[95.2464,27.657],[95.2047,27.6583],[95.1888,27.6774],[95.1992,27.6916],[95.1963,27.7045],[95.1629,27.6949],[95.1178,27.6859],[95.1052,27.6687],[95.093,27.6604],[95.0761,27.6636],[95.0501,27.6633],[95.0352,27.6685],[95.0167,27.6565],[94.9964,27.6593],[94.9816,27.641],[94.9662,27.6276],[94.9649,27.6254],[94.961,27.6232],[94.9558,27.6142],[94.9252,27.6011],[94.9045,27.5789],[94.8944,27.579],[94.8789,27.5612],[94.8429,27.5301],[94.8297,27.5186],[94.8346,27.5124],[94.8173,27.5078],[94.7937,27.4833],[94.7774,27.4846],[94.7598,27.4704],[94.7489,27.4511],[94.7473,27.4387],[94.7329,27.4432],[94.7166,27.4265],[94.6948,27.423],[94.6873,27.4139],[94.6908,27.3935],[94.6845,27.384],[94.6646,27.3771],[94.6664,27.3526],[94.65,27.3459],[94.6373,27.336],[94.6074,27.3301],[94.6133,27.3197],[94.6065,27.2947],[94.5868,27.2679],[94.5865,27.2417],[94.577,27.215],[94.5799,27.2024],[94.5674,27.1791],[94.593,27.1456],[94.6148,27.1766],[94.6164,27.1877],[94.6299,27.2237],[94.642,27.2467],[94.6769,27.2427],[94.6882,27.2562],[94.6933,27.2719],[94.7165,27.2596],[94.7272,27.2726],[94.7382,27.2752],[94.7499,27.2683],[94.7404,27.2485],[94.7692,27.2441],[94.774,27.236],[94.7661,27.2205],[94.7755,27.213],[94.7793,27.1904],[94.7677,27.159],[94.7534,27.1406],[94.7664,27.1293],[94.7997,27.1168],[94.8173,27.1142],[94.8081,27.0973],[94.8234,27.0994],[94.8369,27.0921],[94.8372,27.0982],[94.873,27.1417],[94.8735,27.1433],[94.8747,27.1437],[94.8914,27.1623],[94.9538,27.2177],[94.9678,27.2271],[94.9735,27.2012],[94.9844,27.1686],[94.9773,27.149],[95,27.1469],[95.0164,27.1499],[95.0324,27.1474],[95.0493,27.1552],[95.0613,27.1369],[95.0997,27.1331],[95.115,27.1273],[95.1305,27.1391],[95.1638,27.1295],[95.1688,27.1425],[95.1791,27.1504],[95.1846,27.1632],[95.1847,27.1632],[95.185,27.1629],[95.1988,27.1589],[95.2252,27.1676],[95.2413,27.1848],[95.2551,27.193],[95.2794,27.1896],[95.2901,27.1957],[95.3036,27.1946],[95.3136,27.1839],[95.3341,27.1869],[95.3592,27.1651],[95.359,27.1547],[95.3672,27.1374],[95.3618,27.1284],[95.3685,27.1073],[95.3979,27.1087],[95.4209,27.1261],[95.4371,27.1266],[95.4431,27.1348],[95.458,27.1382],[95.4621,27.1499],[95.4533,27.1569],[95.4656,27.1671],[95.4663,27.1828],[95.4558,27.2038],[95.4773,27.227],[95.484,27.2414],[95.4808,27.2533],[95.4695,27.255],[95.4533,27.2477],[95.4397,27.255],[95.44,27.2562],[95.44,27.2564],[95.4602,27.2695],[95.4462,27.2946],[95.4685,27.3166],[95.458,27.3309],[95.4583,27.346],[95.469,27.3486],[95.467,27.3643],[95.4536,27.3748],[95.4423,27.3641],[95.4184,27.3808],[95.4157,27.3986],[95.3997,27.3952],[95.357,27.3836],[95.3482,27.3938],[95.334,27.3902],[95.3116,27.3951],[95.2892,27.4107],[95.2488,27.4042],[95.2436,27.4153]]]},"properties":{"district":"DIBRUGARH"}},
{"type":"Feature","geometry":{"type":"Polygon","coordinates":[[[90.8945,26.6269],[90.901,26.6349],[90.9025,26.6575],[90.8951,26.6639],[90.9163,26.7115],[90.9143,26.7274],[90.9364,26.7544],[90.9411,26.776],[90.9571,26.7817],[90.9566,26.7878],[90.811,26.7761],[90.7421,26.7751],[90.717,26.7684],[90.693,26.7708],[90.6757,26.7844],[90.6463,26.7768],[90.6341,26.7941],[90.5842,26.804],[90.5463,26.8168],[90.418,26.9044],[90.3566,26.901],[90.3478,26.8753],[90.3363,26.869],[90.3363,26.8451],[90.3451,26.8057],[90.3521,26.7924],[90.3539,26.7763],[90.3638,26.7589],[90.3689,26.7331],[90.377,26.7176],[90.3763,26.7019],[90.3677,26.6895],[90.3575,26.6593],[90.3568,26.6573],[90.3469,26.6414],[90.3572,26.6313],[90.3539,26.6098],[90.3661,26.5801],[90.3608,26.5679],[90.3626,26.5526],[90.3808,26.5344],[90.3978,26.5118],[90.3898,26.492],[90.3892,26.4771],[90.4023,26.4759],[90.4032,26.4641],[90.4018,26.4544],[90.4039,26.4421],[90.4275,26.4301],[90.433,26.4131],[90.4467,26.425],[90.4419,26.4411],[90.4316,26.4525],[90.4624,26.452],[90.4562,26.4327],[90.4632,26.4309],[90.46,26.4107],[90.4802,26.3886],[90.4807,26.4169],[90.4928,26.4193],[90.5035,26.4297],[90.5091,26.4517],[90.4982,26.4595],[90.5141,26.5025],[90.5196,26.5092],[90.5474,26.4978],[90.5752,26.4989],[90.5904,26.5045],[90.5998,26.5162],[90.611,26.5153],[90.6235,26.5078],[90.6289,26.4966],[90.6497,26.5007],[90.6825,26.4991],[90.6856,26.4818],[90.7102,26.4827],[90.717,26.4792],[90.7161,26.4575],[90.7101,26.4516],[90.7163,26.4455],[90.7357,26.4418],[90.7447,26.4656],[90.731,26.4718],[90.731,26.4829],[90.7493,26.4883],[90.7663,26.4855],[90.7774,26.5048],[90.7641,26.5062],[90.7615,26.5194],[90.7746,26.5305],[90.798,26.5219],[90.8372,26.5235],[90.8517,26.527],[90.8322,26.5385],[90.8281,26.5558],[90.859,26.5624],[90.8713,26.574],[90.8843,26.5939],[90.8964,26.5975],[90.8945,26.6269]]]},"properties":{"district":"CHIRANG"}},
{"type":"Feature","geometry":{"type":"Polygon","coordinates":[[[91.7545,26.2064],[91.7557,26.2059],[91.7633,26.2024],[91.7708,26.1984],[91.807,26.2079],[91.8188,26.2074],[91.8412,26.2156],[91.8696,26.221],[91.8786,26.2165],[91.9239,26.2478],[91.9332,26.243],[91.9527,26.2556],[91.9809,26.2755],[91.992,26.2697],[92.0148,26.2807],[92.0231,26.2715],[92.0387,26.2724],[92.0509,26.2874],[92.0614,26.3104],[92.075,26.3172],[92.0857,26.3404],[92.0942,26.339],[92.1038,26.3545],[92.1228,26.3706],[92.1428,26.4013],[92.1584,26.4139],[92.1818,26.4244],[92.1999,26.4212],[92.21,26.4141],[92.2207,26.4168],[92.2363,26.4312],[92.2445,26.4461],[92.2556,26.4518],[92.2749,26.4511],[92.2871,26.4588],[92.3079,26.4826],[92.3441,26.5047],[92.3317,26.5152],[92.3522,26.5305],[92.367,26.532],[92.3695,26.5494],[92.3605,26.5824],[92.3624,26.5828],[92.3631,26.5836],[92.3433,26.5817],[92.3367,26.596],[92.3054,26.6294],[92.2895,26.6209],[92.2474,26.6101],[92.2443,26.588],[92.2525,26.5738],[92.2474,26.5629],[92.2304,26.5487],[92.2246,26.5536],[92.2274,26.5945],[92.2344,26.5969],[92.2176,26.6352],[92.205,26.6407],[92.202,26.6513],[92.1823,26.6575],[92.1811,26.6702],[92.1785,26.6696],[92.1586,26.666],[92.1281,26.6556],[92.1214,26.6437],[92.1033,26.6476],[92.0802,26.6471],[92.0726,26.6469],[92.071,26.6335],[92.0924,26.6078],[92.0508,26.6014],[92.0488,26.5964],[92.0472,26.5924],[92.0143,26.5886],[92.0143,26.578],[92.0019,26.5714],[92.0093,26.5551],[92.0417,26.5505],[92.054,26.5445],[92.0623,26.5747],[92.0623,26.5873],[92.0794,26.5893],[92.0865,26.5759],[92.1006,26.5793],[92.1086,26.5695],[92.1081,26.5529],[92.0859,26.5431],[92.0683,26.5451],[92.068,26.5246],[92.0683,26.5194],[92.0684,26.5172],[92.0585,26.4881],[92.0474,26.4775],[92.0383,26.4857],[92.0406,26.51],[92.0347,26.5204],[91.9945,26.5399],[91.9901,26.555],[91.9763,26.5531],[91.9746,26.5509],[91.9749,26.5519],[91.9587,26.5517],[91.9517,26.5443],[91.9277,26.5373],[91.9218,26.5676],[91.8965,26.5696],[91.8842,26.5385],[91.8643,26.5376],[91.8627,26.538],[91.8539,26.5383],[91.8472,26.5743],[91.8356,26.5773],[91.8304,26.5604],[91.8111,26.5577],[91.8128,26.5443],[91.8274,26.5449],[91.8331,26.5153],[91.8171,26.5054],[91.7983,26.512],[91.7804,26.5118],[91.7811,26.4956],[91.8017,26.4891],[91.799,26.4772],[91.7877,26.4753],[91.7789,26.4791],[91.7793,26.478],[91.7786,26.4765],[91.7776,26.4755],[91.7776,26.4744],[91.7777,26.4734],[91.7775,26.4723],[91.7775,26.4707],[91.7765,26.4697],[91.774,26.4698],[91.7712,26.4668],[91.7654,26.4675],[91.7656,26.4663],[91.7658,26.4644],[91.766,26.4632],[91.7656,26.4621],[91.7649,26.4611],[91.7645,26.4601],[91.7645,26.4591],[91.772,26.4469],[91.7738,26.4263],[91.7829,26.4088],[91.7894,26.4079],[91.7923,26.4092],[91.7934,26.4095],[91.7949,26.409],[91.7957,26.4079],[91.7962,26.4056],[91.7951,26.4045],[91.7945,26.4035],[91.795,26.4021],[91.7963,26.4014],[91.7976,26.4009],[91.7979,26.3998],[91.7977,26.3984],[91.7985,26.3963],[91.8098,26.3836],[91.8125,26.3818],[91.8179,26.3794],[91.8185,26.3784],[91.8191,26.3772],[91.8196,26.376],[91.8208,26.3735],[91.8217,26.3712],[91.8221,26.37],[91.8222,26.3691],[91.8213,26.368],[91.8204,26.3669],[91.8201,26.3657],[91.8216,26.3645],[91.8229,26.364],[91.8215,26.3562],[91.8192,26.3467],[91.8191,26.3458],[91.8176,26.3444],[91.8169,26.3432],[91.8216,26.3318],[91.7901,26.312],[91.7868,26.3062],[91.782,26.3056],[91.7816,26.3047],[91.7832,26.3039],[91.7821,26.2962],[91.7856,26.2928],[91.7862,26.2914],[91.786,26.2903],[91.7851,26.2887],[91.7844,26.2876],[91.7851,26.2864],[91.7863,26.2848],[91.7865,26.2838],[91.7861,26.2824],[91.7857,26.2815],[91.7856,26.2805],[91.7863,26.2775],[91.7871,26.2754],[91.7877,26.2744],[91.7887,26.2736],[91.7902,26.2731],[91.7904,26.2721],[91.7904,26.2707],[91.7903,26.2684],[91.7899,26.2674],[91.7818,26.2448],[91.7632,26.2395],[91.7636,26.2322],[91.7474,26.2222],[91.7441,26.2145],[91.7545,26.2064]]]},"properties":{"district":"DARANG"}},
{"type":"Feature","geometry":{"type":"Polygon","coordinates":[[[92.866,25.0661],[92.8656,25.0659],[92.8641,25.0651],[92.8528,25.0637],[92.8358,25.0527],[92.8272,25.0585],[92.8285,25.0708],[92.7961,25.0881],[92.7803,25.0868],[92.7648,25.1032],[92.7672,25.1142],[92.7528,25.139],[92.733,25.1395],[92.7349,25.1263],[92.7239,25.1183],[92.7012,25.1113],[92.6839,25.1146],[92.6651,25.1091],[92.6487,25.1176],[92.6151,25.1026],[92.6026,25.1105],[92.5636,25.1012],[92.5455,25.1038],[92.5394,25.0989],[92.5183,25.1063],[92.4809,25.1087],[92.4792,25.0865],[92.472,25.0674],[92.4569,25.0542],[92.4598,25.0372],[92.4385,25.0442],[92.4381,25.0348],[92.426,25.0293],[92.4242,25.0098],[92.4168,24.9929],[92.422,24.9883],[92.4212,24.965],[92.4493,24.9647],[92.4586,24.9704],[92.4668,24.9576],[92.4522,24.9531],[92.4489,24.939],[92.4879,24.9439],[92.4838,24.9301],[92.5022,24.9309],[92.4991,24.8948],[92.5263,24.8927],[92.5544,24.8831],[92.5573,24.8674],[92.5486,24.8614],[92.5677,24.843],[92.5823,24.8446],[92.5904,24.8427],[92.5917,24.8223],[92.6026,24.8411],[92.6217,24.8582],[92.6346,24.8596],[92.6361,24.8383],[92.6534,24.8486],[92.6735,24.8428],[92.6848,24.848],[92.6949,24.8392],[92.6634,24.8387],[92.6663,24.8178],[92.6838,24.8143],[92.68,24.8012],[92.6676,24.7893],[92.661,24.7587],[92.6558,24.7535],[92.6571,24.7005],[92.6503,24.6845],[92.6651,24.6735],[92.6655,24.6276],[92.6891,24.6233],[92.689,24.6125],[92.6682,24.6098],[92.6696,24.5882],[92.6893,24.5753],[92.7156,24.5679],[92.7331,24.5828],[92.7589,24.5776],[92.7643,24.567],[92.7797,24.5656],[92.7572,24.523],[92.7635,24.5213],[92.8019,24.4209],[92.8201,24.4039],[92.8299,24.4004],[92.8232,24.3862],[92.8262,24.3765],[92.8452,24.3799],[92.8618,24.3987],[92.8733,24.395],[92.8834,24.4025],[92.8988,24.3911],[92.9071,24.4114],[92.934,24.3924],[92.9393,24.4009],[92.9658,24.3968],[92.9764,24.4084],[92.992,24.3993],[93.0149,24.4103],[93.0248,24.407],[93.0399,24.412],[93.0334,24.4274],[93.0357,24.4584],[93.0396,24.4624],[93.0459,24.4755],[93.0325,24.4955],[93.0488,24.5184],[93.0492,24.5425],[93.0557,24.5535],[93.0709,24.5596],[93.0621,24.5764],[93.0891,24.5735],[93.0925,24.5812],[93.0712,24.6001],[93.0838,24.6132],[93.0759,24.6261],[93.0873,24.6298],[93.0829,24.6493],[93.094,24.6524],[93.104,24.6739],[93.0884,24.6762],[93.0923,24.6856],[93.079,24.7047],[93.0902,24.7148],[93.0908,24.7254],[93.1072,24.7406],[93.0982,24.7543],[93.1036,24.7674],[93.1051,24.7918],[93.1193,24.8076],[93.1339,24.8098],[93.1509,24.7952],[93.1706,24.802],[93.1915,24.8046],[93.19,24.8188],[93.2006,24.8415],[93.2013,24.8542],[93.2217,24.8704],[93.227,24.893],[93.2384,24.8989],[93.2489,24.9157],[93.2456,24.9257],[93.2618,24.963],[93.2494,24.9729],[93.2336,24.9756],[93.2318,24.9835],[93.2139,24.9881],[93.2042,24.9816],[93.1798,25.0007],[93.068,25.0007],[93.0634,25.0022],[93.0551,25.0105],[93.0592,25.0228],[93.0502,25.0341],[93.0365,25.037],[93.0143,25.0619],[93.0217,25.076],[93.0377,25.0822],[93.0471,25.0993],[93.0369,25.1048],[93.0169,25.0978],[92.9842,25.0938],[92.9775,25.0857],[92.9591,25.0901],[92.9517,25.0705],[92.9322,25.0784],[92.8975,25.0793],[92.8822,25.0683],[92.866,25.0661]]]},"properties":{"district":"CACHAR"}},
{"type":"Feature","geometry":{"type":"Polygon","coordinates":[[[90.7163,26.4455],[90.7109,26.45],[90.7101,26.4516],[90.7161,26.4575],[90.717,26.4792],[90.7102,26.4827],[90.6856,26.4818],[90.6825,26.4991],[90.6497,26.5007],[90.6289,26.4966],[90.6235,26.5078],[90.611,26.5153],[90.5998,26.5162],[90.5904,26.5045],[90.5752,26.4989],[90.5474,26.4978],[90.5196,26.5092],[90.5141,26.5025],[90.4982,26.4595],[90.5091,26.4517],[90.5035,26.4297],[90.4928,26.4193],[90.4807,26.4169],[90.4802,26.3886],[90.46,26.4107],[90.4632,26.4309],[90.4562,26.4327],[90.4624,26.452],[90.4316,26.4525],[90.4419,26.4411],[90.4467,26.425],[90.433,26.4131],[90.4275,26.4301],[90.4039,26.4421],[90.4122,26.425],[90.4052,26.4131],[90.4257,26.396],[90.4335,26.3755],[90.4245,26.3637],[90.4323,26.3448],[90.4496,26.3491],[90.454,26.3583],[90.4537,26.342],[90.4798,26.3071],[90.4835,26.296],[90.4701,26.2811],[90.4722,26.2693],[90.4579,26.266],[90.4514,26.2561],[90.4298,26.2568],[90.4316,26.2543],[90.433,26.2531],[90.4345,26.2519],[90.4372,26.2477],[90.4451,26.2439],[90.4448,26.239],[90.4424,26.2371],[90.4371,26.238],[90.4357,26.2349],[90.439,26.2319],[90.4374,26.2312],[90.4363,26.2308],[90.4285,26.2334],[90.4253,26.2326],[90.4241,26.2308],[90.4235,26.2289],[90.4218,26.2271],[90.4248,26.2237],[90.4252,26.2207],[90.4122,26.2133],[90.4076,26.2124],[90.4046,26.2087],[90.4044,26.2053],[90.3936,26.2019],[90.382,26.2032],[90.3771,26.1982],[90.3911,26.1915],[90.4071,26.1965],[90.4334,26.1971],[90.4545,26.1893],[90.4382,26.174],[90.4447,26.1657],[90.4671,26.1772],[90.4692,26.1682],[90.4932,26.1859],[90.497,26.1924],[90.5068,26.193],[90.5093,26.1948],[90.5127,26.1966],[90.5211,26.1997],[90.5297,26.2014],[90.5388,26.2039],[90.5455,26.2053],[90.5773,26.2035],[90.6001,26.2152],[90.6288,26.2046],[90.6559,26.2111],[90.6725,26.1983],[90.6624,26.2242],[90.6528,26.2381],[90.6616,26.2486],[90.6838,26.2579],[90.7028,26.2561],[90.7176,26.2639],[90.7251,26.2565],[90.7376,26.2747],[90.7479,26.2801],[90.7514,26.2935],[90.7599,26.2981],[90.774,26.2877],[90.7835,26.3023],[90.8032,26.3056],[90.8006,26.3209],[90.7907,26.3239],[90.8036,26.3475],[90.8181,26.3669],[90.8398,26.358],[90.8597,26.3622],[90.8605,26.3783],[90.8467,26.3922],[90.8448,26.4022],[90.8513,26.4146],[90.8441,26.4201],[90.8532,26.4191],[90.8616,26.4311],[90.8451,26.444],[90.8319,26.4327],[90.7939,26.4281],[90.7873,26.4399],[90.7969,26.4443],[90.8164,26.438],[90.8272,26.4483],[90.8164,26.4651],[90.8156,26.4753],[90.8021,26.4831],[90.8095,26.5007],[90.8205,26.4911],[90.837,26.4854],[90.8513,26.5148],[90.8517,26.527],[90.8372,26.5235],[90.798,26.5219],[90.7746,26.5305],[90.7615,26.5194],[90.7641,26.5062],[90.7774,26.5048],[90.7663,26.4855],[90.7493,26.4883],[90.731,26.4829],[90.731,26.4718],[90.7447,26.4656],[90.7357,26.4418],[90.7163,26.4455]]]},"properties":{"district":"BONGAIGAON"}},
{"type":"Feature","geometry":{"type":"Polygon","coordinates":[[[93.1426,25.7186],[93.1342,25.7053],[93.1316,25.6866],[93.1366,25.6694],[93.1681,25.6627],[93.1785,25.6396],[93.1899,25.6242],[93.177,25.6127],[93.177,25.5933],[93.1926,25.5654],[93.1984,25.5646],[93.2076,25.5442],[93.2601,25.5484],[93.2691,25.5319],[93.2943,25.5443],[93.3015,25.5304],[93.3179,25.5324],[93.3302,25.5425],[93.3424,25.5599],[93.3638,25.5616],[93.3792,25.5766],[93.3796,25.5841],[93.4027,25.6021],[93.4013,25.611],[93.4222,25.6202],[93.4248,25.6305],[93.4494,25.6358],[93.4636,25.6446],[93.4813,25.6446],[93.4967,25.6548],[93.5179,25.682],[93.5312,25.6927],[93.543,25.7153],[93.5426,25.7313],[93.5619,25.7385],[93.584,25.7645],[93.6008,25.7651],[93.6041,25.7741],[93.6177,25.7767],[93.6391,25.8164],[93.6775,25.828],[93.6805,25.8385],[93.702,25.8517],[93.6814,25.904],[93.7083,25.919],[93.7351,25.9238],[93.7454,25.9399],[93.7675,25.9507],[93.769,25.9661],[93.7766,25.9689],[93.7784,25.978],[93.7954,25.9884],[93.7859,26.0144],[93.7871,26.0312],[93.7939,26.0409],[93.7905,26.0528],[93.8066,26.0747],[93.804,26.0924],[93.817,26.1207],[93.8184,26.1337],[93.8302,26.1497],[93.8219,26.173],[93.8333,26.1808],[93.8338,26.2072],[93.857,26.2214],[93.8653,26.2582],[93.8765,26.288],[93.8722,26.3012],[93.8851,26.3026],[93.8895,26.3474],[93.8831,26.3621],[93.8903,26.3694],[93.881,26.3885],[93.8817,26.3895],[93.8653,26.3892],[93.8587,26.3986],[93.829,26.4159],[93.8166,26.3987],[93.8049,26.3949],[93.788,26.377],[93.7764,26.3857],[93.7948,26.4038],[93.7831,26.4109],[93.7812,26.425],[93.7939,26.4286],[93.7944,26.4403],[93.7769,26.4666],[93.7781,26.4819],[93.7576,26.5138],[93.755,26.5295],[93.7359,26.5336],[93.7355,26.5552],[93.7522,26.5852],[93.752,26.5854],[93.7422,26.5843],[93.7205,26.6013],[93.7004,26.6075],[93.6686,26.6048],[93.6359,26.5975],[93.6219,26.5898],[93.6212,26.5761],[93.6098,26.5778],[93.5942,26.571],[93.5833,26.5797],[93.5813,26.6058],[93.5529,26.6126],[93.5522,26.6067],[93.5237,26.5937],[93.5092,26.5939],[93.504,26.6063],[93.4779,26.6032],[93.4702,26.5912],[93.4733,26.5813],[93.4569,26.5687],[93.453,26.5808],[93.4086,26.5706],[93.4031,26.5801],[93.3371,26.5803],[93.3203,26.5846],[93.2976,26.5765],[93.2816,26.5691],[93.2699,26.573],[93.2432,26.5628],[93.235,26.5542],[93.2627,26.5379],[93.2634,26.5211],[93.2459,26.5237],[93.2439,26.5328],[93.2226,26.5365],[93.2134,26.5299],[93.1998,26.5332],[93.2004,26.5438],[93.211,26.5599],[93.1913,26.5671],[93.1826,26.5652],[93.1518,26.547],[93.1471,26.5559],[93.118,26.5317],[93.1095,26.5306],[93.0891,26.5447],[93.0599,26.5447],[93.0431,26.5352],[93.0463,26.5269],[93.0318,26.5154],[93.016,26.5109],[93.0066,26.4918],[93.0136,26.4773],[93.0381,26.487],[93.0704,26.4914],[93.066,26.4826],[93.0732,26.4727],[93.0903,26.4687],[93.1123,26.4837],[93.1271,26.4862],[93.1236,26.4614],[93.0866,26.4383],[93.0763,26.4207],[93.0544,26.4192],[93.0482,26.4345],[93.018,26.4203],[93.0041,26.4247],[92.9518,26.405],[92.9305,26.3991],[92.9294,26.3984],[92.9136,26.3924],[92.9061,26.396],[92.8981,26.3816],[92.9024,26.3848],[92.921,26.3683],[92.9134,26.3619],[92.9326,26.3508],[92.941,26.3518],[92.946,26.3337],[92.9388,26.3241],[92.9214,26.3132],[92.9112,26.3168],[92.8939,26.3032],[92.8933,26.29],[92.8797,26.2837],[92.8436,26.3047],[92.8399,26.2878],[92.8304,26.2742],[92.8188,26.27],[92.8127,26.2438],[92.8154,26.2325],[92.827,26.2251],[92.8148,26.2141],[92.7936,26.2195],[92.7941,26.2048],[92.8445,26.2046],[92.8592,26.2017],[92.8821,26.2079],[92.9074,26.2021],[92.9394,26.2026],[92.952,26.1907],[92.9558,26.1739],[92.9424,26.1538],[92.9316,26.1515],[92.9314,26.1514],[92.935,26.1366],[92.9539,26.1406],[92.9663,26.1292],[92.9916,26.1241],[93.0126,26.1126],[93.0218,26.113],[93.0351,26.1018],[93.0405,26.087],[93.1021,26.0746],[93.1008,26.0556],[93.0998,26.053],[93.0987,26.0499],[93.0934,26.0331],[93.109,26.0369],[93.1263,26.0312],[93.1272,26.0311],[93.1533,25.995],[93.1586,25.9617],[93.1731,25.9531],[93.1834,25.9142],[93.1837,25.9027],[93.1969,25.8981],[93.2219,25.8601],[93.2392,25.8511],[93.238,25.8411],[93.245,25.8246],[93.2479,25.7977],[93.2438,25.7765],[93.231,25.7592],[93.2265,25.7268],[93.1824,25.729],[93.1705,25.7184],[93.159,25.7235],[93.1426,25.7186]]]},"properties":{"district":"KARBI ANGLONG"}},
{"type":"Feature","geometry":{"type":"Polygon","coordinates":[[[89.8815,25.935],[89.8784,25.9239],[89.849,25.8923],[89.8331,25.8705],[89.8356,25.8411],[89.8169,25.8145],[89.8266,25.8102],[89.8325,25.7895],[89.8349,25.79],[89.8379,25.7907],[89.8452,25.7919],[89.8591,25.7879],[89.8613,25.7882],[89.8623,25.7891],[89.8634,25.7889],[89.8657,25.7873],[89.8685,25.7861],[89.8738,25.7857],[89.8792,25.7849],[89.8829,25.7847],[89.9018,25.8004],[89.9017,25.8019],[89.9018,25.8044],[89.9115,25.8072],[89.927,25.8175],[89.9328,25.8171],[89.9408,25.8179],[89.9519,25.8281],[89.9532,25.834],[89.9546,25.838],[89.963,25.8438],[89.9534,25.8635],[89.958,25.8773],[89.9663,25.8871],[89.9708,25.8898],[89.9751,25.8924],[89.9874,25.8985],[89.9918,25.9197],[89.9883,25.9258],[89.9868,25.9287],[89.9867,25.9296],[89.9933,25.9412],[90.0119,25.9362],[90.0209,25.907],[90.0366,25.8911],[90.0667,25.9134],[90.0865,25.9199],[90.0977,25.9376],[90.1158,25.957],[90.1174,25.9667],[90.1289,25.9673],[90.1582,25.988],[90.1739,25.993],[90.1778,26.0161],[90.1944,26.0145],[90.1963,26.0065],[90.1982,26.0058],[90.1969,26.0233],[90.1972,26.0259],[90.1963,26.0296],[90.1865,26.0378],[90.1789,26.0675],[90.1687,26.0775],[90.1734,26.0902],[90.1728,26.0974],[90.1728,26.1001],[90.1736,26.1031],[90.186,26.1107],[90.1876,26.1139],[90.1883,26.1188],[90.1891,26.1217],[90.1954,26.1273],[90.2007,26.1274],[90.2058,26.1274],[90.2146,26.1273],[90.2216,26.1305],[90.225,26.132],[90.2251,26.1321],[90.2291,26.134],[90.2479,26.1404],[90.261,26.1546],[90.2627,26.1683],[90.2628,26.1685],[90.2642,26.1708],[90.2635,26.1742],[90.2635,26.1744],[90.2638,26.1761],[90.2644,26.1798],[90.2647,26.1832],[90.2812,26.1879],[90.3221,26.1949],[90.3516,26.1902],[90.3596,26.1906],[90.3674,26.1945],[90.3771,26.1982],[90.3743,26.2022],[90.382,26.2032],[90.4044,26.2053],[90.4046,26.2087],[90.4076,26.2124],[90.4122,26.2133],[90.4252,26.2207],[90.4248,26.2237],[90.4218,26.2271],[90.4235,26.2289],[90.4241,26.2308],[90.4253,26.2326],[90.4285,26.2334],[90.4363,26.2308],[90.4374,26.2312],[90.439,26.2319],[90.4357,26.2349],[90.4371,26.238],[90.4424,26.2371],[90.4448,26.239],[90.4451,26.2439],[90.4372,26.2477],[90.4345,26.2519],[90.433,26.2531],[90.4316,26.2543],[90.4297,26.2569],[90.4298,26.2568],[90.4514,26.2561],[90.4579,26.266],[90.4722,26.2693],[90.4701,26.2811],[90.4835,26.296],[90.4798,26.3071],[90.4537,26.342],[90.454,26.3583],[90.4496,26.3491],[90.4323,26.3448],[90.4245,26.3637],[90.402,26.3639],[90.396,26.3475],[90.4042,26.3331],[90.4041,26.316],[90.3838,26.3116],[90.3747,26.2909],[90.3812,26.2686],[90.3628,26.2731],[90.3504,26.285],[90.3452,26.272],[90.3181,26.2678],[90.3034,26.2575],[90.3065,26.2458],[90.2873,26.2374],[90.288,26.2521],[90.2736,26.2606],[90.2515,26.2644],[90.2586,26.2729],[90.2719,26.272],[90.2804,26.2974],[90.25,26.3246],[90.2336,26.3269],[90.225,26.3437],[90.2342,26.3655],[90.2267,26.3851],[90.2089,26.3763],[90.2056,26.3611],[90.1946,26.3555],[90.1912,26.3527],[90.1717,26.3419],[90.1486,26.3526],[90.1346,26.3483],[90.1213,26.3508],[90.1001,26.3421],[90.1025,26.3166],[90.1198,26.3081],[90.1307,26.2933],[90.1429,26.2904],[90.1399,26.2746],[90.1197,26.2598],[90.1034,26.2678],[90.1039,26.2511],[90.1203,26.2504],[90.1218,26.2363],[90.1308,26.2342],[90.1363,26.2155],[90.1292,26.1972],[90.0872,26.1862],[90.0668,26.1725],[90.0555,26.1563],[90.0374,26.148],[90.025,26.1267],[90,26.1261],[89.9799,26.135],[89.9726,26.1276],[89.948,26.1285],[89.9309,26.1152],[89.9161,26.1163],[89.9085,26.1325],[89.8836,26.1352],[89.8681,26.1518],[89.872,26.1738],[89.8603,26.1914],[89.8721,26.2056],[89.8599,26.2199],[89.8699,26.2316],[89.8742,26.2473],[89.8662,26.2584],[89.8685,26.2717],[89.8846,26.2994],[89.8819,26.3081],[89.9021,26.3253],[89.9022,26.3253],[89.9026,26.3387],[89.8716,26.348],[89.8756,26.3628],[89.851,26.3678],[89.843,26.3778],[89.8295,26.3707],[89.8137,26.371],[89.7832,26.3513],[89.7836,26.3351],[89.7657,26.3169],[89.7512,26.3209],[89.7544,26.3016],[89.7471,26.2917],[89.7178,26.2958],[89.7385,26.2714],[89.7315,26.2585],[89.7026,26.2578],[89.7318,26.2398],[89.7158,26.2311],[89.7089,26.212],[89.7191,26.2066],[89.7204,26.1955],[89.7035,26.178],[89.7192,26.1663],[89.7205,26.1562],[89.7458,26.1585],[89.7668,26.128],[89.7553,26.1133],[89.7863,26.0962],[89.7989,26.064],[89.7853,26.057],[89.7803,26.0403],[89.8123,26.0398],[89.8221,26.0099],[89.8161,25.9944],[89.8221,25.9862],[89.8362,25.9824],[89.8313,26.001],[89.8442,26.0064],[89.8504,25.99],[89.8712,25.981],[89.8596,25.9693],[89.8426,25.9707],[89.8475,25.9568],[89.8331,25.9548],[89.8256,25.9453],[89.8488,25.9428],[89.8873,25.9452],[89.8815,25.935]],[[89.841,26.0702],[89.83,26.0651],[89.8343,26.0677],[89.841,26.0702]],[[89.849,26.0722],[89.8536,26.0726],[89.8567,26.0729],[89.8537,26.0726],[89.849,26.0722]],[[89.9003,26.0804],[89.9011,26.0814],[89.9021,26.0828],[89.9012,26.0814],[89.9003,26.0804]],[[89.9253,26.0673],[89.9259,26.0678],[89.9253,26.0672],[89.9253,26.0673]],[[89.9928,26.0589],[89.9968,26.0614],[90.0045,26.0661],[89.9928,26.0589]],[[90.0307,26.0911],[90.0293,26.1007],[90.0419,26.1117],[90.0306,26.1018],[90.0307,26.0911]],[[90.1757,26.2568],[90.1749,26.2565],[90.1753,26.2557],[90.1757,26.2523],[90.1748,26.2565],[90.1757,26.2568]],[[90.185,26.2494],[90.1863,26.2514],[90.1866,26.2519],[90.1882,26.2555],[90.1941,26.2616],[90.185,26.2494]],[[90.2165,26.2631],[90.2184,26.2612],[90.2199,26.2599],[90.2183,26.2612],[90.2165,26.2631]],[[90.2165,26.2393],[90.2283,26.2266],[90.2283,26.2265],[90.2165,26.2393]],[[90.1995,26.1905],[90.1919,26.1877],[90.1918,26.1877],[90.1995,26.1905]],[[90.1478,26.1835],[90.1364,26.1787],[90.1379,26.1803],[90.1403,26.1819],[90.1478,26.1835]],[[90.1365,26.1765],[90.1399,26.1751],[90.1421,26.172],[90.1398,26.1751],[90.1365,26.1765]],[[90.1391,26.1516],[90.1407,26.1496],[90.1393,26.1508],[90.1391,26.1516]],[[90.1153,26.1624],[90.1141,26.1618],[90.1142,26.1626],[90.1153,26.1624]],[[90.1018,26.1448],[90.1027,26.1446],[90.1018,26.143],[90.1016,26.1447],[90.1018,26.1448]]]},"properties":{"district":"DHUBRI"}},
{"type":"Feature","geometry":{"type":"Polygon","coordinates":[[[94.279,27.4852],[94.2789,27.4828],[94.2781,27.4657],[94.3059,27.4383],[94.308,27.4127],[94.3053,27.3971],[94.2949,27.3849],[94.2833,27.3851],[94.2637,27.4003],[94.2472,27.3952],[94.2502,27.3852],[94.274,27.3633],[94.2922,27.3565],[94.3019,27.3432],[94.2995,27.3322],[94.3051,27.3202],[94.3259,27.318],[94.3394,27.3369],[94.3559,27.3414],[94.375,27.341],[94.3825,27.3461],[94.3917,27.3473],[94.4176,27.3358],[94.4282,27.3243],[94.446,27.3187],[94.4604,27.3323],[94.4737,27.3279],[94.5058,27.3358],[94.5077,27.3444],[94.5484,27.3248],[94.5342,27.2971],[94.5406,27.2794],[94.5764,27.2731],[94.5868,27.2679],[94.6065,27.2947],[94.6133,27.3197],[94.6074,27.3301],[94.6373,27.336],[94.65,27.3459],[94.6664,27.3526],[94.6646,27.3771],[94.6845,27.384],[94.6908,27.3935],[94.6873,27.4139],[94.6948,27.423],[94.7166,27.4265],[94.7329,27.4432],[94.7473,27.4387],[94.7489,27.4511],[94.7598,27.4704],[94.7774,27.4846],[94.7937,27.4833],[94.8173,27.5078],[94.8429,27.5301],[94.8789,27.5612],[94.8944,27.579],[94.9045,27.5789],[94.9252,27.6011],[94.9558,27.6142],[94.961,27.6232],[94.9662,27.6276],[94.9816,27.641],[94.9964,27.6593],[95.0167,27.6565],[95.0352,27.6685],[95.0501,27.6633],[95.0761,27.6636],[95.093,27.6604],[95.1052,27.6687],[95.1178,27.6859],[95.1629,27.6949],[95.1963,27.7045],[95.1992,27.6916],[95.1888,27.6774],[95.2047,27.6583],[95.2464,27.657],[95.2704,27.6827],[95.2745,27.6903],[95.2916,27.698],[95.3375,27.6999],[95.3589,27.7063],[95.3792,27.7219],[95.3981,27.7365],[95.3957,27.7507],[95.4049,27.7696],[95.4361,27.8006],[95.4514,27.8049],[95.4825,27.8359],[95.4932,27.8583],[95.5152,27.8595],[95.5146,27.8798],[95.4911,27.8734],[95.3794,27.8394],[95.3086,27.8683],[95.2087,27.838],[94.9964,27.7725],[94.9222,27.7502],[94.8522,27.7278],[94.8477,27.7058],[94.8259,27.6951],[94.8081,27.6922],[94.7968,27.6959],[94.7778,27.6798],[94.769,27.6797],[94.7541,27.6608],[94.7412,27.6601],[94.7209,27.6676],[94.7166,27.6585],[94.6838,27.6608],[94.686,27.6496],[94.6617,27.6452],[94.6461,27.638],[94.633,27.6244],[94.6231,27.628],[94.6051,27.6194],[94.5867,27.6184],[94.5709,27.6027],[94.5444,27.6012],[94.5364,27.5932],[94.5013,27.5742],[94.4771,27.5759],[94.4616,27.5555],[94.4512,27.572],[94.4317,27.591],[94.4183,27.5977],[94.4015,27.5852],[94.3922,27.5892],[94.3697,27.575],[94.3505,27.5773],[94.3327,27.5872],[94.3083,27.5914],[94.3017,27.6012],[94.2763,27.5905],[94.2723,27.6031],[94.2562,27.6107],[94.2672,27.6297],[94.2615,27.6361],[94.2369,27.6326],[94.2222,27.6112],[94.2262,27.5984],[94.2238,27.5767],[94.249,27.5664],[94.2585,27.5557],[94.2566,27.5403],[94.2681,27.521],[94.2789,27.4953],[94.279,27.4852]]]},"properties":{"district":"DHEMAJI"}},
{"type":"Feature","geometry":{"type":"Polygon","coordinates":[[[92.4189,26.517],[92.4174,26.5167],[92.3927,26.5129],[92.3829,26.5165],[92.3608,26.5055],[92.3441,26.5047],[92.3079,26.4826],[92.2871,26.4588],[92.2749,26.4511],[92.2556,26.4518],[92.2445,26.4461],[92.2363,26.4312],[92.2207,26.4168],[92.21,26.4141],[92.1999,26.4212],[92.1818,26.4244],[92.1584,26.4139],[92.1428,26.4013],[92.1228,26.3706],[92.1038,26.3545],[92.0942,26.339],[92.0857,26.3404],[92.075,26.3172],[92.0614,26.3104],[92.0509,26.2874],[92.0387,26.2724],[92.0231,26.2715],[92.0148,26.2807],[91.992,26.2697],[91.9809,26.2755],[91.9527,26.2556],[91.9575,26.2335],[92.0019,26.2039],[92.0194,26.2005],[92.0269,26.2087],[92.0742,26.1965],[92.0804,26.1786],[92.1046,26.172],[92.1296,26.1805],[92.1331,26.1713],[92.1501,26.1613],[92.1669,26.1629],[92.1619,26.1445],[92.171,26.0995],[92.1688,26.0898],[92.1757,26.078],[92.1772,26.0692],[92.2216,26.0687],[92.2408,26.063],[92.2749,26.0659],[92.2779,26.0678],[92.3028,26.0853],[92.3237,26.0862],[92.3299,26.0768],[92.3596,26.0872],[92.3675,26.0821],[92.3795,26.0913],[92.3955,26.1137],[92.408,26.1261],[92.4024,26.1424],[92.4176,26.1537],[92.4221,26.1748],[92.4304,26.1898],[92.4292,26.2177],[92.4256,26.2308],[92.4106,26.2466],[92.4189,26.2694],[92.4851,26.2747],[92.5014,26.2724],[92.5187,26.2803],[92.5517,26.3076],[92.5574,26.3155],[92.5589,26.3184],[92.568,26.3374],[92.5639,26.3642],[92.5514,26.3821],[92.5081,26.3736],[92.5079,26.3729],[92.5069,26.3719],[92.4882,26.3676],[92.4706,26.3741],[92.4405,26.3702],[92.4413,26.3891],[92.4334,26.3902],[92.4323,26.4129],[92.4181,26.4128],[92.4107,26.4216],[92.4253,26.4406],[92.4276,26.4554],[92.4029,26.4593],[92.4106,26.4755],[92.3953,26.4748],[92.3874,26.4859],[92.4177,26.5005],[92.4194,26.509],[92.4196,26.5119],[92.4193,26.5146],[92.4189,26.517]]]},"properties":{"district":"MARIGAON"}},
{"type":"Feature","geometry":{"type":"Polygon","coordinates":[[[91.8627,26.538],[91.8662,26.5481],[91.8643,26.5376],[91.8842,26.5385],[91.8965,26.5696],[91.9218,26.5676],[91.9277,26.5373],[91.9517,26.5443],[91.9587,26.5517],[91.9749,26.5519],[91.9763,26.5531],[91.9901,26.555],[91.9945,26.5399],[92.0347,26.5204],[92.0406,26.51],[92.0383,26.4857],[92.0474,26.4775],[92.0585,26.4881],[92.0684,26.5172],[92.068,26.5246],[92.0683,26.5451],[92.0859,26.5431],[92.1081,26.5529],[92.1086,26.5695],[92.1006,26.5793],[92.0865,26.5759],[92.0794,26.5893],[92.0623,26.5873],[92.0623,26.5747],[92.054,26.5445],[92.0417,26.5505],[92.0093,26.5551],[92.0019,26.5714],[92.0143,26.578],[92.0143,26.5886],[92.0472,26.5924],[92.0488,26.5964],[92.0508,26.6014],[92.0924,26.6078],[92.071,26.6335],[92.0726,26.6469],[92.075,26.647],[92.0802,26.6471],[92.1033,26.6476],[92.1214,26.6437],[92.1281,26.6556],[92.1586,26.666],[92.1785,26.6696],[92.1822,26.6785],[92.1811,26.6702],[92.1823,26.6575],[92.202,26.6513],[92.205,26.6407],[92.2176,26.6352],[92.2344,26.5969],[92.2274,26.5945],[92.2246,26.5536],[92.2304,26.5487],[92.2474,26.5629],[92.2525,26.5738],[92.2443,26.588],[92.2474,26.6101],[92.2895,26.6209],[92.3054,26.6294],[92.3367,26.596],[92.3433,26.5817],[92.3631,26.5836],[92.3574,26.6119],[92.3758,26.6137],[92.3757,26.6294],[92.3953,26.6271],[92.4016,26.6351],[92.3883,26.6487],[92.3702,26.6478],[92.3629,26.6602],[92.3665,26.675],[92.364,26.6982],[92.3507,26.6986],[92.3488,26.6642],[92.3314,26.6628],[92.3352,26.6743],[92.3368,26.7316],[92.328,26.7565],[92.3338,26.7613],[92.3389,26.7862],[92.3346,26.8083],[92.3329,26.842],[92.3429,26.8521],[92.3426,26.8826],[92.3496,26.9118],[92.3648,26.9321],[92.3631,26.9347],[92.3025,26.9228],[92.3028,26.9073],[92.276,26.9021],[92.2551,26.9097],[92.2379,26.9059],[92.1947,26.8901],[92.1697,26.8918],[92.1175,26.8878],[92.1016,26.8814],[92.1023,26.8674],[92.0561,26.8467],[92.0165,26.8504],[91.9835,26.8579],[91.9643,26.8822],[91.9437,26.8949],[91.8929,26.9187],[91.8593,26.9132],[91.8302,26.873],[91.8241,26.8639],[91.7207,26.8119],[91.7048,26.8114],[91.7131,26.785],[91.716,26.7584],[91.7352,26.7257],[91.7333,26.7146],[91.7454,26.687],[91.7409,26.6751],[91.7342,26.6554],[91.7468,26.6496],[91.7501,26.6358],[91.7394,26.6175],[91.7447,26.5901],[91.7504,26.5789],[91.7791,26.5503],[91.7834,26.5297],[91.7804,26.5118],[91.7983,26.512],[91.8171,26.5054],[91.8331,26.5153],[91.8274,26.5449],[91.8128,26.5443],[91.8111,26.5577],[91.8304,26.5604],[91.8356,26.5773],[91.8472,26.5743],[91.8539,26.5383],[91.8627,26.538]]]},"properties":{"district":"UDALGURI"}},
{"type":"Feature","geometry":{"type":"MultiPolygon","coordinates":[[[[91.7251,26.2089],[91.7441,26.2145],[91.7443,26.217],[91.7451,26.2195],[91.7474,26.2222],[91.7636,26.2322],[91.7632,26.2395],[91.7818,26.2448],[91.7899,26.2674],[91.7903,26.2684],[91.7904,26.2707],[91.7904,26.2721],[91.7902,26.2731],[91.7887,26.2736],[91.7877,26.2744],[91.7871,26.2754],[91.7863,26.2775],[91.7856,26.2805],[91.7857,26.2815],[91.7861,26.2824],[91.7865,26.2838],[91.7863,26.2848],[91.7851,26.2864],[91.7844,26.2876],[91.786,26.2903],[91.7862,26.2914],[91.7856,26.2928],[91.7821,26.2962],[91.7832,26.3039],[91.7816,26.3047],[91.782,26.3056],[91.7868,26.3062],[91.7901,26.312],[91.8216,26.3318],[91.8169,26.3432],[91.8176,26.3444],[91.8191,26.3458],[91.8192,26.3467],[91.8215,26.3562],[91.8229,26.364],[91.8216,26.3645],[91.8201,26.3657],[91.8204,26.3669],[91.8213,26.368],[91.8222,26.3691],[91.8221,26.37],[91.8217,26.3712],[91.8208,26.3735],[91.8196,26.376],[91.8191,26.3772],[91.8185,26.3784],[91.8179,26.3794],[91.8125,26.3818],[91.8098,26.3836],[91.7985,26.3963],[91.7977,26.3984],[91.7979,26.3998],[91.7976,26.4009],[91.7963,26.4014],[91.795,26.4021],[91.7945,26.4035],[91.7951,26.4045],[91.7962,26.4056],[91.7957,26.4079],[91.7949,26.409],[91.7934,26.4095],[91.7923,26.4092],[91.7894,26.4079],[91.7829,26.4088],[91.7738,26.4263],[91.772,26.4469],[91.7645,26.4591],[91.7645,26.4601],[91.7649,26.4611],[91.7656,26.4621],[91.766,26.4632],[91.7658,26.4644],[91.7656,26.4663],[91.7654,26.4675],[91.7712,26.4668],[91.774,26.4698],[91.7765,26.4697],[91.7775,26.4707],[91.7775,26.4723],[91.7777,26.4734],[91.7776,26.4744],[91.7776,26.4755],[91.7793,26.478],[91.7789,26.4791],[91.7792,26.4802],[91.7793,26.4811],[91.7628,26.48],[91.7604,26.4824],[91.7521,26.4816],[91.7514,26.4853],[91.7524,26.4869],[91.7512,26.4881],[91.752,26.4895],[91.7531,26.4921],[91.7541,26.4944],[91.7529,26.4953],[91.7489,26.4965],[91.7403,26.496],[91.7343,26.4964],[91.7343,26.4979],[91.7362,26.4996],[91.7369,26.5006],[91.7376,26.5018],[91.7247,26.503],[91.7258,26.4994],[91.7262,26.4959],[91.7242,26.4952],[91.7202,26.4935],[91.7186,26.4918],[91.7193,26.4903],[91.7192,26.4882],[91.718,26.486],[91.7166,26.4841],[91.7169,26.4805],[91.7179,26.4794],[91.7192,26.4781],[91.72,26.4769],[91.6889,26.4638],[91.6856,26.455],[91.6759,26.4545],[91.6756,26.4526],[91.676,26.45],[91.6761,26.4497],[91.6763,26.4484],[91.6734,26.4485],[91.6706,26.4486],[91.6623,26.4492],[91.6572,26.4494],[91.6557,26.4495],[91.6538,26.4493],[91.6414,26.4499],[91.6357,26.4498],[91.6337,26.4496],[91.6327,26.4491],[91.6316,26.4482],[91.63,26.4463],[91.625,26.4472],[91.6247,26.449],[91.6264,26.4497],[91.631,26.45],[91.632,26.4511],[91.6316,26.4524],[91.6288,26.4559],[91.6299,26.4595],[91.6295,26.4605],[91.6284,26.4609],[91.6274,26.4585],[91.6265,26.4562],[91.6242,26.4568],[91.6241,26.4578],[91.624,26.4592],[91.6211,26.4694],[91.6239,26.4715],[91.6257,26.4704],[91.6266,26.4711],[91.626,26.4724],[91.6257,26.4735],[91.626,26.4754],[91.6266,26.4764],[91.6282,26.4793],[91.6281,26.4808],[91.6254,26.4801],[91.6238,26.4759],[91.6217,26.476],[91.6211,26.4766],[91.6208,26.4777],[91.6205,26.4786],[91.6205,26.4802],[91.6238,26.4871],[91.623,26.4893],[91.6275,26.4906],[91.6283,26.4922],[91.6279,26.4938],[91.6264,26.4939],[91.6237,26.4925],[91.6227,26.4917],[91.6216,26.4904],[91.6203,26.4887],[91.6191,26.4884],[91.6173,26.4892],[91.6162,26.4889],[91.6166,26.4867],[91.6157,26.486],[91.6145,26.4876],[91.6147,26.4891],[91.6182,26.4926],[91.6186,26.4939],[91.6174,26.4948],[91.6141,26.4944],[91.6117,26.4949],[91.6136,26.497],[91.6149,26.4993],[91.6153,26.5009],[91.6147,26.5035],[91.618,26.5059],[91.6179,26.5098],[91.6191,26.5111],[91.6195,26.5122],[91.6195,26.5127],[91.6036,26.5124],[91.5987,26.5131],[91.599,26.5149],[91.599,26.5167],[91.5925,26.515],[91.5895,26.5145],[91.5884,26.5166],[91.5881,26.5182],[91.5886,26.5267],[91.5561,26.5255],[91.5619,26.4836],[91.556,26.4815],[91.5512,26.4757],[91.5504,26.4738],[91.5495,26.4709],[91.552,26.4558],[91.5529,26.4542],[91.5528,26.4527],[91.5532,26.4513],[91.5534,26.4504],[91.5544,26.4494],[91.5566,26.4463],[91.5578,26.4452],[91.5593,26.4448],[91.5606,26.4436],[91.5606,26.4424],[91.5607,26.4415],[91.5612,26.4386],[91.5611,26.4381],[91.5613,26.4378],[91.5615,26.4377],[91.5617,26.4377],[91.5619,26.4379],[91.5621,26.4382],[91.5622,26.4383],[91.5623,26.4383],[91.5624,26.4382],[91.5627,26.4371],[91.5621,26.4346],[91.5623,26.4341],[91.5641,26.4336],[91.5635,26.4332],[91.5631,26.433],[91.5631,26.4328],[91.5633,26.4326],[91.5636,26.4327],[91.564,26.4328],[91.5642,26.4327],[91.5641,26.4324],[91.564,26.4321],[91.5639,26.4319],[91.564,26.4318],[91.5639,26.4317],[91.564,26.4307],[91.564,26.4298],[91.5628,26.4295],[91.5627,26.4296],[91.5625,26.4295],[91.5615,26.4291],[91.5605,26.4291],[91.5601,26.4291],[91.5582,26.4254],[91.5581,26.4246],[91.5581,26.4245],[91.5581,26.4244],[91.558,26.4241],[91.5582,26.4231],[91.5534,26.4194],[91.5434,26.4092],[91.5423,26.408],[91.5423,26.407],[91.5413,26.4049],[91.5412,26.4045],[91.5418,26.4035],[91.5413,26.4025],[91.5408,26.4015],[91.5348,26.3989],[91.5346,26.3986],[91.5346,26.3985],[91.5347,26.3984],[91.5349,26.3984],[91.5351,26.3984],[91.5354,26.3979],[91.5335,26.3971],[91.5325,26.395],[91.5315,26.3941],[91.5286,26.3927],[91.5287,26.3923],[91.5286,26.3922],[91.5287,26.3913],[91.5286,26.3901],[91.5298,26.3894],[91.5294,26.3832],[91.5336,26.38],[91.534,26.3793],[91.5341,26.3792],[91.5341,26.3791],[91.5343,26.3789],[91.5357,26.3775],[91.5363,26.3764],[91.5351,26.3755],[91.5327,26.3753],[91.5311,26.3741],[91.5294,26.3741],[91.5282,26.3731],[91.5261,26.3721],[91.526,26.372],[91.5253,26.3716],[91.5245,26.3447],[91.5235,26.3438],[91.5227,26.3433],[91.5224,26.3431],[91.5222,26.343],[91.5216,26.3426],[91.5211,26.3421],[91.5209,26.3418],[91.5208,26.3417],[91.5204,26.3413],[91.5205,26.3412],[91.5205,26.3408],[91.5207,26.3403],[91.5213,26.3401],[91.5214,26.34],[91.5234,26.34],[91.5238,26.3398],[91.524,26.3388],[91.5246,26.3375],[91.5241,26.3364],[91.5221,26.3365],[91.5216,26.3364],[91.5216,26.336],[91.5216,26.3355],[91.5216,26.3348],[91.5206,26.3334],[91.4898,26.3315],[91.4798,26.3272],[91.4815,26.3236],[91.4817,26.3231],[91.4818,26.3224],[91.4818,26.3221],[91.4818,26.3215],[91.4816,26.3213],[91.4815,26.3211],[91.4823,26.3209],[91.4812,26.3211],[91.4659,26.3168],[91.4549,26.3204],[91.4484,26.2908],[91.4514,26.27],[91.4514,26.2696],[91.447,26.2697],[91.4466,26.2697],[91.4461,26.2677],[91.4461,26.2672],[91.4448,26.266],[91.4448,26.2654],[91.4375,26.2605],[91.422,26.2686],[91.4124,26.265],[91.4153,26.248],[91.4166,26.2457],[91.4255,26.2445],[91.4259,26.2443],[91.4315,26.2401],[91.4314,26.2396],[91.4207,26.2354],[91.4209,26.2351],[91.4222,26.2327],[91.4222,26.2325],[91.4221,26.2318],[91.4198,26.2059],[91.4111,26.2011],[91.4204,26.1746],[91.4143,26.1361],[91.3877,26.1407],[91.3669,26.1603],[91.3536,26.1673],[91.3342,26.1678],[91.3232,26.1604],[91.2946,26.1572],[91.2556,26.1631],[91.2221,26.1794],[91.1782,26.175],[91.1456,26.16],[91.136,26.1595],[91.1326,26.159],[91.1253,26.1572],[91.1169,26.1547],[91.1164,26.1546],[91.1142,26.1561],[91.1135,26.1573],[91.1122,26.1579],[91.1106,26.158],[91.1082,26.1601],[91.1065,26.1617],[91.1042,26.1635],[91.1028,26.1643],[91.1015,26.1649],[91.0985,26.1653],[91.09,26.1644],[91.0812,26.1617],[91.078,26.1603],[91.0691,26.1544],[91.0669,26.151],[91.0663,26.1499],[91.0631,26.1454],[91.0486,26.1307],[91.0297,26.1192],[91.0165,26.1258],[91.0155,26.1259],[91.0142,26.1266],[91.0092,26.1273],[91.0062,26.1281],[90.9988,26.1266],[91.0076,26.1198],[91.0093,26.1173],[91.0096,26.116],[91.0087,26.1152],[91.0082,26.1151],[91.0075,26.1152],[91.006,26.1161],[91.0034,26.1182],[91.0015,26.1192],[91,26.1195],[90.9943,26.1194],[90.9923,26.119],[90.9908,26.1182],[90.9895,26.117],[90.9879,26.1158],[90.985,26.1135],[90.9827,26.112],[90.9663,26.1032],[90.9531,26.0959],[90.9451,26.0938],[90.9437,26.0938],[90.9412,26.0936],[90.9359,26.0926],[90.9394,26.0875],[90.947,26.0893],[90.9504,26.082],[90.9585,26.0825],[90.96,26.0824],[90.9586,26.0777],[90.9582,26.0772],[90.9586,26.0768],[90.9588,26.0763],[90.9584,26.076],[90.9586,26.0757],[90.959,26.0756],[90.9595,26.0754],[90.9601,26.0754],[90.9607,26.0752],[90.961,26.075],[90.9614,26.0749],[90.9618,26.0745],[90.9623,26.074],[90.9626,26.0739],[90.9631,26.0735],[90.9635,26.073],[90.9649,26.0724],[90.9657,26.0722],[90.9728,26.0659],[90.9737,26.0654],[90.9798,26.0606],[90.9804,26.0586],[90.9808,26.0582],[90.9817,26.0585],[90.9818,26.0587],[90.9826,26.0587],[90.9829,26.0587],[90.9846,26.0595],[90.9851,26.0596],[90.9855,26.0597],[90.9978,26.0547],[90.9987,26.0539],[90.9993,26.0537],[91.0101,26.0545],[91.0106,26.0543],[91.0137,26.0491],[91.0143,26.0487],[91.0232,26.0426],[91.0238,26.0422],[91.028,26.0412],[91.0286,26.0415],[91.0304,26.0449],[91.0312,26.0465],[91.0315,26.0469],[91.0467,26.0405],[91.0641,26.0463],[91.0749,26.0386],[91.0756,26.0389],[91.0818,26.0318],[91.082,26.0311],[91.0824,26.0309],[91.0886,26.0314],[91.0892,26.0313],[91.0895,26.0313],[91.0902,26.0315],[91.0905,26.0311],[91.0902,26.0306],[91.0882,26.0219],[91.0996,26.0069],[91.0905,26.0017],[91.0805,25.9725],[91.0684,25.9665],[91.0475,25.9415],[91.0305,25.8859],[91.0298,25.8709],[91.0187,25.8579],[91.0141,25.8428],[91.0009,25.8255],[91.0219,25.8241],[91.0499,25.8494],[91.0662,25.8456],[91.0588,25.8326],[91.0626,25.8213],[91.0801,25.8233],[91.1244,25.8359],[91.1456,25.85],[91.1746,25.844],[91.196,25.8584],[91.2018,25.8429],[91.1872,25.8176],[91.1903,25.8131],[91.1796,25.778],[91.189,25.7642],[91.1888,25.7386],[91.1935,25.7309],[91.2196,25.7269],[91.2413,25.7353],[91.257,25.7459],[91.2712,25.7446],[91.2757,25.7548],[91.3006,25.7869],[91.3206,25.8219],[91.3327,25.8332],[91.3574,25.8411],[91.3923,25.8473],[91.4027,25.8518],[91.4281,25.8526],[91.442,25.8396],[91.4679,25.8582],[91.4752,25.8692],[91.4788,25.8892],[91.5028,25.8998],[91.5066,25.9145],[91.5016,25.9239],[91.5166,25.9417],[91.5185,25.9603],[91.5286,25.9616],[91.5448,25.9763],[91.5717,26.0142],[91.5691,26.0247],[91.5784,26.0334],[91.5951,26.0202],[91.6101,26.0253],[91.6274,26.0218],[91.6292,25.9758],[91.6409,25.9641],[91.6307,25.9438],[91.6116,25.9447],[91.6096,25.9368],[91.6255,25.9299],[91.6496,25.9082],[91.6682,25.9052],[91.6885,25.921],[91.7037,25.9425],[91.7131,25.9436],[91.7235,25.9639],[91.7213,26.0126],[91.7227,26.0346],[91.6872,26.0461],[91.6269,26.0721],[91.6001,26.0756],[91.5982,26.0609],[91.5679,26.0601],[91.5863,26.0923],[91.564,26.1043],[91.5617,26.1415],[91.5646,26.1493],[91.6042,26.1547],[91.6214,26.1613],[91.6489,26.1656],[91.6564,26.1817],[91.6824,26.18],[91.6921,26.211],[91.7141,26.2112],[91.716,26.2104],[91.7213,26.2099],[91.7251,26.2089]],[[91.7134,26.2223],[91.7077,26.2214],[91.7048,26.2208],[91.6983,26.2199],[91.6982,26.2261],[91.7134,26.2223]],[[91.6846,26.2316],[91.6843,26.231],[91.6843,26.2311],[91.6846,26.2316]],[[91.6828,26.232],[91.6824,26.2321],[91.6821,26.2322],[91.6819,26.2325],[91.6828,26.232]],[[91.6553,26.2379],[91.6552,26.2376],[91.655,26.2372],[91.6553,26.2379]],[[91.6425,26.2268],[91.6411,26.2269],[91.6414,26.2269],[91.6416,26.2269],[91.642,26.2269],[91.6425,26.2268]],[[91.4826,26.3207],[91.4829,26.3205],[91.4829,26.3204],[91.4826,26.3207]],[[91.5515,26.2844],[91.551,26.278],[91.551,26.2787],[91.5509,26.2824],[91.5509,26.2844],[91.5515,26.2844]],[[91.5251,26.2717],[91.5264,26.2719],[91.5299,26.2722],[91.5251,26.2717]],[[91.5328,26.2592],[91.5339,26.2581],[91.5342,26.2578],[91.5347,26.2571],[91.5328,26.2592]],[[91.5347,26.2571],[91.5356,26.2563],[91.5363,26.2554],[91.537,26.255],[91.5376,26.2539],[91.5347,26.2571]],[[91.5877,26.2564],[91.5875,26.2566],[91.5874,26.257],[91.5873,26.2584],[91.5903,26.2591],[91.5877,26.2564]]],[[[91.6859,26.2341],[91.6857,26.2337],[91.6854,26.2331],[91.6859,26.2341]]]]},"properties":{"district":"KAMRUP RURAL"}},
{"type":"Feature","geometry":{"type":"Polygon","coordinates":[[[90.4932,26.1859],[90.4692,26.1682],[90.4671,26.1772],[90.4447,26.1657],[90.4382,26.174],[90.4545,26.1893],[90.4334,26.1971],[90.4071,26.1965],[90.3911,26.1915],[90.3771,26.1982],[90.3674,26.1945],[90.3596,26.1906],[90.3516,26.1902],[90.3221,26.1949],[90.2812,26.1879],[90.2683,26.1821],[90.2665,26.1832],[90.2647,26.1832],[90.2644,26.1798],[90.2638,26.1761],[90.2635,26.1742],[90.2642,26.1708],[90.2628,26.1685],[90.261,26.1546],[90.2479,26.1404],[90.2291,26.134],[90.2251,26.1321],[90.225,26.132],[90.2216,26.1305],[90.2146,26.1273],[90.2084,26.1273],[90.2058,26.1274],[90.2007,26.1274],[90.1954,26.1273],[90.1891,26.1217],[90.1883,26.1188],[90.1876,26.1139],[90.186,26.1107],[90.1809,26.1065],[90.177,26.1046],[90.1736,26.1031],[90.1728,26.1001],[90.1728,26.0974],[90.1734,26.0902],[90.1687,26.0775],[90.1789,26.0675],[90.1865,26.0378],[90.1963,26.0296],[90.1972,26.0259],[90.1969,26.0233],[90.1982,26.0058],[90.1963,26.0065],[90.1944,26.0145],[90.1778,26.0161],[90.1739,25.993],[90.1582,25.988],[90.1289,25.9673],[90.1207,25.9563],[90.1736,25.9581],[90.1809,25.9495],[90.2016,25.9603],[90.2114,25.953],[90.2351,25.9593],[90.2457,25.9565],[90.2832,25.9628],[90.3278,25.9748],[90.3495,26.0034],[90.367,26.0103],[90.4003,26.0107],[90.4291,25.9888],[90.4559,26.0003],[90.4787,26.0136],[90.5015,26.001],[90.5174,25.9747],[90.5341,25.9598],[90.5361,25.9352],[90.5254,25.9327],[90.5176,25.9067],[90.5326,25.9068],[90.5557,25.9287],[90.5734,25.9376],[90.5722,25.9468],[90.5812,25.958],[90.6008,25.9513],[90.6264,25.9365],[90.6071,25.9187],[90.6133,25.8995],[90.6244,25.898],[90.6333,25.9207],[90.6719,25.9343],[90.6879,25.9489],[90.6903,25.9495],[90.6952,25.9501],[90.6978,25.9504],[90.6994,25.9501],[90.7245,25.9468],[90.7452,25.9535],[90.7401,25.9391],[90.7638,25.9078],[90.778,25.9087],[90.7844,25.9252],[90.7963,25.9406],[90.809,25.9475],[90.8258,25.9488],[90.8363,25.9439],[90.8747,25.9426],[90.885,25.95],[90.8943,25.9313],[90.9155,25.9308],[90.9164,25.9435],[90.9338,25.9399],[90.9399,25.9474],[90.9594,25.9313],[90.9689,25.9038],[90.9659,25.8885],[90.9975,25.888],[91.0105,25.8843],[91.0305,25.8859],[91.0475,25.9415],[91.0684,25.9665],[91.0805,25.9725],[91.0905,26.0017],[91.0996,26.0069],[91.0882,26.0219],[91.0902,26.0306],[91.0905,26.0311],[91.0902,26.0315],[91.0895,26.0313],[91.0892,26.0313],[91.0886,26.0314],[91.0824,26.0309],[91.082,26.0311],[91.0818,26.0318],[91.0756,26.0389],[91.0749,26.0386],[91.0641,26.0463],[91.0467,26.0405],[91.0315,26.0469],[91.0312,26.0465],[91.0304,26.0449],[91.0286,26.0415],[91.028,26.0412],[91.0238,26.0422],[91.0232,26.0426],[91.0143,26.0487],[91.0137,26.0491],[91.0106,26.0543],[91.0101,26.0545],[90.9993,26.0537],[90.9987,26.0539],[90.9978,26.0547],[90.9855,26.0597],[90.9851,26.0596],[90.9846,26.0595],[90.9829,26.0587],[90.9826,26.0587],[90.9818,26.0587],[90.9817,26.0585],[90.9808,26.0582],[90.9804,26.0586],[90.9798,26.0606],[90.9737,26.0654],[90.9728,26.0659],[90.9657,26.0722],[90.9649,26.0724],[90.9635,26.073],[90.9631,26.0735],[90.9626,26.0739],[90.9623,26.074],[90.9618,26.0745],[90.9614,26.0749],[90.961,26.075],[90.9607,26.0752],[90.9601,26.0754],[90.9595,26.0754],[90.959,26.0756],[90.9586,26.0757],[90.9584,26.076],[90.9588,26.0763],[90.9586,26.0768],[90.9582,26.0772],[90.9586,26.0777],[90.96,26.0824],[90.9585,26.0825],[90.9504,26.082],[90.947,26.0893],[90.9394,26.0875],[90.9359,26.0926],[90.9322,26.0979],[90.9302,26.0962],[90.9269,26.0944],[90.9225,26.0931],[90.9182,26.0897],[90.9009,26.0922],[90.8727,26.0954],[90.8609,26.1112],[90.8483,26.1148],[90.8461,26.1135],[90.8447,26.1114],[90.8401,26.1089],[90.8239,26.1186],[90.8199,26.1181],[90.8103,26.1213],[90.8067,26.1231],[90.8008,26.1255],[90.7927,26.1277],[90.7724,26.1329],[90.747,26.1361],[90.7414,26.1359],[90.7396,26.1361],[90.7358,26.1362],[90.7341,26.1363],[90.7333,26.1363],[90.7314,26.1344],[90.7308,26.1339],[90.7213,26.1325],[90.72,26.132],[90.7185,26.1313],[90.7171,26.1306],[90.7154,26.13],[90.7144,26.1299],[90.7138,26.1301],[90.7136,26.1303],[90.7077,26.1462],[90.6938,26.1506],[90.6925,26.1536],[90.6911,26.1567],[90.6899,26.1595],[90.6886,26.1625],[90.6862,26.1679],[90.6784,26.1777],[90.6761,26.1897],[90.6725,26.1983],[90.6559,26.2111],[90.6288,26.2046],[90.6001,26.2152],[90.5773,26.2035],[90.5455,26.2053],[90.5388,26.2039],[90.5297,26.2014],[90.5211,26.1997],[90.5127,26.1966],[90.5093,26.1948],[90.5068,26.193],[90.497,26.1924],[90.4932,26.1859]],[[90.2351,25.9593],[90.2262,25.9761],[90.2285,25.9734],[90.2318,25.9685],[90.2351,25.9593]],[[90.5449,26.1724],[90.5405,26.1667],[90.5394,26.1696],[90.5422,26.1715],[90.5449,26.1724]],[[90.5948,26.148],[90.5957,26.1426],[90.5953,26.1449],[90.5948,26.148]],[[90.6561,26.1041],[90.6545,26.1017],[90.6516,26.0995],[90.6561,26.1041]],[[90.6391,26.0999],[90.6358,26.0976],[90.6355,26.0975],[90.6391,26.0999]],[[90.6559,26.0525],[90.6593,26.0432],[90.6578,26.0469],[90.6559,26.0525]],[[90.655,26.0328],[90.6665,26.0268],[90.6804,26.0402],[90.6807,26.027],[90.6685,26.0228],[90.655,26.0328]],[[90.6611,26.0096],[90.6655,26.0073],[90.6657,26.0042],[90.6632,26.0026],[90.6619,26.0013],[90.6611,26.0096]],[[90.6878,25.9996],[90.689,26.0135],[90.689,26.0103],[90.6878,25.9996]],[[90.4113,26.0603],[90.4021,26.0653],[90.4011,26.0663],[90.3991,26.0683],[90.4113,26.0603]]]},"properties":{"district":"GOALPARA"}},
{"type":"Feature","geometry":{"type":"Polygon","coordinates":[[[94.1042,26.5058],[94.0973,26.4947],[94.0999,26.4726],[94.1145,26.4607],[94.1255,26.4405],[94.1138,26.4256],[94.1162,26.3966],[94.1255,26.3705],[94.1376,26.3488],[94.151,26.3479],[94.1631,26.3824],[94.128,26.4264],[94.1559,26.4374],[94.1557,26.4593],[94.1843,26.4573],[94.2026,26.4693],[94.2065,26.4857],[94.2365,26.5063],[94.2562,26.5414],[94.2848,26.5604],[94.2812,26.5489],[94.2831,26.5052],[94.2933,26.4715],[94.3157,26.4583],[94.3201,26.4733],[94.3392,26.4807],[94.3506,26.4912],[94.3546,26.5034],[94.3742,26.5076],[94.3758,26.5215],[94.3895,26.5272],[94.4034,26.5454],[94.4122,26.5826],[94.4018,26.5938],[94.4042,26.612],[94.4256,26.6174],[94.4499,26.6357],[94.4598,26.661],[94.4809,26.6675],[94.4926,26.6661],[94.5056,26.6792],[94.5177,26.6825],[94.52,26.6983],[94.5391,26.7064],[94.5622,26.7051],[94.5903,26.6969],[94.592,26.7251],[94.5715,26.7423],[94.5724,26.7525],[94.5515,26.7498],[94.5287,26.7581],[94.5117,26.7734],[94.5194,26.7906],[94.517,26.8106],[94.5171,26.8112],[94.5172,26.8118],[94.4862,26.8334],[94.493,26.846],[94.4885,26.8548],[94.4966,26.8673],[94.4933,26.8793],[94.4743,26.8921],[94.482,26.9049],[94.4777,26.9285],[94.4644,26.9412],[94.4361,26.936],[94.417,26.943],[94.4038,26.937],[94.3964,26.9528],[94.3826,26.9364],[94.3769,26.9223],[94.3411,26.8901],[94.32,26.8795],[94.3002,26.8775],[94.2712,26.8689],[94.2336,26.8653],[94.1779,26.8341],[94.1547,26.8333],[94.1067,26.849],[94.0908,26.8474],[94.0703,26.8299],[94.0532,26.8248],[94.0293,26.8314],[94.0079,26.8189],[93.9823,26.814],[93.9731,26.7967],[93.9864,26.7859],[93.9918,26.7698],[94.0005,26.7619],[94.0005,26.7491],[94.0372,26.774],[94.0389,26.7926],[94.0722,26.8102],[94.0848,26.7895],[94.0952,26.7819],[94.0802,26.7568],[94.0841,26.749],[94.0739,26.7374],[94.0655,26.7082],[94.0808,26.7045],[94.0736,26.6908],[94.0794,26.681],[94.1064,26.6901],[94.1154,26.6759],[94.1119,26.6627],[94.0977,26.6535],[94.0909,26.6288],[94.0801,26.6134],[94.08,26.6035],[94.0698,26.5913],[94.0866,26.58],[94.0999,26.5763],[94.1146,26.5549],[94.1042,26.5058]]]},"properties":{"district":"JORHAT"}},
{"type":"Feature","geometry":{"type":"Polygon","coordinates":[[[92.5917,24.8223],[92.5904,24.8427],[92.5823,24.8446],[92.5466,24.8098],[92.5414,24.7857],[92.5452,24.7656],[92.5251,24.7511],[92.5223,24.7295],[92.5051,24.7062],[92.4934,24.6745],[92.5061,24.6644],[92.504,24.6308],[92.5079,24.6196],[92.5046,24.5895],[92.5172,24.5744],[92.5168,24.5599],[92.5061,24.5356],[92.5101,24.4839],[92.5074,24.4734],[92.506,24.4327],[92.4922,24.3719],[92.4776,24.3267],[92.4482,24.2859],[92.4338,24.2547],[92.4225,24.2549],[92.4187,24.1936],[92.4333,24.1842],[92.4369,24.1529],[92.4658,24.1366],[92.4808,24.1505],[92.4836,24.163],[92.4975,24.1597],[92.5247,24.1714],[92.5434,24.2045],[92.5501,24.2233],[92.5503,24.2434],[92.5694,24.2521],[92.6067,24.2499],[92.6141,24.2563],[92.6162,24.2894],[92.6226,24.3317],[92.6492,24.3287],[92.664,24.3464],[92.6897,24.3538],[92.7028,24.3748],[92.7114,24.4074],[92.7405,24.4687],[92.7562,24.51],[92.7635,24.5213],[92.7572,24.523],[92.7797,24.5656],[92.7643,24.567],[92.7589,24.5776],[92.7331,24.5828],[92.7156,24.5679],[92.6893,24.5753],[92.6696,24.5882],[92.6682,24.6098],[92.689,24.6125],[92.6891,24.6233],[92.6655,24.6276],[92.6651,24.6735],[92.6503,24.6845],[92.6571,24.7005],[92.6558,24.7535],[92.661,24.7587],[92.6676,24.7893],[92.68,24.8012],[92.6838,24.8143],[92.6663,24.8178],[92.6634,24.8387],[92.6949,24.8392],[92.6848,24.848],[92.6735,24.8428],[92.6534,24.8486],[92.6361,24.8383],[92.6346,24.8596],[92.6217,24.8582],[92.6026,24.8411],[92.5917,24.8223]]]},"properties":{"district":"HAILAKANDI"}},
{"type":"Feature","geometry":{"type":"Polygon","coordinates":[[[92.3605,26.5824],[92.3695,26.5494],[92.367,26.532],[92.3522,26.5305],[92.3317,26.5152],[92.3441,26.5047],[92.3608,26.5055],[92.3829,26.5165],[92.3927,26.5129],[92.4174,26.5167],[92.419,26.5171],[92.4421,26.5197],[92.452,26.5151],[92.4581,26.4995],[92.4779,26.4958],[92.4928,26.502],[92.5226,26.5081],[92.5636,26.5062],[92.5648,26.5055],[92.5758,26.4997],[92.5888,26.506],[92.6316,26.5179],[92.6514,26.5174],[92.6623,26.5222],[92.6768,26.5116],[92.6896,26.5104],[92.7051,26.529],[92.7222,26.5363],[92.7288,26.5178],[92.7473,26.5108],[92.7645,26.5326],[92.7675,26.5484],[92.7728,26.5558],[92.7946,26.557],[92.8424,26.5845],[92.8691,26.5816],[92.8938,26.5958],[92.9199,26.5967],[92.9404,26.6185],[92.9794,26.6179],[92.9967,26.6109],[92.9784,26.6239],[92.9719,26.628],[92.9395,26.632],[92.9157,26.65],[92.9163,26.6268],[92.892,26.6215],[92.8763,26.6092],[92.8649,26.6149],[92.861,26.6293],[92.8763,26.6326],[92.8958,26.6517],[92.9009,26.6649],[92.8858,26.696],[92.9054,26.7058],[92.9128,26.7201],[92.9247,26.725],[92.9308,26.7338],[92.9274,26.7737],[92.9278,26.7989],[92.9236,26.8198],[92.9212,26.8322],[92.919,26.8384],[92.9134,26.8494],[92.8858,26.8478],[92.8798,26.8612],[92.8856,26.8774],[92.8704,26.8769],[92.8597,26.8605],[92.865,26.8534],[92.8517,26.8359],[92.8363,26.8308],[92.8207,26.8371],[92.822,26.8443],[92.8115,26.8622],[92.7919,26.8682],[92.7819,26.8883],[92.7611,26.8847],[92.7597,26.8941],[92.7803,26.9039],[92.7843,26.9219],[92.8047,26.9263],[92.806,26.9154],[92.8245,26.9151],[92.8145,26.9329],[92.8201,26.9505],[92.8145,26.9747],[92.8073,26.9864],[92.7961,26.9913],[92.7715,26.992],[92.7079,26.9897],[92.6842,26.9779],[92.679,26.9646],[92.6364,26.9715],[92.6447,26.9868],[92.589,26.9617],[92.5541,26.9576],[92.5025,26.9635],[92.4473,26.9589],[92.4257,26.9412],[92.4119,26.9429],[92.3982,26.9248],[92.3648,26.9321],[92.3496,26.9118],[92.3426,26.8826],[92.3429,26.8521],[92.3329,26.842],[92.3346,26.8083],[92.3389,26.7862],[92.3338,26.7613],[92.328,26.7565],[92.3368,26.7316],[92.3352,26.6743],[92.3314,26.6628],[92.3488,26.6642],[92.3507,26.6986],[92.364,26.6982],[92.3665,26.675],[92.3629,26.6602],[92.3702,26.6478],[92.3883,26.6487],[92.4016,26.6351],[92.3953,26.6271],[92.3757,26.6294],[92.3758,26.6137],[92.3574,26.6119],[92.3631,26.5836],[92.3624,26.5828],[92.3605,26.5824]]]},"properties":{"district":"SONITPUR"}},
{"type":"Feature","geometry":{"type":"Polygon","coordinates":[[[93.1639,26.6089],[93.1675,26.612],[93.2203,26.6316],[93.2272,26.6615],[93.2417,26.6839],[93.2615,26.6832],[93.2839,26.6888],[93.2907,26.6975],[93.3038,26.7004],[93.3309,26.7088],[93.342,26.7281],[93.3721,26.7459],[93.3963,26.7507],[93.4389,26.7483],[93.4734,26.7569],[93.5041,26.7571],[93.5568,26.7368],[93.5616,26.7241],[93.5814,26.7185],[93.6509,26.7062],[93.6705,26.7121],[93.6492,26.7576],[93.6487,26.7881],[93.6699,26.8009],[93.689,26.7975],[93.7142,26.8161],[93.7323,26.8111],[93.7446,26.8016],[93.7537,26.807],[93.7545,26.8273],[93.7609,26.8357],[93.7895,26.861],[93.7759,26.8882],[93.7395,26.8986],[93.7489,26.9138],[93.7438,26.9585],[93.7375,26.9665],[93.7007,26.9894],[93.6976,26.9944],[93.6755,26.9748],[93.6573,26.9665],[93.6273,26.9633],[93.5865,26.9507],[93.5595,26.9529],[93.5246,26.9487],[93.489,26.9364],[93.4858,26.9425],[93.4624,26.9381],[93.448,26.951],[93.3794,26.9594],[93.324,26.9602],[93.2615,26.9537],[93.2028,26.9438],[93.1802,26.9377],[93.1068,26.9258],[93.0881,26.9146],[93.0629,26.9224],[93.0484,26.9192],[93.0213,26.9137],[92.9841,26.9349],[92.917,26.9631],[92.9183,26.9825],[92.8889,26.9988],[92.8429,27.0089],[92.8015,27.0248],[92.7673,27.0324],[92.7124,27.0268],[92.6609,27.0381],[92.6456,27.0139],[92.6447,26.9868],[92.6364,26.9715],[92.679,26.9646],[92.6842,26.9779],[92.7079,26.9897],[92.7715,26.992],[92.7961,26.9913],[92.8073,26.9864],[92.8145,26.9747],[92.8201,26.9505],[92.8145,26.9329],[92.8245,26.9151],[92.806,26.9154],[92.8047,26.9263],[92.7843,26.9219],[92.7803,26.9039],[92.7597,26.8941],[92.7611,26.8847],[92.7819,26.8883],[92.7919,26.8682],[92.8115,26.8622],[92.822,26.8443],[92.8207,26.8371],[92.8363,26.8308],[92.8517,26.8359],[92.865,26.8534],[92.8597,26.8605],[92.8704,26.8769],[92.8856,26.8774],[92.8798,26.8612],[92.8858,26.8478],[92.9134,26.8494],[92.919,26.8384],[92.9212,26.8322],[92.9236,26.8198],[92.9278,26.7989],[92.9274,26.7737],[92.9308,26.7338],[92.9247,26.725],[92.9128,26.7201],[92.9054,26.7058],[92.8858,26.696],[92.9009,26.6649],[92.8958,26.6517],[92.8763,26.6326],[92.861,26.6293],[92.8649,26.6149],[92.8763,26.6092],[92.892,26.6215],[92.9163,26.6268],[92.9157,26.65],[92.9395,26.632],[92.9719,26.628],[92.9784,26.6239],[92.9967,26.6109],[92.9961,26.6042],[93.0138,26.5977],[93.0554,26.595],[93.0679,26.5981],[93.095,26.5777],[93.119,26.5802],[93.1493,26.5938],[93.1639,26.6089]]]},"properties":{"district":"BISWANATH"}},
{"type":"Feature","geometry":{"type":"Polygon","coordinates":[[[92.4838,24.9301],[92.4937,24.9171],[92.4967,24.9022],[92.4878,24.8714],[92.4758,24.8675],[92.462,24.8733],[92.4428,24.8712],[92.4406,24.8589],[92.4243,24.8531],[92.4078,24.8593],[92.4027,24.8492],[92.3869,24.8514],[92.3744,24.8742],[92.3636,24.8721],[92.3503,24.8893],[92.3394,24.8783],[92.3279,24.8952],[92.3066,24.9024],[92.2995,24.9157],[92.2822,24.9062],[92.2479,24.9089],[92.2376,24.8992],[92.247,24.8851],[92.2476,24.8721],[92.2378,24.8631],[92.2379,24.8495],[92.253,24.8323],[92.2683,24.8299],[92.2763,24.8156],[92.2735,24.7994],[92.2885,24.7883],[92.2829,24.7709],[92.2899,24.7608],[92.2801,24.7482],[92.2949,24.7332],[92.2544,24.6781],[92.242,24.615],[92.2338,24.5848],[92.2311,24.5313],[92.2126,24.5038],[92.2293,24.4999],[92.2336,24.4843],[92.2302,24.4616],[92.2386,24.4479],[92.2592,24.4395],[92.2546,24.4203],[92.2624,24.4023],[92.2738,24.3892],[92.2682,24.3683],[92.2563,24.3455],[92.2132,24.2503],[92.3272,24.2532],[92.4225,24.2549],[92.4338,24.2547],[92.4482,24.2859],[92.4776,24.3267],[92.4922,24.3719],[92.506,24.4327],[92.5074,24.4734],[92.5101,24.4839],[92.5061,24.5356],[92.5168,24.5599],[92.5172,24.5744],[92.5046,24.5895],[92.5079,24.6196],[92.504,24.6308],[92.5061,24.6644],[92.4934,24.6745],[92.5051,24.7062],[92.5223,24.7295],[92.5251,24.7511],[92.5452,24.7656],[92.5414,24.7857],[92.5466,24.8098],[92.5823,24.8446],[92.5677,24.843],[92.5486,24.8614],[92.5573,24.8674],[92.5544,24.8831],[92.5263,24.8927],[92.4991,24.8948],[92.5022,24.9309],[92.4838,24.9301]]]},"properties":{"district":"KARIMGANJ"}},
{"type":"Feature","geometry":{"type":"Polygon","coordinates":[[[90.8713,26.574],[90.8783,26.5568],[90.8912,26.5521],[90.9031,26.5733],[90.9117,26.5786],[90.9257,26.5756],[90.9203,26.5626],[90.9328,26.5551],[90.936,26.5456],[90.919,26.5436],[90.9151,26.5227],[90.9303,26.5157],[90.9566,26.5115],[90.9503,26.5323],[90.955,26.5549],[90.9629,26.5579],[90.9675,26.5755],[90.9851,26.5755],[90.9857,26.5544],[90.9767,26.5398],[90.9773,26.5012],[90.968,26.4912],[90.9515,26.4854],[90.9507,26.4728],[90.9621,26.4578],[90.9622,26.4397],[90.9781,26.4283],[90.984,26.4162],[91.0036,26.422],[91.0102,26.4356],[91.0049,26.4589],[90.9965,26.4752],[91.0002,26.4896],[90.9843,26.4902],[90.9942,26.5048],[91.0018,26.5309],[91.052,26.5294],[91.059,26.5161],[91.0719,26.5162],[91.0733,26.5335],[91.0815,26.5335],[91.0826,26.5578],[91.1098,26.5612],[91.1217,26.5827],[91.1179,26.5921],[91.1395,26.5994],[91.1405,26.6116],[91.1248,26.6116],[91.1172,26.6197],[91.1127,26.6515],[91.1273,26.6588],[91.1394,26.6506],[91.1454,26.6628],[91.1566,26.6532],[91.1503,26.642],[91.1684,26.6276],[91.1864,26.6213],[91.181,26.6077],[91.1985,26.6039],[91.1977,26.623],[91.2302,26.6147],[91.2371,26.595],[91.2365,26.5808],[91.252,26.5859],[91.269,26.5843],[91.2638,26.5673],[91.2834,26.5648],[91.2827,26.5634],[91.2811,26.5594],[91.2804,26.5585],[91.2758,26.5568],[91.2758,26.5558],[91.2742,26.5542],[91.2739,26.5537],[91.2731,26.5521],[91.2708,26.5483],[91.2693,26.5476],[91.2657,26.5483],[91.2657,26.5482],[91.2652,26.5446],[91.2611,26.5444],[91.2605,26.5431],[91.2604,26.5431],[91.255,26.5416],[91.2549,26.5416],[91.2543,26.5403],[91.2542,26.5402],[91.2532,26.5399],[91.2529,26.5388],[91.2519,26.5381],[91.2478,26.5276],[91.2463,26.5266],[91.2495,26.5233],[91.2629,26.5216],[91.2667,26.535],[91.2758,26.5413],[91.2969,26.5455],[91.3104,26.5293],[91.3114,26.5169],[91.2893,26.5154],[91.2919,26.5031],[91.3018,26.5],[91.3421,26.5003],[91.3553,26.5108],[91.3526,26.524],[91.3867,26.5265],[91.4125,26.5325],[91.4143,26.5327],[91.4587,26.5423],[91.4556,26.5487],[91.4308,26.5491],[91.4343,26.5634],[91.4676,26.5626],[91.4739,26.5712],[91.4912,26.5611],[91.4943,26.5338],[91.5098,26.533],[91.5295,26.5528],[91.5405,26.5479],[91.5352,26.53],[91.543,26.5117],[91.5569,26.5101],[91.5561,26.5255],[91.5732,26.5263],[91.5805,26.5309],[91.5886,26.5267],[91.5881,26.5182],[91.5884,26.5166],[91.5895,26.5145],[91.5925,26.515],[91.599,26.5167],[91.599,26.5149],[91.5987,26.5131],[91.6036,26.5124],[91.6195,26.5127],[91.6195,26.5122],[91.6191,26.5111],[91.6229,26.5107],[91.6301,26.5169],[91.6369,26.5298],[91.6333,26.5381],[91.6382,26.554],[91.6358,26.5663],[91.6627,26.5651],[91.6664,26.5791],[91.6473,26.6046],[91.6532,26.6101],[91.6443,26.6347],[91.6127,26.6374],[91.6055,26.6571],[91.6025,26.6878],[91.5847,26.6931],[91.5913,26.7058],[91.5811,26.7156],[91.5584,26.7239],[91.5561,26.7436],[91.5397,26.7425],[91.5331,26.7969],[91.4951,26.7912],[91.4642,26.8024],[91.4457,26.8127],[91.408,26.84],[91.401,26.83],[91.3761,26.7954],[91.3372,26.7806],[91.2976,26.7869],[91.2774,26.8003],[91.2367,26.812],[91.1925,26.8134],[91.1462,26.8111],[91.1248,26.8159],[91.0976,26.8221],[91.054,26.7808],[90.9913,26.7908],[90.9571,26.7817],[90.9411,26.776],[90.9364,26.7544],[90.9143,26.7274],[90.9163,26.7115],[90.8951,26.6639],[90.9025,26.6575],[90.901,26.6349],[90.8945,26.6269],[90.8964,26.5975],[90.8843,26.5939],[90.8713,26.574]]]},"properties":{"district":"BAKSA"}},
{"type":"Feature","geometry":{"type":"Polygon","coordinates":[[[91.7804,26.5118],[91.7834,26.5297],[91.7791,26.5503],[91.7504,26.5789],[91.7447,26.5901],[91.7394,26.6175],[91.7501,26.6358],[91.7468,26.6496],[91.7342,26.6554],[91.7409,26.6751],[91.7454,26.687],[91.7333,26.7146],[91.7352,26.7257],[91.716,26.7584],[91.7131,26.785],[91.7048,26.8114],[91.69,26.8068],[91.6259,26.821],[91.5929,26.8052],[91.5331,26.7969],[91.5397,26.7425],[91.5561,26.7436],[91.5584,26.7239],[91.5811,26.7156],[91.5913,26.7058],[91.5847,26.6931],[91.6025,26.6878],[91.6055,26.6571],[91.6127,26.6374],[91.6443,26.6347],[91.6532,26.6101],[91.6473,26.6046],[91.6664,26.5791],[91.6627,26.5651],[91.6358,26.5663],[91.6382,26.554],[91.6333,26.5381],[91.6369,26.5298],[91.6301,26.5169],[91.6229,26.5107],[91.6191,26.5111],[91.6179,26.5098],[91.6187,26.5086],[91.6181,26.5067],[91.618,26.5059],[91.6147,26.5035],[91.6153,26.5009],[91.6149,26.4993],[91.6136,26.497],[91.6129,26.4961],[91.6117,26.4949],[91.6141,26.4944],[91.6174,26.4948],[91.6186,26.4939],[91.6182,26.4926],[91.6147,26.4891],[91.6145,26.4876],[91.6157,26.486],[91.6166,26.4867],[91.6163,26.4876],[91.6162,26.4889],[91.6173,26.4892],[91.6191,26.4884],[91.6203,26.4887],[91.6216,26.4904],[91.6227,26.4917],[91.6237,26.4925],[91.6264,26.4939],[91.6279,26.4938],[91.6283,26.4922],[91.6275,26.4906],[91.6238,26.4871],[91.6288,26.4874],[91.6267,26.4838],[91.6228,26.4844],[91.6205,26.4802],[91.6205,26.4786],[91.6208,26.4777],[91.6211,26.4766],[91.6217,26.476],[91.6238,26.4759],[91.6254,26.4801],[91.6281,26.4808],[91.6282,26.4793],[91.6266,26.4764],[91.626,26.4754],[91.6257,26.4735],[91.626,26.4724],[91.6266,26.4711],[91.6257,26.4704],[91.6239,26.4715],[91.6211,26.4694],[91.624,26.4592],[91.6241,26.4578],[91.6242,26.4568],[91.6265,26.4562],[91.6274,26.4585],[91.6284,26.4609],[91.6295,26.4605],[91.6299,26.4595],[91.6288,26.4559],[91.6316,26.4524],[91.632,26.4511],[91.631,26.45],[91.6264,26.4497],[91.6247,26.449],[91.625,26.4472],[91.63,26.4463],[91.6316,26.4482],[91.6327,26.4491],[91.6337,26.4496],[91.6357,26.4498],[91.6414,26.4499],[91.6538,26.4493],[91.6557,26.4495],[91.6572,26.4494],[91.6623,26.4492],[91.6706,26.4486],[91.6734,26.4485],[91.6763,26.4484],[91.6761,26.4497],[91.676,26.45],[91.6759,26.4506],[91.6757,26.4512],[91.6756,26.4526],[91.6759,26.4545],[91.6856,26.455],[91.6874,26.4599],[91.6889,26.4638],[91.7098,26.4733],[91.7097,26.477],[91.716,26.4769],[91.72,26.4769],[91.7192,26.4781],[91.7179,26.4794],[91.7169,26.4805],[91.7166,26.4841],[91.718,26.486],[91.7192,26.4882],[91.7193,26.4903],[91.7186,26.4918],[91.7202,26.4935],[91.7242,26.4952],[91.7262,26.4959],[91.7258,26.4994],[91.7247,26.503],[91.7376,26.5018],[91.7369,26.5006],[91.7362,26.4996],[91.7343,26.4979],[91.7343,26.4964],[91.7403,26.496],[91.7423,26.4962],[91.7449,26.4966],[91.7489,26.4965],[91.7529,26.4953],[91.7541,26.4944],[91.7531,26.4921],[91.752,26.4895],[91.7512,26.4881],[91.7524,26.4869],[91.7514,26.4853],[91.7521,26.4816],[91.7604,26.4824],[91.7628,26.48],[91.7793,26.4811],[91.7792,26.4802],[91.7789,26.4791],[91.7877,26.4753],[91.799,26.4772],[91.8017,26.4891],[91.7811,26.4956],[91.7804,26.5118]]]},"properties":{"district":"TAMULPUR"}},
{"type":"Feature","geometry":{"type":"Polygon","coordinates":[[[95.3792,27.7219],[95.3589,27.7063],[95.3375,27.6999],[95.2916,27.698],[95.2745,27.6903],[95.2704,27.6827],[95.2891,27.6636],[95.3182,27.5869],[95.2991,27.583],[95.2846,27.5676],[95.2729,27.5693],[95.2824,27.5479],[95.2652,27.5441],[95.2658,27.5163],[95.2768,27.5136],[95.28,27.4927],[95.2446,27.498],[95.2288,27.4976],[95.2253,27.4718],[95.2171,27.4593],[95.2195,27.4455],[95.2293,27.4371],[95.2512,27.4344],[95.2436,27.4153],[95.2488,27.4042],[95.2892,27.4107],[95.3116,27.3951],[95.334,27.3902],[95.3482,27.3938],[95.357,27.3836],[95.3997,27.3952],[95.4157,27.3986],[95.4184,27.3808],[95.4423,27.3641],[95.4536,27.3748],[95.467,27.3643],[95.469,27.3486],[95.4583,27.346],[95.458,27.3309],[95.4685,27.3166],[95.4462,27.2946],[95.4602,27.2695],[95.44,27.2564],[95.44,27.2562],[95.4397,27.255],[95.4533,27.2477],[95.4695,27.255],[95.4808,27.2533],[95.484,27.2414],[95.5037,27.2488],[95.5338,27.2645],[95.5484,27.2572],[95.5509,27.2507],[95.575,27.2434],[95.5743,27.2349],[95.5874,27.2232],[95.6037,27.2245],[95.6189,27.2327],[95.6315,27.2298],[95.6922,27.2535],[95.7014,27.2488],[95.7201,27.2497],[95.7277,27.2573],[95.7567,27.2689],[95.7774,27.2709],[95.7944,27.2819],[95.8081,27.2751],[95.8516,27.287],[95.8549,27.2734],[95.8692,27.2603],[95.894,27.2572],[95.907,27.2892],[95.93,27.3005],[95.9583,27.3104],[95.972,27.3277],[95.9721,27.3371],[95.9996,27.3558],[96.0167,27.3623],[96.0037,27.3734],[95.9963,27.3949],[95.9739,27.422],[95.9412,27.4376],[95.9204,27.4249],[95.9095,27.4357],[95.8999,27.4223],[95.8842,27.4138],[95.8845,27.434],[95.8565,27.4194],[95.8421,27.4271],[95.8567,27.447],[95.8532,27.4572],[95.8705,27.4669],[95.8728,27.491],[95.8791,27.497],[95.8757,27.5467],[95.8615,27.5437],[95.8418,27.5616],[95.8361,27.5595],[95.8117,27.582],[95.8181,27.5966],[95.8054,27.6012],[95.7924,27.5982],[95.7901,27.645],[95.7742,27.6511],[95.7722,27.6635],[95.7831,27.6869],[95.7681,27.6871],[95.7677,27.7027],[95.754,27.726],[95.7661,27.7269],[95.7804,27.7372],[95.7758,27.7539],[95.8002,27.774],[95.8165,27.8029],[95.8264,27.809],[95.8554,27.8145],[95.8835,27.8464],[95.8883,27.8568],[95.9042,27.8621],[95.9205,27.8886],[95.9484,27.9247],[95.9489,27.9384],[95.9702,27.9631],[95.8237,27.9717],[95.8175,27.9713],[95.6318,27.9769],[95.5908,27.9444],[95.5741,27.9397],[95.5636,27.9199],[95.5425,27.9083],[95.5221,27.8832],[95.5146,27.8798],[95.5152,27.8595],[95.4932,27.8583],[95.4825,27.8359],[95.4514,27.8049],[95.4361,27.8006],[95.4049,27.7696],[95.3957,27.7507],[95.3981,27.7365],[95.3792,27.7219]],[[95.4938,27.5334],[95.5037,27.5355],[95.5107,27.5355],[95.4938,27.5334]]]},"properties":{"district":"TINSUKIA"}},
{"type":"Feature","geometry":{"type":"Polygon","coordinates":[[[91.2313,26.1818],[91.2349,26.1802],[91.2359,26.18],[91.2368,26.1801],[91.2373,26.1803],[91.2379,26.182],[91.2394,26.186],[91.2392,26.193],[91.2448,26.1979],[91.2483,26.1996],[91.2478,26.2018],[91.2406,26.204],[91.2362,26.2112],[91.2321,26.2141],[91.2287,26.2159],[91.2277,26.2161],[91.2216,26.2166],[91.2187,26.2172],[91.2178,26.2176],[91.2166,26.2185],[91.2157,26.2197],[91.2153,26.2206],[91.2152,26.2213],[91.2152,26.2217],[91.2155,26.2222],[91.2197,26.2266],[91.2156,26.2392],[91.2175,26.2409],[91.2201,26.2435],[91.2207,26.2447],[91.2209,26.2449],[91.2219,26.2449],[91.228,26.2439],[91.2289,26.2438],[91.2292,26.2439],[91.2371,26.25],[91.2408,26.2603],[91.2408,26.2611],[91.2404,26.2617],[91.2396,26.2621],[91.2391,26.2626],[91.2379,26.2632],[91.2318,26.264],[91.2256,26.2636],[91.2185,26.2602],[91.2182,26.2633],[91.2184,26.2639],[91.2189,26.2642],[91.2203,26.2641],[91.221,26.2641],[91.2211,26.2644],[91.2204,26.2653],[91.2269,26.2825],[91.2379,26.2791],[91.2603,26.2888],[91.2586,26.3023],[91.2699,26.3293],[91.245,26.3449],[91.232,26.3426],[91.2295,26.3597],[91.2589,26.3571],[91.2354,26.3799],[91.2363,26.4155],[91.2148,26.4064],[91.1961,26.4023],[91.1828,26.3991],[91.1734,26.4119],[91.1728,26.4249],[91.1697,26.4325],[91.1619,26.438],[91.1514,26.4359],[91.1503,26.4357],[91.1483,26.4237],[91.1602,26.4188],[91.1502,26.4055],[91.153,26.3803],[91.136,26.3814],[91.1357,26.3804],[91.1356,26.3801],[91.135,26.3785],[91.1336,26.3744],[91.129,26.3656],[91.1217,26.3647],[91.1217,26.3798],[91.113,26.381],[91.1119,26.3865],[91.1138,26.3901],[91.1282,26.3987],[91.1356,26.393],[91.1397,26.3963],[91.1425,26.4018],[91.1391,26.402],[91.1173,26.4095],[91.1177,26.4185],[91.0952,26.4336],[91.0783,26.4235],[91.0695,26.4255],[91.0678,26.4246],[91.0641,26.4226],[91.0591,26.4163],[91.0733,26.4401],[91.0685,26.4751],[91.0832,26.4771],[91.0868,26.4828],[91.0849,26.4847],[91.085,26.4883],[91.0783,26.4894],[91.0726,26.49],[91.0783,26.5091],[91.09,26.521],[91.0985,26.5268],[91.1,26.5286],[91.1041,26.5248],[91.1014,26.5122],[91.0994,26.5059],[91.1038,26.5054],[91.1096,26.5056],[91.1183,26.5137],[91.1317,26.5186],[91.1305,26.5162],[91.1303,26.5091],[91.1292,26.5037],[91.1285,26.4973],[91.1367,26.4972],[91.1398,26.4972],[91.1419,26.4963],[91.1514,26.5125],[91.1428,26.5322],[91.1418,26.5417],[91.1389,26.5414],[91.1277,26.538],[91.1257,26.5389],[91.1282,26.5449],[91.129,26.5509],[91.1247,26.5517],[91.1181,26.5535],[91.1098,26.5612],[91.0826,26.5578],[91.0815,26.5335],[91.0733,26.5335],[91.0719,26.5162],[91.059,26.5161],[91.052,26.5294],[91.0018,26.5309],[90.9942,26.5048],[90.9843,26.4902],[91.0002,26.4896],[90.9965,26.4752],[91.0049,26.4589],[91.0102,26.4356],[91.0036,26.422],[90.984,26.4162],[90.9781,26.4283],[90.9622,26.4397],[90.9621,26.4578],[90.9507,26.4728],[90.9515,26.4854],[90.968,26.4912],[90.9773,26.5012],[90.9767,26.5398],[90.9857,26.5544],[90.9851,26.5755],[90.9675,26.5755],[90.9629,26.5579],[90.955,26.5549],[90.9503,26.5323],[90.9566,26.5115],[90.9303,26.5157],[90.9151,26.5227],[90.919,26.5436],[90.936,26.5456],[90.9328,26.5551],[90.9203,26.5626],[90.9257,26.5756],[90.9117,26.5786],[90.9031,26.5733],[90.8912,26.5521],[90.8783,26.5568],[90.8713,26.574],[90.859,26.5624],[90.8281,26.5558],[90.8322,26.5385],[90.8517,26.527],[90.8513,26.5148],[90.837,26.4854],[90.8205,26.4911],[90.8095,26.5007],[90.8021,26.4831],[90.8156,26.4753],[90.8164,26.4651],[90.8272,26.4483],[90.8164,26.438],[90.7969,26.4443],[90.7873,26.4399],[90.7939,26.4281],[90.8319,26.4327],[90.8451,26.444],[90.8616,26.4311],[90.8532,26.4191],[90.8513,26.4146],[90.8448,26.4022],[90.8467,26.3922],[90.8605,26.3783],[90.8597,26.3622],[90.8398,26.358],[90.8181,26.3669],[90.8036,26.3475],[90.7907,26.3239],[90.8006,26.3209],[90.8032,26.3056],[90.7835,26.3023],[90.774,26.2877],[90.7599,26.2981],[90.7514,26.2935],[90.7479,26.2801],[90.7376,26.2747],[90.7251,26.2565],[90.7176,26.2639],[90.7028,26.2561],[90.6838,26.2579],[90.6616,26.2486],[90.6528,26.2381],[90.6624,26.2242],[90.6725,26.1983],[90.6761,26.1897],[90.6843,26.1822],[90.6862,26.1679],[90.6886,26.1625],[90.6899,26.1595],[90.6911,26.1567],[90.6925,26.1536],[90.6938,26.1506],[90.7077,26.1462],[90.7136,26.1303],[90.7138,26.1301],[90.7144,26.1299],[90.7154,26.13],[90.7171,26.1306],[90.7185,26.1313],[90.72,26.132],[90.7213,26.1325],[90.7308,26.1339],[90.7314,26.1344],[90.7333,26.1363],[90.7341,26.1363],[90.7358,26.1362],[90.7396,26.1361],[90.7414,26.1359],[90.747,26.1361],[90.7724,26.1329],[90.7927,26.1277],[90.8008,26.1255],[90.8067,26.1231],[90.8103,26.1213],[90.8199,26.1181],[90.8239,26.1186],[90.8401,26.1089],[90.8447,26.1114],[90.8461,26.1135],[90.8483,26.1148],[90.8609,26.1112],[90.8727,26.0954],[90.9009,26.0922],[90.9182,26.0897],[90.9225,26.0931],[90.9322,26.0979],[90.9359,26.0926],[90.9412,26.0936],[90.9437,26.0938],[90.9451,26.0938],[90.9503,26.0954],[90.9531,26.0959],[90.9663,26.1032],[90.9827,26.112],[90.985,26.1135],[90.9879,26.1158],[90.9895,26.117],[90.9908,26.1182],[90.9923,26.119],[90.9943,26.1194],[91,26.1195],[91.0015,26.1192],[91.0034,26.1182],[91.006,26.1161],[91.0075,26.1152],[91.0082,26.1151],[91.0087,26.1152],[91.0096,26.116],[91.0093,26.1173],[91.0076,26.1198],[90.9988,26.1266],[91.0062,26.1281],[91.0092,26.1273],[91.0142,26.1266],[91.0165,26.1258],[91.0297,26.1192],[91.0486,26.1307],[91.0631,26.1454],[91.0663,26.1499],[91.0669,26.151],[91.0691,26.1544],[91.078,26.1603],[91.0812,26.1617],[91.09,26.1644],[91.0985,26.1653],[91.1015,26.1649],[91.1028,26.1643],[91.1042,26.1635],[91.1065,26.1617],[91.1082,26.1601],[91.1106,26.158],[91.1122,26.1579],[91.1135,26.1573],[91.1142,26.1561],[91.1164,26.1546],[91.1169,26.1547],[91.1253,26.1572],[91.1326,26.159],[91.136,26.1595],[91.1456,26.16],[91.1782,26.175],[91.2278,26.1819],[91.2296,26.1822],[91.2304,26.1821],[91.2313,26.1818]],[[90.9414,26.2429],[90.9526,26.2562],[90.9592,26.2658],[90.9584,26.2589],[90.9414,26.2429]],[[91.1298,26.2798],[91.1248,26.2805],[91.1295,26.2878],[91.1298,26.2798]],[[91.1766,26.3072],[91.1776,26.3067],[91.1814,26.3047],[91.1766,26.3072]],[[91.1777,26.3022],[91.163,26.2918],[91.1703,26.2971],[91.1689,26.3017],[91.1777,26.3022]],[[91.163,26.2918],[91.1609,26.2923],[91.1551,26.2981],[91.163,26.2918]],[[91.1586,26.2773],[91.1586,26.2714],[91.1583,26.2687],[91.1586,26.2773]],[[91.1114,26.3581],[91.1136,26.3522],[91.1113,26.3511],[91.11,26.3498],[91.1094,26.3489],[91.1089,26.3483],[91.1114,26.3581]]]},"properties":{"district":"BARPETA"}},
{"type":"Feature","geometry":{"type":"Polygon","coordinates":[[[91.2344,26.4244],[91.2335,26.4245],[91.2302,26.4362],[91.2378,26.4574],[91.2507,26.4661],[91.2655,26.4906],[91.2604,26.5054],[91.248,26.5105],[91.2495,26.5233],[91.2463,26.5266],[91.2478,26.5276],[91.2519,26.5381],[91.2529,26.5388],[91.2532,26.5399],[91.2542,26.5402],[91.2543,26.5403],[91.2549,26.5416],[91.255,26.5416],[91.2604,26.5431],[91.2605,26.5431],[91.2611,26.5444],[91.2652,26.5446],[91.2657,26.5482],[91.2657,26.5483],[91.2693,26.5476],[91.2708,26.5483],[91.2731,26.5521],[91.2739,26.5537],[91.2742,26.5542],[91.2758,26.5558],[91.2758,26.5568],[91.2804,26.5585],[91.2811,26.5594],[91.2827,26.5634],[91.2834,26.5648],[91.2638,26.5673],[91.269,26.5843],[91.252,26.5859],[91.2365,26.5808],[91.2371,26.595],[91.2302,26.6147],[91.1977,26.623],[91.1985,26.6039],[91.181,26.6077],[91.1864,26.6213],[91.1684,26.6276],[91.1503,26.642],[91.1566,26.6532],[91.1454,26.6628],[91.1394,26.6506],[91.1273,26.6588],[91.1127,26.6515],[91.1172,26.6197],[91.1248,26.6116],[91.1405,26.6116],[91.1395,26.5994],[91.1179,26.5921],[91.1217,26.5827],[91.1098,26.5612],[91.1181,26.5535],[91.1247,26.5517],[91.129,26.5509],[91.1282,26.5448],[91.1257,26.5389],[91.1277,26.538],[91.1389,26.5414],[91.1418,26.5417],[91.1514,26.5125],[91.1419,26.4963],[91.1285,26.4973],[91.1292,26.5037],[91.1303,26.5091],[91.1305,26.5162],[91.1317,26.5186],[91.1183,26.5137],[91.1096,26.5056],[91.1038,26.5054],[91.0994,26.5059],[91.1014,26.5122],[91.1041,26.5248],[91.1,26.5286],[91.0985,26.5268],[91.09,26.521],[91.0783,26.5091],[91.0726,26.49],[91.0783,26.4894],[91.085,26.4883],[91.0868,26.4828],[91.0832,26.4771],[91.0685,26.4751],[91.0733,26.4401],[91.0661,26.4276],[91.0667,26.4265],[91.0678,26.4246],[91.0695,26.4255],[91.0783,26.4235],[91.0952,26.4336],[91.1177,26.4185],[91.1173,26.4095],[91.1391,26.402],[91.1425,26.4018],[91.1397,26.3963],[91.1356,26.393],[91.1282,26.3987],[91.1138,26.3901],[91.1119,26.3865],[91.113,26.381],[91.1217,26.3798],[91.1217,26.3647],[91.129,26.3656],[91.1336,26.3744],[91.135,26.3785],[91.1356,26.3801],[91.136,26.3814],[91.153,26.3803],[91.1502,26.4055],[91.1602,26.4188],[91.1483,26.4237],[91.1503,26.4357],[91.1514,26.4359],[91.1619,26.438],[91.1697,26.4325],[91.1728,26.4249],[91.1734,26.4119],[91.1828,26.3991],[91.1961,26.4023],[91.2148,26.4064],[91.2363,26.4155],[91.2344,26.4244]]]},"properties":{"district":"BAJALI"}}
]}